sim_time,acc_x,acc_y,acc_z,gyro_x,gyro_y,gyro_z,roll_gt,pitch_gt,yaw_gt
0.002,5.695785608633243e-11,-445.7385501670862,-70.92729989519152,0.0,0.0,0.0,0.0,0.0,0.0
0.004,0.0,0.0,1.1520000001041808e-05,0.0,0.0,0.0,0.0,0.0,0.0
0.006,0.0,0.0,4.608000000061452e-05,0.0,0.0,0.0,0.0,0.0,0.0
0.008,0.0,0.0,0.0001036800000040472,0.0,0.0,0.0,0.0,0.0,0.0
0.01,0.0,0.0,0.00018432000000068172,0.0,0.0,0.0,0.0,0.0,0.0
0.012,0.0,0.0,0.00028800000000295256,0.0,0.0,0.0,0.0,0.0,0.0
0.014,0.0,0.0,0.00041472000000197795,0.0,0.0,0.0,0.0,0.0,0.0
0.016,0.0,0.0,0.0005644799999942052,0.0,0.0,0.0,0.0,0.0,0.0
0.018000000000000002,0.0,0.0,0.0007372799999973978,0.0,0.0,0.0,0.0,0.0,0.0
0.02,0.0,0.0,0.0009331200000062267,0.0,0.0,0.0,0.0,0.0,0.0
0.022,0.0,0.0,0.0011520000000047048,0.0,0.0,0.0,0.0,0.0,0.0
0.024,0.0,0.0,0.0013939199999963847,0.0,0.0,0.0,0.0,0.0,0.0
0.026000000000000002,0.0,0.0,0.0016588799999919246,0.0,0.0,0.0,0.0,0.0,0.0
0.028,0.0,0.0,0.0019468800000073117,0.0,0.0,0.0,0.0,0.0,0.0
0.03,0.0,0.0,0.002257920000014124,0.0,0.0,0.0,0.0,0.0,0.0
0.032,0.0,0.0,0.002592000000010586,0.0,0.0,0.0,0.0,0.0,0.0
0.034,0.0,0.0,0.002949119999998473,0.0,0.0,0.0,0.0,0.0,0.0
0.036000000000000004,0.0,0.0,0.0033292800000062073,0.0,0.0,0.0,0.0,0.0,0.0
0.038,0.0,0.0,0.003732480000005367,0.0,0.0,0.0,0.0,0.0,0.0
0.04,0.0,0.0,0.004158719999995952,0.0,0.0,0.0,0.0,0.0,0.0
0.042,0.0,0.0,0.004608000000004608,0.0,0.0,0.0,0.0,0.0,0.0
0.044,0.0,0.0,0.00508032000000469,0.0,0.0,0.0,0.0,0.0,0.0
0.046,0.0,0.0,0.005575679999996197,0.0,0.0,0.0,0.0,0.0,0.0
0.048,6.085095602419103e-15,-5.988643146874412e-15,293.2131074021053,0.0,0.0,1.4286937739688964e-17,0.0,0.0,0.0
0.05,0.0,0.0,0.006635519999999673,0.0,0.0,1.4286937739688964e-17,0.0,0.0,0.0
0.052000000000000005,0.0,0.0,0.007199999999999207,0.0,0.0,1.4286937739688964e-17,0.0,0.0,0.0
0.054,0.0,0.0,0.007787520000000825,0.0,0.0,1.4286937739688964e-17,0.0,0.0,0.0
0.056,0.0,0.0,0.008398080000000974,0.0,0.0,1.4286937739688964e-17,0.0,0.0,0.0
0.058,0.0,0.0,0.009031679999999653,0.0,0.0,1.4286937739688964e-17,0.0,0.0,0.0
0.06,0.0,0.0,0.009688320000000417,0.0,0.0,1.4286937739688964e-17,0.0,0.0,0.0
0.062,0.0,0.0,0.010368000000001487,0.0,0.0,1.4286937739688964e-17,0.0,0.0,0.0
0.064,0.0,0.0,0.011070720000002865,0.0,0.0,1.4286937739688964e-17,0.0,0.0,0.0
0.066,0.0,0.0,0.011796480000000997,0.0,0.0,1.4286937739688964e-17,0.0,0.0,0.0
0.068,0.0,0.0,0.012545279999999437,0.0,0.0,1.4286937739688964e-17,0.0,0.0,0.0
0.07,0.0,0.0,0.013317120000003513,0.0,0.0,1.4286937739688964e-17,0.0,0.0,0.0
0.07200000000000001,0.0,0.0,0.014112000000004343,0.0,0.0,1.4286937739688964e-17,0.0,0.0,0.0
0.074,-8.579749926447407e-15,5.3659633035622074e-15,83.77653438049849,6.099079276910731e-17,-1.2198158553821462e-16,3.466504449436077e-18,0.0,0.0,0.0
0.076,2.2354994473045284e-15,5.707435170976492e-16,0.8938955932128057,1.905920991696677e-18,-7.623869737307378e-18,1.2534221121277414e-19,0.0,0.0,0.0
0.078,-1.4648852287072795e-16,-8.983177936436972e-18,7.514885157527507,1.905874726220371e-18,-7.623892189652567e-18,-4.256620924272465e-19,0.0,0.0,0.0
0.08,5.812587528717238e-16,2.3772984470209704e-17,8.94685385799378,9.529672223181792e-18,1.5247630732544408e-17,3.939935736392762e-19,0.0,0.0,0.0
0.082,-3.832962530181039e-16,-6.000221256859248e-16,9.318329798826433,2.4777322167239674e-17,-1.5247795053130042e-17,6.434791366096401e-19,0.0,0.0,0.0
0.084,1.6012119720649635e-16,2.2446742652134917e-16,9.459795145471142,9.529566947796253e-18,-7.623987143020931e-18,4.295661207176698e-19,0.0,0.0,0.0
0.08600000000000001,-1.305881432521949e-16,5.258201865823259e-16,9.541117287283061,-5.718194412045181e-18,1.5247512770145755e-17,-5.091086665798765e-19,0.0,0.0,0.0
0.088,-2.557785432221905e-16,4.3437278368001934e-17,9.599246772868788,-2.096595184616141e-17,-2.324664605229454e-22,5.245997203411002e-19,0.0,0.0,0.0
0.09,1.936898471330471e-16,-4.245280782015871e-16,9.643924030951958,1.9055334128288495e-18,-2.7169005488248625e-22,-4.165352339478634e-19,0.0,0.0,0.0
0.092,-1.7828543085180517e-16,-9.646069582363142e-19,9.678952662278457,9.52931762784696e-18,-7.624162766850093e-18,5.190505790220265e-19,0.0,0.0,0.0
0.094,3.393827194386824e-16,2.7313834377785225e-16,9.706558267261968,1.9053967467662006e-18,-3.62522664053372e-22,3.934356201871101e-19,0.0,0.0,0.0
0.096,-1.8260432929288346e-16,-1.9057952841538068e-16,9.728342450404792,1.9053218066166045e-18,-4.1456221473981645e-22,5.470732620614422e-19,0.0,0.0,0.0
0.098,3.833141831845171e-16,-1.1066532900730276e-17,9.745538546622353,1.7152941835640256e-17,7.623379171147088e-18,4.29590321566391e-19,0.0,0.0,0.0
0.1,-3.215943557394416e-16,-4.4395339243591464e-16,9.759114023435908,1.715286490653127e-17,-7.624386895879416e-18,6.099651766922491e-19,0.0,0.0,0.0
0.10200000000000001,4.0114978613652745e-16,1.516365215188126e-16,9.769831427406785,2.4776629189489185e-17,1.5247079118206615e-17,-5.370536563517389e-19,0.0,0.0,0.0
0.10400000000000001,-3.464154598315481e-16,5.758435484972398e-16,9.778292520259983,-5.718845630917198e-18,-7.624568659244435e-18,4.885752240370043e-19,0.0,0.0,0.0
0.106,1.3317680007307123e-16,-1.2342377440314513e-16,9.784972327298401,1.9049168266030104e-18,-7.624669304861109e-18,4.468788381748238e-19,0.0,0.0,0.0
0.108,-3.625133132061627e-16,-4.114334510551611e-16,9.79024585854896,1.904821529014269e-18,-9.260853460425748e-22,-5.496301050474188e-19,0.0,0.0,0.0
0.11,4.738290205469434e-16,2.181914464708018e-16,9.79440917256975,1.9047226006967146e-18,-1.0373681252164058e-21,6.220245455431112e-20,0.0,0.0,0.0
0.112,-6.676010344368784e-16,1.5738412296380675e-16,9.79769599940326,1.9046199736656087e-18,-2.287270152343968e-17,-5.10894733483136e-19,0.0,0.0,0.0
0.114,5.570003998017805e-16,2.2065333973630987e-16,9.800290862688193,1.904495848719957e-18,-1.276866822271566e-21,-5.73454280561899e-19,0.0,0.0,0.0
0.116,2.0803542387877315e-16,-5.678794212476783e-16,9.802339438964651,1.715206544241114e-17,2.2870141841318636e-17,5.432732334504807e-19,0.0,0.0,0.0
0.11800000000000001,-3.6412365689271355e-19,-3.9704411029280845e-17,9.803956736024633,2.477580040731517e-17,7.622296253680936e-18,-4.824069669252394e-19,0.0,0.0,0.0
0.12,6.146615531369022e-18,2.101378731453893e-16,9.805233549493227,1.7151839769738953e-17,1.524597150750043e-17,4.766386491244304e-19,0.0,0.0,0.0
0.122,3.8180796252356767e-16,-3.835452381350307e-16,9.806241560126267,1.7151737983452836e-17,1.5245776457879942e-17,4.383518845863055e-19,0.0,0.0,0.0
0.124,-5.291786555897273e-16,1.4486918709374203e-16,9.8070373579944,1.715164680014174e-17,-2.1391172129611587e-21,-5.030834400451584e-19,0.0,0.0,0.0
0.126,-3.890635504051397e-17,-1.7950084482272903e-16,9.807665619469152,9.527703504537663e-18,7.62146911157831e-18,-4.960305738229449e-19,0.0,0.0,0.0
0.128,-4.07740027333894e-16,3.6532991257342503e-16,9.80816161537037,1.903764623750963e-18,-7.626487128990728e-18,-4.663721052826512e-19,0.0,0.0,0.0
0.13,7.445065956238976e-16,-3.543558777695349e-16,9.80855319108198,1.71513624360738e-17,-2.906265871148627e-21,4.733012281693789e-19,0.0,0.0,0.0
0.132,-5.164312050961422e-16,4.625115030918575e-16,9.808862329801492,1.9035606994271072e-18,-3.200860630769095e-21,4.689802098897761e-19,0.0,0.0,0.0
0.134,-2.546520087568759e-16,1.3511398792574348e-16,9.809106386685517,-5.720395155016168e-18,-1.5251204831693592e-17,4.446281242992671e-19,0.0,0.0,0.0
0.136,4.030416880892084e-16,2.0670885032497144e-16,9.809299063172647,-1.3344371193742298e-17,-1.5251513598623382e-17,-4.245777222617836e-19,0.0,0.0,0.0
0.138,6.341219100930877e-16,-7.869034483595218e-16,9.80945117618896,1.9031788043255056e-18,1.524357998725063e-17,-5.092431416011976e-19,0.0,0.0,0.0
0.14,-3.627602735000725e-16,3.292415762059852e-16,9.809571265412345,-5.720804935514541e-18,-7.628281311152918e-18,-4.666981527778969e-19,0.0,0.0,0.0
0.14200000000000002,-2.5489636592863734e-17,3.063747493174349e-17,9.809666072693974,9.526745441694507e-18,7.619100633227523e-18,4.549782039245055e-19,0.0,0.0,0.0
0.14400000000000002,-4.0121683181291e-16,4.1650974282635366e-16,9.809740920547867,-1.3344944420417393e-17,-1.5252783875386177e-17,-4.642856249695855e-19,0.0,0.0,0.0
0.146,-1.7230831813997407e-16,-4.4021328345522665e-16,9.809800010958874,1.9025876066943343e-18,-1.525311355958464e-17,3.9327793313156414e-19,0.0,0.0,0.0
0.148,-1.2322397456664418e-16,8.062647136327182e-17,9.809846661283299,1.9023966995736964e-18,-2.287730406785029e-17,-2.3919120814564354e-21,0.0,0.0,0.0
0.15,2.435622885001167e-16,3.6645082199995854e-16,9.809883490486815,-2.0969377731664985e-17,-1.5253808376982166e-17,5.096841776635391e-19,0.0,0.0,0.0
0.152,3.276273458622851e-17,1.9668866300909364e-16,9.80991256617391,-2.0969632266267706e-17,-1.525414223914867e-17,-4.544822092120154e-19,0.0,0.0,0.0
0.154,1.993590987579122e-16,-3.782975418674474e-16,9.80993552066359,-1.3346066318758764e-17,-6.7569291238090085e-21,-4.990585029255988e-19,0.0,0.0,0.0
0.156,3.9415697258086044e-16,-4.2378026586074453e-16,9.809953642628916,-5.7225078814548204e-18,7.616790558310944e-18,-4.887001185177776e-19,0.0,0.0,0.0
0.158,-5.706550391133627e-16,5.589974222281659e-16,9.80996794944383,-1.3346643779168852e-17,-7.631208520722886e-18,4.693922885195195e-19,0.0,0.0,0.0
0.16,-7.984352673112406e-17,-2.089384503938758e-18,9.809979244297834,9.524597532914095e-18,-7.631496580251343e-18,9.654249137900528e-19,0.0,0.0,0.0
0.162,4.2066252758550396e-17,7.184528905988314e-17,9.809988161287869,1.9004225910391153e-18,-7.957951746818222e-21,-4.672766213261092e-19,0.0,0.0,0.0
0.164,-1.1391007659361913e-16,-3.66745879666007e-18,9.80999520101679,1.714778672761519e-17,-8.27931196642705e-21,-4.406081385362544e-19,0.0,0.0,0.0
0.166,2.9244274014009696e-17,-3.155858703420507e-16,9.810000758697338,-5.724102929467292e-18,-1.5256335352035808e-17,-2.9509195363331327e-20,0.0,0.0,0.0
0.168,2.881997371677714e-16,9.03140822672321e-17,9.810005146340046,9.523218510745943e-18,7.61485505570154e-18,4.3104738021314174e-19,0.0,0.0,0.0
0.17,-3.565578226471847e-16,-1.3728695447203299e-16,9.810008610268483,-1.3348701380072206e-17,-1.52570743762317e-17,4.173673767557843e-19,0.0,0.0,0.0
0.17200000000000001,5.109022414310417e-17,3.22045641910083e-16,9.810011344948764,9.522437131072466e-18,-7.633592734384079e-18,8.93059870723627e-19,0.0,0.0,0.0
0.17400000000000002,9.156361360127045e-17,6.125674600936153e-17,9.810013503906822,1.89815562578463e-18,7.61371189624647e-18,4.677095522295873e-19,0.0,0.0,0.0
0.176,8.038765200003614e-17,-2.1638778241560032e-16,9.810015208347558,9.52157644456263e-18,-7.634392615190808e-18,-4.384835451890572e-19,0.0,0.0,0.0
0.178,-5.859714961357288e-17,-1.3360405739719791e-17,9.810016553958748,-5.7265745423692656e-18,-1.097746063846817e-20,-4.395651818372787e-19,0.0,0.0,0.0
0.18,3.7835720860694615e-16,-3.706582253017556e-18,9.810017616283112,9.520660484498948e-18,7.612438989077168e-18,4.305423620681238e-19,0.0,0.0,0.0
0.182,-5.590787374365757e-16,-1.9204090780164902e-16,9.810018454960275,1.8963529994413632e-18,-1.5259569786975796e-17,-5.413099393016795e-19,0.0,0.0,0.0
0.184,1.6865992115502078e-16,3.798359445690585e-16,9.810019117073967,9.519702225043588e-18,1.5235350915569323e-17,4.057096570224479e-19,0.0,0.0,0.0
0.186,-2.6432543460362955e-17,2.4523232672925693e-16,9.810019639795204,-2.0976173198310264e-17,-7.63670248575721e-18,-4.534414240797118e-19,0.0,0.0,0.0
0.188,2.282697497066027e-16,-2.828586502078276e-17,9.810020052469925,-1.3352829939656961e-17,1.5234372477111245e-17,-4.831250607585839e-19,0.0,0.0,0.0
0.19,-2.1901629522561405e-16,-3.8395696450198855e-16,9.810020378265706,-5.729464340509436e-18,-7.637628181742899e-18,5.83622827032766e-19,0.0,0.0,0.0
0.192,2.1984714159403835e-16,3.768388132137834e-16,9.810020635473034,1.8938738766433543e-18,2.285731791773581e-17,3.9902831426302574e-19,0.0,0.0,0.0
0.194,-4.3120616548921526e-16,-3.591711751814548e-16,9.810020838531457,-5.730444834833055e-18,-1.4693500127406912e-20,6.145591220167734e-19,0.0,0.0,0.0
0.196,3.950927573692889e-16,-2.484197969337553e-16,9.810020998840503,1.7140622969457684e-17,7.608695075862787e-18,-4.753616464165909e-19,0.0,0.0,0.0
0.198,-3.7711394849563536e-16,-1.8594649889097783e-16,9.810021125400489,-5.7313956756902e-18,-1.5263362972305574e-17,4.0477170923535405e-19,0.0,0.0,0.0
0.2,2.55466061394854e-16,2.9011298564675013e-16,9.810021225315975,9.51578450952301e-18,-7.640021226125375e-18,-8.228009929310109e-20,0.0,0.0,0.0
0.202,-3.197100835481921e-17,2.9680065974838827e-16,9.810021304196965,1.8913880017599197e-18,-7.640562401342291e-18,-4.905764567897487e-19,0.0,0.0,0.0
0.20400000000000001,1.305598895986741e-16,-5.211135057137165e-16,9.810021366471142,9.51465941538876e-18,1.5230428064546523e-17,-3.949417955097637e-19,0.0,0.0,0.0
0.20600000000000002,4.286477163147461e-17,1.1222471735744817e-16,9.810021415635092,1.890260313148101e-18,-1.526556069478263e-17,-4.590214686420806e-19,0.0,0.0,0.0
0.20800000000000002,-9.337071323767882e-17,-2.5701847544502933e-16,9.810021454448789,1.7137357625739437e-17,-7.642320603047524e-18,-5.087896349859556e-19,0.0,0.0,0.0
0.21,3.0073458294311586e-16,6.137349306888536e-17,9.810021485091061,1.889026395331547e-18,-1.9138216367978773e-20,4.83608734132077e-19,0.0,0.0,0.0
0.212,-1.5693657943022363e-16,1.7431939036128627e-16,9.810021509282622,1.888381072701255e-18,7.604026138805503e-18,-4.713941094070154e-19,0.0,0.0,0.0
0.214,-5.805097239871531e-16,-4.0409921250231156e-17,9.810021528380837,9.511593617177821e-18,-2.289207333677716e-17,4.044856346045515e-19,0.0,0.0,0.0
0.216,3.3287276888649697e-16,2.7118019606816753e-16,9.8100215434587,-1.3360667081641643e-17,-1.5268967580876554e-17,-4.229390265289802e-19,0.0,0.0,0.0
0.218,-3.387482572065659e-17,4.5908644582101645e-17,9.810021555361985,1.8862602756733505e-18,-7.645837259150493e-18,4.866485896275476e-19,0.0,0.0,0.0
0.22,2.3432932404450705e-16,-4.2459497728675675e-16,9.810021564759488,2.475699993168729e-17,-2.2725849830597183e-20,5.182817370474537e-19,0.0,0.0,0.0
0.222,-3.856534274672885e-16,3.849409688480419e-16,9.810021572178691,-5.739219040166187e-18,-1.527124938079675e-17,4.609916709367064e-19,0.0,0.0,0.0
0.224,2.3765857342792935e-16,-6.378385444594848e-17,9.810021578035645,1.7131444122469862e-17,-2.4374120615391834e-20,-2.5670056327220293e-20,0.0,0.0,0.0
0.226,-4.8333508613277103e-17,-3.2649826077595317e-16,9.810021582659886,1.7130543919154524e-17,-2.526507181836104e-20,-3.932997030206809e-19,0.0,0.0,0.0
0.228,1.1126647868407645e-18,1.791027364997476e-16,9.810021586310274,1.8819292969870584e-18,-1.527392427092733e-17,-4.551059938219323e-19,0.0,0.0,0.0
0.23,4.1518330480800543e-16,1.18842932363848e-18,9.810021589192488,2.4752494792518876e-17,7.596638880265299e-18,-4.418910062458429e-19,0.0,0.0,0.0
0.232,-3.9598722260699903e-16,-1.7272879551913885e-16,9.810021591467825,1.8799732473564874e-18,-7.652141715248507e-18,4.0459882759347e-19,0.0,0.0,0.0
0.234,-6.151224074143168e-18,1.507293990218824e-16,9.810021593264025,1.8789565187888058e-18,-7.653249278394036e-18,-4.619478435511593e-19,0.0,0.0,0.0
0.23600000000000002,-1.734022765496589e-17,1.8385422147809228e-17,9.810021594682183,1.877896285790189e-18,-7.654382378270835e-18,4.542947339831091e-19,0.0,0.0,0.0
0.23800000000000002,8.008687898120884e-16,-1.9028329327925616e-16,9.810021595801656,1.8767915041191757e-18,1.5216005894252074e-17,-4.362737352919039e-19,0.0,0.0,0.0
0.24,-5.311074444625102e-16,1.6211466083166278e-16,9.810021596685523,1.8757211853489284e-18,-3.287761166155422e-20,-4.978066128253263e-19,0.0,0.0,0.0
0.242,-2.3605597509361537e-16,-1.795155319893622e-16,9.81002159738319,9.498481781545535e-18,-7.657938703622449e-18,-5.112489831840352e-19,0.0,0.0,0.0
0.244,1.816285499687537e-16,1.983368671383212e-16,9.810021597934007,1.8734982510199877e-18,-3.535626626530037e-20,-4.386387533570066e-19,0.0,0.0,0.0
0.246,8.822833224030292e-18,-1.9308782608979714e-16,9.810021598369012,1.8723448580752446e-18,-7.660499937704067e-18,-4.94042667329088e-19,0.0,0.0,0.0
0.248,-2.0042337451923798e-16,1.8162798132844186e-16,9.81002159871241,9.494992925084024e-18,-1.5285671921319728e-17,4.577237016945733e-19,0.0,0.0,0.0
0.25,2.0128540111123801e-16,2.3121062982871453e-16,9.810021598983482,-1.3377833103228502e-17,-3.935430579672612e-20,-4.375648589675051e-19,0.0,0.0,0.0
0.252,-1.590257631471462e-17,-9.694451416215162e-18,9.810021599197569,-5.755283607001434e-18,-7.664554661810286e-18,4.513132807546896e-19,0.0,0.0,0.0
0.254,2.1971629669808416e-16,1.0791853791901292e-17,9.810021599366426,-1.3380483260984088e-17,7.581793151776086e-18,4.544707834782641e-19,0.0,0.0,0.0
0.256,-7.997492433046403e-16,-2.5129169181482648e-17,9.810021599499798,1.865873081495414e-18,-7.66722358743353e-18,6.227285893588572e-19,0.0,0.0,0.0
0.258,5.409077161435639e-16,-3.729662430229408e-16,9.810021599605076,9.488328058642441e-18,1.5202976750446492e-17,-4.797587042583398e-19,0.0,0.0,0.0
0.26,2.805309189638826e-17,3.7732372066942515e-16,9.81002159968838,-5.760723578414984e-18,-4.6128554015448624e-20,-4.315120286568738e-19,0.0,0.0,0.0
0.262,2.3894411096069047e-17,-1.84004667967142e-16,9.810021599753908,1.861750815252515e-18,-7.671382595126227e-18,-4.919367384488353e-19,0.0,0.0,0.0
0.264,-1.2656303762036388e-16,3.344140464070101e-16,9.810021599805813,1.8603223372803313e-18,7.574881056260445e-18,-4.480823697047297e-19,0.0,0.0,0.0
0.266,-2.8952671285138635e-16,-1.1253276848520836e-16,9.810021599846513,1.858904595228502e-18,-5.043257888690371e-20,-5.084241403687126e-19,0.0,0.0,0.0
0.268,3.712777660649425e-16,-2.022907991000293e-16,9.810021599879011,-1.3390233121944304e-17,-5.1927520743285784e-20,-4.667689396231633e-19,0.0,0.0,0.0
0.27,-1.6078249648315316e-16,-2.606827281622686e-16,9.810021599904378,1.710370177884129e-17,-5.338558942585331e-20,-3.8575701486597624e-19,0.0,0.0,0.0
0.272,-2.7574448850836833e-17,2.354323797687965e-16,9.810021599924523,9.4783690638279e-18,-1.530264075295683e-17,4.763655401023183e-19,0.0,0.0,0.0
0.274,4.285579357737394e-16,2.1498474226642803e-16,9.810021599940342,1.852944318049073e-18,-7.680415118654868e-18,-4.2183164036250617e-19,0.0,0.0,0.0
0.276,4.1368010857911195e-16,-3.8576665491438785e-16,9.810021599952846,1.8513097756194537e-18,1.518947614825343e-17,4.442653927939696e-19,0.0,0.0,0.0
0.278,-9.700204851159261e-16,2.3570331712008627e-16,9.81002159996278,1.8497227942932633e-18,-7.68376014112818e-18,4.0991829704127586e-19,0.0,0.0,0.0
0.28,7.100048648217022e-16,-2.4602669587375445e-16,9.810021599970849,1.7095774221852784e-17,7.562215648294137e-18,4.786506795512636e-19,0.0,0.0,0.0
0.28200000000000003,-5.144630466510422e-16,-2.2733666047202323e-17,9.810021599976874,1.8464421265394375e-18,-1.531116174942621e-17,-5.199724798977953e-19,0.0,0.0,0.0
0.28400000000000003,-2.5575096592890838e-17,-1.8973147010216192e-17,9.810021599981695,2.4716256835970034e-17,-6.532897911763046e-20,-4.777729526306869e-19,0.0,0.0,0.0
0.28600000000000003,1.6398396949911543e-16,3.3531843697241064e-16,9.81002159998545,-1.3404746212091118e-17,-6.734415912547195e-20,4.0793821149999016e-20,0.0,0.0,0.0
0.28800000000000003,-1.7058011599319267e-16,-1.2738816273840005e-16,9.810021599988744,1.8411692307445854e-18,-1.531701825044757e-17,-5.028185192151727e-19,0.0,0.0,0.0
0.29,-1.3584926635064547e-17,1.52365921705663e-17,9.810021599991092,9.463132039327149e-18,-1.531903131918502e-17,4.544298849043685e-19,0.0,0.0,0.0
0.292,1.4701672970899478e-17,9.83944888981906e-18,9.810021599992996,9.461139840221638e-18,-1.5321121629833947e-17,-4.755616626403202e-19,0.0,0.0,0.0
0.294,-2.1016860372704738e-16,6.004615262190724e-16,9.810021599994247,-1.3412507955844339e-17,-7.699441631441019e-18,5.016107549956351e-19,0.0,0.0,0.0
0.296,1.687173068984522e-16,-3.696190331907155e-16,9.810021599995686,-5.790829370141484e-18,7.546129296843447e-18,5.203875671374945e-19,0.0,0.0,0.0
0.298,2.0376403599780688e-16,3.732357860410593e-16,9.81002159999657,-5.792988650282584e-18,-7.984474736834564e-20,4.020370779478905e-19,0.0,0.0,0.0
0.3,-2.782681742309533e-16,-1.8081076342331193e-16,9.810021599997366,1.8286714494609068e-18,-7.705815810354916e-18,-3.8672075954460163e-19,0.0,0.0,0.0
0.302,3.321202662172022e-16,-6.466748370253235e-16,9.810021599997858,1.8264101104316046e-18,-1.5331825623192173e-17,4.6911211655614344e-20,0.0,0.0,0.0
0.304,-5.934241615602158e-16,3.82243691600739e-16,9.8100215999983,1.8240320996981227e-18,-7.710176444160489e-18,5.275336728704924e-19,0.0,0.0,0.0
0.306,5.188194535331156e-16,-3.4411570640377886e-16,9.810021599998734,9.445427546944555e-18,7.535282178506655e-18,4.606253073447445e-19,0.0,0.0,0.0
0.308,2.3863432886937606e-16,3.7122585329853917e-16,9.81002159999888,1.819136017130619e-18,7.532958383763083e-18,3.9671151463222776e-19,0.0,0.0,0.0
0.31,-2.4059732457546898e-16,-3.238109197733737e-16,9.810021599998972,9.440554812544395e-18,7.530593448045876e-18,5.7649515354596025e-19,0.0,0.0,0.0
0.312,4.1918136917825177e-17,3.257287107266615e-16,9.810021599999352,1.814288476766575e-18,-7.719556562720478e-18,-4.40240099161822e-19,0.0,0.0,0.0
0.314,-2.1928953200645888e-16,3.6731083026588527e-16,9.810021599999486,1.8117935046243203e-18,-9.8201938450814e-20,9.307126258296765e-19,0.0,0.0,0.0
0.316,-1.4657934064971864e-16,-5.619488603425009e-16,9.81002159999958,1.8092658447456574e-18,-7.724588629507475e-18,3.766184396310478e-19,0.0,0.0,0.0
0.318,3.033146998816006e-16,4.4283405795598783e-16,9.810021599999668,-5.817190884507833e-18,1.5144377469363267e-17,-5.681233353634358e-19,0.0,0.0,0.0
0.32,-1.4836348603576931e-16,-1.636209122560534e-17,9.810021599999754,-2.1067435174196237e-17,-7.729747429443135e-18,-4.867592885913999e-19,0.0,0.0,0.0
0.322,6.605464643701219e-16,-7.273226141145831e-17,9.81002159999984,1.8014849713594777e-18,1.513932305087698e-17,-9.276732872162607e-20,0.0,0.0,0.0
0.324,-6.147274852559463e-16,-1.432688932841335e-16,9.810021599999928,-5.8249271977005125e-18,-1.1089455015083857e-19,-3.307760809574882e-19,0.0,0.0,0.0
0.326,-2.3744171473862648e-16,-1.9801815378090714e-17,9.81002159999972,1.796326167760744e-18,7.510441533925478e-18,-4.0998910569597473e-19,0.0,0.0,0.0
0.328,3.650258269877742e-16,1.8190974727432157e-17,9.810021599999764,-5.830101474460258e-18,-1.159634933756254e-19,-5.120398113028e-19,0.0,0.0,0.0
0.33,-3.496394851006385e-16,1.7978386334728863e-16,9.810021599999843,1.7911365689048164e-18,-1.1851211769708431e-19,-4.22538581402491e-19,0.0,0.0,0.0
0.332,-8.819693246634822e-17,-4.1649012116331845e-16,9.810021599999926,1.703619097159956e-17,-1.5368802164725485e-17,8.742545169193155e-20,0.0,0.0,0.0
0.334,6.396793022461875e-17,3.259159859284602e-17,9.810021600000013,1.7857121524646524e-18,7.500005704618521e-18,-4.6569595129419995e-19,0.0,0.0,0.0
0.336,7.450495828337506e-16,5.981973224008637e-18,9.810021600000102,1.7829496315697887e-18,-1.2662822655267907e-19,5.118411741160913e-19,0.0,0.0,0.0
0.338,-2.8189662490423487e-16,-2.1588341325736908e-16,9.810021599999894,9.40400214015812e-18,-7.753308049005302e-18,-5.227583690169392e-19,0.0,0.0,0.0
0.34,3.260937129133277e-16,3.4927027421821227e-16,9.810021599999935,-1.3470429870402077e-17,7.491459219892245e-18,-8.725909579963527e-19,0.0,0.0,0.0
0.342,-4.90797312754409e-16,7.820799601799619e-17,9.810021600000017,1.7744028818181043e-18,-1.3525934989046567e-19,4.353693875717933e-19,0.0,0.0,0.0
0.34400000000000003,-4.761790217810405e-16,-9.211624696707536e-18,9.810021600000098,-5.8523464423326875e-18,-2.3009722796337436e-17,-5.153788522398767e-19,0.0,0.0,0.0
0.34600000000000003,3.7271244663704647e-16,1.1400224218010592e-18,9.810021599999896,1.768400124907751e-18,-7.764932167974843e-18,4.3056380241599306e-19,0.0,0.0,0.0
0.34800000000000003,2.1146548139613075e-16,-1.9139110639561543e-16,9.810021599999935,2.463675125278888e-17,7.47981146926044e-18,4.864120629777373e-19,0.0,0.0,0.0
0.35000000000000003,1.5513626083671294e-16,-3.7511079660539466e-17,9.810021600000015,1.7009724922433234e-17,1.5100487360205866e-17,9.33209796872782e-19,0.0,0.0,0.0
0.352,-3.3851182315569815e-16,-1.7061358020672225e-16,9.810021600000102,9.382776290204742e-18,-1.5054939318437136e-19,-5.240074031462142e-19,0.0,0.0,0.0
0.354,1.7261731964989727e-16,2.7840375146865653e-16,9.810021599999892,1.7557909806523413e-18,7.469851028423382e-18,3.559863021015927e-20,0.0,0.0,0.0
0.356,1.475633231509762e-16,-3.4658488674464343e-17,9.810021599999935,1.7000375072366783e-17,7.466349454735244e-18,7.710253556301552e-21,0.0,0.0,0.0
0.358,-1.780472752332934e-16,1.219310832561474e-16,9.810021600000015,-1.3498112218714115e-17,7.462675046147416e-18,-1.0214476861521707e-20,0.0,0.0,0.0
0.36,6.163786160854402e-16,-3.743910677903042e-16,9.8100216000001,1.7465193510378156e-18,7.459066152827187e-18,4.594700358348688e-19,0.0,0.0,0.0
0.362,-3.0625977954892165e-16,-3.1242947424524047e-17,9.810021599999894,1.7434781131034653e-18,7.455402835097578e-18,-5.047089859063892e-19,0.0,0.0,0.0
0.364,-2.4797007293381286e-16,9.560704510716878e-19,9.810021599999935,9.364312466148404e-18,-1.7216451554544951e-19,4.3485337593557895e-19,0.0,0.0,0.0
0.366,-6.613410757625672e-17,2.5986701751425966e-16,9.810021600000013,-5.886435283107914e-18,-1.542369884206119e-17,2.10280843683954e-20,0.0,0.0,0.0
0.368,4.2521749188922414e-16,-8.638113000726276e-17,9.810021600000098,1.7342029622558234e-18,7.44401877375452e-18,-9.13644289104979e-19,0.0,0.0,0.0
0.37,6.338048015820489e-17,4.360646888393155e-17,9.810021599999892,1.7310192274397808e-18,-1.8371647818666522e-19,-4.625936585328573e-19,0.0,0.0,0.0
0.372,-3.7599123325323693e-16,-2.0064451850083246e-16,9.810021599999935,1.727799238389652e-18,7.436189460780252e-18,-5.244025696813143e-19,0.0,0.0,0.0
0.374,1.272621864179651e-16,1.9035212334142837e-16,9.810021600000013,1.7246079424819468e-18,-1.9166031345009025e-19,4.841039054213328e-19,0.0,0.0,0.0
0.376,2.4868979973682873e-17,1.8804781608811316e-17,9.8100216000001,1.7213805824744955e-18,-7.819568130077435e-18,4.537811484307531e-19,0.0,0.0,0.0
0.378,-1.666491823717142e-16,-4.735361810352052e-18,9.810021599999894,1.7180502902543912e-18,-7.823685415800071e-18,-4.91077795853402e-19,0.0,0.0,0.0
0.38,-1.894826977557128e-17,6.927310550474709e-19,9.810021599999935,9.338464483477237e-18,-7.827861790339855e-18,-4.752454694888376e-19,0.0,0.0,0.0
0.382,1.9451418353975475e-16,1.4141814549898817e-17,9.810021600000011,9.33492327810032e-18,-2.0831671927974702e-19,-4.574018686441827e-19,0.0,0.0,0.0
0.384,-5.952348754125415e-16,1.9491009095558908e-16,9.810021600000098,-5.916355372193777e-18,-1.5460448548196357e-17,4.285760065400327e-19,0.0,0.0,0.0
0.386,2.9791878640686996e-16,5.56432889447284e-17,9.810021599999892,1.7037347825252937e-18,-2.30887239113257e-17,2.735955874234461e-20,0.0,0.0,0.0
0.388,-4.968314157909547e-16,-2.3933935055673615e-16,9.810021599999933,1.6997239747596677e-18,-2.3093212093897778e-17,3.8784989338169365e-19,0.0,0.0,0.0
0.39,6.061352540686701e-16,1.3092427352211003e-16,9.810021600000013,1.6954566371397843e-18,-2.2621543245346504e-19,-4.168024897857418e-19,0.0,0.0,0.0
0.392,-1.9874121253038055e-17,-1.3985356259756838e-16,9.810021600000098,9.314992162638613e-18,7.393020064538906e-18,-4.90608921892169e-19,0.0,0.0,0.0
0.394,-2.0937507998157518e-16,1.943026393556607e-16,9.810021599999892,-5.93699374520693e-18,-7.859427630085662e-18,-4.69266148431338e-19,0.0,0.0,0.0
0.396,1.943223945588317e-16,2.7420697716579057e-18,9.810021599999935,-5.9414007278153315e-18,-7.864168760950255e-18,-4.586471132823838e-19,0.0,0.0,0.0
0.398,5.575373887498709e-18,2.0401614115367626e-18,9.810021600000013,-1.3569777877692495e-17,-7.868900565415784e-18,4.543657461959041e-19,0.0,0.0,0.0
0.4,1.3418088829516256e-17,1.8598258273246278e-16,9.810021600000098,9.297118468800774e-18,7.374150750767509e-18,4.607268039900444e-19,0.0,0.0,0.0
0.402,-8.11149835458281e-17,8.118690612517103e-18,9.810021600000187,-5.955204607337079e-18,-2.544839748171207e-19,-1.6707873905955353e-20,0.0,0.0,0.0
0.404,-1.4833213496571403e-16,-3.753596068486511e-16,9.81002159999998,9.287819794948285e-18,-7.883107198472788e-18,4.0041100592503563e-19,0.0,0.0,0.0
0.406,3.5696727064714215e-16,-5.91587155345619e-17,9.810021600000018,1.6591707695250158e-18,-2.6417353958539647e-19,-9.175308748785176e-19,0.0,0.0,0.0
0.40800000000000003,-1.3613623492090303e-16,-1.7355341849066243e-16,9.810021600000097,1.6543205073417772e-18,-7.893003763587558e-18,4.265682671419132e-19,0.0,0.0,0.0
0.41000000000000003,1.28082759642828e-17,3.8114385251301025e-16,9.810021599999896,-5.9745079569771995e-18,-2.7420201082935486e-19,-4.359161638382462e-19,0.0,0.0,0.0
0.41200000000000003,-1.517772087093037e-16,-3.126109229169538e-17,9.810021599999931,-1.3603388206969833e-17,-1.552693508228865e-17,-4.892209948011417e-19,0.0,0.0,0.0
0.41400000000000003,-2.585812883554088e-16,-1.5785993134855168e-16,9.810021600000013,9.262915836326824e-18,-1.5531876494124215e-17,5.554777667580756e-19,0.0,0.0,0.0
0.41600000000000004,-2.227804297798892e-17,2.1965298638099093e-16,9.810021600000098,1.6336079414927576e-18,-2.892659244187761e-19,4.613907911499456e-19,0.0,0.0,0.0
0.418,-2.974551283318459e-17,-1.8826572112787253e-16,9.81002159999989,9.251942275735258e-18,-2.316596758185033e-17,5.244200456427934e-19,0.0,0.0,0.0
0.42,3.3136994591470045e-16,1.848445341936872e-16,9.810021599999933,1.6869973300728127e-17,1.494797394333735e-17,-5.395710620712379e-19,0.0,0.0,0.0
0.422,2.595575368090637e-17,-1.1868694642315622e-16,9.810021600000011,-6.007284904922173e-18,7.318586098700204e-18,-4.395209296629995e-19,0.0,0.0,0.0
0.424,1.0378243878357702e-17,-3.219275138856851e-17,9.810021600000095,1.6108793035169333e-18,-3.10788505041111e-19,4.912816718078285e-19,0.0,0.0,0.0
0.426,-1.2371093382315353e-16,3.351489939316603e-16,9.81002159999989,1.6051369498832361e-18,7.30746468703722e-18,-4.813675937900591e-19,0.0,0.0,0.0
0.428,1.666118972270673e-16,-1.468290975233509e-16,9.810021599999933,1.599422253550843e-18,7.301797864212035e-18,4.858929100926562e-19,0.0,0.0,0.0
0.43,-1.7312725806118982e-16,1.789551939869683e-16,9.81002160000001,-1.3653961754711884e-17,-3.2778949670859076e-19,-4.72071442110443e-19,0.0,0.0,0.0
0.432,-2.0776322071581461e-16,1.8238305876200746e-16,9.810021600000098,1.587993613208939e-18,-3.3342548756977655e-19,-4.456431890859735e-19,0.0,0.0,0.0
0.434,1.1159771353534424e-16,-6.967593660975728e-16,9.810021599999889,9.206042493455616e-18,7.284716752290066e-18,-3.653583730918705e-19,0.0,0.0,0.0
0.436,4.59381303230457e-16,4.997950931846228e-16,9.810021599999931,1.5764241519600767e-18,-3.4499933019616977e-19,-3.855506435735777e-19,0.0,0.0,0.0
0.438,6.128966757442668e-17,-3.6541975305134285e-16,9.810021600000013,9.194446654257367e-18,-3.5093903524113675e-19,-5.085230223264871e-19,0.0,0.0,0.0
0.44,2.043399820334399e-16,-2.3695640353807738e-17,9.810021600000095,-6.05913587034539e-18,-3.5704237150284053e-19,-4.60511344732543e-19,0.0,0.0,0.0
0.442,-5.671574745189135e-16,-3.470037354442881e-17,9.810021600000184,-6.065078335560335e-18,-3.63129075820815e-19,-5.214104162896381e-19,0.0,0.0,0.0
0.444,-2.605554115207423e-16,4.000744964913633e-16,9.810021599999978,-6.07107933038437e-18,-2.324074529824259e-17,-4.511033642642484e-19,0.0,0.0,0.0
0.446,7.941839002670943e-16,-1.4180307884308699e-16,9.810021600000017,9.170280282645377e-18,-7.999097119640413e-18,3.849244567911001e-19,0.0,0.0,0.0
0.448,-3.322082984228398e-16,3.762403325949482e-16,9.810021600000095,-6.083912058878061e-18,7.242383696542388e-18,-4.544281703152557e-19,0.0,0.0,0.0
0.45,2.2256067717706395e-16,-7.718133107641006e-16,9.810021599999892,9.157323444771803e-18,-3.87663196944383e-19,-3.778918865826366e-19,0.0,0.0,0.0
0.452,-2.46363032045839e-16,5.478268921582162e-16,9.81002159999993,1.6774647169292604e-17,-3.940310593896392e-19,4.464611281277298e-19,0.0,0.0,0.0
0.454,-2.396776377134243e-16,-1.2931604331825563e-16,9.810021600000011,1.5203604979602538e-18,-4.006674561472333e-19,4.177640272723243e-19,0.0,0.0,0.0
0.456,1.6907266741022577e-16,-2.2944629200099843e-16,9.810021600000095,-6.1101406152539254e-18,-4.0738207912302687e-19,4.387353570752326e-19,0.0,0.0,0.0
0.458,-2.1069611834146803e-16,3.0531553866720255e-16,9.81002159999989,1.506992491377018e-18,-4.1407747078385025e-19,9.394402565232535e-19,0.0,0.0,0.0
0.46,4.154480334911925e-16,-2.9722283173109393e-16,9.810021599999931,1.5002120924056404e-18,-8.04470035546944e-18,4.702656721601992e-19,0.0,0.0,0.0
0.462,-9.035499020159754e-17,9.959569985950098e-17,9.810021600000008,1.674096533499238e-17,7.19614514045424e-18,1.742032769281585e-21,0.0,0.0,0.0
0.464,-9.298995423531611e-17,9.886772995316273e-17,9.810021600000095,-6.137492498115607e-18,7.18901188931327e-18,4.552568518963768e-19,0.0,0.0,0.0
0.466,6.20952668188555e-18,3.7369033167718273e-16,9.81002159999989,-2.13920655402527e-17,-8.065799782996345e-18,-4.373036609694109e-19,0.0,0.0,0.0
0.468,-3.823354389658094e-17,7.172724597673057e-17,9.810021599999931,-6.151409840997271e-18,-4.488385235231088e-19,4.832312978833989e-19,0.0,0.0,0.0
0.47000000000000003,-1.570109019845444e-16,-4.19474673031103e-17,9.81002160000001,-6.158518989914039e-18,7.1681467530194e-18,-4.1884928062476996e-19,0.0,0.0,0.0
0.47200000000000003,3.596734634440959e-16,-7.803107171326322e-16,9.810021600000095,9.08210702254934e-18,2.2409006412486972e-17,5.512508501211348e-19,0.0,0.0,0.0
0.47400000000000003,1.0733089167752863e-17,2.3307965665253703e-16,9.810021599999889,1.4514339709754178e-18,-4.695627809719628e-19,4.849677256864139e-19,0.0,0.0,0.0
0.47600000000000003,-3.047257441810266e-16,-4.737636154665501e-17,9.81002159999993,2.4316092831162885e-17,-8.100513569866265e-18,4.3085605590364095e-19,0.0,0.0,0.0
0.47800000000000004,7.238282766165933e-17,3.497604384517959e-16,9.81002160000001,-6.1863636657836966e-18,7.139682375555763e-18,3.1763780725053086e-20,0.0,0.0,0.0
0.48,2.4537285084898834e-16,-3.641024606261887e-16,9.810021600000095,-6.193382412754476e-18,-4.916447869542021e-19,-4.958572960281888e-19,0.0,0.0,0.0
0.482,-1.1753055039636736e-16,3.0618962290684133e-16,9.81002160000018,-6.2004670175687576e-18,7.124751723447747e-18,4.774129847672393e-19,0.0,0.0,0.0
0.484,6.768247872576643e-17,-3.5620038757240637e-16,9.810021599999974,1.6664038803425222e-17,-5.065231650148477e-19,-4.4132582039679226e-20,0.0,0.0,0.0
0.486,6.613463304068414e-17,-3.5541448716727284e-16,9.810021600000018,9.03308234996402e-18,-5.142519657126348e-19,4.192467264930938e-19,0.0,0.0,0.0
0.488,-1.706502726354406e-16,7.452434685690319e-16,9.810021600000093,-1.3845638662428682e-17,-8.146025729516209e-18,-4.1113950550630916e-19,0.0,0.0,0.0
0.49,-2.0768447488502373e-16,-3.589343427869363e-16,9.810021599999892,-6.229142347244548e-18,-8.153811976090896e-18,-5.284512528420431e-19,0.0,0.0,0.0
0.492,3.346844742206059e-17,5.218084153907329e-16,9.810021599999928,9.011021679109072e-18,-8.16156974215421e-18,-4.154790683312716e-19,0.0,0.0,0.0
0.494,1.2638626207464366e-16,-4.630526750125927e-16,9.810021600000008,1.3794546895945135e-18,7.07817241962134e-18,4.1392994948925247e-19,0.0,0.0,0.0
0.496,2.0576804366293551e-16,-2.5957079491121415e-16,9.810021600000098,1.6619478867232947e-17,-5.537183266720657e-19,-4.893061197654323e-19,0.0,0.0,0.0
0.498,-3.58202146536886e-16,1.8775625817749936e-16,9.810021599999887,-6.2598131183432854e-18,-1.5809776105066316e-17,-4.813928899611478e-19,0.0,0.0,0.0
0.5,1.1130040185002962e-16,-1.5809891667016346e-16,9.810021599999928,-6.267862719618672e-18,-8.194258201036841e-18,-6.068975841648448e-21,0.0,0.0,0.0
0.502,-2.8609286797291793e-16,4.77403319826379e-16,9.810021600000008,1.3477453834177592e-18,-8.20255960220925e-18,4.80697664267872e-19,0.0,0.0,0.0
0.504,1.2277201611357694e-16,-9.573552656490995e-17,9.810021600000095,1.658700877205906e-17,-5.870994417303116e-19,-4.554067608774508e-19,0.0,0.0,0.0
0.506,3.963182447941928e-16,-5.707474674355031e-16,9.810021599999889,8.954648312028837e-18,-8.219664847637836e-18,-5.042535385928069e-19,0.0,0.0,0.0
0.508,4.1852261691778714e-17,5.3016637834640225e-16,9.810021599999928,-1.3925608090194194e-17,1.4642955121164262e-17,5.137864015122059e-19,0.0,0.0,0.0
0.51,-3.004967803528222e-17,-1.7959340052939578e-16,9.810021600000006,1.3135455462449153e-18,-8.237368098232068e-18,4.2833385050147083e-19,0.0,0.0,0.0
0.512,2.255953171271041e-16,-3.9166980777394043e-16,9.810021600000095,1.6552499355821114e-17,-6.2238528596803645e-19,4.257768719073872e-19,0.0,0.0,0.0
0.514,-5.572419455959103e-16,5.676911050581068e-16,9.810021600000178,-6.3278711165381985e-18,-1.5879287607878853e-17,-4.599201529207597e-19,0.0,0.0,0.0
0.516,1.375317378323552e-16,3.6446143886402343e-17,9.810021599999978,1.2868264530014608e-18,-6.407622715065169e-19,4.683020921868335e-19,0.0,0.0,0.0
0.518,-3.2806255206008366e-16,1.496741544173947e-16,9.810021600000015,-1.3970105166476104e-17,-8.273876921645239e-18,-4.871300414245977e-19,0.0,0.0,0.0
0.52,1.018495198783178e-16,-3.505190229589787e-16,9.810021600000091,8.891999772422761e-18,6.964715419282448e-18,3.622824188432364e-20,0.0,0.0,0.0
0.522,4.051561338739496e-16,3.9488763926949234e-16,9.810021599999889,1.2587516623705217e-18,6.955390518824739e-18,-5.754195622750796e-19,0.0,0.0,0.0
0.524,-1.78014032347162e-16,-5.624861226026548e-16,9.810021599999928,8.873246435706381e-18,-6.778765433631709e-19,3.8050928502874433e-19,0.0,0.0,0.0
0.526,-3.847540976464561e-16,3.481935493765848e-16,9.810021600000008,1.239959695583067e-18,-1.5935215582854867e-17,-4.698431026816085e-19,0.0,0.0,0.0
0.528,-2.5459481897196028e-17,2.296445861330171e-16,9.810021600000091,1.2301773901666737e-18,-8.32110227106144e-18,4.593061143954664e-19,0.0,0.0,0.0
0.53,3.770684474374486e-16,-3.703188519249557e-16,9.810021599999889,8.844026280300728e-18,-7.070843318307914e-19,4.869570921312312e-19,0.0,0.0,0.0
0.532,-1.6905922363922302e-16,-3.431064806211952e-17,9.810021599999928,1.2100888003115701e-18,-7.17143643590473e-19,5.231819335308754e-19,0.0,0.0,0.0
0.534,-2.1423413687015055e-16,1.8445757533709307e-16,9.810021600000006,8.823760686196811e-18,-7.273001843320177e-19,4.972159899647802e-19,0.0,0.0,0.0
0.536,-8.322344341177937e-17,8.156829522942461e-17,9.810021600000093,1.1896448981081199e-18,-1.598538693030598e-17,5.433811825535043e-22,0.0,0.0,0.0
0.538,4.722458608956023e-16,-4.344076275142579e-17,9.810021599999885,8.802866423564019e-18,6.875672718908251e-18,4.216934315980731e-19,0.0,0.0,0.0
0.54,3.957702519566522e-16,-3.909059915351685e-16,9.810021599999928,8.792282389363317e-18,6.864949198664743e-18,4.390479327605988e-19,0.0,0.0,0.0
0.542,-1.4989504801891427e-16,5.528310431192086e-16,9.810021600000006,-6.465954957504801e-18,-7.69861745954973e-19,4.975947004071505e-19,0.0,0.0,0.0
0.544,-3.8543931426265e-16,-3.73023080403242e-16,9.810021600000091,-1.4100435397742447e-17,-8.404636648005139e-18,-5.473233113351058e-19,0.0,0.0,0.0
0.546,-3.1883374824105135e-17,1.4363395518645973e-16,9.810021600000178,8.760248224209013e-18,-7.915362483822038e-19,-4.680654633571986e-19,0.0,0.0,0.0
0.548,1.6563659682587187e-16,2.66076275353305e-16,9.810021599999972,1.125440851338121e-18,-1.6050223718752717e-17,4.950419690546364e-19,0.0,0.0,0.0
0.55,5.0240242622342333e-17,-4.008921803810847e-16,9.810021600000013,1.1141042620579051e-18,-8.136163472386747e-19,-3.9756692879942694e-19,0.0,0.0,0.0
0.552,-4.13227848346842e-16,1.664389188180058e-16,9.810021600000095,8.726518658303144e-18,-8.248090991154334e-19,5.308464858058566e-19,0.0,0.0,0.0
0.554,2.9744105602240393e-16,-1.0577078081276365e-16,9.810021599999885,1.0911360172293212e-18,6.787601361946105e-18,4.573339768714353e-19,0.0,0.0,0.0
0.556,6.212092120715916e-17,-1.845764868992804e-16,9.810021599999926,1.079647493049119e-18,-8.477901049750408e-19,4.448206570961678e-19,0.0,0.0,0.0
0.558,1.6765116246453904e-16,1.3607342657242186e-16,9.810021600000006,1.068059672137468e-18,-8.594365917034734e-19,2.5953721145347933e-20,0.0,0.0,0.0
0.56,-1.1305190257632889e-16,-2.395484468599708e-16,9.810021600000091,1.630406998972472e-17,-1.611888576185616e-17,-5.101207910452728e-19,0.0,0.0,0.0
0.562,-2.0382267739901236e-16,9.25344625035035e-19,9.810021599999885,8.668136679938153e-18,-8.50718802482421e-18,4.38427705763506e-19,0.0,0.0,0.0
0.5640000000000001,3.761662493398703e-16,3.930823223551388e-16,9.810021599999926,-1.421574735214896e-17,-8.957464399961721e-19,-4.0652750563945373e-19,0.0,0.0,0.0
0.5660000000000001,-7.665452699020865e-16,1.773678661137197e-16,9.810021600000004,8.64335762073583e-18,-2.3779510237008498e-17,-3.557807772242895e-19,0.0,0.0,0.0
0.5680000000000001,7.4723623786397e-16,-1.1198170861725582e-16,9.810021600000091,-6.617342093283514e-18,-9.204373810471213e-19,3.8779240155869525e-19,0.0,0.0,0.0
0.5700000000000001,-5.538905261059595e-16,-6.665127899564982e-17,9.810021600000178,9.933950826326673e-19,-9.328681846471139e-19,-3.519764057199059e-19,0.0,0.0,0.0
0.5720000000000001,1.4558967359425766e-16,1.5702485883802704e-17,9.81002159999997,9.801719307052702e-19,1.4302291562005865e-17,-4.768658359162568e-19,0.0,0.0,0.0
0.5740000000000001,1.8765174917943187e-16,1.6062377063624044e-17,9.810021600000011,8.590994122044741e-18,-9.580530392277704e-19,4.57601342234522e-19,0.0,0.0,0.0
0.5760000000000001,-1.5840956811122444e-16,-2.057841468587336e-16,9.810021600000093,8.577856452426833e-18,-9.709629730391405e-19,-3.9395311615471216e-19,0.0,0.0,0.0
0.578,-4.09088618730479e-16,5.884362768877876e-16,9.810021599999885,-6.683091029888511e-18,-8.607988010028527e-18,4.660711742534494e-19,0.0,0.0,0.0
0.58,4.1711535925133305e-16,3.8548461148181966e-16,9.810021599999928,-1.4320459316055187e-17,-1.6244966717999306e-17,-1.228880307432175e-19,0.0,0.0,0.0
0.582,-1.1938991555103743e-17,-7.12784026646454e-16,9.810021600000004,-6.710560869352243e-18,6.613657666897316e-18,6.004281096599775e-19,0.0,0.0,0.0
0.584,-2.73677818374141e-17,-6.167334688901344e-17,9.810021600000091,8.523228746643801e-18,6.600785965229916e-18,5.047167431740575e-19,0.0,0.0,0.0
0.586,2.0187876667026773e-16,6.411360398375565e-18,9.810021599999883,8.509363546811193e-18,1.4211495088594407e-17,-4.83672132738938e-19,0.0,0.0,0.0
0.588,-2.950084568395642e-16,1.9523858779368633e-16,9.810021599999926,8.71855728211126e-19,-1.0496138225346031e-18,-4.422822109082447e-19,0.0,0.0,0.0
0.59,-1.0902707980603173e-16,-1.7562825941557158e-16,9.810021600000002,8.481930281174543e-18,-1.6310833060318954e-17,5.340873597425751e-19,0.0,0.0,0.0
0.592,4.067584700718512e-16,-3.985550397862569e-16,9.810021600000091,8.467710971541001e-18,6.546918570452062e-18,4.864523871929614e-19,0.0,0.0,0.0
0.594,2.6688483599975836e-16,2.940827080991918e-16,9.810021599999883,8.29687803767803e-19,2.1780544009633525e-17,-8.502606158091659e-20,0.0,0.0,0.0
0.596,-4.378153820009729e-16,-1.2842967303597826e-16,9.810021599999924,8.158927499230214e-19,-1.635288756325811e-17,-5.228284427018849e-19,0.0,0.0,0.0
0.598,-1.2889829700841502e-17,8.910685943653442e-17,9.810021600000004,-6.8222034516861865e-18,-8.743338160891843e-18,4.722876740914386e-19,0.0,0.0,0.0
0.6,2.0164521952198464e-16,-1.0710033365012514e-16,9.810021600000091,1.6034807717479278e-17,6.4901149819703416e-18,-4.66458389025474e-19,0.0,0.0,0.0
0.602,-6.462341318405921e-17,8.092122284747314e-17,9.810021600000175,7.726204098859028e-19,-1.148431364799983e-18,5.914530110271142e-21,0.0,0.0,0.0
0.604,6.809827414330135e-17,-2.610082043113769e-16,9.81002159999997,8.381857913623502e-18,-8.787093161309934e-18,-4.983002183460214e-19,0.0,0.0,0.0
0.606,2.962044624982597e-18,1.8776901820949607e-16,9.810021600000013,7.431018580219075e-19,6.445504761711858e-18,4.743253486737474e-19,0.0,0.0,0.0
0.608,-4.15587246258303e-16,2.0317220169468955e-16,9.810021600000091,-6.8956067945948415e-18,-1.644125982884415e-17,4.397063508784819e-19,0.0,0.0,0.0
0.61,4.454282548169569e-16,-4.476220398598211e-17,9.810021599999882,7.129088802326419e-19,-1.2087220103730468e-18,-6.217454062565481e-20,0.0,0.0,0.0
0.612,-8.516171195890755e-17,-8.145018436527243e-17,9.810021599999923,6.974466185689154e-19,-1.2239986821039077e-18,5.140809787862875e-19,0.0,0.0,0.0
0.614,-1.5051660190287238e-16,1.34483012907633e-16,9.810021600000004,6.81854465952499e-19,-1.239391837295969e-18,4.944642243779042e-19,0.0,0.0,0.0
0.616,-1.2909364164900223e-17,2.668872247265746e-18,9.81002160000009,6.661313603315855e-19,-8.87875074862532e-18,-4.488745335416701e-19,0.0,0.0,0.0
0.618,2.0760003588094496e-16,-1.94780128758821e-16,9.810021599999883,1.589779563074495e-17,-1.2705282950662384e-18,-4.549904056008196e-19,0.0,0.0,0.0
0.62,-1.9208933169358724e-16,1.0395664130099751e-17,9.810021599999923,2.3505476530218154e-17,-1.2866318238441978e-18,5.190279898522963e-19,0.0,0.0,0.0
0.622,1.6631855642964192e-16,2.203382022151125e-16,9.810021600000002,6.176256608851444e-19,-8.9272472648646e-18,4.862817986072427e-19,0.0,0.0,0.0
0.624,-1.6962388240583222e-16,-1.227297939024547e-16,9.81002160000009,6.0100327162389775e-19,-1.3202876257364116e-18,4.335116732745871e-19,0.0,0.0,0.0
0.626,-1.3023088911608729e-17,-3.0606234343621944e-16,9.810021600000173,5.842420421278616e-19,-8.961149430183732e-18,-5.11075175322235e-19,0.0,0.0,0.0
0.628,1.597487928969251e-16,3.2372250559218857e-16,9.810021599999972,-1.468054202520282e-17,6.269412673466326e-18,-8.8795698428971e-19,0.0,0.0,0.0
0.63,2.4308348016446795e-16,4.7941124781385926e-17,9.81002160000001,8.173962849168113e-18,2.1500222929179074e-17,-4.97941769198353e-19,0.0,0.0,0.0
0.632,1.781092066371684e-18,4.60784151906016e-17,9.81002160000009,5.334900041991187e-19,6.235328559830932e-18,-4.685498982631447e-19,0.0,0.0,0.0
0.634,1.5240341889181853e-16,-1.540647970119218e-16,9.810021599999882,5.169144619986873e-19,6.218009857946997e-18,-2.3686092956947036e-21,0.0,0.0,0.0
0.636,-3.1123348333680865e-16,-2.702260364562677e-16,9.810021599999924,8.124237408725107e-18,6.200568529443472e-18,-5.284796201120837e-19,0.0,0.0,0.0
0.638,-3.439166192986533e-17,3.8695296292345434e-16,9.8100216,4.839127401485283e-19,-1.4410352056437168e-18,-4.348324811155268e-19,0.0,0.0,0.0
0.64,-1.1461601097650044e-17,-3.666785452427565e-16,9.810021600000088,8.091146229760838e-18,-1.6706612050324846e-17,4.1382062882501706e-19,0.0,0.0,0.0
0.642,2.3488308952427903e-16,3.739883991953946e-16,9.810021599999882,-7.17369482217467e-18,-1.4771095999937839e-18,-4.192741987818006e-19,0.0,0.0,0.0
0.644,-4.0669443324852876e-16,-1.8906298586604554e-16,9.810021599999923,8.056715574047526e-18,-9.119085605089082e-18,4.0222398422068956e-19,0.0,0.0,0.0
0.646,-3.64914076685545e-17,3.013726241100791e-16,9.810021600000002,-1.483246112847109e-17,-2.4385230330226786e-17,4.894117297246581e-19,0.0,0.0,0.0
0.648,4.2914788463202924e-16,-3.046323524696091e-16,9.81002160000009,3.968690557694364e-19,6.091987315839026e-18,-4.728988568923052e-19,0.0,0.0,0.0
0.65,-1.9460983077189263e-16,1.829004012278949e-16,9.810021600000175,8.002394328084631e-18,6.073685542050811e-18,-4.481894389952997e-19,0.0,0.0,0.0
0.652,5.5251408392296745e-16,-1.4382779634868735e-16,9.810021599999967,3.602667171213036e-19,6.0550616647842945e-18,4.811945077437434e-19,0.0,0.0,0.0
0.654,-5.116707351614311e-16,-2.4225478585297367e-16,9.81002160000001,7.965883723955746e-18,-1.587535558532063e-18,-5.429078943987186e-19,0.0,0.0,0.0
0.656,-4.56210043717656e-16,3.905643822295913e-16,9.81002160000009,3.2364854881467484e-19,-1.6854307643355545e-17,4.607851355650494e-19,0.0,0.0,0.0
0.658,-1.728703821313272e-16,-2.231080154185531e-17,9.810021599999882,3.047015897578881e-19,-9.249657885751766e-18,4.343831638737002e-19,0.0,0.0,0.0
0.66,3.316189550996199e-16,1.537202299258482e-16,9.810021599999923,-1.4962306772956344e-17,5.978715567100428e-18,-8.967695685757963e-19,0.0,0.0,0.0
0.662,-4.997799028214387e-17,-6.483906875186509e-17,9.810021600000002,2.6612463763675917e-19,-1.6641731193378162e-18,-4.362916756992631e-19,0.0,0.0,0.0
0.664,1.129778786054023e-16,3.121094567407955e-16,9.810021600000086,-7.377153258957124e-18,-9.30718457994938e-18,-6.418625485088264e-20,0.0,0.0,0.0
0.666,-1.8185286801809168e-16,1.6328775263991738e-17,9.810021599999882,-7.39695323820538e-18,-9.32626188758272e-18,2.8136868369919384e-20,0.0,0.0,0.0
0.668,5.314976915052085e-16,-1.3743782337495878e-16,9.810021599999919,2.067207621548267e-19,2.1150144864681658e-17,-5.150887150991692e-19,0.0,0.0,0.0
0.67,1.6166776035709656e-16,-2.5755405253840256e-16,9.810021600000004,7.810856683130717e-18,1.3507186212257133e-17,2.282299156702148e-20,0.0,0.0,0.0
0.672,-3.2157866576705e-16,2.280628180875846e-16,9.810021600000084,1.6755092439759675e-19,-9.383801930196496e-18,-4.343451536730943e-19,0.0,0.0,0.0
0.674,1.890829896379862e-16,-3.6516562563951857e-16,9.810021600000173,1.4771603621578964e-19,1.3468183589961271e-17,5.150862990575927e-19,0.0,0.0,0.0
0.676,-1.6494993713834488e-16,-2.0160253435844122e-16,9.810021599999967,2.2999688320946878e-17,-1.799197130132996e-18,4.252750785386505e-19,0.0,0.0,0.0
0.678,-9.748789982424467e-17,3.304181596197773e-16,9.81002160000001,-7.515450225235353e-18,5.804202890675481e-18,1.6834973020063974e-20,0.0,0.0,0.0
0.68,2.2073146098122858e-16,-1.5996992643717325e-16,9.810021600000088,7.71255371048278e-18,-1.8400029488857664e-18,4.520014269867278e-19,0.0,0.0,0.0
0.682,-1.4484436461504624e-16,-2.0161220940349283e-16,9.810021599999882,7.69269050954376e-18,-1.8607003738131138e-18,-5.10115706691755e-19,0.0,0.0,0.0
0.684,-2.2881433260464883e-16,3.8176122701975143e-16,9.81002159999992,4.8807710846659047e-20,-1.712943905263083e-17,4.77289165862089e-19,0.0,0.0,0.0
0.686,1.9123635525152183e-16,3.42541167475384e-17,9.810021599999999,-7.595688052546122e-18,-1.7150604535990627e-17,4.685901432067288e-19,0.0,0.0,0.0
0.6880000000000001,-3.7008663607219034e-16,-2.184302774936511e-16,9.810021600000088,6.89465012434552e-21,-2.479552215787222e-17,5.828963051190901e-19,0.0,0.0,0.0
0.6900000000000001,-1.887181033495925e-17,3.9367422506537746e-16,9.810021599999878,-7.639070387720572e-18,-1.9451666245215364e-18,4.339785535022472e-19,0.0,0.0,0.0
0.6920000000000001,-4.0341388552660315e-17,2.916293756449395e-17,9.810021599999917,-3.7523236219644423e-20,-9.590106089103202e-18,4.926041136176374e-19,0.0,0.0,0.0
0.6940000000000001,4.0239003314391966e-16,-5.908111545700848e-16,9.8100216,-6.023847432600413e-20,-9.611317787243448e-18,-4.252862605483718e-19,0.0,0.0,0.0
0.6960000000000001,2.5228126694277035e-16,3.3823437879513243e-16,9.810021600000084,7.54047779820719e-18,1.3238896807955367e-17,-5.432061661178794e-19,0.0,0.0,0.0
0.6980000000000001,-3.2199925719894834e-16,-1.6067207904115352e-16,9.810021600000173,7.517607800248686e-18,1.3217215234563898e-17,-3.8425092355018817e-19,0.0,0.0,0.0
0.7000000000000001,-3.207947955292407e-16,1.823965274335806e-16,9.810021599999967,7.495004153128829e-18,-2.4924062963938456e-17,-4.2799683971769935e-19,0.0,0.0,0.0
0.7020000000000001,2.1418409084523156e-16,-1.5904803506714165e-16,9.810021600000008,1.5095365100850577e-17,-2.0749018093907752e-18,4.796990601525532e-19,0.0,0.0,0.0
0.704,-1.7003645261765872e-16,3.264948328144351e-17,9.810021600000086,-1.760188439374697e-19,-9.721724895741562e-18,-4.391518226819835e-19,0.0,0.0,0.0
0.706,3.5621090168270027e-16,-6.67303773403074e-17,9.810021599999882,1.5047560662234266e-17,5.502873605438004e-18,-4.983785460171308e-19,0.0,0.0,0.0
0.708,3.557020177604024e-16,-1.2769362610737538e-16,9.810021599999919,-2.2422393481697784e-19,5.47917894515029e-18,-4.913040879307763e-19,0.0,0.0,0.0
0.71,-3.0708147001591427e-16,3.12298063736582e-16,9.810021599999999,-2.482772580607018e-19,-2.168492302470671e-18,4.913001353641093e-19,0.0,0.0,0.0
0.712,-2.179053684055365e-16,2.1886619842053613e-16,9.810021600000084,-2.725342264070579e-19,-9.816290593616677e-18,-4.492079852126091e-19,0.0,0.0,0.0
0.714,1.7524140742621154e-16,-5.556983486201749e-16,9.810021599999878,1.4950462597320412e-17,1.3031180923331897e-17,5.460710837424634e-19,0.0,0.0,0.0
0.716,3.498500616211881e-17,1.1142675930109693e-16,9.81002159999992,-7.945514456701022e-18,-9.86504862348431e-18,4.64440327418973e-19,0.0,0.0,0.0
0.718,-2.6206582954633837e-16,-1.3139564466810346e-16,9.810021599999999,7.27730435797219e-18,5.358080582167287e-18,-3.9122508631331245e-19,0.0,0.0,0.0
0.72,3.9375969234987077e-16,1.6893256520413938e-16,9.810021600000084,-3.7139258857209527e-19,5.333142286844901e-18,5.0434685589931294e-20,0.0,0.0,0.0
0.722,5.36568213213783e-17,-1.9144106063711147e-16,9.810021600000173,7.227640901866455e-18,-2.3157723312771716e-18,-4.91996334666578e-19,0.0,0.0,0.0
0.724,-1.802536940055526e-16,-2.108080343683856e-16,9.810021599999965,-4.212364624539268e-19,-9.965059246398069e-18,-5.098934992154646e-19,0.0,0.0,0.0
0.726,3.837264187212889e-16,-2.4264586004073505e-17,9.810021600000004,1.4800971786478983e-17,-9.990624544184257e-18,-4.463903913075356e-19,0.0,0.0,0.0
0.728,-3.6780988776376435e-16,3.0673486432333934e-16,9.810021600000084,-4.726828132109569e-19,5.2308847739418605e-18,4.680186257373359e-19,0.0,0.0,0.0
0.73,-6.380659089044242e-17,-7.821804775841378e-17,9.81002159999988,7.125238002387529e-18,-2.4192822039826932e-18,4.370345510862444e-19,0.0,0.0,0.0
0.732,5.707365661508951e-17,4.218396525803713e-17,9.810021599999919,1.4722936481142097e-17,-1.0069828651093311e-17,4.688598234526531e-19,0.0,0.0,0.0
0.734,1.7653403820902541e-16,1.7651954602752379e-16,9.810021599999999,-8.175238377427245e-18,5.15053814846103e-18,-4.449165421743136e-19,0.0,0.0,0.0
0.736,2.015559342101216e-16,-1.178675064695864e-16,9.810021600000082,7.045858035004623e-18,2.037102759900126e-17,-9.320717419643937e-19,0.0,0.0,0.0
0.738,-2.2012186428745264e-16,1.1151890489603687e-16,9.81002159999988,-6.040560218179186e-19,-1.015196188852123e-17,4.509487210201748e-19,0.0,0.0,0.0
0.74,-1.621518748279817e-16,1.9834056747488455e-16,9.810021599999915,-6.306045514817373e-19,5.068013367285563e-18,-4.686444197057851e-19,0.0,0.0,0.0
0.742,-4.51311103031295e-16,2.007172645923406e-17,9.8100216,-8.280974749499487e-18,-1.0207536883276981e-17,4.2146556766010904e-19,0.0,0.0,0.0
0.744,6.148137481022108e-16,-2.4882071589306523e-16,9.810021600000082,6.939711465428205e-18,5.012440266306735e-18,4.712902832225556e-19,0.0,0.0,0.0
0.746,2.0538629377534151e-16,-1.5570081126108625e-16,9.81002160000017,-7.111239461054465e-19,4.984332175445581e-18,-4.781457297717366e-19,0.0,0.0,0.0
0.748,-5.278880283274875e-16,1.1150156485676833e-16,9.810021599999965,6.885764983638553e-18,4.9560972211834114e-18,4.2524921269652057e-19,0.0,0.0,0.0
0.75,2.4544525838727805e-16,-1.6086649964309815e-16,9.810021600000004,6.8588314407680316e-18,-2.6963765274220997e-18,-9.366969313095678e-19,0.0,0.0,0.0
0.752,-3.0756495182895193e-16,-1.770722598310024e-16,9.810021600000084,2.9703207227424006e-17,-2.725392897603064e-18,-5.1425107207052525e-19,0.0,0.0,0.0
0.754,9.8120324570116e-17,3.7886445837310286e-16,9.810021599999875,-8.196010181854989e-19,-2.75560234341026e-18,4.108404936506687e-20,0.0,0.0,0.0
0.756,2.5395175951854433e-16,4.354270946921861e-17,9.810021599999917,-8.471104797207378e-18,-2.7859438941417937e-18,4.763419856993806e-19,0.0,0.0,0.0
0.758,-5.556556323823496e-16,1.7326869213984434e-16,9.810021599999997,-8.75155693935014e-19,-1.0439996497901548e-17,-2.5825072049364524e-20,0.0,0.0,0.0
0.76,-4.18333895604022e-18,-9.450941188486027e-18,9.810021600000082,6.720274875645658e-18,-1.0470328947454796e-17,4.509357838349392e-19,0.0,0.0,0.0
0.762,3.903906703290183e-16,-9.082586322054895e-17,9.810021599999878,-9.325166718189487e-19,-2.8772124725120382e-18,4.803868420060964e-19,0.0,0.0,0.0
0.764,-3.591950713234485e-16,-1.2177076055857482e-16,9.810021599999917,1.428598329039132e-17,-1.0531922689678444e-17,4.0950129084003326e-19,0.0,0.0,0.0
0.766,4.564894091376168e-16,-1.6932116595450182e-16,9.810021599999997,-9.914465323378941e-19,-2.9396122791620768e-18,6.4924341431409e-21,0.0,0.0,0.0
0.768,-3.052760035728877e-16,-2.310733330372336e-18,9.810021600000082,1.4226257563499076e-17,-1.059512944820484e-17,4.2846930590100214e-19,0.0,0.0,0.0
0.77,3.6936351206065206e-16,2.318364174923194e-16,9.81002160000017,-1.051977777288489e-18,1.224406559821851e-17,5.038028064561417e-19,0.0,0.0,0.0
0.772,3.518068889845345e-16,-1.5251016320232332e-16,9.810021599999962,1.4165472667931103e-17,1.2211583182918878e-17,9.465278032273421e-21,0.0,0.0,0.0
0.774,-5.501673313003074e-16,1.9497146544390763e-16,9.810021600000004,6.511668282983117e-18,4.5545609507635326e-18,-2.102508041379519e-20,0.0,0.0,0.0
0.776,1.9913855155536794e-16,-3.650092760678429e-17,9.810021600000082,6.481726214441935e-18,4.5209746197000714e-18,1.2105248298900824e-20,0.0,0.0,0.0
0.778,-3.773287791490426e-16,1.9920120451787735e-16,9.810021599999875,-8.79590073295442e-18,-1.076072492476563e-17,4.44415654328756e-19,0.0,0.0,0.0
0.78,5.670686911276586e-16,-3.8798409337610636e-16,9.810021599999919,6.421311695084955e-18,4.453125462784777e-18,4.528576290346889e-19,0.0,0.0,0.0
0.782,-3.349208669001285e-16,-2.317928756161309e-16,9.810021599999995,2.926238371922613e-17,4.4188619639440366e-18,-5.277953022702675e-19,0.0,0.0,0.0
0.784,9.21865665720654e-19,1.6262960866914515e-16,9.810021600000082,1.3984220784304798e-17,-3.240532502002163e-18,4.718094060905352e-19,0.0,0.0,0.0
0.786,2.0689164005568653e-16,1.9818884642485914e-16,9.810021600000166,-1.2942212789299419e-18,4.347057950956273e-18,4.87427816341234e-19,0.0,0.0,0.0
0.788,-4.401285641188292e-17,5.071511987388629e-17,9.810021599999963,-1.3249562297568274e-18,4.31066349389752e-18,4.523776863876955e-19,0.0,0.0,0.0
0.79,-5.9949218978457e-18,6.332435736074104e-18,9.810021600000002,-1.3556823657887859e-18,4.274134434114613e-18,4.507187521169378e-19,0.0,0.0,0.0
0.792,1.460609027660041e-16,4.8980649121889976e-17,9.810021600000084,-1.3863998124019513e-18,4.237472002326307e-18,1.5355265056117402e-20,0.0,0.0,0.0
0.794,-7.05353812855887e-16,1.439919238948871e-16,9.810021599999875,-1.4171087151780288e-18,-1.867086983951062e-17,-5.144609579186858e-19,0.0,0.0,0.0
0.796,3.285690177288153e-16,3.262271528058964e-17,9.810021599999915,-2.4320247662705753e-17,-1.1083946148311954e-17,4.832944803596721e-19,0.0,0.0,0.0
0.798,-3.9902952866769817e-16,1.1076621659380307e-16,9.810021599999995,-9.104734519280102e-18,-3.3991652739122263e-17,-9.575592285263091e-19,0.0,0.0,0.0
0.8,6.241278718697547e-16,-1.0647799720165538e-16,9.81002160000008,6.109278907244963e-18,-1.8779937455461932e-17,-4.346260413446256e-19,0.0,0.0,0.0
0.802,-2.1431642220209403e-16,-1.4819252568322034e-16,9.810021599999875,-9.173015923350506e-18,-1.1192493503686466e-17,-2.985707554828828e-20,0.0,0.0,0.0
0.804,-1.6686847064448602e-16,1.1467210323663658e-16,9.810021599999917,-9.208230681325432e-18,-3.604867162522523e-18,-4.758292125322776e-19,0.0,0.0,0.0
0.806,4.93703894705688e-16,7.047450411982481e-17,9.810021599999995,-1.6867614404205968e-17,3.9829461616696944e-18,4.8282139893083493e-20,0.0,0.0,0.0
0.808,-2.9950437098587245e-16,-4.612027445273132e-16,9.81002160000008,5.968381160405471e-18,3.947408105135681e-18,6.076745831393419e-19,0.0,0.0,0.0
0.81,-3.483350897831812e-17,3.9436218216647327e-16,9.810021600000168,-1.6910370411007996e-18,-1.1336245546299696e-17,4.893010837364875e-19,0.0,0.0,0.0
0.812,2.2482374934954448e-17,-3.727080201884486e-16,9.810021599999963,5.8966069773887885e-18,-3.748461557633977e-18,5.432110790207944e-19,0.0,0.0,0.0
0.8140000000000001,2.1572286994954337e-18,5.72437489828075e-16,9.810021599999999,5.860070141855209e-18,-3.784945266042477e-18,4.0301507852361547e-19,0.0,0.0,0.0
0.8160000000000001,3.9088616575172156e-16,-3.356516463681607e-16,9.810021600000082,-1.8006509899189208e-18,3.802000206965354e-18,-4.826004045493472e-19,0.0,0.0,0.0
0.8180000000000001,-6.20122909633421e-16,2.9860435062110063e-16,9.810021599999875,-9.46139707519825e-18,-1.1482709076112411e-17,-2.289474400235761e-20,0.0,0.0,0.0
0.8200000000000001,2.1059881857558086e-16,-1.3752264143611384e-16,9.810021599999914,1.3372597283630436e-17,1.1352036734949443e-17,-4.643883543222437e-19,0.0,0.0,0.0
0.8220000000000001,3.7294589175082e-16,-1.7168051287239103e-16,9.810021599999995,-1.912365949807357e-18,-3.933198825344629e-18,1.2990280075051795e-20,0.0,0.0,0.0
0.8240000000000001,-1.2275790272337682e-16,-3.8858305267555687e-17,9.81002160000008,-9.573826335972729e-18,-3.970839667266908e-18,-4.889544578544089e-19,0.0,0.0,0.0
0.8260000000000001,-7.558153377990755e-17,4.376361311798992e-17,9.810021599999875,5.635910694090417e-18,1.1239436034497422e-17,4.925007637876592e-19,0.0,0.0,0.0
0.8280000000000001,2.959148959840028e-17,1.719079165464063e-16,9.810021599999914,-1.7273308330952743e-17,-1.1669953273612003e-17,-4.566593301127749e-19,0.0,0.0,0.0
0.8300000000000001,-1.695094309409142e-16,-1.6881805088081135e-17,9.810021599999994,-2.0639589917976777e-18,1.116430040379005e-17,5.189316120912274e-19,0.0,0.0,0.0
0.8320000000000001,2.0351755435771347e-16,3.6239274251962154e-16,9.81002160000008,-2.1020179998695504e-18,1.1126914287510254e-17,-8.593215497169136e-20,0.0,0.0,0.0
0.834,-8.309340294741151e-17,-1.5340788384391682e-16,9.810021600000166,1.3107913569476858e-17,3.4655886108670953e-18,9.873192899551887e-19,0.0,0.0,0.0
0.836,-1.0663655327495765e-17,-1.8325052672208188e-16,9.81002159999996,-2.1775840584823295e-18,-4.196480930073521e-18,-3.3272850968045664e-20,0.0,0.0,0.0
0.838,5.650593610939958e-17,-1.9280077908160747e-16,9.810021599999999,-2.2157462648024004e-18,-4.234790848524556e-18,4.36341727440363e-19,0.0,0.0,0.0
0.84,-3.7810678755184106e-16,3.710293135911631e-16,9.810021600000082,-9.878124171951232e-18,-4.273188122812246e-18,4.941605382062369e-19,0.0,0.0,0.0
0.842,1.993866671733068e-16,-6.25416263012705e-16,9.810021599999873,1.2954523832839204e-17,-4.31133813213593e-18,6.463866061258948e-20,0.0,0.0,0.0
0.844,1.2513555819236178e-16,7.530435214492991e-17,9.810021599999914,1.2915250189279961e-17,-1.197408673341546e-17,-4.852228271021627e-19,0.0,0.0,0.0
0.846,-1.170706129620568e-16,3.488373365466988e-16,9.810021599999994,5.251413505291577e-18,1.085780745109109e-17,-4.863983280279492e-19,0.0,0.0,0.0
0.848,5.241485756440299e-16,-3.500151986609183e-16,9.810021600000079,-1.003598173961876e-17,3.1938848127205084e-18,4.57523983056979e-19,0.0,0.0,0.0
0.85,-3.5410685355299937e-16,8.154758053582202e-17,9.810021600000166,1.2795822525542097e-17,-4.469781498718956e-18,-9.570154263586692e-19,0.0,0.0,0.0
0.852,4.1094128042834427e-16,9.818323069557768e-17,9.81002159999996,5.131843131693889e-18,3.1134909799022287e-18,-4.2914352783422224e-19,0.0,0.0,0.0
0.854,-1.7864900113458586e-16,-3.4563588097649547e-18,9.810021599999999,-2.5321856530634237e-18,1.0696342056563387e-17,4.400610658079573e-19,0.0,0.0,0.0
0.856,-3.2882698164619354e-17,-2.074755396214359e-16,9.810021600000079,5.051777018732123e-18,3.0314163708093985e-18,4.259870392715746e-19,0.0,0.0,0.0
0.858,-3.7983054071922544e-16,3.7601220002468417e-16,9.810021599999875,-2.6120082645650847e-18,-4.633930706016371e-18,9.783552033878672e-21,0.0,0.0,0.0
0.86,1.7302769879216693e-16,4.052332068981781e-17,9.810021599999914,-1.790004030887078e-17,2.948345105198262e-18,-4.575878672432917e-19,0.0,0.0,0.0
0.862,-1.4981620350991078e-16,1.2632402066121376e-16,9.810021599999992,-1.0316578554073783e-17,2.9073959757808397e-18,4.561424007801369e-19,0.0,0.0,0.0
0.864,-5.810120235847513e-17,-3.210281014356278e-16,9.810021600000079,-2.7331713522712365e-18,-4.757119174051545e-18,-5.158373846753074e-19,0.0,0.0,0.0
0.866,-1.9433084602775048e-16,1.6513320392181196e-16,9.810021600000166,-2.774020601196864e-18,2.8260010397768888e-18,-4.462289611002179e-19,0.0,0.0,0.0
0.868,1.6215378230292575e-16,3.640895267596331e-17,9.81002159999996,-2.8149282029796053e-18,2.7852119532552447e-18,4.577995345851903e-19,0.0,0.0,0.0
0.87,1.5848912516527898e-16,5.958074097453421e-17,9.810021599999999,4.767953812865094e-18,-4.879483776175185e-18,4.535003721815966e-19,0.0,0.0,0.0
0.872,-6.604743707682997e-17,9.58473281728891e-17,9.81002160000008,-2.8972796237467212e-18,2.7031071993760892e-18,-2.58549788389732e-21,0.0,0.0,0.0
0.874,-2.7488872550243e-16,-3.392941671132764e-16,9.810021599999871,4.685121669363919e-18,-4.962053774036909e-18,5.850205794806025e-19,0.0,0.0,0.0
0.876,1.7846557878252792e-16,-2.226924973676408e-16,9.810021599999912,1.2267098360804757e-17,-1.262762565106478e-17,4.6329879691896364e-21,0.0,0.0,0.0
0.878,-5.96595471278199e-17,5.800991723462821e-16,9.810021599999992,4.600586129575299e-18,2.5775768137895803e-18,-5.386833841276273e-19,0.0,0.0,0.0
0.88,7.112946786639645e-17,6.105806736766032e-17,9.81002160000008,-1.8313696522648388e-17,-5.0891814596604124e-18,-4.609905095169153e-19,0.0,0.0,0.0
0.882,2.0509611217835856e-16,-2.2860401142840826e-16,9.810021599999867,4.514676918282916e-18,2.492439242459379e-18,2.86279990235564e-22,0.0,0.0,0.0
0.884,-1.8401459612701207e-16,1.2249130111342953e-17,9.810021599999914,4.4714264337944935e-18,2.4498016277618098e-18,5.17098621361175e-19,0.0,0.0,0.0
0.886,3.032638888854869e-17,-5.77926955683118e-17,9.81002159999999,1.205194699133588e-17,1.0030603570117258e-17,5.352507202685026e-21,0.0,0.0,0.0
0.888,1.8335899185254477e-16,2.1863795297973638e-16,9.810021600000079,-1.0862638481727974e-17,2.3629276188637273e-18,4.898612769379407e-19,0.0,0.0,0.0
0.89,1.694143742294292e-16,-2.6159027267157037e-16,9.810021600000164,4.341942158311789e-18,-1.2928266135392053e-17,4.452928168189571e-19,0.0,0.0,0.0
0.892,-3.9573859865431423e-16,1.348037543031414e-16,9.810021599999956,4.2979972761366466e-18,9.899376889798287e-18,-4.1086470408639783e-19,0.0,0.0,0.0
0.894,-8.350108792316913e-17,2.5672280840936633e-17,9.810021599999999,-1.0993356732527666e-17,-5.392634460025102e-18,-1.1609506503903444e-21,0.0,0.0,0.0
0.896,-3.2382819644624464e-16,-8.374177229911792e-17,9.810021600000077,-3.4136258065701764e-18,-5.436603538926903e-18,-3.873876973972367e-19,0.0,0.0,0.0
0.898,5.58177848021382e-16,-3.6847037538092943e-16,9.810021599999871,4.1656377588071575e-18,2.143248899380842e-18,4.559754545815487e-19,0.0,0.0,0.0
0.9,5.4845463372659273e-17,5.652314921276538e-16,9.810021599999912,4.120959778256159e-18,-5.525001093854789e-18,3.95381424764598e-19,0.0,0.0,0.0
0.902,-1.9317509690336183e-16,-1.4469809084835814e-16,9.810021599999992,-3.548043113127353e-18,9.67789190865865e-18,5.426927915660857e-19,0.0,0.0,0.0
0.904,1.0060767671018645e-16,-1.6429051676633198e-16,9.810021600000075,-3.592911183169327e-18,-5.614632423197052e-18,4.966930111781592e-19,0.0,0.0,0.0
0.906,3.726562059311877e-17,-2.986363404582869e-17,9.810021600000162,1.160943617406655e-17,1.7212071183478287e-17,-4.5500129705144e-19,0.0,0.0,0.0
0.908,1.0502218404447344e-17,-1.9493321795484734e-17,9.81002159999996,-1.89306387703576e-17,-5.705107373668358e-18,4.531284414025361e-19,0.0,0.0,0.0
0.91,-1.032038563565488e-16,8.679331303960837e-17,9.810021599999997,3.895741786098629e-18,-5.7499757355843136e-18,4.614866003642861e-21,0.0,0.0,0.0
0.912,-2.6029940617610106e-16,-1.0872017887581902e-16,9.810021600000077,-3.77376750987361e-18,-5.7952413522159154e-18,-3.9377682690646634e-19,0.0,0.0,0.0
0.914,3.713375409158127e-16,-2.1083101539331816e-16,9.810021599999871,1.1427771659711441e-17,1.7031035117623282e-17,-4.795183969204441e-19,0.0,0.0,0.0
0.916,6.203495800460882e-17,1.527943763761943e-16,9.81002159999991,3.758440172980696e-18,1.7372773212790893e-18,-4.522032280559081e-19,0.0,0.0,0.0
0.918,1.6861402551421768e-16,-1.373017170867453e-16,9.81002159999999,-1.1534849587383533e-17,9.31467012204775e-18,-4.749353042632237e-19,0.0,0.0,0.0
0.92,-1.9882891071211573e-16,3.5364905101023915e-16,9.810021600000074,-3.9563062350659e-18,1.6447624071086976e-18,2.5122759631593016e-20,0.0,0.0,0.0
0.922,-2.107063344400464e-16,-1.515550351806809e-16,9.810021600000164,-4.001723567552036e-18,1.5987098317313565e-18,-3.1750514714139674e-20,0.0,0.0,0.0
0.924,1.8177674547813196e-16,-2.0278122052649604e-16,9.810021599999956,3.576594506825931e-18,-6.071182045940013e-18,-4.826278874004219e-19,0.0,0.0,0.0
0.926,-3.7232512399269436e-16,1.7792631931617663e-16,9.810021599999997,1.1154394486121299e-17,-6.117613516882638e-18,-6.977619472655097e-21,0.0,0.0,0.0
0.928,5.397331818484178e-16,-1.4695156420168234e-16,9.810021600000077,3.4839725123838386e-18,-6.16483732588859e-18,4.7856274865873e-19,0.0,0.0,0.0
0.93,-3.0810789505980564e-16,2.5736922608376913e-16,9.810021599999867,3.436870125258069e-18,1.411398321592314e-18,-9.347682740845474e-19,0.0,0.0,0.0
0.932,-4.655370715745568e-16,-6.954870284858821e-17,9.81002159999991,-1.1858058256913795e-17,-1.3884302482058652e-17,4.130544001291721e-19,0.0,0.0,0.0
0.934,5.720273906149196e-16,-4.1482582823442077e-16,9.810021599999988,2.6213008321063784e-17,1.65635211847862e-17,4.614352060623833e-19,0.0,0.0,0.0
0.936,1.2193893554284498e-17,4.5787757120090194e-20,9.810021600000075,1.0917817230953286e-17,1.2666326368492874e-18,-1.0607198691060852e-22,0.0,0.0,0.0
0.9380000000000001,2.295955272036307e-16,1.8694719481873492e-16,9.810021600000162,3.2463402053147015e-18,1.2166402452105766e-18,-4.374196161616702e-19,0.0,0.0,0.0
0.9400000000000001,-5.750830945563005e-16,3.9129058290238206e-16,9.810021599999958,-4.425274419149196e-18,-2.170528983081705e-17,1.576082029843577e-23,0.0,0.0,0.0
0.9420000000000001,-4.1672405494681164e-17,-3.524555472195905e-16,9.810021599999995,1.8397118133971187e-17,-1.4131796944588882e-17,4.117903449233818e-19,0.0,0.0,0.0
0.9440000000000001,3.9323038378024193e-16,-1.9850818064008174e-16,9.810021600000075,1.0723129903681289e-17,-6.5595274914155425e-18,-4.675774672267285e-19,0.0,0.0,0.0
0.9460000000000001,-2.2929599565335337e-16,1.0787337603046026e-17,9.81002159999987,1.0672416375793719e-17,-6.611916959739648e-18,-1.363663090315651e-20,0.0,0.0,0.0
0.9480000000000001,4.3199493660129755e-16,1.6151930055709028e-16,9.810021599999908,-4.6265761524884946e-18,-6.6651189237085886e-18,-4.2440268492697687e-19,0.0,0.0,0.0
0.9500000000000001,-3.619243697575066e-16,1.8819846588772604e-16,9.81002159999999,-1.2302306898783555e-17,9.055599855314993e-19,4.465595021328641e-19,0.0,0.0,0.0
0.9520000000000001,1.5790808688371424e-16,-5.864823723595317e-16,9.810021600000074,1.8141039204039514e-17,8.528513988073999e-19,-5.272579771963987e-19,0.0,0.0,0.0
0.9540000000000001,-3.746134105118499e-16,3.782993898707241e-16,9.81002159999987,1.0464968206240972e-17,-1.4448793659151765e-17,-4.613955614535885e-19,0.0,0.0,0.0
0.9560000000000001,3.7069565190895137e-16,3.8165358113466204e-17,9.810021599999908,-4.835984246634972e-18,-6.8797069627241006e-18,-4.404408828513598e-19,0.0,0.0,0.0
0.9580000000000001,-3.637381547961909e-16,-2.68242742159216e-17,9.810021599999988,1.7981696668217537e-17,-1.4558275157203763e-17,-5.041274755403805e-19,0.0,0.0,0.0
0.96,3.613968954713009e-16,-1.580789039029046e-16,9.810021600000074,1.0302929832478509e-17,-6.99039427414201e-18,-4.619040115478095e-19,0.0,0.0,0.0
0.962,-1.8411864378928418e-16,-2.872578209508975e-17,9.810021600000162,2.623535302101465e-18,5.766658506661845e-19,4.373434078562697e-19,0.0,0.0,0.0
0.964,3.605222101613791e-16,1.9509575674637503e-16,9.810021599999953,1.7815489362048587e-17,8.143339055645146e-18,4.995914833474507e-19,0.0,0.0,0.0
0.966,-1.5200351790701388e-16,3.2396191253577036e-17,9.810021599999997,1.0136131803768715e-17,-7.162796207479447e-18,-4.852562862544054e-19,0.0,0.0,0.0
0.968,1.344545913080179e-16,4.610026345342297e-17,9.810021600000075,-5.167718503944326e-18,4.0178852345071993e-19,1.8378823586897272e-20,0.0,0.0,0.0
0.97,2.0994537767805517e-17,8.596536562956987e-17,9.810021599999867,-5.224080106241014e-18,-7.281271327890054e-18,-9.254968831779862e-19,0.0,0.0,0.0
0.972,1.898983839250709e-16,-2.9153390972928583e-16,9.810021599999908,2.3427508415791215e-18,2.8342586822533944e-19,-1.1575430110800714e-20,0.0,0.0,0.0
0.974,-6.552439145662015e-16,4.666575589581596e-16,9.810021599999988,-1.296218431853885e-17,-7.399956098185171e-18,-4.757426646827277e-19,0.0,0.0,0.0
0.976,3.1023522098260964e-16,-3.567993482198883e-16,9.810021600000074,2.227607256478924e-18,1.6487486529667375e-19,4.40459117183961e-19,0.0,0.0,0.0
0.978,-2.219051679182349e-16,2.2689405379979653e-16,9.81002160000016,-5.454376804137292e-18,1.0548296662020749e-19,6.304473964087762e-21,0.0,0.0,0.0
0.98,1.7946581081035204e-16,-1.75761010807208e-16,9.810021599999953,2.1111050607883103e-18,-7.577679261483934e-18,-4.798534593703112e-19,0.0,0.0,0.0
0.982,-1.7620309219891353e-16,1.8356375811835183e-16,9.810021599999995,-5.571800006051816e-18,-1.5261209632179996e-17,8.970871026899331e-21,0.0,0.0,0.0
0.984,2.4669553572446615e-16,1.5906084363931612e-16,9.810021600000074,9.615691391689323e-18,7.550744602571268e-18,-6.307419937478494e-20,0.0,0.0,0.0
0.986,-4.4269968616585367e-16,-1.0371221649838869e-17,9.81002159999987,1.9318418517023084e-18,-7.757365041963371e-18,-9.71297763059904e-19,0.0,0.0,0.0
0.988,3.5521117573639e-16,-2.980161333244312e-16,9.810021599999907,-5.752717935597327e-18,-7.818138392002152e-18,-4.7532042535962e-19,0.0,0.0,0.0
0.99,-1.612340786363974e-16,-5.752469688465329e-17,9.810021599999988,1.705740046671527e-17,-2.5496238978654157e-19,-4.182641233696337e-19,0.0,0.0,0.0
0.992,8.915105898139648e-16,1.0440698216513729e-16,9.81002160000007,9.371858089048549e-18,7.306934510882025e-18,8.280945568268806e-20,0.0,0.0,0.0
0.994,-7.902344325307931e-16,7.757413463434048e-17,9.81002160000016,-2.118503670372838e-17,-8.003536416358991e-18,3.996888316337207e-19,0.0,0.0,0.0
0.996,7.904805339992953e-17,2.1568965516755348e-17,9.810021599999954,1.6242752277362206e-18,-4.414198007300754e-19,-1.732873819025774e-20,0.0,0.0,0.0
0.998,-6.701767024388833e-18,-1.6331151141041904e-16,9.810021599999992,1.5617621116675572e-18,-5.035005345270168e-19,2.4037477077010665e-20,0.0,0.0,0.0
1.0,-1.8620696900635186e-16,3.7504889215853895e-16,9.810021600000075,-6.124882402579064e-18,-5.659269740841212e-19,-4.795287761696688e-19,0.0,0.0,0.0
1.002,-2.4124577287160668e-17,3.130633077771957e-17,9.810021599999864,-6.187964733663531e-18,-6.282253370146721e-19,-4.536962575885641e-19,0.0,0.0,0.0
1.004,1.840456780506371e-16,-1.8543466019729213e-16,9.810021599999908,-6.251338627804313e-18,6.93345991696158e-18,-3.481544672564246e-21,0.0,0.0,0.0
1.006,-1.948587779830773e-16,-2.2277205807427456e-16,9.810021599999986,1.6557013464966925e-17,-8.376261078394431e-18,6.31148079680575e-20,0.0,0.0,0.0
1.008,1.0795901766242629e-16,2.1130971772261132e-16,9.810021600000074,8.869193243491332e-18,6.8081313797851516e-18,-5.100232764491878e-19,0.0,0.0,0.0
1.01,-1.0504044031812683e-16,1.9382007847561357e-17,9.810021600000159,8.805395026102006e-18,-8.79832357608495e-19,-4.787861991301337e-19,0.0,0.0,0.0
1.012,5.223475309951614e-17,-2.496758393405639e-16,9.810021599999954,1.1174388250256185e-18,-9.447568088760687e-19,-4.955939815630113e-19,0.0,0.0,0.0
1.014,-6.071854716576526e-17,1.3531736473945767e-17,9.810021599999992,1.0530177810541155e-18,6.613839726878402e-18,-1.0655518431617982e-22,0.0,0.0,0.0
1.016,3.743699226842702e-16,2.0887561088450248e-16,9.810021600000072,8.612611230486471e-18,-1.0755870139432868e-18,5.229329273501532e-20,0.0,0.0,0.0
1.018,-5.467058613892822e-16,-7.576876981098873e-17,9.810021599999867,-6.699664950656307e-18,-2.4013520341918955e-17,4.1203564568372825e-19,0.0,0.0,0.0
1.02,8.124401270756084e-17,2.715873186607703e-16,9.810021599999907,-6.7660354395614e-18,6.415657480203678e-18,-5.146627660174885e-19,0.0,0.0,0.0
1.022,1.1095473067383122e-16,-2.1978896758478414e-16,9.810021599999985,7.915946466407421e-19,-8.898084668896084e-18,1.5451268140275356e-20,0.0,0.0,0.0
1.024,1.3052722883145361e-16,3.0839237338906407e-16,9.810021600000074,8.348390408470828e-18,-8.964438974405674e-18,4.1903689478133816e-19,0.0,0.0,0.0
1.026,6.670755797818467e-18,-3.7055339904774555e-16,9.810021600000159,6.566443438177241e-19,-9.031594252679099e-18,-3.9911896131657567e-19,0.0,0.0,0.0
1.028,-2.9151148487079056e-16,4.364714216271595e-17,9.810021599999953,8.211743411652166e-18,-1.672290392859896e-17,3.9779351106288606e-20,0.0,0.0,0.0
1.03,5.258723516183903e-16,-1.076408351068594e-16,9.810021599999992,8.141632884967638e-18,6.08038319432563e-18,4.212092486261635e-19,0.0,0.0,0.0
1.032,-3.78371824645179e-16,5.684831465035372e-16,9.810021600000074,-7.176050234428254e-18,-1.686022393887348e-17,-2.7507224370774676e-20,0.0,0.0,0.0
1.034,-2.469091086119811e-16,1.8206063798222108e-16,9.810021599999864,-7.247416972148172e-18,-1.6929079901188954e-17,2.0309868816542996e-20,0.0,0.0,0.0
1.036,3.634288763521461e-16,-5.692779198472314e-16,9.810021599999907,-7.320179209107895e-18,-1.7500259287818258e-18,3.692887936715543e-20,0.0,0.0,0.0
1.038,5.989534189394004e-17,-4.088089172286417e-16,9.810021599999983,7.8543589117941e-18,5.805398707901142e-18,-4.0006086870518337e-19,0.0,0.0,0.0
1.04,-1.0884598877527751e-16,-1.8276399325633623e-17,9.810021600000074,1.5405151767197133e-17,-1.8876623022442917e-18,-4.411941278368037e-19,0.0,0.0,0.0
1.042,-4.459255735428974e-17,1.6090446674958985e-16,9.810021600000157,2.2955536642398024e-17,-9.582020049534263e-18,-1.760450231155478e-20,0.0,0.0,0.0
1.044,4.577139235498726e-17,-3.009288175934179e-16,9.810021599999953,1.5257297516540657e-17,-2.0304914380555375e-18,9.859613955013844e-19,0.0,0.0,0.0
1.046,-4.6459757788717047e-17,4.886618478145536e-16,9.810021599999992,2.2806333966939006e-17,5.519731540617051e-18,-6.58102064572624e-20,0.0,0.0,0.0
1.048,2.601640284105158e-16,-2.0841232933196255e-17,9.81002160000007,-1.3993964050847965e-19,-9.803417277477692e-18,1.9517576712925858e-20,0.0,0.0,0.0
1.05,4.968997862719594e-17,-3.6363749897802506e-17,9.810021599999864,7.408231666592627e-18,-9.879147210429791e-18,1.282197622533268e-21,0.0,0.0,0.0
1.052,-1.838771469250814e-16,1.9934772373292095e-16,9.810021599999905,-2.92257479526107e-19,-2.3318221457887863e-18,-4.558534386795623e-19,0.0,0.0,0.0
1.054,-4.0037130430816556e-17,-1.725860291285185e-16,9.810021599999985,-7.993198355804733e-18,-1.0032467081602071e-17,5.185592527391286e-19,0.0,0.0,0.0
1.056,-1.368292450229445e-16,-2.9760982270504226e-16,9.81002160000007,7.176425849254033e-18,5.13869178681607e-18,-3.852699649405423e-19,0.0,0.0,0.0
1.058,3.573433807563972e-16,8.370938152056297e-18,9.810021600000155,7.098409434734451e-18,-2.5624819674884964e-18,-6.09464769243546e-20,0.0,0.0,0.0
1.06,-3.4351994847658497e-16,1.8535335046846708e-16,9.810021599999951,7.019919952227494e-18,1.2607107327858771e-17,-4.2614359739608115e-19,0.0,0.0,0.0
1.062,3.262805252086979e-16,1.4339339829088998e-16,9.810021599999992,-8.305689294813547e-18,-1.0343331917226311e-17,3.3935362148428404e-20,0.0,0.0,0.0
1.064,-7.259602189655534e-16,7.874721464495161e-17,9.81002160000007,-7.607665029094623e-19,-1.8045792019413775e-17,5.925395393295279e-19,0.0,0.0,0.0
1.066,3.29929932423137e-16,2.9154006842243755e-17,9.810021599999862,1.4406445231028053e-17,-1.050079706664717e-17,-5.888020291595927e-20,0.0,0.0,0.0
1.068,2.6381283551445566e-16,-1.2203581879856856e-16,9.810021599999903,-8.546628848888954e-18,1.2290587594919154e-17,-4.871187427672603e-19,0.0,0.0,0.0
1.07,-1.9558785665338097e-16,4.2912363159564344e-17,9.810021599999985,-1.0037463413526933e-18,-3.0369718224458436e-18,2.413414245249629e-20,0.0,0.0,0.0
1.072,-2.503494268729127e-16,7.909141209942894e-17,9.81002160000007,6.538617747247133e-18,-3.1170614104564892e-18,5.164676681749219e-19,0.0,0.0,0.0
1.074,1.7149437776566728e-16,2.7013626846432676e-17,9.810021600000155,6.456606456580282e-18,-1.0821764163926152e-17,4.574436241152752e-19,0.0,0.0,0.0
1.076,7.653095351678833e-17,-5.941247178347475e-17,9.81002159999995,-1.2503316875828358e-18,-3.2795309764866515e-18,-2.9726191955795454e-21,0.0,0.0,0.0
1.078,-4.5045088845054275e-18,-1.590367965291264e-17,9.810021599999992,-8.95781423834264e-18,-1.860905986469697e-17,2.92731626184437e-21,0.0,0.0,0.0
1.08,-3.311446981318209e-17,-1.4774052145849285e-16,9.81002160000007,-1.4192462894607595e-18,-1.1066702602258564e-17,5.16115829536623e-19,0.0,0.0,0.0
1.082,-1.742223927128202e-17,1.90453709135605e-16,9.810021599999864,6.118207163652353e-18,-3.524545693363567e-18,-2.8095778180092376e-20,0.0,0.0,0.0
1.084,1.3038460225494928e-16,-1.0142830007503253e-16,9.810021599999905,-1.5926128697817182e-18,-1.1230832495833533e-17,4.807095599585761e-19,0.0,0.0,0.0
1.086,7.570216333409093e-17,1.1619039475136894e-16,9.810021599999983,1.3566976969117428e-17,-3.689610490243386e-18,-3.1764680362869455e-20,0.0,0.0,0.0
1.088,-1.0718752468211001e-16,-1.7057987000440966e-16,9.81002160000007,-1.7694239341794843e-18,-3.773531652090162e-18,-4.184393370204415e-19,0.0,0.0,0.0
1.09,9.507710002150972e-17,1.7764405485977982e-16,9.810021600000155,5.765119370971609e-18,3.766216343964564e-18,4.457630803779245e-19,0.0,0.0,0.0
1.092,4.404991986193951e-17,-3.2980786239476314e-17,9.81002159999995,-1.9480876036661225e-18,3.681382445366438e-18,-1.9477819524033987e-21,0.0,0.0,0.0
1.094,1.5641254663090821e-16,3.920130366025752e-17,9.81002159999999,5.5863467024253865e-18,1.88440787052601e-17,-4.839978305239086e-19,0.0,0.0,0.0
1.096,2.3509371343965267e-16,-2.3008255792012194e-16,9.81002160000007,-2.125851160123097e-18,3.51065372471898e-18,-3.389733863394907e-21,0.0,0.0,0.0
1.098,-3.512718920869419e-16,1.5812483709201126e-16,9.810021600000153,-2.2142626272711265e-18,-4.199078070209256e-18,3.1755791259764516e-20,0.0,0.0,0.0
1.1,-1.321908753861372e-16,-7.293785972260352e-17,9.81002159999995,-2.3033099293347715e-18,-4.2851095120413504e-18,-4.230632969598134e-19,0.0,0.0,0.0
1.102,3.964971618790988e-17,1.549928537008354e-16,9.810021599999992,5.230846725838381e-18,1.0876415785605987e-17,4.580137301566076e-19,0.0,0.0,0.0
1.104,-4.1996008528740196e-16,2.2100402058042902e-16,9.810021600000068,-2.482204951263814e-18,-4.4581615344292574e-18,5.221990937589301e-19,0.0,0.0,0.0
1.106,1.792174205544798e-16,8.921715106730503e-18,9.810021599999864,-2.5720674256960154e-18,3.0786797715417767e-18,-4.825944602713512e-19,0.0,0.0,0.0
1.108,5.405091973961806e-16,-3.2058116870784146e-16,9.810021599999903,1.2585675154082796e-17,1.8239249088558046e-17,4.479547608327977e-19,0.0,0.0,0.0
1.11,-3.0493327686155215e-16,1.0899649770543894e-16,9.810021599999981,-2.7509204187666813e-18,1.052700080840282e-17,-4.20545085112516e-19,0.0,0.0,0.0
1.112,5.505430302390078e-16,-2.88003838883276e-16,9.810021600000068,4.784511677013646e-18,-4.809206512335817e-18,4.76369823962698e-19,0.0,0.0,0.0
1.114,-3.091269012254868e-16,-1.1850436424812366e-16,9.810021600000155,1.2319257338655064e-17,2.7254485761285297e-18,4.148517032394504e-19,0.0,0.0,0.0
1.116,1.4719497443442228e-16,9.971092781161596e-17,9.810021599999947,-1.0641505155398382e-17,2.6349885911916986e-18,4.832424880710421e-19,0.0,0.0,0.0
1.118,-3.216333324355428e-16,2.2416178585964377e-16,9.81002159999999,-1.073083816908391e-17,-1.270267558696666e-17,4.503275024793939e-19,0.0,0.0,0.0
1.12,8.153786890840064e-17,-2.7466641634693315e-16,9.810021600000068,1.2050074365810859e-17,-1.2792135379133281e-17,-4.26256230368532e-19,0.0,0.0,0.0
1.122,-8.019192216805083e-17,4.995816229885658e-16,9.810021599999862,-3.289574856862213e-18,2.364848480050116e-18,-6.388069076289982e-20,0.0,0.0,0.0
1.124,-4.1414124411111483e-17,-1.6856472633420524e-16,9.810021599999903,-3.3816705864198228e-18,2.2740658143289366e-18,3.1687891612256914e-20,0.0,0.0,0.0
1.1260000000000001,3.8998035905513254e-16,-4.075429539108155e-16,9.810021599999981,4.149931719321735e-18,2.5054770543169313e-17,-8.38794276959929e-22,0.0,0.0,0.0
1.1280000000000001,-4.455761927933782e-16,4.255231345429008e-16,9.810021600000068,4.059319598220835e-18,2.0917319440738163e-18,4.643646441520249e-19,0.0,0.0,0.0
1.1300000000000001,-1.4599208323308353e-16,-1.0305698496674107e-17,9.810021600000155,-1.8902997500767428e-17,-1.3248102072187548e-17,-4.887283887181904e-19,0.0,0.0,0.0
1.1320000000000001,-6.250599723396869e-17,1.8525381619080077e-17,9.810021599999947,3.876412329603653e-18,-5.7152240690275934e-18,4.0602013257569974e-21,0.0,0.0,0.0
1.1340000000000001,4.784457656469691e-16,-1.5936262573928508e-16,9.810021599999988,1.1407344909873483e-17,1.7064722826217268e-17,-5.138018899237303e-19,0.0,0.0,0.0
1.1360000000000001,-2.0764309692568993e-17,-2.550363029754009e-16,9.810021600000068,3.6916069064545205e-18,1.7241936753244546e-18,-5.011784704277556e-19,0.0,0.0,0.0
1.1380000000000001,-4.404035936203726e-16,4.09047103687154e-16,9.810021599999862,-4.024317991167716e-18,-1.3616957638095342e-17,1.3309907053301226e-20,0.0,0.0,0.0
1.1400000000000001,-2.6417476379294818e-17,4.533292016716777e-17,9.8100215999999,3.506040946346795e-18,1.5372801776437375e-18,4.854543387169268e-19,0.0,0.0,0.0
1.1420000000000001,1.6441995011230697e-16,1.3932992473811528e-17,9.810021599999981,3.412345359035744e-18,-1.3804488787710025e-17,1.3802501637201372e-20,0.0,0.0,0.0
1.1440000000000001,-1.631080703325082e-16,-2.008228511630573e-16,9.810021600000066,3.3172080755245785e-18,1.3485332316616446e-18,5.3790928025857173e-20,0.0,0.0,0.0
1.1460000000000001,-2.98224018545387e-17,-2.2353668714988046e-17,9.810021600000152,3.2218463435600183e-18,-1.3994441345804632e-17,-4.450953920387592e-19,0.0,0.0,0.0
1.1480000000000001,6.659981435244184e-17,1.5207381290806498e-16,9.810021599999947,-4.498834085809051e-18,-2.1714161757929124e-17,-3.4730773281125305e-20,0.0,0.0,0.0
1.1500000000000001,1.551756711281859e-16,-1.3611394035817592e-16,9.810021599999988,-4.59777230963777e-18,-1.4186152469738968e-17,-6.977799527715236e-21,0.0,0.0,0.0
1.1520000000000001,-9.39083429991287e-17,-1.1470308309612252e-17,9.810021600000066,2.925634040248596e-18,9.657474809788242e-19,2.592905254451494e-19,0.0,0.0,0.0
1.154,3.6300998049838547e-16,-1.8051703365397757e-16,9.81002159999986,1.0448769929370758e-17,8.493224878580727e-18,2.1222012655024003e-19,0.0,0.0,0.0
1.156,-1.9326387388652584e-16,-4.140404704630218e-17,9.810021599999901,2.7245566459706653e-18,1.601950739165002e-17,2.8516956282683446e-19,0.0,0.0,0.0
1.158,-2.0879614628389936e-16,4.1434645415374036e-16,9.81002159999998,2.6251673096448466e-18,6.736791190937692e-19,2.1324705883831475e-19,0.0,0.0,0.0
1.16,4.89481203434571e-16,-4.50601260448519e-16,9.810021600000066,1.777318779153574e-17,2.3446538922234878e-17,-2.377116017445696e-19,0.0,0.0,0.0
1.162,1.9107122900791076e-17,-1.2188178508650342e-16,9.810021600000152,2.5298964420479465e-17,8.098334015134994e-18,-2.4682212975836135e-19,0.0,0.0,0.0
1.164,-3.7032259948044067e-16,5.952206639762166e-16,9.810021599999947,2.329681986694271e-18,-1.4876178023808278e-17,-2.0027953455497743e-19,0.0,0.0,0.0
1.166,2.7325951930439563e-16,-2.6000482939363655e-16,9.810021599999988,-1.3017333750725872e-17,-1.4979692597517594e-17,2.217805197465971e-19,0.0,0.0,0.0
1.168,3.722241210178868e-17,-5.074796876845537e-17,9.810021600000066,2.1294466511742193e-18,1.652287645193955e-19,-2.3966436698102814e-19,0.0,0.0,0.0
1.17,-2.172141445975429e-16,-1.8382419290329242e-16,9.810021600000152,9.652045389199179e-18,-7.56192958251037e-18,-2.7160878155899453e-19,0.0,0.0,0.0
1.172,-1.8819864426091664e-16,3.1844711901443545e-16,9.810021599999947,9.5498082354845e-18,-4.256041693062333e-20,1.5025183364459728e-20,0.0,0.0,0.0
1.174,3.251750311533467e-16,-2.792206693992163e-16,9.810021599999988,1.823368545160695e-18,-7.772057638308943e-18,2.229018618653695e-19,0.0,0.0,0.0
1.176,-7.988965205063345e-17,8.580767551723074e-17,9.810021600000066,1.7197654819871813e-18,-7.87822196137896e-18,2.2982401309028054e-19,0.0,0.0,0.0
1.178,-1.7255821818215986e-16,7.997061654069987e-17,9.810021599999859,1.6151357631660239e-18,-7.984895301761199e-18,-2.418676815774012e-19,0.0,0.0,0.0
1.18,7.601609276183627e-17,1.351412040220855e-17,9.8100215999999,-6.114384041954071e-18,-8.092070303158729e-18,-2.278431234102363e-19,0.0,0.0,0.0
1.182,-2.0081831858286863e-18,9.376310274545182e-17,9.81002159999998,1.4027388724005696e-18,-8.19908336876752e-18,2.3849678417613865e-19,0.0,0.0,0.0
1.184,-1.93814207168966e-16,1.1198915706263224e-16,9.810021600000065,-6.32890645269744e-18,-1.5930429714785417e-17,-2.1422221494595274e-19,0.0,0.0,0.0
1.186,-1.117957189626436e-16,4.541134697603891e-18,9.810021600000152,1.185401127685473e-18,-7.900445352709451e-19,-2.1144948213761314e-19,0.0,0.0,0.0
1.188,2.62376069263946e-16,-7.99055669706207e-17,9.810021599999946,1.0754205471173107e-18,-8.521672542744052e-18,-2.5839287306098483e-19,0.0,0.0,0.0
1.19,3.8277844822537675e-17,1.9087285448082546e-16,9.810021599999985,-6.659523672067568e-18,-1.00605997158053e-18,-2.6377871614205207e-19,0.0,0.0,0.0
1.192,-2.1459561063736902e-16,-1.9227739119844783e-16,9.810021600000066,8.527678795206829e-19,-8.737927499833774e-18,-1.6524016205729557e-19,0.0,0.0,0.0
1.194,-9.507608762502754e-18,9.712823541948425e-17,9.81002159999986,8.363916828553789e-18,-8.846384208382563e-18,-2.4185761894161645e-19,0.0,0.0,0.0
1.196,1.9526184691251002e-16,2.6892151701152037e-17,9.8100215999999,6.262096426175881e-19,1.3915605189688497e-17,-2.6399889924003968e-19,0.0,0.0,0.0
1.198,-2.1423823122940647e-16,1.8784798535303357e-16,9.810021599999978,-7.110649110210041e-18,-1.4420735874912773e-18,-2.23052882191292e-19,0.0,0.0,0.0
1.2,3.85766217329006e-16,-5.722547073421599e-16,9.810021600000063,8.02353323971846e-18,-1.5517915983659253e-18,2.6723071689231364e-19,0.0,0.0,0.0
1.202,-1.5496595573340398e-16,1.5810463539251668e-16,9.810021600000152,7.909499960364882e-18,-1.6625903123188726e-18,2.4313658619566544e-19,0.0,0.0,0.0
1.204,-1.9278721310869113e-17,-8.557663223530494e-17,9.810021599999946,7.79493779629645e-18,2.0374596250994073e-18,-2.1226054571176768e-19,0.0,0.0,0.0
1.206,9.231074847376261e-17,9.594814633012259e-17,9.810021599999985,7.680176612586453e-18,1.924514061351039e-18,-2.580756812618231e-19,0.0,0.0,0.0
1.208,-2.1833898821590537e-16,1.3917607241973756e-16,9.810021600000063,-5.864225981096023e-20,-5.813346499494825e-18,2.922007950601142e-20,0.0,0.0,0.0
1.21,1.062816355170797e-16,-1.1405381999853432e-16,9.81002159999986,7.449331133865811e-18,5.508042507698771e-18,2.424353697266439e-19,0.0,0.0,0.0
1.212,1.921441835889167e-16,3.504976122468399e-18,9.810021599999898,7.333569815451057e-18,1.5806801981520635e-18,2.1106086496149014e-19,0.0,0.0,0.0
1.214,2.3890920092183625e-17,-1.9925787661539398e-16,9.810021599999978,7.217569000021853e-18,1.4641947342283168e-18,-2.5625401470417035e-19,0.0,0.0,0.0
1.216,5.261462589849256e-19,8.193030076839612e-17,9.810021600000065,-5.225307031149166e-19,-6.277181991359043e-18,-2.2612855959630563e-19,0.0,0.0,0.0
1.218,9.79206174392092e-17,-9.646508818539374e-17,9.81002160000015,1.079603534658189e-17,1.2287996667342405e-18,2.2608178534938458e-19,0.0,0.0,0.0
1.22,-2.892673453380646e-16,1.029693190710489e-16,9.810021599999946,6.866629998877865e-18,-2.7023702010814055e-18,-2.4818574851954394e-19,0.0,0.0,0.0
1.222,-1.286978264043219e-16,1.0924324516159183e-16,9.810021599999985,6.748514484247559e-18,-1.0446488189100347e-17,-2.3317681833385033e-19,0.0,0.0,0.0
1.224,1.8168448174237817e-16,2.0136148345289235e-17,9.810021600000063,-4.8067263498255735e-18,-2.943925444575085e-18,2.450681720418307e-19,0.0,0.0,0.0
1.226,-1.8213743664509687e-16,-1.180188418125976e-16,9.810021600000148,6.508916148475676e-18,-6.8770886182293514e-18,-2.635428522839576e-19,0.0,0.0,0.0
1.228,-2.503892211725445e-17,5.107752172289914e-16,9.810021599999946,-1.2671869484006393e-17,-1.4623177507352605e-17,2.816257805391183e-19,0.0,0.0,0.0
1.23,1.995832316150027e-16,-7.696651657406191e-16,9.810021599999983,1.388868098609221e-17,-7.120786370326754e-18,3.2709072335827935e-19,0.0,0.0,0.0
1.232,1.8872778457942792e-17,2.604975936089014e-16,9.810021600000065,6.140844000711311e-18,4.191834756893622e-18,1.9956400991751686e-19,0.0,0.0,0.0
1.234,-2.5846310232687284e-17,2.1934807482902446e-16,9.810021599999857,-1.3042776952471077e-17,-7.368068270420798e-18,2.4861096893411395e-19,0.0,0.0,0.0
1.236,-3.8055346753019997e-16,8.323366979111754e-17,9.8100215999999,-1.7320978501672691e-18,-1.1303298087302865e-17,-1.8050779047313168e-19,0.0,0.0,0.0
1.238,3.598651812567341e-16,-2.5966337088962087e-16,9.810021599999976,9.577108223624361e-18,8.93380822752757e-21,-2.471138496857553e-19,0.0,0.0,0.0
1.24,1.7493871831390223e-17,-4.829064728221099e-18,9.810021600000063,9.450131564248306e-18,-7.739764328125572e-18,2.394647562507071e-19,0.0,0.0,0.0
1.242,-1.8835870250562683e-16,-7.511710168658785e-18,9.810021600000148,9.322008818102642e-18,-4.053990559273633e-18,-1.9751778542206143e-19,0.0,0.0,0.0
1.244,1.7272838468360785e-16,8.14087319521392e-18,9.810021599999946,-2.2426876896064752e-18,-4.181437313037704e-18,-2.5799028921410606e-19,0.0,0.0,0.0
1.246,1.1179865699430413e-16,-6.810108092505035e-18,9.810021599999981,5.251423078397651e-18,7.126693284877024e-18,2.246150408416875e-19,0.0,0.0,0.0
1.248,-1.0802542585162491e-16,-9.650963042011266e-17,9.810021600000063,1.274580014858039e-17,-6.257134866305441e-19,-1.9690366197259522e-19,0.0,0.0,0.0
1.25,-1.0081954181402592e-18,1.2224009369916743e-17,9.810021599999857,1.1800782745271129e-18,-8.379760176725535e-18,-2.3370389340833153e-19,0.0,0.0,0.0
1.252,-9.004481472130159e-17,1.8027148228245935e-16,9.810021599999896,8.67275310203971e-18,2.9252842831133407e-18,-2.4227145803609545e-19,0.0,0.0,0.0
1.254,2.645929645969171e-16,4.318372426806765e-17,9.810021599999978,9.175930330171946e-19,-1.0186282971348225e-18,-2.0969318149744676e-19,0.0,0.0,0.0
1.256,-1.644748637151944e-16,-9.196865735209017e-18,9.810021600000063,-6.838085890902595e-18,-1.258690117410863e-17,-2.485145406342499e-19,0.0,0.0,0.0
1.258,9.143928358773982e-17,-2.104107706115757e-16,9.810021600000148,6.52285362464746e-19,2.52854148785023e-18,-2.1201399751327357e-19,0.0,0.0,0.0
1.26,-1.0066220286468161e-17,2.9083002595660644e-16,9.810021599999942,8.14247849658453e-18,2.3958006284605555e-18,-2.7187251785085793e-19,0.0,0.0,0.0
1.262,-1.6207480584447157e-17,-1.480786628042284e-16,9.810021599999983,3.8478319200547977e-19,-9.173935201968332e-18,2.1223360893434574e-19,0.0,0.0,0.0
1.264,-2.800332733733182e-16,1.7153672311916938e-16,9.810021600000063,2.4960875187867366e-19,-9.308360876509874e-18,2.6037015669745926e-19,0.0,0.0,0.0
1.266,1.6642044586804074e-16,2.7353501075118657e-17,9.810021600000148,3.925010951560183e-18,5.804460584941196e-18,2.1098087928964398e-19,0.0,0.0,0.0
1.268,9.02734042759363e-17,-1.956143528273152e-16,9.810021599999942,3.7886311862659405e-18,1.8568433534771276e-18,-2.137419870076882e-19,0.0,0.0,0.0
1.27,1.1001805670190002e-16,-3.151004644029332e-16,9.810021599999985,1.1275853787200162e-17,1.720345135147476e-18,-1.991629734682591e-19,0.0,0.0,0.0
1.272,-9.452549266137606e-17,1.8712599686163305e-16,9.810021600000061,-2.968062041575628e-19,-6.041557105245899e-18,2.417307879427034e-19,0.0,0.0,0.0
1.274,-3.1906448350891225e-18,2.068442057354834e-16,9.810021599999855,-8.058577254019003e-18,1.4438333705201441e-18,2.4909524354416674e-19,0.0,0.0,0.0
1.276,9.105285358083737e-17,-9.38693962991364e-17,9.810021599999894,3.2389852099820964e-18,5.117671909562992e-18,-2.293381183350085e-19,0.0,0.0,0.0
1.278,1.5505770804666805e-18,-1.8436349012773208e-16,9.810021599999976,1.072470380938647e-17,4.978826084773391e-18,-2.5420983104717687e-19,0.0,0.0,0.0
1.28,-2.0782212768598838e-16,-4.731390361200198e-18,9.810021600000061,6.774717982737294e-18,-6.59731154271261e-18,2.1276905971069778e-19,0.0,0.0,0.0
1.282,1.8647272731195962e-16,2.027468620453803e-16,9.810021600000146,2.823631675079043e-18,8.850479125813989e-19,2.6344966906250694e-19,0.0,0.0,0.0
1.284,6.1670597907125876e-18,-8.392424858985466e-17,9.810021599999942,6.496049141180448e-18,-6.881020132570142e-18,2.1874555562244446e-19,0.0,0.0,0.0
1.286,-8.979774401513133e-17,9.913701512336631e-17,9.810021599999983,-5.080368319337518e-18,-7.024345058738588e-18,2.310794491218362e-19,0.0,0.0,0.0
1.288,-5.953197995968148e-18,-1.0403211870808188e-16,9.810021600000061,6.2136050743561535e-18,-3.3556730210614112e-18,-2.4802383987502795e-19,0.0,0.0,0.0
1.29,-1.7815105483554188e-17,-8.861604443561284e-17,9.810021600000146,2.259094827356603e-18,-7.311933063821144e-18,2.185243673934026e-19,0.0,0.0,0.0
1.292,8.236645242990217e-18,-1.2230979056447765e-17,9.810021599999942,9.739163067416263e-18,1.668996046207082e-19,-2.370485660963219e-19,0.0,0.0,0.0
1.294,1.7482713356172942e-16,-8.252862742646193e-17,9.810021599999981,1.3406877799855179e-17,-3.791496122006762e-18,2.340265144351232e-19,0.0,0.0,0.0
1.296,1.2048988325833584e-16,1.0040706585122782e-16,9.810021600000061,1.8260551635187218e-18,7.495965118053168e-18,2.4745978987059693e-19,0.0,0.0,0.0
1.298,-9.67595844397173e-17,-7.976975261418873e-18,9.810021599999855,5.493260114562747e-18,3.53507979678662e-18,-2.4476817523854146e-19,0.0,0.0,0.0
1.3,-9.086259794134837e-18,9.047583316963896e-18,9.810021599999894,9.160386146516498e-18,3.385086926417316e-18,-2.341672215065727e-19,0.0,0.0,0.0
1.302,-2.0126533583182098e-16,1.0736766302054104e-16,9.810021599999976,1.3916455300790796e-18,-4.390174392756935e-18,-2.385311860967509e-19,0.0,0.0,0.0
1.304,8.249660120894046e-17,7.01726217365081e-18,9.81002160000006,5.057772445178121e-18,-4.542198657808756e-18,-2.2731540124813193e-19,0.0,0.0,0.0
1.306,-1.9066348000094815e-16,2.0599373648098366e-16,9.810021600000146,1.0991246610650083e-18,-8.507146399828368e-18,-2.2718615185397125e-19,0.0,0.0,0.0
1.308,-2.2536041312577767e-16,2.0423875446400202e-17,9.81002159999994,-2.8608703007167414e-18,-1.6284604307878993e-17,2.141939305224707e-19,0.0,0.0,0.0
1.31,8.803533458445522e-17,2.6896183453182325e-18,9.810021599999981,-3.011116435515562e-18,-1.6438381454710154e-17,-2.2914759067482044e-19,0.0,0.0,0.0
1.312,2.0263741228389165e-16,-1.9455353090795692e-16,9.81002160000006,4.460283261386488e-18,-8.968460774238044e-18,-2.3952921609049513e-19,0.0,0.0,0.0
1.314,1.0710167049049869e-16,-5.90821750397565e-18,9.810021599999855,4.944893682192617e-19,-1.4994849634900028e-18,-2.267058668422594e-19,0.0,0.0,0.0
1.316,-1.0116278778393487e-16,-1.0494897067715206e-16,9.810021599999894,4.151915092617251e-18,-5.4668080974999315e-18,-2.53388188218566e-19,0.0,0.0,0.0
1.318,-1.3118772966159308e-16,2.7462057144783686e-16,9.810021599999972,-3.6274886309217605e-18,-9.435049039172009e-18,-4.457119583771841e-19,0.0,0.0,0.0
1.32,1.0797391976973207e-16,-1.5794417916175615e-16,9.810021600000058,3.839319733176514e-18,-5.779526928963934e-18,-2.2349354982222537e-19,0.0,0.0,0.0
1.322,2.0291948205094384e-16,2.302328347701032e-19,9.810021600000146,7.493104217221439e-18,5.498955814865219e-18,-2.624917505494253e-19,0.0,0.0,0.0
1.324,-1.9640531461640455e-16,2.092272840833116e-16,9.81002159999994,-4.100695116604984e-18,-9.907319618436946e-18,-2.2700405308627704e-19,0.0,0.0,0.0
1.326,6.023896695001479e-17,-3.583491577179642e-16,9.810021599999981,7.175500991572053e-18,-2.442083673500932e-18,2.8426200957828494e-19,0.0,0.0,0.0
1.328,9.925656775106025e-17,1.772525063168685e-16,9.810021600000061,7.015175612625702e-18,-6.413880661391561e-18,-2.735110762848819e-19,0.0,0.0,0.0
1.33,-1.1459654298051656e-16,9.1805603585019e-17,9.810021600000145,-7.701819380457983e-19,4.8607732972089925e-18,-2.3002975362581893e-19,0.0,0.0,0.0
1.332,-8.647186176293028e-17,9.798102996012365e-18,9.81002159999994,-8.55549493403074e-18,8.873275961106938e-19,2.239632090583473e-19,0.0,0.0,0.0
1.334,9.779579186324913e-17,-1.1142959395490686e-16,9.81002159999998,6.53035068446996e-18,7.262584237423321e-19,-2.284493619267065e-19,0.0,0.0,0.0
1.336,3.026323254922708e-16,-7.626200371968718e-17,9.81002160000006,6.3680915767628255e-18,5.6398698159938e-19,-2.1903837450024015e-19,0.0,0.0,0.0
1.338,-2.6428604737467763e-16,8.868946686690458e-17,9.810021599999853,2.393483236275504e-18,-3.4113984160263554e-18,-2.4520122300469913e-19,0.0,0.0,0.0
1.34,-1.2760336369618416e-16,-1.905273693207013e-16,9.810021599999892,-1.5819899888969083e-18,-7.387538402741945e-18,-2.6433336423017153e-19,0.0,0.0,0.0
1.342,-1.0238914200330391e-17,3.8102070759964373e-16,9.810021599999972,-1.746847781293299e-18,-3.740145030592132e-18,1.841772729525533e-19,0.0,0.0,0.0
1.344,1.3146003790329995e-16,-6.137259005604443e-17,9.810021600000056,1.899310200419355e-18,7.530800364854064e-18,-2.4576316993505917e-19,0.0,0.0,0.0
1.346,-5.1907805295882654e-17,-9.369106094321527e-17,9.810021600000145,-2.0780346602471133e-18,-7.882429765429986e-18,-2.481290851515784e-19,0.0,0.0,0.0
1.348,1.0024755199004669e-17,-8.952684392133472e-18,9.810021599999939,5.3790188490985236e-18,-8.048222049704184e-18,2.401106564991512e-19,0.0,0.0,0.0
1.35,-1.0116902679070885e-16,5.597266271102219e-18,9.810021599999978,-2.413025708983612e-18,-5.912623731189941e-19,-2.1460360020971346e-19,0.0,0.0,0.0
1.352,1.4624445703241347e-16,1.3198094681855343e-16,9.81002160000006,-2.581787234454667e-18,-7.583755892594881e-19,1.9584601541984883e-19,0.0,0.0,0.0
1.354,1.3569965317105267e-16,-2.17013486058621e-16,9.810021600000145,4.8727142586033924e-18,2.886231887993163e-18,-2.1869973947713056e-19,0.0,0.0,0.0
1.356,8.193099897025687e-18,9.151906112364932e-17,9.810021599999939,8.912677290662431e-19,6.529791881876644e-18,-2.455753959027299e-19,0.0,0.0,0.0
1.358,-1.1113053649103504e-16,-9.361263442312893e-17,9.81002159999998,4.533911158844227e-18,2.5489037456354973e-18,-1.9844549119145739e-19,0.0,0.0,0.0
1.36,1.1504680910865204e-17,1.8170887237396725e-16,9.81002160000006,-7.071352817271347e-18,-1.4329999242063328e-18,2.4982750169075134e-19,0.0,0.0,0.0
1.362,-2.187929805449602e-16,-7.777571454059185e-17,9.810021599999851,4.1942670859746606e-18,2.209252785168768e-18,-1.8322277650826554e-19,0.0,0.0,0.0
1.364,3.5538441920005393e-16,-7.067828081287329e-17,9.810021599999892,2.1194125987589825e-19,2.0386006866923347e-18,2.494323428441346e-19,0.0,0.0,0.0
1.366,-5.37860154081768e-17,-1.555950286049208e-17,9.810021599999972,3.8531981235275734e-18,-1.9445018784694284e-18,-2.4186201758032847e-19,0.0,0.0,0.0
1.368,-2.1012786338077167e-16,-1.9192203947893183e-16,9.810021600000056,7.493729886827521e-18,-5.92855115419865e-18,1.9311867986570695e-19,0.0,0.0,0.0
1.37,1.7390886056977378e-16,1.4201576201210115e-16,9.810021600000143,3.509224615094939e-18,-2.2901224442989495e-18,2.6145148609047885e-19,0.0,0.0,0.0
1.372,-1.7826625253602836e-16,-1.3968436209108356e-16,9.810021599999939,-4.76051295425464e-19,1.347391536580342e-18,-2.6471161388350995e-19,0.0,0.0,0.0
1.374,-1.2744718052538974e-16,2.8441312170935035e-16,9.810021599999978,-8.273601508439402e-18,-1.026324689246132e-17,-2.1337531259597354e-19,0.0,0.0,0.0
1.3760000000000001,-3.052484843503048e-17,4.523355811551551e-17,9.810021600000058,2.9867667620620367e-18,9.981171128683574e-19,-2.3363356643593327e-19,0.0,0.0,0.0
1.3780000000000001,2.2754020260348737e-16,7.666733960650189e-17,9.810021600000143,2.8109671703416067e-18,8.228498636485962e-19,-5.2187529374393036e-20,0.0,0.0,0.0
1.3800000000000001,-1.0944068078650552e-16,-2.6759805285545565e-16,9.810021599999937,1.0258601824339222e-17,4.458667410764705e-18,-1.7232883910497465e-19,0.0,0.0,0.0
1.3820000000000001,8.134026479565509e-17,-3.108415052898524e-18,9.810021599999978,6.270475726112454e-18,-3.3430076580889457e-18,-2.2828009599406315e-19,0.0,0.0,0.0
1.3840000000000001,1.7986515434915819e-16,2.4597308731519358e-17,9.81002160000006,2.2814439259829363e-18,2.898349503550277e-19,2.0545422078500792e-20,0.0,0.0,0.0
1.3860000000000001,-1.256087393391372e-16,4.465998455744672e-17,9.81002159999985,5.9157825503274266e-18,1.0996423119622034e-19,-2.3996251555943393e-19,0.0,0.0,0.0
1.3880000000000001,1.7800311600824962e-16,1.8240767791091768e-17,9.81002159999989,5.737696056867941e-18,3.7407954904258726e-18,-2.1827666063139636e-19,0.0,0.0,0.0
1.3900000000000001,-1.2370480419248765e-16,1.3198259381117417e-16,9.81002159999997,-2.064308462447672e-18,-2.534285202820026e-19,2.344090562428357e-19,0.0,0.0,0.0
1.3920000000000001,-1.8272059474910768e-16,-1.2146851328209371e-16,9.810021600000056,5.380841162827839e-18,-4.360072235989275e-19,2.0091027328602316e-19,0.0,0.0,0.0
1.3940000000000001,2.1168210932268366e-17,5.66078822318229e-17,9.810021600000143,5.201574865914766e-18,-8.243605177238298e-18,1.0027455887672118e-20,0.0,0.0,0.0
1.3960000000000001,1.1610712881419703e-16,-3.698569365564339e-17,9.810021599999937,1.20887848566956e-18,-4.6165825734273855e-18,-4.604954877184107e-19,0.0,0.0,0.0
1.3980000000000001,-5.8213712662697996e-18,-5.847760785959293e-17,9.810021599999978,1.0270315376467645e-18,-9.90236514900418e-19,-1.602131889056686e-21,0.0,0.0,0.0
1.4000000000000001,2.2137495031321438e-17,-2.5438381559438174e-17,9.810021600000056,8.445435570549891e-19,-1.1764711811345477e-18,-2.35799058701168e-19,0.0,0.0,0.0
1.4020000000000001,-7.269036080646261e-17,-2.7313297815894562e-17,9.810021600000143,-3.150533994780679e-18,-8.987190487076003e-18,-2.424050371853483e-19,0.0,0.0,0.0
1.4040000000000001,-1.2762312577127507e-16,1.2317593270160596e-16,9.810021599999937,-3.335302425033025e-18,-1.2986136816256969e-17,-2.3048723784998794e-19,0.0,0.0,0.0
1.4060000000000001,2.490101768483433e-16,-9.913034222408831e-17,9.810021599999976,-3.522180440032695e-18,-1.7375125921274947e-18,8.021651379326153e-21,0.0,0.0,0.0
1.408,-2.592563458379434e-16,2.091689846254578e-16,9.810021600000056,1.0212101973514683e-19,-1.924765263894048e-18,2.496229431513914e-19,0.0,0.0,0.0
1.41,-9.162975275341026e-18,-9.624151719533856e-17,9.81002159999985,3.725652496617884e-18,-9.736412647229492e-18,1.1942243213594531e-20,0.0,0.0,0.0
1.412,1.8233340357924334e-16,-7.151134567838532e-17,9.81002159999989,1.1159376623765342e-17,5.322495591267049e-18,-2.4901788712032956e-19,0.0,0.0,0.0
1.414,-1.1437577441513815e-16,-1.874356179774902e-16,9.810021599999969,3.345518644489673e-18,-6.3039790026947665e-18,2.0133358909031752e-19,0.0,0.0,0.0
1.416,2.6941382964566865e-16,-9.684019509179129e-17,9.810021600000056,1.0778041238537995e-17,-2.683709414748391e-18,1.2969236703948162e-20,0.0,0.0,0.0
1.418,-2.501537085924424e-16,2.2215028835911076e-16,9.810021600000141,2.961991463845795e-18,-6.689167059588911e-18,2.3835836624632833e-19,0.0,0.0,0.0
1.42,7.908717968755332e-17,-2.766522907841643e-17,9.810021599999935,2.7684162132061234e-18,-6.883615326634899e-18,-2.3246007312173953e-19,0.0,0.0,0.0
1.422,2.674439882044896e-16,-1.7201933767417224e-17,9.810021599999976,2.573436698719035e-18,8.168740701157085e-18,1.8335522511724648e-20,0.0,0.0,0.0
1.424,-4.3170289431652253e-17,-5.251683177371646e-18,9.810021600000056,6.190852954956204e-18,3.486771910289675e-19,2.2521201803855234e-19,0.0,0.0,0.0
1.426,-3.130931794153574e-16,1.3205540436409716e-16,9.810021600000143,-5.439932809067127e-18,-3.660789947155754e-18,-2.4558007973692117e-19,0.0,0.0,0.0
1.428,6.295246747228002e-17,-9.388137030825246e-17,9.810021599999935,-1.8240286186594663e-18,-4.627961538616026e-20,-2.3875031305357416e-19,0.0,0.0,0.0
1.43,8.722319175938224e-17,3.3852106472074944e-18,9.810021599999976,-2.0206050411062e-18,-4.055942648120403e-18,2.3732948922962397e-19,0.0,0.0,0.0
1.432,-1.7801448440894815e-16,8.064851023142174e-20,9.810021600000056,5.40560402237071e-18,-8.065904593806567e-18,-2.492678376310545e-19,0.0,0.0,0.0
1.434,1.6804586737901035e-16,-3.142343915320327e-17,9.810021600000141,-2.4174605553749923e-18,-8.265181402539933e-18,2.4474191754651223e-19,0.0,0.0,0.0
1.436,-5.0509779391225e-17,2.0803676949279322e-16,9.810021599999935,5.0055657965668844e-18,-4.65278346058964e-18,-2.800228706096432e-20,0.0,0.0,0.0
1.438,-4.274635278806459e-17,6.898473312750107e-17,9.810021599999976,4.803589522761879e-18,-1.0415803898624962e-18,2.3589154864193855e-19,0.0,0.0,0.0
1.44,5.389058920051601e-17,-1.5846596362338854e-16,9.810021600000054,4.6009171371852596e-18,-1.2434752588470074e-18,2.541051640343582e-19,0.0,0.0,0.0
1.442,4.26058480101132e-18,-1.8519749413896773e-17,9.810021599999848,4.397521241607274e-18,-1.4465217425579807e-18,-2.2990081672535343e-19,0.0,0.0,0.0
1.444,1.1693582945331138e-16,-2.009753917286023e-17,9.810021599999889,-3.4304750236422987e-18,2.1612267864370794e-18,1.1314875211580207e-20,0.0,0.0,0.0
1.446,-2.457688207366954e-16,-1.558665832242299e-17,9.810021599999969,7.800863280110449e-18,-1.8549984682070718e-18,-1.9376659715714393e-19,0.0,0.0,0.0
1.448,-6.881369568207362e-17,2.820621319316117e-17,9.810021600000054,-2.8227561850811096e-20,-9.684722651476718e-18,-2.359487035307234e-19,0.0,0.0,0.0
1.45,2.486302712315723e-17,2.669742439332363e-16,9.81002160000014,-2.3529241353052446e-19,-6.079239428925518e-18,-4.962010643015173e-20,0.0,0.0,0.0
1.452,2.5928712829736097e-16,-2.323118316629549e-16,9.810021599999935,3.368204949627442e-18,5.149552789895654e-18,2.3319371021013386e-19,0.0,0.0,0.0
1.454,6.634799664983099e-18,-1.685000598661267e-17,9.810021599999976,3.1598733762426525e-18,1.129636566971625e-18,2.410796292266589e-19,0.0,0.0,0.0
1.456,-1.3782138235603788e-18,1.6073697291528606e-19,9.810021600000054,2.9511150872618474e-18,9.20658655537761e-19,2.507087643410149e-21,0.0,0.0,0.0
1.458,-1.031814725390017e-16,2.033180630379461e-16,9.810021600000141,-1.0700218230264697e-18,-3.1012057519387693e-18,1.7319856056766645e-20,0.0,0.0,0.0
1.46,1.1870348440113614e-16,-3.0138124151054434e-16,9.810021599999933,6.343632327658103e-18,-3.3115821883319304e-18,-2.574910612646261e-19,0.0,0.0,0.0
1.462,-1.2616401044539134e-16,-4.128749946392868e-17,9.810021599999974,6.132424057731742e-18,2.885526632721788e-19,2.212321238106391e-19,0.0,0.0,0.0
1.464,2.7926052671346365e-16,5.851330616105128e-17,9.810021600000054,2.108750308279375e-18,7.537223321710879e-20,-2.0743044413851934e-19,0.0,0.0,0.0
1.466,-7.185533482590288e-17,5.110992193799034e-19,9.810021599999846,5.708355901416333e-18,-1.3867118039480225e-19,-2.389512348062056e-19,0.0,0.0,0.0
1.468,-1.1670682797429977e-16,1.0715760326365897e-16,9.810021599999887,-2.1284110711103458e-18,-7.977907110778139e-18,7.079603417789433e-21,0.0,0.0,0.0
1.47,-8.056391198619917e-18,-9.324109497504119e-17,9.810021599999967,5.280876257376045e-18,-5.697494609041112e-19,-6.913168151890566e-21,0.0,0.0,0.0
1.472,-9.036191160940972e-17,1.8288919480945166e-16,9.810021600000052,-6.370120279282645e-18,-7.867342793497068e-19,2.421083884254858e-19,0.0,0.0,0.0
1.474,1.6047786506843244e-16,-3.630920405880935e-16,9.81002160000014,8.661663627810007e-18,-1.003456893492027e-18,-2.616110714898544e-19,0.0,0.0,0.0
1.476,1.041566028573685e-16,9.181014227043385e-17,9.810021599999935,8.445027479282523e-18,-1.2219318898246944e-18,2.485169099880926e-19,0.0,0.0,0.0
1.478,-3.507581165588586e-16,2.787213420163713e-16,9.810021599999974,6.037894264785453e-19,-5.254061765035795e-18,-2.3259787957328334e-19,0.0,0.0,0.0
1.48,9.578727664880333e-17,-1.941285453358108e-17,9.810021600000052,-3.4268229410917954e-18,-5.4749457745324306e-18,1.0093443351547004e-20,0.0,0.0,0.0
1.482,1.3131450853766718e-16,-1.2904567514723474e-16,9.81002160000014,3.977004930818546e-18,1.92788501312413e-18,9.94784174681619e-23,0.0,0.0,0.0
1.484,-2.9005417439127667e-17,-7.058109737242477e-17,9.810021599999933,3.756650341020548e-18,5.5176536697189486e-18,-5.921237892066359e-21,0.0,0.0,0.0
1.486,-7.545250131831824e-17,1.2138800457329104e-16,9.810021599999974,-2.754729666326627e-19,-6.1413871808417184e-18,-4.576993943748476e-19,0.0,0.0,0.0
1.488,-7.231756788164992e-17,3.511111148143504e-17,9.810021600000052,3.3148207656330767e-18,-6.365218996717605e-18,-2.3416439390690784e-19,0.0,0.0,0.0
1.49,4.8503763995705433e-17,-5.355397246001447e-17,9.81002160000014,-4.532127146700818e-18,-6.5901073257160645e-18,2.287071910321128e-19,0.0,0.0,0.0
1.492,1.7204570938329873e-16,-8.597530581379986e-17,9.810021599999933,6.679043335500646e-18,8.08870340263906e-19,7.073838709364962e-21,0.0,0.0,0.0
1.494,-1.6021555810681575e-16,1.8385752362607066e-16,9.810021599999974,6.453948088853894e-18,5.824759439359476e-19,-2.2686215483489043e-19,0.0,0.0,0.0
1.496,-2.4336110989476577e-17,-7.420367178884275e-17,9.810021600000052,-5.2074443290062155e-18,-3.4573406563181875e-18,-2.429458105185097e-19,0.0,0.0,0.0
1.498,2.5964280889585994e-16,1.0036175931319574e-17,9.810021599999844,2.1897033202249666e-18,3.938726094936569e-18,2.604796079766205e-20,0.0,0.0,0.0
1.5,-3.477440987133506e-16,-1.4905559117965436e-17,9.810021599999887,-1.8489829904180684e-18,-3.913818476402467e-18,-2.6258720903503556e-19,0.0,0.0,0.0
1.502,1.626058076460084e-16,5.060499700194441e-18,9.810021599999965,1.735029646358312e-18,-4.142867916287008e-18,-2.198881810014158e-19,0.0,0.0,0.0
1.504,-1.6442302116569857e-16,-1.828826299596125e-17,9.81002160000005,1.5059319377408795e-18,-5.608459235374959e-19,2.1602059211637192e-19,0.0,0.0,0.0
1.506,4.110417140119514e-17,1.346211767274158e-16,9.810021600000137,-1.015962834039352e-17,-8.415420766657616e-18,2.4648840470287344e-19,0.0,0.0,0.0
1.508,-8.41387938363275e-17,-1.0655937671571524e-18,9.810021599999931,1.0445675354390657e-18,-8.645336474114229e-18,2.525354002953899e-19,0.0,0.0,0.0
1.51,1.8543015979567416e-16,-1.7988314473343273e-16,9.810021599999972,8.11159236629471e-19,-1.2521609634775142e-18,-2.340755666624233e-19,0.0,0.0,0.0
1.512,-2.5378532557446128e-17,1.9380259680177765e-17,9.810021600000052,5.769549575279318e-19,-1.4835611263573857e-18,2.384451062452162e-19,0.0,0.0,0.0
1.514,-7.658238693411971e-17,1.7156787844330876e-16,9.810021600000137,3.4192024713560755e-19,-5.527580741545021e-18,-2.456444651547463e-19,0.0,0.0,0.0
1.516,8.933613843726369e-17,-7.364483354316166e-17,9.810021599999931,1.0548028348918152e-19,-1.9484141124567393e-18,-2.3539203707181226e-19,0.0,0.0,0.0
1.518,9.268442572065621e-17,-9.819152325506764e-17,9.810021599999972,3.68006302993943e-18,1.6301221799670264e-18,-6.94644558742063e-21,0.0,0.0,0.0
1.52,-9.852910036806572e-17,2.010052759549764e-18,9.81002160000005,7.25425128248764e-18,-2.4163309194894202e-18,2.539758130786828e-19,0.0,0.0,0.0
1.522,8.720682937924298e-17,1.061611858751537e-17,9.810021600000137,3.2036185554402083e-18,1.1594108516453323e-18,-2.2198038687389342e-20,0.0,0.0,0.0
1.524,-9.877948601304788e-17,1.0221883481832931e-16,9.810021599999931,6.776372318516278e-18,4.734072035239092e-18,2.387291908404279e-19,0.0,0.0,0.0
1.526,2.7336045438535556e-16,-7.620446092853412e-17,9.81002159999997,2.725327537002621e-18,1.2119061111937921e-17,-3.8803433223108505e-20,0.0,0.0,0.0
1.528,-1.7658024607350572e-16,1.3780150425252216e-16,9.810021600000052,2.4873234327163346e-18,4.434078835739644e-19,-4.633232876758954e-19,0.0,0.0,0.0
1.53,-8.469520494172814e-17,-1.5575657674251783e-16,9.810021599999844,2.248759037472476e-18,-3.609384350718383e-18,-2.5517541387810547e-19,0.0,0.0,0.0
1.532,-4.211092000644792e-17,2.155702061494476e-16,9.810021599999885,-9.426726107617411e-18,-1.1475057425594205e-17,2.4927490559062058e-20,0.0,0.0,0.0
1.534,4.733580602107317e-17,-2.8933867568835897e-16,9.810021599999965,9.390893544018843e-18,-2.80373026218721e-19,-2.0008260379866026e-19,0.0,0.0,0.0
1.536,-1.9053775656254363e-16,3.13711318493228e-17,9.81002160000005,9.14821740605845e-18,-4.335382433822264e-18,-6.3189490311520294e-21,0.0,0.0,0.0
1.538,3.005051249445754e-16,-1.1947361777403473e-17,9.810021600000136,1.2716200466020711e-17,-7.685109240976759e-19,2.6129501659037956e-20,0.0,0.0,0.0
1.54,-7.718174986089017e-17,7.933889059672358e-18,9.81002159999993,8.65958640294942e-18,2.7958630231131032e-18,1.119484323081156e-19,0.0,0.0,0.0
1.542,-1.627747415630581e-17,1.1174314392936077e-18,9.81002159999997,-3.021103761284727e-18,-1.2655256132629915e-18,-1.163326544371875e-19,0.0,0.0,0.0
1.544,-5.142583769064763e-17,8.865194272636071e-17,9.81002160000005,4.357006283497847e-18,-5.32711867200918e-18,-1.0876335755888092e-19,0.0,0.0,0.0
1.546,7.806987041753217e-17,-8.11389839649237e-17,9.810021600000136,2.979199528722e-19,-5.578077183706335e-18,-1.192791287389627e-19,0.0,0.0,0.0
1.548,1.6686450558509165e-17,1.505395933310473e-16,9.810021599999931,4.929347262851222e-20,-2.01780572734387e-18,-9.685038104119035e-20,0.0,0.0,0.0
1.55,8.834899362573883e-17,2.2283434340909382e-17,9.81002159999997,-7.824124629141186e-18,1.5418068999983928e-18,-1.0508704370761066e-19,0.0,0.0,0.0
1.552,-1.5340484787389941e-16,-5.4813795321539555e-17,9.81002160000005,-4.262185455897394e-18,-6.333844775425115e-18,9.99861054666459e-20,0.0,0.0,0.0
1.554,4.0648775821231224e-17,-4.1920770220444556e-17,9.810021600000136,-7.01834704574836e-19,-2.7737385525391006e-18,-1.1641331166253677e-19,0.0,0.0,0.0
1.556,-7.247357238848972e-18,-4.595373274499492e-17,9.810021599999931,2.857453267891423e-18,-3.026101564759652e-18,-1.1193792640310147e-19,0.0,0.0,0.0
1.558,5.704703928614637e-17,4.7425642957296316e-17,9.81002159999997,2.603713183673092e-18,4.3443069504048754e-18,9.947934334928507e-20,0.0,0.0,0.0
1.56,-5.787796860081482e-17,6.057033288143358e-17,9.81002160000005,-3.3679147085930263e-18,-5.439987539799902e-18,-2.3204284342434463e-19,0.0,0.0,0.0
1.562,-1.637865554166165e-16,1.1163984111717878e-16,9.810021599999843,-3.623125839283322e-18,-1.882693345956166e-18,-1.1104078305552112e-19,0.0,0.0,0.0
1.564,2.675476409581323e-16,-1.7557038189663655e-16,9.810021599999883,1.8386111563633745e-18,7.392380679347951e-18,-1.3622476666171648e-19,0.0,0.0,0.0
1.566,-1.404412118048567e-16,4.069733807106277e-17,9.810021599999963,1.5829224998848052e-18,-2.3930987417733258e-18,-1.0393262613680499e-19,0.0,0.0,0.0
1.568,9.006714152200169e-17,-1.3242916245470382e-16,9.810021600000049,7.04410360957992e-18,1.1622635440141773e-18,1.2087901445312924e-19,0.0,0.0,0.0
1.57,-4.440273657317534e-18,1.0044245832748349e-16,9.810021600000134,1.0690315636235752e-18,-1.0019870887991704e-18,1.2724414035174789e-19,0.0,0.0,0.0
1.572,-4.958194727458908e-17,-9.335786322116713e-17,9.81002159999993,6.528924018823864e-18,-5.07302216797792e-18,-1.2885761104244574e-19,0.0,0.0,0.0
1.574,-1.0433394898246004e-16,1.54183777769672e-16,9.810021599999969,-1.3543519533995726e-18,-7.239752681234057e-18,-1.0559201422237864e-19,0.0,0.0,0.0
1.576,1.3162455266613702e-16,-3.595019947886261e-17,9.810021600000049,2.904143949861561e-19,-3.6890529561140336e-18,-1.0775487203418201e-19,0.0,0.0,0.0
1.578,-4.672495712805173e-17,5.361172462582468e-17,9.810021600000134,1.933950262008937e-18,1.7669001919679025e-18,1.1431655435231785e-19,0.0,0.0,0.0
1.58,7.459925485845039e-17,-1.8258184339030764e-16,9.81002159999993,3.57709156417366e-18,-2.3079208808084987e-18,1.0325055852305846e-19,0.0,0.0,0.0
1.582,-8.635549663407416e-17,-1.2246919790889633e-17,9.810021599999969,7.125172430182103e-18,-6.66073845973118e-19,-1.2284886063021838e-19,0.0,0.0,0.0
1.584,2.6311233779455625e-17,1.130407777804417e-16,9.810021600000049,-7.632917542954079e-19,-9.319602390762901e-19,1.3208489432726823e-19,0.0,0.0,0.0
1.586,-1.4712009274103494e-16,5.361889698825276e-17,9.810021600000134,8.772414283180388e-19,-8.822250071703755e-18,-1.2059113534682954e-19,0.0,0.0,0.0
1.588,3.664652061113807e-17,-8.553655876819848e-17,9.810021599999928,6.097701493473536e-19,-1.4656513411178374e-18,-1.1337374702920984e-19,0.0,0.0,0.0
1.59,3.752089718307857e-17,4.783569065434503e-17,9.810021599999969,2.2473577161357817e-18,1.722910859161229e-19,-1.337780280806919e-19,0.0,0.0,0.0
1.592,1.4093185742413112e-16,-3.152048094960908e-17,9.810021600000049,-3.739553326438788e-18,-9.675543329756003e-20,-1.0631486630908818e-19,0.0,0.0,0.0
1.594,-9.096126546412465e-17,-7.524058966908146e-18,9.81002159999984,1.7086169036251965e-18,3.4460310734561493e-18,1.3045256605891025e-19,0.0,0.0,0.0
1.596,-6.959097288634359e-17,-3.5539427889957345e-17,9.810021599999882,1.4387633370028507e-18,-4.447901019464745e-18,-1.2404957658741815e-19,0.0,0.0,0.0
1.598,4.620968973122437e-17,-4.8189854432473794e-17,9.810021599999962,4.979456511676488e-18,-9.069641390272048e-19,-1.2068247416179294e-19,0.0,0.0,0.0
1.6,3.9291962764317397e-17,8.565336984064567e-18,9.810021600000047,4.707401798028474e-18,-1.1794172536449676e-18,9.104726692331276e-21,0.0,0.0,0.0
1.602,-3.9031011926630076e-17,4.521506827242058e-17,9.810021600000134,6.225545211220026e-19,-5.265222108030475e-18,1.193775501891857e-19,0.0,0.0,0.0
1.604,-1.5367788410057838e-17,6.896899809874414e-17,9.810021599999928,-1.5578483338718203e-18,-3.633924012622597e-18,-1.0858842113460706e-19,0.0,0.0,0.0
1.606,8.849968025359614e-17,6.266819723073242e-17,9.810021599999969,7.240986846548696e-20,1.8088601078211618e-18,9.096261335783041e-20,0.0,0.0,0.0
1.608,-7.736780215909808e-18,-3.552083635016158e-17,9.810021600000047,-2.109656108734622e-18,-3.729028796114375e-19,1.214050081520895e-19,0.0,0.0,0.0
1.61,-5.667458701696389e-18,-9.930281480295221e-17,9.810021600000134,-4.805452366550753e-19,1.2569084519981578e-18,1.307691652654533e-19,0.0,0.0,0.0
1.612,-7.059653754607236e-18,1.4916942242289335e-16,9.810021599999928,1.1480778768502456e-18,9.801471223316042e-19,9.326415829506745e-20,0.0,0.0,0.0
1.614,-1.0392299473622783e-17,-7.500411175563247e-17,9.810021599999969,8.70206655356201e-19,7.025133822620352e-19,1.277728340714939e-19,0.0,0.0,0.0
1.616,4.300971788860908e-17,-5.007060602348097e-17,9.810021600000047,-1.3142036731934555e-18,-1.4819120760010453e-18,-1.1675600316046496e-19,0.0,0.0,0.0
1.618,-9.83063281448407e-17,9.712855795727228e-17,9.810021600000134,3.1238086408335324e-19,-3.666815975748184e-18,1.1544628695020104e-19,0.0,0.0,0.0
1.62,3.474490389240083e-17,2.1341825037084095e-17,9.810021599999926,1.937680173928012e-18,-1.345744717069237e-19,1.058885848981482e-19,0.0,0.0,0.0
1.622,2.672633734214735e-17,-7.740840544176431e-17,9.810021599999967,3.562263376096485e-18,1.4906986205185757e-18,-1.1376143747599384e-19,0.0,0.0,0.0
1.624,-4.6101248037263214e-17,1.4064440351832333e-17,9.810021600000047,-5.314930550979593e-19,-6.972255305078827e-19,1.185879497868609e-19,0.0,0.0,0.0
1.6260000000000001,-5.441073464789068e-17,2.5400075085392608e-17,9.810021600000132,2.9977905127980914e-18,-9.797965483354205e-19,-1.158955441091688e-19,0.0,0.0,0.0
1.6280000000000001,1.672792194131076e-16,-1.1615259235924542e-16,9.810021599999926,8.083305727361655e-19,-1.2635538164641107e-18,5.872867589089179e-21,0.0,0.0,0.0
1.6300000000000001,-6.966762912842029e-17,-2.2900046459245858e-17,9.810021599999967,5.239280957461516e-19,-1.5481419687552795e-18,-1.2194937792985754e-19,0.0,0.0,0.0
1.6320000000000001,-5.0083787676731954e-17,4.0912449117057495e-17,9.810021600000047,2.3857220198583203e-19,-1.8335158150429178e-18,-1.1311956487509112e-19,0.0,0.0,0.0
1.6340000000000001,-2.671074055349728e-17,7.575909516742362e-17,9.81002159999984,-1.95374846382933e-18,-2.1196296654081845e-18,1.0705503149713869e-19,0.0,0.0,0.0
1.6360000000000001,8.846765198744378e-17,-3.635705687302778e-17,9.81002159999988,1.5707656431731691e-18,-2.4061228165646663e-18,1.0586408688943797e-19,0.0,0.0,0.0
1.6380000000000001,-1.111420941683574e-17,-3.1786428609263156e-17,9.81002159999996,5.094177737230156e-18,3.0243092683788566e-18,-1.1484627277062325e-19,0.0,0.0,0.0
1.6400000000000001,-1.4329058990531384e-17,-1.3165045050999297e-17,9.810021600000045,9.935363825706025e-19,-2.9825802554045945e-18,-2.313938769288353e-19,0.0,0.0,0.0
1.6420000000000001,1.1647413915101413e-17,-4.029770515112715e-17,9.810021600000132,2.6095805954015937e-18,4.3513948130966594e-18,-1.1700557675979896e-19,0.0,0.0,0.0
1.6440000000000001,7.75603704347785e-17,1.1031816307947316e-16,9.810021599999926,4.1371778415921348e-19,2.4845396236670256e-19,1.3615667907658158e-19,0.0,0.0,0.0
1.6460000000000001,-4.2439575815335147e-17,-8.571548325392824e-17,9.810021599999967,3.935076652449134e-18,-1.9493030831693493e-18,1.049556107547512e-19,0.0,0.0,0.0
1.6480000000000001,-4.9366918301737225e-18,3.5804772347579896e-18,9.810021600000047,3.643477173598815e-18,-3.365048753161759e-19,-1.143958181187066e-19,0.0,0.0,0.0
1.6500000000000001,2.2711146141260193e-17,-2.904096681115935e-18,9.810021600000132,3.3511121562301507e-18,1.2749689147119692e-18,4.561729797455084e-21,0.0,0.0,0.0
1.6520000000000001,-1.0599564455770913e-16,7.834703583226537e-17,9.810021599999926,-2.659635214572025e-18,-2.83272317875152e-18,5.239969298910247e-21,0.0,0.0,0.0
1.6540000000000001,4.761110204750687e-17,4.7366770628058416e-17,9.810021599999967,-1.047721667594322e-18,-3.128759581814572e-18,1.2670837300622197e-19,0.0,0.0,0.0
1.6560000000000001,4.6852630013616504e-17,-1.8475203536271247e-16,9.810021600000045,5.629504731953154e-19,-1.5193737971024025e-18,1.0139595083935068e-19,0.0,0.0,0.0
1.6580000000000001,-3.932686537347837e-17,1.2622974810931215e-16,9.81002160000013,2.6668827585777714e-19,8.919890864118096e-20,1.280260495940556e-19,0.0,0.0,0.0
1.6600000000000001,-1.0621389123858848e-17,1.940740522214182e-17,9.810021599999926,-3.027480850820735e-20,-2.0895473420160677e-19,-1.1317904982066591e-19,0.0,0.0,0.0
1.6620000000000001,2.266384550409169e-17,-2.5458909231174237e-17,9.810021599999967,-2.2339526215469787e-18,-2.413785238174828e-18,1.1754888805848593e-19,0.0,0.0,0.0
1.6640000000000001,-4.937997211688783e-17,9.864363635070147e-17,9.810021600000045,-6.268357719500103e-19,-2.7129926998331316e-18,1.1363065526236129e-20,0.0,0.0,0.0
1.666,8.848071578560686e-17,-7.935469934022221e-17,9.81002160000013,-9.268651326564828e-19,-1.1068511677557008e-18,-1.2341341990298982e-19,0.0,0.0,0.0
1.668,-3.921794082466702e-17,-6.463285010814613e-17,9.810021599999924,4.490080805503577e-18,4.987281994659536e-19,7.781514765319078e-21,0.0,0.0,0.0
1.67,-2.9168764352045086e-17,7.569320060015036e-17,9.810021599999965,3.765781482680649e-19,1.968515891529548e-19,1.2390898824804e-19,0.0,0.0,0.0
1.672,9.151548716606824e-17,-3.974200282378732e-17,9.810021600000045,7.431032620486812e-20,-2.0117765613894232e-18,-1.1148317936548553e-19,0.0,0.0,0.0
1.674,-9.495055221603175e-17,4.92624273095089e-17,9.810021599999839,-2.290295074388158e-19,-2.3151806591189843e-18,3.585191544221298e-21,0.0,0.0,0.0
1.676,-2.996857979712229e-17,-2.4122929214890123e-17,9.810021599999878,-5.334964297054389e-19,-2.6192713729581548e-18,-1.1356592569763341e-19,0.0,0.0,0.0
1.678,6.465880161464699e-17,-6.955598545956938e-17,9.810021599999958,2.972778531351661e-18,-1.0180342513872176e-18,-8.18190615162567e-21,0.0,0.0,0.0
1.68,-6.495343919242024e-17,6.965303975911098e-17,9.810021600000043,2.6662218803582915e-18,-1.324004418028821e-18,1.1360430475338924e-19,0.0,0.0,0.0
1.682,8.555332903868766e-18,-3.72777737719044e-17,9.81002160000013,-1.4532214691445708e-18,-1.6311694613452487e-18,-1.1925393900471235e-19,0.0,0.0,0.0
1.684,-2.831027454700971e-17,1.5060408801112048e-16,9.810021599999924,-1.7617580993556858e-18,-3.844774467732101e-18,9.530805000891284e-20,0.0,0.0,0.0
1.686,7.504885126336399e-17,-1.6466547735879276e-16,9.810021599999965,1.740221797256248e-18,-2.2468782013766678e-18,-1.090541223449725e-19,0.0,0.0,0.0
1.688,-5.164692502765819e-17,-1.8098889559126847e-18,9.810021600000043,1.4291457670388006e-18,-6.50019839522975e-19,1.2157360811304644e-19,0.0,0.0,0.0
1.69,-2.743755717243664e-19,4.0682470240643826e-17,9.81002160000013,1.1172168112507784e-18,-4.772033745339429e-18,-1.2768320854832873e-19,0.0,0.0,0.0
1.692,5.925279198735008e-17,6.065967547593824e-19,9.810021599999924,2.709668191097833e-18,-1.2711310040176405e-18,-1.8188960412359534e-20,0.0,0.0,0.0
1.694,4.260107069013417e-17,1.0265055990233075e-17,9.810021599999965,2.395189915997598e-18,4.1345180014532015e-18,-1.6926632422290367e-20,0.0,0.0,0.0
1.696,-2.6950590440022232e-17,-7.806666854306057e-17,9.810021600000043,2.0807010145143018e-18,-1.896770013483608e-18,7.024533236015148e-21,0.0,0.0,0.0
1.698,-3.539342043244892e-17,1.3543952213946251e-16,9.81002160000013,1.7651318912089122e-18,-4.1172438296763825e-18,-2.349911286178494e-20,0.0,0.0,0.0
1.7,2.4864288309101662e-17,-6.335005480257999e-17,9.810021599999924,3.3540466869628946e-18,1.2850747125496264e-18,-3.558828904352309e-21,0.0,0.0,0.0
1.702,-3.6737526032673106e-17,2.4766434381705262e-18,9.810021599999963,-7.754431255042567e-19,2.8741258163227697e-18,-6.003949679486727e-20,0.0,0.0,0.0
1.704,9.876844429662044e-18,-1.9990448751405397e-17,9.810021600000043,2.7186830608354283e-18,-1.2553171864395758e-18,5.35321289250777e-20,0.0,0.0,0.0
1.706,-2.5823547534044826e-17,-1.5838810258347405e-17,9.810021600000129,4.305874384291559e-18,-3.480032448189283e-18,-5.899328706405584e-20,0.0,0.0,0.0
1.708,1.666964893029423e-17,1.1180980739645982e-17,9.810021599999924,1.7380419596504294e-19,-3.800308629595808e-18,-5.128273962088575e-20,0.0,0.0,0.0
1.71,-6.13378057717079e-17,3.37606121781832e-17,9.810021599999963,1.758184580715973e-18,-3.168386390725614e-18,5.485753715183034e-23,0.0,0.0,0.0
1.712,4.055974142551443e-17,5.934863345258236e-17,9.810021600000043,4.822954133022502e-19,-3.4905153571513734e-18,3.650214015732774e-20,0.0,0.0,0.0
1.714,9.406237637222232e-17,-8.636127000818529e-17,9.810021600000129,2.063961603242605e-18,1.90440117688621e-18,5.007914670180897e-20,0.0,0.0,0.0
1.716,-1.0415958404322767e-16,1.2378433685458797e-16,9.810021599999923,-2.072671403161807e-18,-1.278642306281116e-18,4.9822366800924985e-20,0.0,0.0,0.0
1.718,1.0792729189593168e-16,-8.157726171169064e-17,9.810021599999963,1.4135537684033667e-18,1.2558214317319216e-18,4.7108816102836563e-20,0.0,0.0,0.0
1.72,-2.560692816651439e-17,-2.157534705887457e-17,9.810021600000043,1.0873238200931138e-18,-2.265403083360724e-20,5.929973140349554e-20,0.0,0.0,0.0
1.722,-3.389355387994144e-17,5.750254098685749e-18,9.810021599999837,1.713310867188971e-18,-1.3020865820227438e-18,5.646113151548648e-20,0.0,0.0,0.0
1.724,6.505652889232024e-17,-1.5076253514413778e-17,9.810021599999876,1.3853172605378781e-18,1.2293317990361497e-18,-7.388060848376568e-20,0.0,0.0,0.0
1.726,4.110765790079685e-17,8.164451914320477e-18,9.810021599999956,1.0567871351909805e-18,1.8537721964466457e-18,6.644597126662395e-20,0.0,0.0,0.0
1.728,-7.663308533351771e-17,-6.788897053405746e-17,9.810021600000042,7.278356232998967e-19,5.712930322623319e-19,-6.727739383274393e-20,0.0,0.0,0.0
1.73,3.4051739793041116e-17,5.258404100443188e-17,9.810021600000129,3.982267528236891e-19,-7.120845009398273e-19,-4.5320324849253147e-20,0.0,0.0,0.0
1.732,-2.74589346383994e-17,3.762639124673087e-17,9.810021599999923,6.77227438035338e-20,-9.033866875155983e-20,-5.1737647418885134e-20,0.0,0.0,0.0
1.734,-3.7355546448816095e-17,-3.809041739996061e-17,9.810021599999963,6.894185104597034e-19,-1.3753339708524068e-18,-6.054251099689912e-20,0.0,0.0,0.0
1.736,-6.1796779889508485e-18,3.624533443670376e-17,9.810021600000042,-5.958691036901241e-19,-7.55262329369337e-19,6.699992836466613e-20,0.0,0.0,0.0
1.738,3.428174399304942e-17,3.1002600796447694e-17,9.810021600000129,-9.29083259931134e-19,-1.358481049746722e-19,-4.809622131597146e-20,0.0,0.0,0.0
1.74,-3.2403440559762685e-17,-3.9022717438976674e-17,9.810021599999923,6.428712804322026e-19,-1.4229917401186076e-18,5.572794705063175e-20,0.0,0.0,0.0
1.742,1.418753913128829e-17,7.852519496725339e-18,9.810021599999963,-6.451530109415603e-19,-8.050629072566285e-19,6.391831793288815e-20,0.0,0.0,0.0
1.744,-5.990430271765554e-18,-4.458536611259732e-17,9.810021600000042,2.83080674135859e-18,7.651973792688979e-19,-5.828265864490515e-20,0.0,0.0,0.0
1.746,1.3070581744495207e-17,1.1121986736453982e-17,9.810021600000129,5.882516203514577e-19,-2.4307514246868924e-18,-5.1284962912180033e-20,0.0,0.0,0.0
1.748,-4.482371211305211e-17,4.8896177214336186e-17,9.81002159999992,-7.025527767335647e-19,-1.8156599021431357e-18,-5.174549621622193e-20,0.0,0.0,0.0
1.75,2.843070198570687e-17,-6.494252921096168e-18,9.810021599999962,8.644689919089114e-19,-2.482291057234625e-19,-6.975301436616717e-20,0.0,0.0,0.0
1.752,1.6354368912142165e-17,1.202570637236962e-17,9.810021600000042,-4.282756841944878e-19,1.3182629575667502e-18,4.6990946612792395e-20,0.0,0.0,0.0
1.754,-1.548292429087963e-17,1.3238956030438836e-18,9.810021600000127,1.1373960833755636e-18,2.5116479794953013e-20,1.1142899873615632e-19,0.0,0.0,0.0
1.756,2.025586603713362e-17,-3.2511090463090605e-17,9.81002159999992,1.7493141270792373e-18,-1.2690233350955411e-18,3.484699106506715e-21,0.0,0.0,0.0
1.758,1.9250683354116187e-17,7.715621398603477e-18,9.810021599999962,-2.404693591079299e-18,2.9466843694546387e-19,6.462995840934311e-20,0.0,0.0,0.0
1.76,-3.246103557524017e-17,1.6512172234012806e-18,9.810021600000042,1.114432564850962e-19,-4.792286045194077e-20,-4.956527558445429e-21,0.0,0.0,0.0
1.762,-1.2181411637084343e-17,-3.669410584314752e-17,9.810021600000127,-2.3215291720078237e-19,-2.2972777123288116e-18,-2.461188277202775e-21,0.0,0.0,0.0
1.764,7.620785510321814e-18,5.480694531571282e-17,9.81002159999992,3.760099118952443e-19,1.1705179211303081e-18,-1.8492681756916518e-20,0.0,0.0,0.0
1.766,-1.8048003334409577e-18,-3.51547537924268e-17,9.810021599999962,3.063347454039147e-20,8.255350289547793e-19,-6.073012378044246e-20,0.0,0.0,0.0
1.768,2.909343727999358e-17,6.098124635492762e-18,9.810021600000042,6.376136832319241e-19,4.797635146663006e-19,-1.4621911298807436e-20,0.0,0.0,0.0
1.77,-4.376594989065881e-17,-1.4440067827561367e-17,9.810021600000127,1.243902436715331e-18,-1.772877068312483e-18,6.045518705143974e-20,0.0,0.0,0.0
1.772,-4.841194921464986e-18,1.4469771393200723e-17,9.81002159999992,-5.689916613422409e-20,-2.1461873291019062e-19,-6.910321993267454e-20,0.0,0.0,0.0
1.774,8.288626886208791e-18,2.8487535871131014e-17,9.810021599999962,-4.055477597225605e-19,3.89883291724107e-19,4.5520846881259227e-20,0.0,0.0,0.0
1.776,2.7475263741274234e-18,-2.4179485585157224e-18,9.810021600000042,1.980731537114014e-19,4.069597883639609e-20,-3.832818635235873e-20,0.0,0.0,0.0
1.778,1.6659235813190126e-17,-2.4006839981433916e-18,9.810021599999834,-1.105048452252766e-18,-1.2622988710819854e-18,-4.0653057737809786e-20,0.0,0.0,0.0
1.78,1.9062366480735197e-17,-4.5550431952494595e-18,9.810021599999875,9.262282503868833e-19,-1.8341374211884984e-19,1.809910418129192e-20,0.0,0.0,0.0
1.782,4.164755431581636e-18,2.306714365800595e-17,9.810021599999954,-3.7875543365215004e-19,-5.848028462359971e-20,-4.25214993837574e-20,0.0,0.0,0.0
1.784,-2.2648377558235818e-17,-5.219685522262807e-17,9.81002160000004,1.1744013549285338e-18,-8.872440910947292e-19,3.194257659130521e-20,0.0,0.0,0.0
1.786,-1.5950459754017358e-17,1.7967922835997113e-17,9.810021600000125,3.441384073927266e-19,-7.640489415137494e-19,-3.9097144244747285e-20,0.0,0.0,0.0
1.788,2.0426020254930393e-17,-2.0635888552409073e-18,9.81002159999992,1.418893454874152e-18,-6.41714220775633e-19,-4.1433182909847803e-20,0.0,0.0,0.0
1.79,-1.0160192714984225e-17,7.037428077525248e-18,9.81002159999996,5.867645558103081e-19,-9.969440389242777e-19,-9.141844809924465e-21,0.0,0.0,0.0
1.792,1.768736691873503e-17,-1.2563189053582263e-17,9.81002160000004,7.066233208286463e-19,-4.00104054171402e-19,-3.943087714776452e-20,0.0,0.0,0.0
1.794,1.3094718454468956e-17,1.2525411461629366e-17,9.810021600000125,8.256052916451686e-19,1.9579940026189794e-19,1.613675013190463e-20,0.0,0.0,0.0
1.796,-3.060327046236627e-17,-1.9144196873770894e-17,9.810021599999919,9.438277528759321e-19,-6.387305632048904e-19,-3.0748057428921353e-20,0.0,0.0,0.0
1.798,1.441428883566949e-17,3.3269291932666984e-17,9.81002159999996,5.846330544490738e-19,4.317148449033348e-19,-4.59648233358999e-20,0.0,0.0,0.0
1.8,5.114244543345656e-18,-1.5643062911353867e-17,9.81002160000004,1.1777053141509598e-18,7.177168201323318e-20,-2.4671269901231658e-20,0.0,0.0,0.0
1.802,4.0711157835144515e-18,-1.6225890340004533e-17,9.810021600000125,1.7699908129605528e-18,-2.8920851378921675e-19,-2.4884864624115338e-20,0.0,0.0,0.0
1.804,-2.509494831621228e-17,1.2041031882720426e-17,9.810021599999919,-4.975271304228782e-19,-6.513465450727223e-19,3.3887826509858606e-20,0.0,0.0,0.0
1.806,2.2095320098996348e-17,1.091378062068762e-17,9.81002159999996,1.0459454574140016e-18,-5.376982436715796e-19,8.954179559494425e-21,0.0,0.0,0.0
1.808,-7.09240540921393e-18,-1.2509613469367938e-17,9.81002160000004,6.825431912781263e-19,-9.01556324131141e-19,4.32060823054743e-21,0.0,0.0,0.0
1.81,5.586424388592302e-18,-1.6505805902206845e-18,9.810021600000125,-1.5833710290770213e-19,-1.2663586282907657e-18,3.53234426611132e-20,0.0,0.0,0.0
1.812,-1.8482375767602884e-18,-4.223138255207148e-18,9.810021599999919,-4.729927935228738e-20,-1.1554458363444045e-18,1.964464814241308e-20,0.0,0.0,0.0
1.814,-4.416444829837926e-19,2.6186950382514414e-17,9.81002159999996,5.391865740859891e-19,-9.23506624986969e-20,8.817108813778506e-22,0.0,0.0,0.0
1.816,5.150613501764956e-18,-2.245345286387762e-17,9.81002160000004,8.86598875313093e-19,1.6844496847246537e-20,7.261317158944943e-21,0.0,0.0,0.0
1.818,8.362605746182849e-18,1.730005128353063e-18,9.810021600000125,9.949589041953135e-19,-8.27932543032647e-19,2.1228555138853718e-20,0.0,0.0,0.0
1.82,-5.1275257171081125e-18,1.7174687232010002e-18,9.810021599999919,6.2584794005534135e-19,-2.442527632200209e-19,-8.847439672207542e-21,0.0,0.0,0.0
1.822,5.2382516502934375e-18,1.1292628907591674e-17,9.81002159999996,4.941196859547161e-19,-1.3800466346738342e-19,2.210647195119017e-20,0.0,0.0,0.0
1.824,-3.026577853598598e-18,-1.9142421908177228e-18,9.810021600000038,1.2330425844054874e-19,-2.709173908544897e-19,1.994813621120368e-20,0.0,0.0,0.0
1.826,-3.075680273305728e-18,8.861487844471634e-18,9.810021600000123,-1.0136120855424672e-20,-4.046707552209704e-19,-7.872640166182624e-21,0.0,0.0,0.0
1.828,-1.1869107019144507e-17,-6.862530912187177e-18,9.810021599999919,3.320151321178618e-19,-5.392382646305366e-19,4.774998299664158e-21,0.0,0.0,0.0
1.83,1.0517068595151177e-18,-3.628979480211324e-18,9.81002159999996,-4.1497453882742304e-20,-4.364461807378074e-19,5.848668668536796e-21,0.0,0.0,0.0
1.832,7.424709578285083e-18,5.323155874617296e-18,9.810021600000038,-5.855020634984139e-20,-2.1534103426701964e-19,-3.4363151352247495e-21,0.0,0.0,0.0
1.834,9.007445721361348e-18,-2.071075252824375e-18,9.810021600000123,-3.1471176288789023e-19,-3.5241071368378487e-19,1.0444007513278956e-20,0.0,0.0,0.0
1.836,-1.3115888652660179e-18,5.149560191516832e-18,9.810021599999917,-9.527585387886375e-20,-1.3744315728965474e-20,3.7686619381036324e-21,0.0,0.0,0.0
1.838,-3.6109737826276215e-19,-2.6190686731184513e-18,9.810021599999958,1.2333629228941947e-19,-2.714919437280968e-19,4.800825473057115e-21,0.0,0.0,0.0
1.84,2.794465432771777e-18,-1.7984339211889776e-18,9.810021600000038,1.6238599160281212e-19,6.552637291061661e-20,-3.494425377223663e-21,0.0,0.0,0.0
1.842,-3.807786241290584e-18,1.7874442281770484e-18,9.810021599999832,2.006265829883034e-19,-1.9392496434856081e-19,-1.0370587954608336e-20,0.0,0.0,0.0
1.844,1.1787743675709726e-18,1.9310377871030208e-18,9.810021599999871,-2.424583848342154e-22,-9.687387958658264e-20,-3.794231407890087e-22,0.0,0.0,0.0
1.846,5.325186942993945e-19,-1.5627560507711648e-19,9.810021599999951,6.508099169514628e-21,-8.998914561285239e-20,-1.7589114590368705e-21,0.0,0.0,0.0
1.848,-3.5518978310986366e-17,-3.5504812441856933e-17,9.810678079999999,-3.7459681833033905e-19,-4.709420688087422e-19,-1.7589114590368716e-21,0.0,0.0,0.0
1.85,-3.5528218833049194e-17,-3.5497462344268064e-17,9.810678079999999,-7.558008830626265e-19,-8.518161282965971e-19,-1.7589114590368727e-21,0.0,0.0,0.0
1.852,-3.554493262068532e-17,-3.548263250595545e-17,9.810678079999999,-1.1371842802802802e-18,-1.2325310693476213e-18,-1.758911459036874e-21,0.0,0.0,0.0
1.854,-3.556911655177527e-17,-3.546031940817252e-17,9.810678079999999,-1.5188271617370964e-18,-1.6130065994782278e-18,-1.758911459036875e-21,0.0,0.0,0.0
1.856,-3.560076592875205e-17,-3.543051795948661e-17,9.810678079999999,-1.900809628783792e-18,-1.9931623715757235e-18,-1.758911459036876e-21,0.0,0.0,0.0
1.858,-3.563987447752945e-17,-3.5393221496767894e-17,9.810678079999999,-2.283211715452563e-18,-2.3729179670346063e-18,-1.7589114590368772e-21,0.0,0.0,0.0
1.86,-3.568643434609908e-17,-3.534842178651033e-17,9.810678079999999,-2.666113371526588e-18,-2.7521928789070344e-18,-1.7589114590368784e-21,0.0,0.0,0.0
1.862,-3.574043610279717e-17,-3.529610902648465e-17,9.810678079999999,-3.049594445590935e-18,-3.1309064950710325e-18,-1.7589114590368795e-21,0.0,0.0,0.0
1.864,-3.5801868734240605e-17,-3.523627184772414e-17,9.810678079999999,-3.433734668061328e-18,-3.508978081420004e-18,-1.7589114590368806e-21,0.0,0.0,0.0
1.866,-3.5870719642933763e-17,-3.5168897316843176e-17,9.810678079999999,-3.818613634187227e-18,-3.886326765077119e-18,-1.7589114590368818e-21,0.0,0.0,0.0
1.868,-3.5946974644545507e-17,-3.509397093868935e-17,9.810678079999999,-4.204310787025698e-18,-4.262871517638163e-18,-1.758911459036883e-21,0.0,0.0,0.0
1.87,-3.603061796485738e-17,-3.5011476659329786e-17,9.810678079999999,-4.590905400382537e-18,-4.638531138446423e-18,-1.758911459036884e-21,0.0,0.0,0.0
1.872,-3.6121632236384093e-17,-3.492139686937206e-17,9.810678079999999,-4.97847656171713e-18,-5.0132242379032045e-18,-1.758911459036885e-21,0.0,0.0,0.0
1.874,-3.6219998494665915e-17,-3.482371240762036e-17,9.810678079999999,-5.367103155007537e-18,-5.386869220817586e-18,-1.7589114590368863e-21,0.0,0.0,0.0
1.8760000000000001,-3.6325696174234904e-17,-3.471840256506847e-17,9.810678079999999,-5.7568638435722895e-18,-5.759384269799008e-18,-1.7589114590368874e-21,0.0,0.0,0.0
1.8780000000000001,-3.6438703104255e-17,-3.460544508922915e-17,9.810678079999999,-6.147837052845412e-18,-6.130687328696316e-18,-1.7589114590368885e-21,0.0,0.0,0.0
1.8800000000000001,-3.6558995503836954e-17,-3.44848161888016e-17,9.810678079999999,-6.540100953101173e-18,-6.5006960860868915e-18,-1.7589114590368897e-21,0.0,0.0,0.0
1.8820000000000001,-3.668654797702998e-17,-3.4356490538678423e-17,9.810678079999999,-6.9337334421251e-18,-6.869327958819493e-18,-1.7589114590368908e-21,0.0,0.0,0.0
1.8840000000000001,-3.6821333507489804e-17,-3.4220441285291966e-17,9.810678079999999,-7.32881212782778e-18,-7.236500075614472e-18,-1.758911459036892e-21,0.0,0.0,0.0
1.8860000000000001,-3.6963323452825293e-17,-3.407664005230214e-17,9.810678079999999,-7.72541431079801e-18,-7.60212926072501e-18,-1.758911459036893e-21,0.0,0.0,0.0
1.8880000000000001,-3.711248753862432e-17,-3.392505694662642e-17,9.810678079999999,-8.123616966791832e-18,-7.966132017663062e-18,-1.758911459036894e-21,0.0,0.0,0.0
1.8900000000000001,-3.726879385216049e-17,-3.376566056481361e-17,9.810678079999999,-8.523496729154069e-18,-8.32842451299368e-18,-1.7589114590368953e-21,0.0,0.0,0.0
1.8920000000000001,-3.743220883578162e-17,-3.3598417999762244e-17,9.810678079999999,-8.925129871168893e-18,-8.688922560201429e-18,-1.7589114590368964e-21,0.0,0.0,0.0
1.8940000000000001,-3.760269727998207e-17,-3.34232948477858e-17,9.810678079999999,-9.328592288336082e-18,-9.047541603632607e-18,-1.7589114590368976e-21,0.0,0.0,0.0
1.8960000000000001,-3.7780222316159236e-17,-3.32402552160249e-17,9.810678079999999,-9.73395948056955e-18,-9.404196702516995e-18,-1.7589114590368987e-21,0.0,0.0,0.0
1.8980000000000001,-3.796474540905812e-17,-3.304926173020968e-17,9.810678079999999,-1.0141306534314808e-17,-9.758802515072892e-18,-1.7589114590369e-21,0.0,0.0,0.0
1.9000000000000001,-3.8156226348901484e-17,-3.285027554277209e-17,9.810678079999999,-1.055070810458199e-17,-1.0111273282699202e-17,-1.758911459036901e-21,0.0,0.0,0.0
1.9020000000000001,-3.8354623243212276e-17,-3.2643256341311924e-17,9.810678079999999,-1.0962238396891136e-17,-1.0461522814258343e-17,-1.758911459036902e-21,0.0,0.0,0.0
1.9040000000000001,-3.855989250832682e-17,-3.242816235741572e-17,9.810678079999999,-1.1375971149126403e-17,-1.080946447045379e-17,-1.7589114590369032e-21,0.0,0.0,0.0
1.9060000000000001,-3.877198886060044e-17,-3.2204950375832866e-17,9.810678079999999,-1.1791979613295937e-17,-1.1155011148306074e-17,-1.7589114590369043e-21,0.0,0.0,0.0
1.9080000000000001,-3.899086530731013e-17,-3.1973575744008945e-17,9.810678079999999,-1.2210336537194114e-17,-1.1498075265731063e-17,-1.7589114590369055e-21,0.0,0.0,0.0
1.9100000000000001,-3.9216473137253536e-17,-3.173399238197906e-17,9.810678079999999,-1.2631114145962929e-17,-1.1838568746224401e-17,-1.7589114590369066e-21,0.0,0.0,0.0
1.9120000000000001,-3.944876191104783e-17,-3.148615279262358e-17,9.810678079999999,-1.305438412354928e-17,-1.2176403003655985e-17,-1.758911459036908e-21,0.0,0.0,0.0
1.9140000000000001,-3.968767945113028e-17,-3.123000807228602e-17,9.810678079999999,-1.348021759405497e-17,-1.2511488927178366e-17,-1.7589114590369096e-21,0.0,0.0,0.0
1.9160000000000001,-3.9933171831462457e-17,-3.09655079217587e-17,9.810678079999999,-1.3908685102976242e-17,-1.284373686625303e-17,-1.758911459036911e-21,0.0,0.0,0.0
1.9180000000000001,-4.018518336694047e-17,-3.069260065763593e-17,9.810678079999999,-1.433985659832968e-17,-1.3173056615798481e-17,-1.7589114590369126e-21,0.0,0.0,0.0
1.92,-4.0443656602514814e-17,-3.041123322403675e-17,9.810678079999999,-1.4773801411661386e-17,-1.3499357401464112e-17,-1.758911459036914e-21,0.0,0.0,0.0
1.922,-4.0708532302020194e-17,-3.012135120470153e-17,9.810678079999999,-1.521058823893628e-17,-1.3822547865033871e-17,-1.7589114590369156e-21,0.0,0.0,0.0
1.924,-4.097974943671853e-17,-2.982289883546213e-17,9.810678079999999,-1.5650285121304507e-17,-1.4142536049963724e-17,-1.758911459036917e-21,0.0,0.0,0.0
1.926,-4.125724517356062e-17,-2.9515819017091556e-17,9.810678079999999,-1.609295942574185e-17,-1.445922938705698e-17,-1.7589114590369186e-21,0.0,0.0,0.0
1.928,-4.1540954863163133e-17,-2.9200053328530626e-17,9.810678079999999,-1.6538677825561198e-17,-1.4772534680281556e-17,-1.75891145903692e-21,0.0,0.0,0.0
1.93,-4.1830812027510955e-17,-2.887554204049971e-17,9.810678079999999,-1.6987506280792e-17,-1.5082358092733272e-17,-1.7589114590369216e-21,0.0,0.0,0.0
1.932,-4.212674834738107e-17,-2.8542224129494066e-17,9.810678079999999,-1.7439510018424846e-17,-1.5388605132749304e-17,-1.758911459036923e-21,0.0,0.0,0.0
1.934,-4.2428693649496447e-17,-2.820003729216667e-17,9.810678079999999,-1.7894753512518155e-17,-1.5691180640175985e-17,-1.7589114590369246e-21,0.0,0.0,0.0
1.936,-4.273657589340827e-17,-2.784891796010224e-17,9.810678079999999,-1.8353300464164166e-17,-1.5989988772795107e-17,-1.758911459036926e-21,0.0,0.0,0.0
1.938,-4.305032115811347e-17,-2.7488801314983333e-17,9.810678079999999,-1.881521378131131e-17,-1.6284932992912953e-17,-1.7589114590369277e-21,0.0,0.0,0.0
1.94,-4.3369853628409126e-17,-2.7119621304153616e-17,9.810678079999999,-1.9280555558440164e-17,-1.657591605411632e-17,-1.758911459036929e-21,0.0,0.0,0.0
1.942,-4.369509558098549e-17,-2.6741310656578798e-17,9.810678079999999,-1.9749387056090222e-17,-1.6862839988199785e-17,-1.7589114590369307e-21,0.0,0.0,0.0
1.944,-4.402596737026273e-17,-2.6353800899209538e-17,9.810678079999999,-2.0221768680234674e-17,-1.7145606092268557e-17,-1.758911459036932e-21,0.0,0.0,0.0
1.946,-4.4362387413978203e-17,-2.5957022373749546e-17,9.810678079999999,-2.0697759961500536e-17,-1.7424114916021236e-17,-1.7589114590369337e-21,0.0,0.0,0.0
1.948,-4.4704272178518596e-17,-2.5550904253830833e-17,9.810678079999999,-2.1177419534231422e-17,-1.7698266249216847e-17,-1.758911459036935e-21,0.0,0.0,0.0
1.95,-4.505153616400898e-17,-2.5135374562599962e-17,9.810678079999999,-2.1660805115390315e-17,-1.796795910933058e-17,-1.7589114590369367e-21,0.0,0.0,0.0
1.952,-4.5404091889161136e-17,-2.4710360190718552e-17,9.810678079999999,-2.214797348329977e-17,-1.8233091729402667e-17,-1.758911459036938e-21,0.0,0.0,0.0
1.954,-4.5761849875881904e-17,-2.4275786914780373e-17,9.810678079999999,-2.2638980456216958e-17,-1.849356154608486e-17,-1.7589114590369397e-21,0.0,0.0,0.0
1.956,-4.612471863364427e-17,-2.383157941614963e-17,9.810678079999999,-2.313388087074104e-17,-1.874926518788904e-17,-1.7589114590369412e-21,0.0,0.0,0.0
1.958,-4.649260464363428e-17,-2.3377661300222018e-17,9.810678079999999,-2.3632728560050423e-17,-1.9000098463642494e-17,-1.7589114590369427e-21,0.0,0.0,0.0
1.96,-4.686541234266446e-17,-2.2913955116112697e-17,9.810678079999999,-2.4135576331967425e-17,-1.924595635115443e-17,-1.7589114590369442e-21,0.0,0.0,0.0
1.962,-4.7243044106870503e-17,-2.244038237677632e-17,9.810678079999999,-2.4642475946848007e-17,-1.9486732986098382e-17,-1.7589114590369457e-21,0.0,0.0,0.0
1.964,-4.762540023518521e-17,-2.1956863579559007e-17,9.810678079999999,-2.5153478095294203e-17,-1.9722321651115107e-17,-1.7589114590369472e-21,0.0,0.0,0.0
1.966,-4.80123789326041e-17,-2.146331822718847e-17,9.810678079999999,-2.566863237568695e-17,-1.9952614765140732e-17,-1.7589114590369487e-21,0.0,0.0,0.0
1.968,-4.840387629323413e-17,-2.0959664849205005e-17,9.810678079999999,-2.61879872715371e-17,-2.0177503872964817e-17,-1.7589114590369502e-21,0.0,0.0,0.0
1.97,-4.8799786283145237e-17,-2.044582102383658e-17,9.810678079999999,-2.6711590128652395e-17,-2.039687963502315e-17,-1.7589114590369517e-21,0.0,0.0,0.0
1.972,-4.920000072301692e-17,-1.9921703400322286e-17,9.810678079999999,-2.7239487132118242e-17,-2.0610631817430038e-17,-1.7589114590369532e-21,0.0,0.0,0.0
1.974,-4.9604409270589165e-17,-1.9387227721687244e-17,9.810678079999999,-2.777172328309023e-17,-2.0818649282255008e-17,-1.7589114590369547e-21,0.0,0.0,0.0
1.976,-5.001289940292657e-17,-1.884230884797277e-17,9.810678079999999,-2.830834237539631e-17,-2.1020819978048707e-17,-1.7589114590369562e-21,0.0,0.0,0.0
1.978,-5.042535639849102e-17,-1.8286860779925708e-17,9.810678079999999,-2.884938697194664e-17,-2.121703093062302e-17,-1.7589114590369577e-21,0.0,0.0,0.0
1.98,-5.084166331903831e-17,-1.7720796683151514e-17,9.810678079999999,-2.9394898380949194e-17,-2.1407168234090312e-17,-1.7589114590369593e-21,0.0,0.0,0.0
1.982,-5.126170099133647e-17,-1.714402891273188e-17,9.810678079999999,-2.99449166319292e-17,-2.1591117042166836e-17,-1.7589114590369608e-21,0.0,0.0,0.0
1.984,-5.168534798871302e-17,-1.6556469038315363e-17,9.810678079999999,-3.0499480451550586e-17,-2.1768761559745327e-17,-1.7589114590369623e-21,0.0,0.0,0.0
1.986,-5.2112480612438975e-17,-1.5958027869680637e-17,9.810678079999999,-3.10586272392377e-17,-2.19399850347419e-17,-1.7589114590369638e-21,0.0,0.0,0.0
1.988,-5.254297287295097e-17,-1.534861548277892e-17,9.810678079999999,-3.1622393042595544e-17,-2.210466975022236e-17,-1.7589114590369653e-21,0.0,0.0,0.0
1.99,-5.297669647091903e-17,-1.4728141246258648e-17,9.810678079999999,-3.219081253262686e-17,-2.2262697016813117e-17,-1.7589114590369668e-21,0.0,0.0,0.0
1.992,-5.34135207781683e-17,-1.4096513848476264e-17,9.810678079999999,-3.2763918978744547e-17,-2.2413947165401915e-17,-1.7589114590369683e-21,0.0,0.0,0.0
1.994,-5.3853312818452064e-17,-1.3453641324996565e-17,9.810678079999999,-3.334174422357772e-17,-2.255829954013364e-17,-1.7589114590369698e-21,0.0,0.0,0.0
1.996,-5.429593724809273e-17,-1.2799431086590333e-17,9.810678079999999,-3.392431865757013e-17,-2.2695632491706497e-17,-1.7589114590369713e-21,0.0,0.0,0.0
1.998,-5.474125633648908e-17,-1.2133789947724617e-17,9.810678079999999,-3.451167119336937e-17,-2.282582337097393e-17,-1.7589114590369728e-21,0.0,0.0,0.0
2.0,-5.518912994649609e-17,-1.1456624155563002e-17,9.810678079999999,-3.51038292400056e-17,-2.2948748522857652e-17,-1.7589114590369743e-21,0.0,0.0,0.0
2.0020000000000002,-5.563941551468945e-17,-1.0767839419465077e-17,9.810678079999999,-3.5700818676858493e-17,-2.3064283280577232e-17,-1.7589114590369758e-21,0.0,0.0,0.0
2.004,-5.609196803151281e-17,-1.006734094100282e-17,9.810678079999999,-3.6302663827411205e-17,-2.3172301960201724e-17,-1.7589114590369773e-21,0.0,0.0,0.0
2.0060000000000002,-5.654664002132085e-17,-9.355033444488137e-18,9.810678079999999,-3.690938743279018e-17,-2.327267785552885e-17,-1.758911459036979e-21,0.0,0.0,0.0
2.008,-5.700328152232106e-17,-8.630821208021924e-18,9.810678079999999,-3.752101062508977e-17,-2.336528323329733e-17,-1.758911459036981e-21,0.0,0.0,0.0
2.0100000000000002,-5.746174006642127e-17,-7.894608095063918e-18,9.810678079999999,-3.813755290048055e-17,-2.3449989328737933e-17,-1.758911459036983e-21,0.0,0.0,0.0
2.012,-5.792186065898812e-17,-7.146297586532939e-18,9.810678079999999,-3.87590320921006e-17,-2.3526666341468973e-17,-1.758911459036985e-21,0.0,0.0,0.0
2.0140000000000002,-5.838348575853227e-17,-6.385792813436766e-18,9.810678079999999,-3.9385464342728626e-17,-2.3595183431741903e-17,-1.7589114590369867e-21,0.0,0.0,0.0
2.016,-5.884645525630678e-17,-5.612996590041273e-18,9.810678079999999,-4.0016864077238355e-17,-2.3655408717042775e-17,-1.7589114590369886e-21,0.0,0.0,0.0
2.0180000000000002,-5.931060645585435e-17,-4.827811447575356e-18,9.810678079999999,-4.065324397483336e-17,-2.3707209269055387e-17,-1.7589114590369905e-21,0.0,0.0,0.0
2.02,-5.977577405248162e-17,-4.0301396684859134e-18,9.810678079999999,-4.12946149410617e-17,-2.3750451110991932e-17,-1.7589114590369924e-21,0.0,0.0,0.0
2.0220000000000002,-6.024179011269102e-17,-3.2198833212370843e-18,9.810678079999999,-4.1940986079609895e-17,-2.3784999215297052e-17,-1.7589114590369942e-21,0.0,0.0,0.0
2.024,-6.070848405356014e-17,-2.396944295667628e-18,9.810678079999999,-4.259236466387556e-17,-2.3810717501731253e-17,-1.758911459036996e-21,0.0,0.0,0.0
2.0260000000000002,-6.117568262208662e-17,-1.5612243389010433e-18,9.810678079999999,-4.324875610831855e-17,-2.3827468835839634e-17,-1.758911459036998e-21,0.0,0.0,0.0
2.028,-6.164320987450589e-17,-7.126250918226811e-19,9.810678079999999,-4.3910163939590075e-17,-2.3835115027811982e-17,-1.758911459037e-21,0.0,0.0,0.0
2.0300000000000002,-6.211088715558131e-17,1.4895187388000003e-19,9.810678079999999,-4.4576589767439657e-17,-2.383351683174031e-17,-1.7589114590370018e-21,0.0,0.0,0.0
2.032,-6.25785330778819e-17,1.0236050181051778e-18,9.810678079999999,-4.5248033255399766e-17,-2.3822533945279954e-17,-1.7589114590370036e-21,0.0,0.0,0.0
2.0340000000000003,-6.30459635010563e-17,1.911432794148557e-18,9.810678079999999,-4.5924492091248006e-17,-2.380202500972042e-17,-1.7589114590370055e-21,0.0,0.0,0.0
2.036,-6.351299151110121e-17,2.8125336099382512e-18,9.810678079999999,-4.6605961957246947e-17,-2.3771847610472157e-17,-1.7589114590370078e-21,0.0,0.0,0.0
2.0380000000000003,-6.397942739964773e-17,3.727005788680716e-18,9.810678079999999,-4.7292436500161616e-17,-2.3731858277975584e-17,-1.75891145903701e-21,0.0,0.0,0.0
2.04,-6.444507864325831e-17,4.654947528924666e-18,9.810678079999999,-4.798390730105494e-17,-2.3681912489038625e-17,-1.7589114590370123e-21,0.0,0.0,0.0
2.0420000000000003,-6.490974988275535e-17,5.59645686402718e-18,9.810678079999999,-4.868036384486133e-17,-2.362186466860915e-17,-1.7589114590370145e-21,0.0,0.0,0.0
2.044,-6.537324290258148e-17,6.551631621025472e-18,9.810678079999999,-4.938179348973882e-17,-2.3551568191988706e-17,-1.7589114590370168e-21,0.0,0.0,0.0
2.0460000000000003,-6.583535661020355e-17,7.520569378906993e-18,9.810678079999999,-5.0088181436200224e-17,-2.3470875387493994e-17,-1.758911459037019e-21,0.0,0.0,0.0
2.048,-6.629588701556847e-17,8.50336742627364e-18,9.810678079999999,-5.079951069602392e-17,-2.3379637539572604e-17,-1.7589114590370213e-21,0.0,0.0,0.0
2.05,-6.675462721062428e-17,9.500122718393901e-18,9.810678079999999,-5.151576206094477e-17,-2.3277704892379537e-17,-1.7589114590370236e-21,0.0,0.0,0.0
2.052,-6.721136734890468e-17,1.0510931833645645e-17,9.810678079999999,-5.223691407112615e-17,-2.316492665382111e-17,-1.758911459037026e-21,0.0,0.0,0.0
2.054,-6.781262221774299e-17,1.1560905502972863e-17,9.83195168,-5.29645173138058e-17,-2.3040882603360028e-17,-1.758911459037028e-21,0.0,0.0,0.0
2.056,-6.841356379664272e-17,1.2629692250690897e-17,9.85324832,-5.369856842750368e-17,-2.2905370883932012e-17,-1.7589114590370307e-21,0.0,0.0,0.0
2.058,-6.901395294389184e-17,1.3717519711522143e-17,9.874568,-5.4439061484841574e-17,-2.2758187196040142e-17,-1.7589114590370334e-21,0.0,0.0,0.0
2.06,-6.961354448201405e-17,1.482461670496448e-17,9.895910720000002,-5.5185987927781635e-17,-2.259912478504267e-17,-1.758911459037036e-21,0.0,0.0,0.0
2.062,-7.021208710013718e-17,1.5951213184816493e-17,9.917276480000002,-5.593933650181744e-17,-2.2427974428982408e-17,-1.7589114590370386e-21,0.0,0.0,0.0
2.064,-7.080932325534944e-17,1.7097540186718993e-17,9.938665280000002,-5.66990931891066e-17,-2.2244524426978986e-17,-1.7589114590370413e-21,0.0,0.0,0.0
2.066,-7.140498907304475e-17,1.8263829773661604e-17,9.960077120000005,-5.746524114053412e-17,-2.2048560588205792e-17,-1.758911459037044e-21,0.0,0.0,0.0
2.068,-7.199881424626993e-17,1.9450314979418966e-17,9.981512000000006,-5.823776060669581e-17,-2.183986622147383e-17,-1.758911459037047e-21,0.0,0.0,0.0
2.07,-7.259052193407325e-17,2.065722974986226e-17,10.002969920000005,-5.901662886779101e-17,-2.1618222125445265e-17,-1.75891145903705e-21,0.0,0.0,0.0
2.072,-7.317982865886467e-17,2.1884808882110607e-17,10.024450880000007,-5.980182016241402e-17,-2.138340657949987e-17,-1.758911459037053e-21,0.0,0.0,0.0
2.074,-7.376644420279786e-17,2.313328796147034e-17,10.045954880000007,-6.059330561523374e-17,-2.1135195335278087e-17,-1.758911459037056e-21,0.0,0.0,0.0
2.076,-7.435007150317204e-17,2.4402903296114017e-17,10.067481920000008,-6.139105316355103e-17,-2.0873361608924932e-17,-1.758911459037059e-21,0.0,0.0,0.0
2.078,-7.493040654688029e-17,2.5693891849457926e-17,10.089032000000008,-6.219502748272356e-17,-2.0597676074059506e-17,-1.758911459037062e-21,0.0,0.0,0.0
2.08,-7.550713826389791e-17,2.700649117018459e-17,10.11060512000001,-6.300518991044779e-17,-2.0307906855495295e-17,-1.7589114590370653e-21,0.0,0.0,0.0
2.082,-7.607994841982865e-17,2.834093931986438e-17,10.132201280000011,-6.382149836988801e-17,-2.0003819523737093e-17,-1.7589114590370687e-21,0.0,0.0,0.0
2.084,-7.664851150752102e-17,2.969747479812468e-17,10.153820480000011,-6.464390729164253e-17,-1.968517709028082e-17,-1.758911459037072e-21,0.0,0.0,0.0
2.086,-7.721249463776492e-17,3.1076336465318004e-17,10.175462720000013,-6.547236753453701e-17,-1.9351740003743075e-17,-1.7589114590370755e-21,0.0,0.0,0.0
2.088,-7.777155742908057e-17,3.2477763462638293e-17,10.197128000000014,-6.630682630523529e-17,-1.9003266146847813e-17,-1.758911459037079e-21,0.0,0.0,0.0
2.09,-7.832535189661635e-17,3.3901995129632334e-17,10.218816320000014,-6.714722707665822e-17,-1.8639510834298108e-17,-1.7589114590370826e-21,0.0,0.0,0.0
2.092,-7.887352234017054e-17,3.534927091905407e-17,10.240527680000014,-6.799350950520083e-17,-1.8260226811561475e-17,-1.7589114590370864e-21,0.0,0.0,0.0
2.094,-7.941570523134566e-17,3.6819830309012495e-17,10.262262080000015,-6.884560934673887e-17,-1.786516425459782e-17,-1.75891145903709e-21,0.0,0.0,0.0
2.096,-7.995152909986328e-17,3.83139127123526e-17,10.284019520000015,-6.970345837141552e-17,-1.7454070770559705e-17,-1.758911459037094e-21,0.0,0.0,0.0
2.098,-8.048061441904806e-17,3.9831757383221613e-17,10.305800000000017,-7.05669842771993e-17,-1.7026691399495095e-17,-1.758911459037098e-21,0.0,0.0,0.0
2.1,-8.100257349050237e-17,4.137360332076149e-17,10.327603520000018,-7.143611060220469e-17,-1.6582768617083492e-17,-1.7589114590371022e-21,0.0,0.0,0.0
2.102,-8.151701032798969e-17,4.2939689169872704e-17,10.349430080000017,-7.231075663576681e-17,-1.612204233843679e-17,-1.7589114590371063e-21,0.0,0.0,0.0
2.104,-8.202352054055065e-17,4.45302531189926e-17,10.371279680000018,-7.319083732826198e-17,-1.5644249922996956e-17,-1.7589114590371105e-21,0.0,0.0,0.0
2.106,-8.252169121486796e-17,4.614553279483218e-17,10.39315232000002,-7.407626319966615e-17,-1.5149126180563132e-17,-1.758911459037115e-21,0.0,0.0,0.0
2.108,-8.30111007969089e-17,4.77857651540119e-17,10.41504800000002,-7.496694024684329e-17,-1.463640337848146e-17,-1.7589114590371195e-21,0.0,0.0,0.0
2.11,-8.349131897286342e-17,4.945118637153703e-17,10.436966720000022,-7.586276984955642e-17,-1.4105811250031492e-17,-1.758911459037124e-21,0.0,0.0,0.0
2.112,-8.396190654940378e-17,5.1142031726055796e-17,10.458908480000023,-7.676364867519381e-17,-1.3557077004043768e-17,-1.7589114590371285e-21,0.0,0.0,0.0
2.114,-8.442241533329845e-17,5.285853548183758e-17,10.480873280000024,-7.766946858220344e-17,-1.2989925335783706e-17,-1.7589114590371334e-21,0.0,0.0,0.0
2.116,-8.451721188518645e-17,5.437243540540823e-17,10.458908480000023,-7.857630561959814e-17,-1.2406530106111944e-17,-1.7589114590371383e-21,0.0,0.0,0.0
2.118,-8.459887618154405e-17,5.589856396397798e-17,10.436966720000022,-7.948401888334861e-17,-1.1806760106498446e-17,-1.7589114590371432e-21,0.0,0.0,0.0
2.12,-8.466714565372904e-17,5.743683088621051e-17,10.41504800000002,-8.039246465216544e-17,-1.1190485096989749e-17,-1.7589114590371485e-21,0.0,0.0,0.0
2.122,-8.472175773288971e-17,5.898714301057303e-17,10.39315232000002,-8.130149638749688e-17,-1.0557575837219653e-17,-1.7589114590371537e-21,0.0,0.0,0.0
2.124,-8.476244989163574e-17,6.054940425873768e-17,10.371279680000018,-8.221096473397365e-17,-9.9079041177053e-18,-1.758911459037159e-21,0.0,0.0,0.0
2.126,-8.47889596860158e-17,6.212351560963324e-17,10.349430080000017,-8.31207175203043e-17,-9.241342791421682e-18,-1.7589114590371643e-21,0.0,0.0,0.0
2.128,-8.480102479777709e-17,6.370937507414998e-17,10.327603520000018,-8.403059976062379e-17,-8.55776580564754e-18,-1.75891145903717e-21,0.0,0.0,0.0
2.13,-8.479838307691911e-17,6.530687767050705e-17,10.305800000000017,-8.494045365629889e-17,-7.857048234075575e-18,-1.7589114590371755e-21,0.0,0.0,0.0
2.132,-8.478077258453717e-17,6.69159154002871e-17,10.284019520000017,-8.585011859819307e-17,-7.139066309179791e-18,-1.758911459037181e-21,0.0,0.0,0.0
2.134,-8.47479316359447e-17,6.853637722514455e-17,10.262262080000015,-8.675943116939419e-17,-6.403697454832747e-18,-1.7589114590371872e-21,0.0,0.0,0.0
2.136,-8.469959884407139e-17,7.01681490441936e-17,10.240527680000016,-8.766822514840782e-17,-5.6508203191654334e-18,-1.7589114590371932e-21,0.0,0.0,0.0
2.138,-8.463551316314792e-17,7.181111367208272e-17,10.218816320000016,-8.857633151281927e-17,-4.8803148076624e-18,-1.7589114590371992e-21,0.0,0.0,0.0
2.14,-8.455541393265258e-17,7.34651508177595e-17,10.197128000000012,-8.948357844342714e-17,-4.092062116484723e-18,-1.7589114590372056e-21,0.0,0.0,0.0
2.142,-8.445904092153218e-17,7.513013706393433e-17,10.175462720000011,-9.038979132885131e-17,-3.2859447660133245e-18,-1.758911459037212e-21,0.0,0.0,0.0
2.144,-8.434613437267715e-17,7.6805945847246e-17,10.153820480000011,-9.129479277061823e-17,-2.4618466346051057e-18,-1.7589114590372184e-21,0.0,0.0,0.0
2.146,-8.421643504766474e-17,7.849244743913679e-17,10.132201280000011,-9.219840258872621e-17,-1.6196529925542816e-18,-1.7589114590372252e-21,0.0,0.0,0.0
2.148,-8.406968427174724e-17,8.018950892744129e-17,10.11060512000001,-9.310043782769346e-17,-7.5925053625126355e-19,-1.758911459037232e-21,0.0,0.0,0.0
2.15,-8.390562397910204e-17,8.189699419869465e-17,10.08903200000001,-9.400071276309154e-17,1.1947257746863628e-19,-1.7589114590372387e-21,0.0,0.0,0.0
2.152,-8.372399675830208e-17,8.361476392116605e-17,10.067481920000008,-9.489903890856688e-17,1.0166266967944524e-18,-1.758911459037246e-21,0.0,0.0,0.0
2.154,-8.352454589805288e-17,8.534267552862147e-17,10.045954880000007,-9.579522502335285e-17,1.932320640234597e-18,-1.758911459037253e-21,0.0,0.0,0.0
2.156,-8.330701543313745e-17,8.708058320482172e-17,10.024450880000005,-9.668907712027493e-17,2.8666616617455593e-18,-1.7589114590372606e-21,0.0,0.0,0.0
2.158,-8.307115019060785e-17,8.882833786876052e-17,10.002969920000005,-9.75803984742514e-17,3.819755415702217e-18,-1.758911459037268e-21,0.0,0.0,0.0
2.16,-8.281669583617851e-17,9.058578716064682e-17,9.981512000000006,-9.846898963129194e-17,4.7917059217177415e-18,-1.7589114590372756e-21,0.0,0.0,0.0
2.162,-8.254339892085529e-17,9.235277542863713e-17,9.960077120000005,-9.93546484179964e-17,5.7826155293211445e-18,-1.7589114590372835e-21,0.0,0.0,0.0
2.164,-8.225100692775873e-17,9.412914371632103e-17,9.938665280000002,-1.0023716995155605e-16,6.792584882500555e-18,-1.7589114590372914e-21,0.0,0.0,0.0
2.166,-8.193926831915368e-17,9.591472975096615e-17,9.917276480000002,-1.0111634665025942e-16,7.821712884120364e-18,-1.7589114590372997e-21,0.0,0.0,0.0
2.168,-8.160793258368084e-17,9.770936793252506e-17,9.895910720000003,-1.0199196824450493e-16,8.870096660220418e-18,-1.758911459037308e-21,0.0,0.0,0.0
2.17,-8.125675028376847e-17,9.951288932341015e-17,9.874568000000002,-1.0286382178832219e-16,9.937831524205505e-18,-1.7589114590373166e-21,0.0,0.0,0.0
2.172,-8.088547310323377e-17,1.0132512163903891e-16,9.853248320000002,-1.037316916714041e-16,1.1025010940933391e-17,-1.7589114590373253e-21,0.0,0.0,0.0
2.174,-8.049385389505818e-17,1.0314588923915485e-16,9.831951680000001,-1.045953596316515e-16,1.2131726490709732e-17,-1.758911459037334e-21,0.0,0.0,0.0
2.176,-8.008164672933231e-17,1.0497501311992791e-16,9.810678079999997,-1.0545460476823232e-16,1.325806783319823e-17,-1.758911459037343e-21,0.0,0.0,0.0
2.178,-7.982150545838403e-17,1.0704417547879748e-16,9.810678079999997,-1.0631105868945962e-16,1.4406610488550134e-17,-1.7589114590373523e-21,0.0,0.0,0.0
2.18,-7.953882822292909e-17,1.091301426250901e-16,9.810678079999997,-1.0716447959313913e-16,1.5577534765643374e-17,-1.7589114590373617e-21,0.0,0.0,0.0
2.182,-7.923317586519856e-17,1.112328550468881e-16,9.810678079999997,-1.0801462096508332e-16,1.677102033481599e-17,-1.7589114590373715e-21,0.0,0.0,0.0
2.184,-7.890410570204264e-17,1.1335224839533127e-16,9.810678079999997,-1.0886123154128549e-16,1.7987246175967617e-17,-1.7589114590373813e-21,0.0,0.0,0.0
2.186,-7.855117153848615e-17,1.1548825339141918e-16,9.810678079999997,-1.097040552702392e-16,1.9226390525660955e-17,-1.7589114590373915e-21,0.0,0.0,0.0
2.188,-7.817392368231008e-17,1.17640795732073e-16,9.810678079999997,-1.1054283127541421e-16,2.0488630823215386e-17,-1.7589114590374016e-21,0.0,0.0,0.0
2.19,-7.77719089596979e-17,1.198097959954624e-16,9.810678079999997,-1.1137729381790023e-16,2.1774143655784728e-17,-1.758911459037412e-21,0.0,0.0,0.0
2.192,-7.734467073194796e-17,1.2199516954560065e-16,9.810678079999997,-1.1220717225923016e-16,2.3083104702411344e-17,-1.758911459037423e-21,0.0,0.0,0.0
2.194,-7.689174891330456e-17,1.241968264362053e-16,9.810678079999997,-1.1303219102439437e-16,2.4415688677048742e-17,-1.758911459037434e-21,0.0,0.0,0.0
2.196,-7.64126799898798e-17,1.2641467131383996e-16,9.810678079999997,-1.1385206956505832e-16,2.577206927054488e-17,-1.7589114590374452e-21,0.0,0.0,0.0
2.198,-7.590699703974184e-17,1.286486033203291e-16,9.810678079999997,-1.1466652232299547e-16,2.7152419091578455e-17,-1.758911459037457e-21,0.0,0.0,0.0
2.2,-7.537422975414165e-17,1.308985159944574e-16,9.810678079999997,-1.1547525869374805e-16,2.855690960654044e-17,-1.7589114590374686e-21,0.0,0.0,0.0
2.202,-7.481390445992167e-17,1.3316429717295567e-16,9.810678079999997,-1.1627798299052834e-16,2.998571107835327e-17,-1.7589114590374806e-21,0.0,0.0,0.0
2.204,-7.422554414314308e-17,1.3544582889077908e-16,9.810678079999997,-1.1707439440837322e-16,3.1438992504219995e-17,-1.758911459037493e-21,0.0,0.0,0.0
2.206,-7.360866847390567e-17,1.3774298728068203e-16,9.810678079999997,-1.1786418698856534e-16,3.2916921552295986e-17,-1.7589114590375058e-21,0.0,0.0,0.0
2.208,-7.29627938324372e-17,1.400556424720935e-16,9.810678079999997,-1.1864704958333398e-16,3.441966449727553e-17,-1.7589114590375186e-21,0.0,0.0,0.0
2.21,-7.228743333642937e-17,1.4238365848930113e-16,9.810678079999997,-1.194226658208493e-16,3.594738615488606e-17,-1.7589114590375318e-21,0.0,0.0,0.0
2.212,-7.158209686966321e-17,1.4472689314894869e-16,9.810678079999997,-1.201907140705238e-16,3.750024981528251e-17,-1.7589114590375453e-21,0.0,0.0,0.0
2.214,-7.084629111194887e-17,1.4708519795685126e-16,9.810678079999997,-1.2095086740863483e-16,3.907841717533456e-17,-1.7589114590375592e-21,0.0,0.0,0.0
2.216,-7.007951957038115e-17,1.4945841800413744e-16,9.810678079999997,-1.217027935842827e-16,4.068204826979955e-17,-1.758911459037573e-21,0.0,0.0,0.0
2.218,-6.928128261196164e-17,1.5184639186272126e-16,9.810678079999997,-1.2244615498569862e-16,4.2311301401373814e-17,-1.7589114590375874e-21,0.0,0.0,0.0
2.22,-6.845107749757217e-17,1.5424895148011806e-16,9.810678079999997,-1.231806086069172e-16,4.396633306961542e-17,-1.758911459037602e-21,0.0,0.0,0.0
2.222,-6.758839841736411e-17,1.566659220736001e-16,9.810678079999997,-1.2390580601482882e-16,4.5647297898731303e-17,-1.758911459037617e-21,0.0,0.0,0.0
2.224,-6.669273652755138e-17,1.5909712202370892e-16,9.810678079999997,-1.2462139331662658e-16,4.735434856422174e-17,-1.7589114590376326e-21,0.0,0.0,0.0
2.226,-6.57635799886486e-17,1.6154236276713027e-16,9.810678079999997,-1.2532701112766358e-16,4.9087635718375494e-17,-1.7589114590376484e-21,0.0,0.0,0.0
2.228,-6.480041400516529e-17,1.6400144868893387e-16,9.810678079999997,-1.2602229453973618e-16,5.084730791460869e-17,-1.7589114590376645e-21,0.0,0.0,0.0
2.23,-6.380272086679612e-17,1.6647417701419895e-16,9.810678079999997,-1.267068730898091e-16,5.2633511530640867e-17,-1.758911459037681e-21,0.0,0.0,0.0
2.232,-6.276997999110106e-17,1.689603376990136e-16,9.810678079999997,-1.273803707291986e-16,5.444639069050153e-17,-1.758911459037698e-21,0.0,0.0,0.0
2.234,-6.170166796773703e-17,1.7145971332088398e-16,9.810678079999997,-1.2804240579323013e-16,5.628608718536081e-17,-1.7589114590377153e-21,0.0,0.0,0.0
2.236,-6.05972586042196e-17,1.739720789685363e-16,9.810678079999997,-1.28692590971387e-16,5.815274039317772e-17,-1.758911459037733e-21,0.0,0.0,0.0
2.238,-5.94562229732854e-17,1.7649720213113909e-16,9.810678079999997,-1.2933053327796733e-16,6.00464871971599e-17,-1.758911459037751e-21,0.0,0.0,0.0
2.24,-5.827802946183384e-17,1.7903484258694888e-16,9.810678079999997,-1.2995583402326596e-16,5.815553735495924e-17,-1.7589114590377364e-21,0.0,0.0,0.0
2.242,-5.713693895071544e-17,1.81584752291389e-16,9.810678079999997,-1.305688913081449e-16,5.629194705894357e-17,-1.7589114590377217e-21,0.0,0.0,0.0
2.244,-5.603241460853168e-17,1.8414669101116277e-16,9.810678079999997,-1.3117009747347248e-16,5.4455845375801e-17,-1.758911459037707e-21,0.0,0.0,0.0
2.246,-5.496391707142022e-17,1.8672042621123124e-16,9.810678079999997,-1.3175983907295122e-16,5.2647358877208527e-17,-1.7589114590376924e-21,0.0,0.0,0.0
2.248,-5.393090449200589e-17,1.893057329412659e-16,9.810678079999997,-1.323384968464706e-16,5.086661172121299e-17,-1.7589114590376777e-21,0.0,0.0,0.0
2.25,-5.2932832586772345e-17,1.919023937215697e-16,9.810678079999997,-1.3290644569396816e-16,4.9113725732388097e-17,-1.758911459037663e-21,0.0,0.0,0.0
2.2520000000000002,-5.1969154681833e-17,1.9451019842849105e-16,9.810678079999997,-1.334640546497818e-16,4.7388820480761924e-17,-1.7589114590376484e-21,0.0,0.0,0.0
2.254,-5.1149996076167255e-17,1.975564011066413e-16,9.831951680000001,-1.3401287435016987e-16,4.5696599807227494e-17,-1.7589114590376337e-21,0.0,0.0,0.0
2.2560000000000002,-5.036027036848014e-17,2.006252452417889e-16,9.853248320000002,-1.3455322059875871e-16,4.403730664587276e-17,-1.758911459037619e-21,0.0,0.0,0.0
2.258,-4.959953718344368e-17,2.0371665214461564e-16,9.874568000000002,-1.3508540447411754e-16,4.24111830864797e-17,-1.7589114590376044e-21,0.0,0.0,0.0
2.2600000000000002,-4.886734620009671e-17,2.0683054798758068e-16,9.895910720000003,-1.3560973222304563e-16,4.081847042668926e-17,-1.7589114590375897e-21,0.0,0.0,0.0
2.262,-4.816323710065981e-17,2.09966863771643e-16,9.917276480000002,-1.361265051533102e-16,3.9259409223809363e-17,-1.7589114590375754e-21,0.0,0.0,0.0
2.2640000000000002,-4.7486739518351857e-17,2.1312553528982966e-16,9.938665280000002,-1.366360195258247e-16,3.773423934623188e-17,-1.758911459037561e-21,0.0,0.0,0.0
2.266,-4.6837372984214316e-17,2.163065030875924e-16,9.960077120000005,-1.3713856644625618e-16,3.6243200024424405e-17,-1.7589114590375468e-21,0.0,0.0,0.0
2.2680000000000002,-4.621464687292329e-17,2.195097124199273e-16,9.981512000000006,-1.3763443175605148e-16,3.478652990146172e-17,-1.758911459037533e-21,0.0,0.0,0.0
2.27,-4.561806034758774e-17,2.227351132051647e-16,10.002969920000005,-1.381238959228711e-16,3.336446708306166e-17,-1.758911459037519e-21,0.0,0.0,0.0
2.2720000000000002,-4.504710230353389e-17,2.259826599754313e-16,10.024450880000005,-1.3860723393041974e-16,3.197724918708936e-17,-1.758911459037505e-21,0.0,0.0,0.0
2.274,-4.4501251311068143e-17,2.292523118236961e-16,10.045954880000007,-1.3908471516766297e-16,3.0625113392493276e-17,-1.7589114590374915e-21,0.0,0.0,0.0
2.2760000000000002,-4.3979975557213854e-17,2.325440323473672e-16,10.067481920000008,-1.3955660331741847e-16,2.930829648763616e-17,-1.758911459037478e-21,0.0,0.0,0.0
2.278,-4.3482732786426564e-17,2.3585778958838427e-16,10.08903200000001,-1.4002315624431148e-16,2.80270349179831e-17,-1.7589114590374648e-21,0.0,0.0,0.0
2.2800000000000002,-4.300897024027851e-17,2.391935559697555e-16,10.11060512000001,-1.4048462588208272e-16,2.6781564833108697e-17,-1.7589114590374516e-21,0.0,0.0,0.0
2.282,-4.255812459611082e-17,2.4255130822847664e-16,10.132201280000011,-1.409412581202384e-16,2.5572122132984527e-17,-1.758911459037439e-21,0.0,0.0,0.0
2.2840000000000003,-4.212962190467653e-17,2.4593102734480157e-16,10.153820480000011,-1.4139329269003106e-16,2.4398942513507618e-17,-1.7589114590374264e-21,0.0,0.0,0.0
2.286,-4.1722877526732785e-17,2.4933269846778586e-16,10.175462720000011,-1.4184096304975995e-16,2.3262261511230103e-17,-1.758911459037414e-21,0.0,0.0,0.0
2.2880000000000003,-4.1337296068640857e-17,2.527563108370633e-16,10.197128000000012,-1.4228449626938056e-16,2.2162314547249564e-17,-1.758911459037402e-21,0.0,0.0,0.0
2.29,-4.097227131691531e-17,2.562018577008041e-16,10.218816320000016,-1.4272411291441183e-16,2.109933697021902e-17,-1.7589114590373903e-21,0.0,0.0,0.0
2.2920000000000003,-4.062718617178869e-17,2.596693362297741e-16,10.240527680000016,-1.431600269291306e-16,2.007356409843495e-17,-1.7589114590373787e-21,0.0,0.0,0.0
2.294,-4.030141257975002e-17,2.631587474274845e-16,10.262262080000015,-1.4359244551904206e-16,2.2897155809030286e-17,-1.7589114590374137e-21,0.0,0.0,0.0
2.2960000000000003,-3.991590765216681e-17,2.6667009603632054e-16,10.284019520000015,-1.4402072778998807e-16,2.575842293388351e-17,-1.7589114590374494e-21,0.0,0.0,0.0
2.298,-3.9469523068405926e-17,2.7020337310027657e-16,10.30580000000002,-1.4444422052677355e-16,2.865760075684786e-17,-1.7589114590374862e-21,0.0,0.0,0.0
2.3000000000000003,-3.8961098295675784e-17,2.7375855556912197e-16,10.327603520000018,-1.4486225806213487e-16,3.1594924314456466e-17,-1.758911459037524e-21,0.0,0.0,0.0
2.302,-3.8389460525432126e-17,2.7733560589616683e-16,10.349430080000017,-1.4527416214502576e-16,3.4570628240381e-17,-1.7589114590375622e-21,0.0,0.0,0.0
2.3040000000000003,-3.7753424612909993e-17,2.8093447162959503e-16,10.37127968000002,-1.4567924180825443e-16,3.7584946605505414e-17,-1.7589114590376014e-21,0.0,0.0,0.0
2.306,-3.705179301992977e-17,2.8455508499728004e-16,10.39315232000002,-1.4607679323550687e-16,4.0638112753544893e-17,-1.7589114590376416e-21,0.0,0.0,0.0
2.308,-3.62833557610944e-17,2.8819736248500914e-16,10.415048000000022,-1.464660996277933e-16,4.373035913213941e-17,-1.7589114590376826e-21,0.0,0.0,0.0
2.31,-3.5446890353567304e-17,2.9186120440808133e-16,10.436966720000022,-1.4684643106935518e-16,4.686191711935058e-17,-1.7589114590377247e-21,0.0,0.0,0.0
2.312,-3.454116177053574e-17,2.955464944761796e-16,10.458908480000023,-1.4721704439307336e-16,5.003301684548986e-17,-1.7589114590377676e-21,0.0,0.0,0.0
2.314,-3.34243119513125e-17,2.979994658220178e-16,10.436966720000022,-1.4757567434963251e-16,5.3230436006670325e-17,-1.7589114590378112e-21,0.0,0.0,0.0
2.316,-3.2245322313714735e-17,3.004476512889457e-16,10.415048000000018,-1.4792165420278397e-16,5.645412325225986e-17,-1.7589114590378556e-21,0.0,0.0,0.0
2.318,-3.100405998277577e-17,3.028907611646587e-16,10.393152320000024,-1.4825431579058198e-16,5.97040241231253e-17,-1.7589114590379008e-21,0.0,0.0,0.0
2.32,-2.9700396925544854e-17,3.053284941901567e-16,10.37127968000002,-1.4857298957733675e-16,6.29800809277407e-17,-1.7589114590379467e-21,0.0,0.0,0.0
2.322,-2.8334209993993776e-17,3.0776053767145093e-16,10.34943008000002,-1.4887700470602767e-16,6.628223261949447e-17,-1.7589114590379933e-21,0.0,0.0,0.0
2.324,-2.6905380969641443e-17,3.101865675922907e-16,10.327603520000014,-1.491656890511955e-16,6.961041467520575e-17,-1.758911459038041e-21,0.0,0.0,0.0
2.326,-2.5413796609856316e-17,3.126062487278245e-16,10.30580000000002,-1.4943836927233132e-16,7.296455897486052e-17,-1.7589114590380896e-21,0.0,0.0,0.0
2.328,-2.3859348695753513e-17,3.150192347592648e-16,10.284019520000015,-1.4969437086777934e-16,7.634459368257794e-17,-1.758911459038139e-21,0.0,0.0,0.0
2.33,-2.224193408164345e-17,3.1742516838947197e-16,10.262262080000015,-1.4993301822917037e-16,7.975044312881692e-17,-1.758911459038189e-21,0.0,0.0,0.0
2.332,-2.0561454745971916e-17,3.1982368145953907e-16,10.240527680000016,-1.5015363469640182e-16,7.937010314576424e-17,-1.7589114590381836e-21,0.0,0.0,0.0
2.334,-1.8895724557266068e-17,3.222143950662674e-16,10.218816320000013,-1.5035637852212355e-16,7.901541459626014e-17,-1.7589114590381784e-21,0.0,0.0,0.0
2.336,-1.7244159855307207e-17,3.245969367283716e-16,10.197128000000015,-1.5054140169653673e-16,7.868628979849534e-17,-1.7589114590381735e-21,0.0,0.0,0.0
2.338,-1.56061833154127e-17,3.269709402164214e-16,10.175462720000015,-1.5070885001537164e-16,7.838263714116025e-17,-1.758911459038169e-21,0.0,0.0,0.0
2.34,-1.3981223997419305e-17,3.2933604538593005e-16,10.153820480000014,-1.5085886314839116e-16,7.810436114873408e-17,-1.758911459038165e-21,0.0,0.0,0.0
2.342,-1.2368717392413943e-17,3.3169189801352954e-16,10.132201280000011,-1.509915747083956e-16,7.785136254501606e-17,-1.758911459038161e-21,0.0,0.0,0.0
2.344,-1.076810546723346e-17,3.340381496362193e-16,10.110605120000013,-1.5110711232070496e-16,7.762353831493203e-17,-1.7589114590381577e-21,0.0,0.0,0.0
2.346,-9.178836706791949e-18,3.36374457393692e-16,10.089032000000007,-1.5120559769309542e-16,7.742078176464923e-17,-1.7589114590381547e-21,0.0,0.0,0.0
2.348,-7.600366154309568e-18,3.3870048387372955e-16,10.067481920000011,-1.5128714668616742e-16,7.724298258003205e-17,-1.758911459038152e-21,0.0,0.0,0.0
2.35,-6.032155449482938e-18,3.4101589696057535e-16,10.045954880000007,-1.5135186938412322e-16,7.709002688347115e-17,-1.7589114590381498e-21,0.0,0.0,0.0
2.352,-4.4736728646433174e-18,3.4332036968637874e-16,10.024450880000009,-1.513998701659327e-16,7.696179728911844e-17,-1.758911459038148e-21,0.0,0.0,0.0
2.354,-2.9243933390011796e-18,3.4561358008559156e-16,10.002969920000009,-1.514312477768662e-16,7.685817295655987e-17,-1.7589114590381464e-21,0.0,0.0,0.0
2.356,-1.3837985109525312e-18,3.47895211052357e-16,9.981512000000006,-1.5144609540037426e-16,7.677902964295801e-17,-1.7589114590381453e-21,0.0,0.0,0.0
2.358,1.4862325142052041e-19,3.501649502008412e-16,9.960077120000001,-1.5144450073029464e-16,7.67242397536961e-17,-1.7589114590381445e-21,0.0,0.0,0.0
2.36,1.673376821682685e-18,3.524224897285044e-16,9.938665280000002,-1.514265460433667e-16,7.669367239155506e-17,-1.758911459038144e-21,0.0,0.0,0.0
2.362,3.1909602881071224e-18,3.546675262822845e-16,9.917276480000002,-1.5139230827203505e-16,7.668719340445457e-17,-1.758911459038144e-21,0.0,0.0,0.0
2.364,4.701864928438056e-18,3.5689976082766417e-16,9.89591072,-1.513418590775239e-16,7.670466543178949e-17,-1.7589114590381445e-21,0.0,0.0,0.0
2.366,6.206575186326635e-18,3.5911889852060793e-16,9.874568000000002,-1.512752649231642e-16,7.674594794939206e-17,-1.7589114590381453e-21,0.0,0.0,0.0
2.368,7.705568649363008e-18,3.613246485823576e-16,9.853248320000002,-1.5119258714795642e-16,7.681089731315075e-17,-1.7589114590381464e-21,0.0,0.0,0.0
2.37,9.199316028710767e-18,3.635167241770392e-16,9.831951680000001,-1.5109388204035224e-16,7.689936680131585e-17,-1.758911459038148e-21,0.0,0.0,0.0
2.372,1.068828114022051e-17,3.656948422920638e-16,9.810678079999997,-1.509792009122383e-16,7.701120665552201e-17,-1.7589114590381498e-21,0.0,0.0,0.0
2.374,1.219934545432176e-17,3.6865725896591563e-16,9.810678079999997,-1.5084830664770697e-16,7.715483209635746e-17,-1.7589114590381524e-21,0.0,0.0,0.0
2.376,1.3713227894347366e-17,3.7161710731678374e-16,9.810678079999997,-1.507011690093556e-16,7.733021556670867e-17,-1.7589114590381558e-21,0.0,0.0,0.0
2.378,1.523055159591075e-17,3.745740686276431e-16,9.810678079999997,-1.5053775107377714e-16,7.753732608975151e-17,-1.7589114590381596e-21,0.0,0.0,0.0
2.38,1.675193908681417e-17,3.7752782345698614e-16,9.810678079999997,-1.5035800923808173e-16,7.777612926117787e-17,-1.758911459038164e-21,0.0,0.0,0.0
2.382,1.8278012219792155e-17,3.8047805150775796e-16,9.810678079999997,-1.5016189322713975e-16,7.804658724001592e-17,-1.7589114590381694e-21,0.0,0.0,0.0
2.384,1.9809392105100896e-17,3.8342443149642695e-16,9.810678079999997,-1.4994934610154853e-16,7.83486587380457e-17,-1.758911459038175e-21,0.0,0.0,0.0
2.386,2.1346699042858e-17,3.8636664102224345e-16,9.810678079999997,-1.497203042663247e-16,7.868229900781172e-17,-1.7589114590381814e-21,0.0,0.0,0.0
2.388,2.2890552455178883e-17,3.893043564366368e-16,9.810678079999997,-1.4947469748032493e-16,7.904745982923433e-17,-1.7589114590381885e-21,0.0,0.0,0.0
2.39,2.4441570818032757e-17,3.922372527128072e-16,9.810678079999997,-1.4921244886639755e-16,7.944408949482184e-17,-1.7589114590381964e-21,0.0,0.0,0.0
2.392,2.6000371592815097e-17,3.9516500331552015e-16,9.810678079999997,-1.4893347492226863e-16,7.987213279348568e-17,-1.758911459038205e-21,0.0,0.0,0.0
2.394,2.75675711576166e-17,3.980872800711172e-16,9.810678079999997,-1.4863768553216545e-16,8.033153099296064e-17,-1.758911459038214e-21,0.0,0.0,0.0
2.396,2.9143784738106956e-17,4.01003753037739e-16,9.810678079999997,-1.4832498397918147e-16,8.082222182083286e-17,-1.758911459038224e-21,0.0,0.0,0.0
2.398,3.0729626338096586e-17,4.039140903758195e-16,9.810678079999997,-1.4799526695838645e-16,8.134413944417806e-17,-1.7589114590382344e-21,0.0,0.0,0.0
2.4,3.2325708669659295e-17,4.0681795821880847e-16,9.810678079999997,-1.4764842459068624e-16,8.189721444781279e-17,-1.7589114590382457e-21,0.0,0.0,0.0
2.402,3.393264308285123e-17,4.0971502054416186e-16,9.810678079999997,-1.4728434043743676e-16,8.248137381116165e-17,-1.7589114590382577e-21,0.0,0.0,0.0
2.404,3.555103949496609e-17,4.126049390446773e-16,9.810678079999997,-1.4690289151581694e-16,8.30965408837435e-17,-1.7589114590382705e-21,0.0,0.0,0.0
2.406,3.7181506319311126e-17,4.154873730000454e-16,9.810678079999997,-1.4650394831496596e-16,8.374263535927991e-17,-1.758911459038284e-21,0.0,0.0,0.0
2.408,3.882465039347169e-17,4.18361979148777e-16,9.810678079999997,-1.4608737481289008e-16,8.441957324842935e-17,-1.7589114590382984e-21,0.0,0.0,0.0
2.41,4.0481076907054917e-17,4.212284115604631e-16,9.810678079999997,-1.4565302849414485e-16,8.512726685015049e-17,-1.7589114590383134e-21,0.0,0.0,0.0
2.412,4.2151389328848014e-17,4.2408632150832446e-16,9.810678079999997,-1.4520076036829883e-16,8.586562472169853e-17,-1.7589114590383296e-21,0.0,0.0,0.0
2.414,4.383618933341411e-17,4.269353573422175e-16,9.810678079999997,-1.4473041498918495e-16,8.663455164725824e-17,-1.7589114590383465e-21,0.0,0.0,0.0
2.416,4.553607672704719e-17,4.297751643619049e-16,9.810678079999997,-1.4424183047494625e-16,8.743394860521804e-17,-1.7589114590383642e-21,0.0,0.0,0.0
2.418,4.7251649373104567e-17,4.3260538469082553e-16,9.810678079999997,-1.437348385288829e-16,8.826371273408899e-17,-1.7589114590383826e-21,0.0,0.0,0.0
2.42,4.8983503116664496e-17,4.3542565715019723e-16,9.810678079999997,-1.4320926446110752e-16,8.912373729707341e-17,-1.758911459038402e-21,0.0,0.0,0.0
2.422,5.073223170848122e-17,4.3823561713360024e-16,9.810678079999997,-1.4266492721101652e-16,9.001391164528747e-17,-1.7589114590384218e-21,0.0,0.0,0.0
2.424,5.249842672822818e-17,4.4103489648194887e-16,9.810678079999997,-1.421016393705849e-16,9.093412117964261e-17,-1.758911459038443e-21,0.0,0.0,0.0
2.426,5.428267750698936e-17,4.438231233589563e-16,9.810678079999997,-1.4151920720849272e-16,9.188424731139056e-17,-1.7589114590384646e-21,0.0,0.0,0.0
2.428,5.608557104898024e-17,4.4659992212708e-16,9.810678079999997,-1.4091743069509165e-16,9.28641674213372e-17,-1.7589114590384872e-21,0.0,0.0,0.0
2.43,5.790769195245681e-17,4.493649132238986e-16,9.810678079999997,-1.402961035282198e-16,9.387375481773042e-17,-1.758911459038511e-21,0.0,0.0,0.0
2.432,5.974962232981099e-17,4.521177130390866e-16,9.810678079999997,-1.396550131598742e-16,9.491287869282738e-17,-1.7589114590385354e-21,0.0,0.0,0.0
2.434,6.161194172681415e-17,4.548579337918266e-16,9.810678079999997,-1.3899394082374958e-16,9.598140407814685e-17,-1.7589114590385606e-21,0.0,0.0,0.0
2.436,6.349522704096843e-17,4.575851834088071e-16,9.810678079999997,-1.3831266156365335e-16,9.707919179841252e-17,-1.758911459038587e-21,0.0,0.0,0.0
2.438,6.540005243897059e-17,4.60299065402787e-16,9.810678079999997,-1.3761094426280604e-16,9.820609842419296e-17,-1.758911459038614e-21,0.0,0.0,0.0
2.44,6.732698927323459e-17,4.629991787516844e-16,9.810678079999997,-1.3688855167403742e-16,9.936197622324481e-17,-1.758911459038642e-21,0.0,0.0,0.0
2.442,6.92766059974726e-17,4.656851177783062e-16,9.810678079999997,-1.3614524045088856e-16,1.0054667311056515e-16,-1.758911459038671e-21,0.0,0.0,0.0
2.444,7.124946808127776e-17,4.68356472030681e-16,9.810678079999997,-1.353807611796302e-16,1.017600325971599e-16,-1.7589114590387012e-21,0.0,0.0,0.0
2.446,7.324613792372076e-17,4.710128261629977e-16,9.810678079999997,-1.3459485841220833e-16,1.0300189373753488e-16,-1.758911459038732e-21,0.0,0.0,0.0
2.448,7.526717476589876e-17,4.736537598172074e-16,9.810678079999997,-1.3378727070012786e-16,1.0427209107591642e-16,-1.758911459038764e-21,0.0,0.0,0.0
2.45,7.731313460244742e-17,4.762788475052928e-16,9.810678079999997,-1.3295773062928614e-16,1.0557045459120869e-16,-1.7589114590387968e-21,0.0,0.0,0.0
2.452,7.938457009195427e-17,4.788876584921959e-16,9.810678079999997,-1.3210596485576731e-16,1.0689680964069521e-16,-1.7589114590388306e-21,0.0,0.0,0.0
2.454,8.148203046628294e-17,4.81479756679486e-16,9.810678079999997,-1.3123169414260977e-16,1.0825097690249176e-16,-1.7589114590388656e-21,0.0,0.0,0.0
2.456,8.360606143875396e-17,4.84054700489742e-16,9.810678079999997,-1.3033463339755876e-16,1.0963277231675883e-16,-1.7589114590389014e-21,0.0,0.0,0.0
2.458,8.575720511119025e-17,4.866120427516193e-16,9.810678079999997,-1.2941449171181638e-16,1.1104200702568122e-16,-1.7589114590389382e-21,0.0,0.0,0.0
2.46,8.793599987976215e-17,4.891513305857606e-16,9.810678079999997,-1.2847097239980176e-16,1.1247848731222318e-16,-1.7589114590389762e-21,0.0,0.0,0.0
2.462,9.014298033965242e-17,4.916721052914406e-16,9.810678079999997,-1.2750377303993423e-16,1.1394201453766725e-16,-1.758911459039015e-21,0.0,0.0,0.0
2.464,9.237867718848392e-17,4.941739022339987e-16,9.810678079999997,-1.2651258551645263e-16,1.1543238507794567e-16,-1.758911459039055e-21,0.0,0.0,0.0
2.466,9.464361712849777e-17,4.966562507331414e-16,9.810678079999997,-1.254970960622842e-16,1.169493902587728e-16,-1.758911459039096e-21,0.0,0.0,0.0
2.468,9.69383227674589e-17,4.991186739520219e-16,9.810678079999997,-1.244569853029767e-16,1.1849281628958796e-16,-1.758911459039138e-21,0.0,0.0,0.0
2.47,9.926331251827806e-17,5.015606887872541e-16,9.810678079999997,-1.2339192830170762e-16,1.200624441963176e-16,-1.758911459039181e-21,0.0,0.0,0.0
2.472,1.0161910049729504e-16,5.039818057597309e-16,9.810678079999997,-1.2230159460538473e-16,1.2165804975296653e-16,-1.758911459039225e-21,0.0,0.0,0.0
2.474,1.0400619642122908e-16,5.063815289064194e-16,9.810678079999997,-1.2118564829185224e-16,1.2327940341204774e-16,-1.75891145903927e-21,0.0,0.0,0.0
2.476,1.0642510550276879e-16,5.087593556730338e-16,9.810678079999997,-1.2004374801821739e-16,1.2492627023386087e-16,-1.7589114590393163e-21,0.0,0.0,0.0
2.478,1.0887632834476775e-16,5.1111477680768035e-16,9.810678079999997,-1.1887554707031216e-16,1.2659840981462944e-16,-1.7589114590393637e-21,0.0,0.0,0.0
2.48,1.113603608330303e-16,5.134472762554583e-16,9.810678079999997,-1.1768069341330538e-16,1.2829557621350724e-16,-1.758911459039412e-21,0.0,0.0,0.0
2.482,1.1387769402766746e-16,5.157563310540777e-16,9.810678079999997,-1.1645882974348061e-16,1.3001751787846464e-16,-1.758911459039462e-21,0.0,0.0,0.0
2.484,1.164288140530001e-16,5.180414112304503e-16,9.810678079999997,-1.152095935411952e-16,1.3176397757106554e-16,-1.7589114590395122e-21,0.0,0.0,0.0
2.486,1.1901420198598126e-16,5.203019796983727e-16,9.810678079999997,-1.1393261712503662e-16,1.3353469229014628e-16,-1.7589114590395638e-21,0.0,0.0,0.0
2.488,1.21634333743121e-16,5.225374921572245e-16,9.810678079999997,-1.1262752770719197e-16,1.353293931944078e-16,-1.7589114590396164e-21,0.0,0.0,0.0
2.49,1.2428967996590583e-16,5.247473969917901e-16,9.810678079999997,-1.1129394745004707e-16,1.3714780552393289e-16,-1.7589114590396702e-21,0.0,0.0,0.0
2.492,1.2698070590465288e-16,5.269311351731574e-16,9.810678079999997,-1.0993149352403148e-16,1.3898964852064005e-16,-1.758911459039725e-21,0.0,0.0,0.0
2.494,1.2970787130082935e-16,5.290881401607945e-16,9.810678079999997,-1.0853977816672644e-16,1.4085463534768666e-16,-1.7589114590397812e-21,0.0,0.0,0.0
2.496,1.3247163026777436e-16,5.312178378057293e-16,9.810678079999997,-1.0711840874325247e-16,1.4274247300783345e-16,-1.7589114590398387e-21,0.0,0.0,0.0
2.498,1.352724311698198e-16,5.333196462549742e-16,9.810678079999997,-1.0566698780795398e-16,1.4084093771271407e-16,-1.7589114590397992e-21,0.0,0.0,0.0
2.5,1.3803592137058943e-16,5.353929758571091e-16,9.810678079999997,-1.041859156902438e-16,1.3896164844336865e-16,-1.7589114590397605e-21,0.0,0.0,0.0
2.5020000000000002,1.4076253736727707e-16,5.374372448157223e-16,9.810678079999997,-1.0267558803608845e-16,1.3710429339031738e-16,-1.7589114590397225e-21,0.0,0.0,0.0
2.504,1.4345270953895325e-16,5.394518790975149e-16,9.810678079999997,-1.0113639587365333e-16,1.3526855458492485e-16,-1.7589114590396853e-21,0.0,0.0,0.0
2.5060000000000002,1.4610686202571241e-16,5.414363123416918e-16,9.810678079999997,-9.956872568024439e-17,1.3345410798172304e-16,-1.758911459039649e-21,0.0,0.0,0.0
2.508,1.4872541260943783e-16,5.433899857706672e-16,9.810678079999997,-9.797295945052939e-17,1.3166062353977627e-16,-1.7589114590396138e-21,0.0,0.0,0.0
2.5100000000000002,1.513087725961596e-16,5.453123481020938e-16,9.810678079999997,-9.634947476602124e-17,1.2988776530310233e-16,-1.7589114590395792e-21,0.0,0.0,0.0
2.512,1.538573466999981e-16,5.472028554623039e-16,9.810678079999997,-9.469864486580667e-17,1.281351914801646e-16,-1.7589114590395453e-21,0.0,0.0,0.0
2.5140000000000002,1.5637153292866064e-16,5.490609713010879e-16,9.810678079999997,-9.302083871850346e-17,1.2640255452244981e-16,-1.7589114590395122e-21,0.0,0.0,0.0
2.516,1.5885172247047855e-16,5.508861663078777e-16,9.810678079999997,-9.131642109542966e-17,1.2468950120214703e-16,-1.75891145903948e-21,0.0,0.0,0.0
2.5180000000000002,1.6129829958297912e-16,5.526779183294525e-16,9.810678079999997,-8.958575264496852e-17,1.2299567268894263e-16,-1.7589114590394483e-21,0.0,0.0,0.0
2.52,1.6371164148294745e-16,5.544357122889572e-16,9.810678079999997,-8.782918996811286e-17,1.2132070462594756e-16,-1.7589114590394174e-21,0.0,0.0,0.0
2.5220000000000002,1.6609211823799487e-16,5.56159040106573e-16,9.810678079999997,-8.604708569517299e-17,1.1966422720477232e-16,-1.7589114590393874e-21,0.0,0.0,0.0
2.524,1.6844009265959146e-16,5.578474006215181e-16,9.810678079999997,-8.423978856363232e-17,1.1802586523976613e-16,-1.758911459039358e-21,0.0,0.0,0.0
2.5260000000000002,1.707559201975526e-16,5.595002995157754e-16,9.810678079999997,-8.240764349713497e-17,1.1640523824143646e-16,-1.7589114590393294e-21,0.0,0.0,0.0
2.528,1.7303994883597727e-16,5.61117249239138e-16,9.810678079999997,-8.055099168559015e-17,1.1480196048906561e-16,-1.7589114590393016e-21,0.0,0.0,0.0
2.5300000000000002,1.7529251899060058e-16,5.626977689360422e-16,9.810678079999997,-7.86701706663777e-17,1.1321564110254138e-16,-1.7589114590392745e-21,0.0,0.0,0.0
2.532,1.7751396340755612e-16,5.642413843738555e-16,9.810678079999997,-7.676551440663997e-17,1.1164588411341856e-16,-1.758911459039248e-21,0.0,0.0,0.0
2.5340000000000003,1.797046070635434e-16,5.657476278728281e-16,9.810678079999997,-7.483735338664487e-17,1.10092288535229e-16,-1.7589114590392226e-21,0.0,0.0,0.0
2.536,1.8186476706736202e-16,5.672160382377084e-16,9.810678079999997,-7.288601468420536e-17,1.0855444843305735e-16,-1.7589114590391978e-21,0.0,0.0,0.0
2.5380000000000003,1.8399475256281938e-16,5.6864616069089945e-16,9.810678079999997,-7.091182206014077e-17,1.0703195299240076e-16,-1.7589114590391737e-21,0.0,0.0,0.0
2.54,1.8609486463298423e-16,5.700375468075012e-16,9.810678079999997,-6.89150960447654e-17,1.0552438658732996e-16,-1.7589114590391504e-21,0.0,0.0,0.0
2.5420000000000003,1.8816539620577986e-16,5.713897544517947e-16,9.810678079999997,-6.689615402539009e-17,1.0403132884797048e-16,-1.7589114590391274e-21,0.0,0.0,0.0
2.544,1.9061907845774015e-16,5.739442028214017e-16,9.831951680000001,-6.485088494322549e-17,1.0256567935292003e-16,-1.7589114590391056e-21,0.0,0.0,0.0
2.5460000000000003,1.9305318186308018e-16,5.764653866427901e-16,9.853248320000002,-6.277949887173322e-17,1.0112708118642534e-16,-1.758911459039085e-21,0.0,0.0,0.0
2.548,1.9546806756038952e-16,5.789525377488484e-16,9.874568000000002,-6.068220200949728e-17,9.971516919059643e-17,-1.7589114590390654e-21,0.0,0.0,0.0
2.5500000000000003,1.9786409367468504e-16,5.814048870287163e-16,9.89591072,-5.855919671255859e-17,9.832956995528113e-17,-1.758911459039047e-21,0.0,0.0,0.0
2.552,2.0024161508817747e-16,5.838216643836823e-16,9.917276480000002,-5.641068152920905e-17,9.696990180746548e-17,-1.7589114590390296e-21,0.0,0.0,0.0
2.5540000000000003,2.0260098320846267e-16,5.862020986827982e-16,9.938665280000002,-5.4236851237272753e-17,9.563577480019824e-17,-1.7589114590390135e-21,0.0,0.0,0.0
2.556,2.049425457340966e-16,5.885454177184315e-16,9.960077120000001,-5.2037896883902616e-17,9.432679070103868e-17,-1.7589114590389984e-21,0.0,0.0,0.0
2.5580000000000003,2.072666464175643e-16,5.908508481618061e-16,9.981512000000006,-4.9814005827920166e-17,9.304254298002698e-17,-1.7589114590389845e-21,0.0,0.0,0.0
2.56,2.0957362482559085e-16,5.931176155185417e-16,10.002969920000009,-4.756536178472713e-17,9.178261679717767e-17,-1.7589114590389713e-21,0.0,0.0,0.0
2.562,2.1186381609679787e-16,5.95344944084257e-16,10.024450880000009,-4.5292144873817286e-17,9.054658898949694e-17,-1.7589114590389593e-21,0.0,0.0,0.0
2.564,2.1413755069666729e-16,5.975320569003428e-16,10.045954880000007,-4.2994531668917423e-17,8.933402805752528e-17,-1.7589114590389484e-21,0.0,0.0,0.0
2.566,2.1639515416980225e-16,5.9967817570994735e-16,10.067481920000011,-4.067269525078649e-17,8.814449415140781e-17,-1.7589114590389386e-21,0.0,0.0,0.0
2.568,2.186369468894544e-16,6.017825209142305e-16,10.089032000000007,-3.8326805262702213e-17,8.697753905649511e-17,-1.7589114590389296e-21,0.0,0.0,0.0
2.57,2.2086324380430142e-16,6.038443115289275e-16,10.110605120000013,-3.5957027968664644e-17,8.583270617847826e-17,-1.7589114590389217e-21,0.0,0.0,0.0
2.572,2.2307435418245296e-16,6.058627651413439e-16,10.132201280000011,-3.3563526314346475e-17,8.470953052806247e-17,-1.758911459038915e-21,0.0,0.0,0.0
2.574,2.252705813526614e-16,6.078370978678677e-16,10.153820480000014,-3.1146459990820064e-17,8.360753870518438e-17,-1.758911459038909e-21,0.0,0.0,0.0
2.576,2.2745222244271196e-16,6.097665243119256e-16,10.175462720000015,-2.8705985501091397e-17,8.252624888277906e-17,-1.758911459038904e-21,0.0,0.0,0.0
2.578,2.296195681149799e-16,6.116502575227036e-16,10.197128000000015,-2.624225622947144e-17,8.146517079010318e-17,-1.7589114590389002e-21,0.0,0.0,0.0
2.58,2.3177290229911996e-16,6.134875089544585e-16,10.218816320000013,-2.375542251381565e-17,8.042380569562206e-17,-1.7589114590388972e-21,0.0,0.0,0.0
2.582,2.3391250192187745e-16,6.152774884266197e-16,10.240527680000016,-2.124563172066246e-17,7.940164638946885e-17,-1.7589114590388953e-21,0.0,0.0,0.0
2.584,2.3603863663399115e-16,6.170194040848011e-16,10.262262080000015,-1.871302832330204e-17,7.83981771654849e-17,-1.7589114590388942e-21,0.0,0.0,0.0
2.586,2.3815156853416913e-16,6.187124623626655e-16,10.284019520000015,-1.6157753982806662e-17,7.741287380285147e-17,-1.7589114590388942e-21,0.0,0.0,0.0
2.588,2.4025155189011435e-16,6.203558679449095e-16,10.30580000000002,-1.357994763205436e-17,7.644520354732365e-17,-1.758911459038895e-21,0.0,0.0,0.0
2.59,2.423388328565798e-16,6.219488237312221e-16,10.327603520000014,-1.0979745562777751e-17,7.549462509207819e-17,-1.758911459038897e-21,0.0,0.0,0.0
2.592,2.4441364919042765e-16,6.234905308015384e-16,10.34943008000002,-8.357281515670158e-18,7.45605885581881e-17,-1.7589114590388995e-21,0.0,0.0,0.0
2.594,2.4543825436195763e-16,6.223482340290642e-16,10.327603520000014,-5.723823850842286e-18,7.361429562115984e-17,-1.758911459038902e-21,0.0,0.0,0.0
2.596,2.4643739630484944e-16,6.21152316628531e-16,10.30580000000002,-3.079645778901841e-18,7.265517095236622e-17,-1.7589114590389047e-21,0.0,0.0,0.0
2.598,2.4741094506708526e-16,6.199029034053389e-16,10.284019520000015,-4.250219047914838e-19,7.168264056229367e-17,-1.7589114590389074e-21,0.0,0.0,0.0
2.6,2.4835876088763973e-16,6.186001259388986e-16,10.262262080000015,2.239771666964308e-18,7.069613187322497e-17,-1.7589114590389096e-21,0.0,0.0,0.0
2.602,2.4928069434423517e-16,6.172441225487344e-16,10.240527680000016,4.914457228597732e-18,6.969507379155802e-17,-1.758911459038912e-21,0.0,0.0,0.0
2.604,2.5017658650181034e-16,6.158350382625235e-16,10.218816320000013,7.598755367029174e-18,6.867889677978147e-17,-1.758911459038914e-21,0.0,0.0,0.0
2.606,2.5104626906167563e-16,6.143730247858968e-16,10.197128000000015,1.0292384863399085e-17,6.764703292812688e-17,-1.758911459038916e-21,0.0,0.0,0.0
2.608,2.518895645113262e-16,6.128582404741271e-16,10.175462720000015,1.2995062594207307e-17,6.659891602591681e-17,-1.758911459038918e-21,0.0,0.0,0.0
2.61,2.527062862748882e-16,6.112908503055163e-16,10.153820480000014,1.5706503434066626e-17,6.553398163262732e-17,-1.7589114590389194e-21,0.0,0.0,0.0
2.612,2.534962388641721e-16,6.096710258564856e-16,10.132201280000011,1.842642016007706e-17,6.445166714868292e-17,-1.758911459038921e-21,0.0,0.0,0.0
2.614,2.542592180303059e-16,6.079989452781556e-16,10.110605120000013,2.1154523357827124e-17,6.33514118860011e-17,-1.758911459038922e-21,0.0,0.0,0.0
2.616,2.5499501091592703e-16,6.062747932746652e-16,10.089032000000007,2.389052132902806e-17,6.223265713830325e-17,-1.7589114590389228e-21,0.0,0.0,0.0
2.618,2.5570339620790626e-16,6.044987610828089e-16,10.067481920000004,2.6634120000786712e-17,6.109484625120782e-17,-1.7589114590389235e-21,0.0,0.0,0.0
2.62,2.5638414429057796e-16,6.026710464532278e-16,10.045954880000007,2.9385022836522526e-17,5.99374246921212e-17,-1.758911459038924e-21,0.0,0.0,0.0
2.622,2.5703701739946113e-16,6.007918536329064e-16,10.024450880000009,3.214293074853391e-17,5.875984011994102e-17,-1.758911459038924e-21,0.0,0.0,0.0
2.624,2.576617697754371e-16,5.988613933490134e-16,10.002969920000009,3.4907542012218856e-17,5.756154245458602e-17,-1.7589114590389235e-21,0.0,0.0,0.0
2.626,2.582581478193727e-16,5.968798827939872e-16,9.981512000000006,3.7678552181954615e-17,5.634198394636599e-17,-1.7589114590389228e-21,0.0,0.0,0.0
2.628,2.5882589024715984e-16,5.94847545611879e-16,9.960077120000001,4.0455654008640875e-17,5.51006192452048e-17,-1.758911459038922e-21,0.0,0.0,0.0
2.63,2.593647282451493e-16,5.927646118857307e-16,9.938665280000002,4.3238537358910717e-17,5.3836905469728686e-17,-1.758911459038921e-21,0.0,0.0,0.0
2.632,2.598743856259676e-16,5.906313181261737e-16,9.917276480000002,4.6026889136013373e-17,5.2550302276231635e-17,-1.7589114590389194e-21,0.0,0.0,0.0
2.634,2.6035457898468084e-16,5.884479072610131e-16,9.89591072,4.882039320237261e-17,5.124027192752898e-17,-1.758911459038917e-21,0.0,0.0,0.0
2.636,2.6080501785530044e-16,5.862146286257495e-16,9.874568000000002,5.161873030382433e-17,4.9906279361709775e-17,-1.7589114590389145e-21,0.0,0.0,0.0
2.638,2.6122540486759383e-16,5.839317379551231e-16,9.853248320000002,5.442157799553671e-17,4.8547792260797946e-17,-1.7589114590389115e-21,0.0,0.0,0.0
2.64,2.6161543590420285e-16,5.815994973754346e-16,9.831951680000001,5.722861056961615e-17,4.716428111933163e-17,-1.758911459038908e-21,0.0,0.0,0.0
2.642,2.619748002580273e-16,5.792181753978401e-16,9.810678079999997,6.003949898440185e-17,4.5755219312869593e-17,-1.7589114590389044e-21,0.0,0.0,0.0
2.644,2.6287257971234443e-16,5.780401190045949e-16,9.810678079999997,6.28600202259506e-17,4.433351741635133e-17,-1.7589114590389006e-21,0.0,0.0,0.0
2.646,2.6374246344739544e-16,5.76806720159519e-16,9.810678079999997,6.568987498396986e-17,4.289858162664553e-17,-1.758911459038897e-21,0.0,0.0,0.0
2.648,2.645841917962513e-16,5.755177957263593e-16,9.810678079999997,6.852876116204122e-17,4.144981617563966e-17,-1.7589114590388927e-21,0.0,0.0,0.0
2.65,2.6539749340219985e-16,5.741731684963881e-16,9.810678079999997,7.137637375219358e-17,3.9986623393840187e-17,-1.7589114590388886e-21,0.0,0.0,0.0
2.652,2.6618208518144603e-16,5.727726672455832e-16,9.810678079999997,7.423240470907605e-17,3.850840377458576e-17,-1.7589114590388844e-21,0.0,0.0,0.0
2.654,2.669376722870598e-16,5.71316126794175e-16,9.810678079999997,7.709654282374407e-17,3.70145560388999e-17,-1.7589114590388803e-21,0.0,0.0,0.0
2.656,2.6766394807420423e-16,5.698033880687315e-16,9.810678079999997,7.996847359707244e-17,3.550447720100965e-17,-1.7589114590388758e-21,0.0,0.0,0.0
2.658,2.6836059406663943e-16,5.682342981667102e-16,9.810678079999997,8.284787911280891e-17,3.3977562634556954e-17,-1.7589114590388713e-21,0.0,0.0,0.0
2.66,2.6902727992454023e-16,5.666087104235353e-16,9.810678079999997,8.573443791028252e-17,3.243320613952944e-17,-1.7589114590388664e-21,0.0,0.0,0.0
2.662,2.696636634136146e-16,5.649264844821162e-16,9.810678079999997,8.862782485678053e-17,3.0870800009937386e-17,-1.7589114590388615e-21,0.0,0.0,0.0
2.664,2.70269390375554e-16,5.631874863649177e-16,9.810678079999997,9.152771101960838e-17,2.9289735102263776e-17,-1.7589114590388562e-21,0.0,0.0,0.0
2.666,2.7084409469982756e-16,5.613915885484944e-16,9.810678079999997,9.443376353784687e-17,2.768940090471436e-17,-1.758911459038851e-21,0.0,0.0,0.0
2.668,2.713873982968357e-16,5.595386700405902e-16,9.810678079999997,9.73456454938215e-17,2.6069185607294716e-17,-1.7589114590388453e-21,0.0,0.0,0.0
2.67,2.718989110724387e-16,5.576286164597265e-16,9.810678079999997,1.0026301578429831e-16,2.4428476172741388e-17,-1.7589114590388393e-21,0.0,0.0,0.0
2.672,2.7237823090387034e-16,5.556613201173547e-16,9.810678079999997,1.0318552899142137e-16,2.2766658408334203e-17,-1.7589114590388333e-21,0.0,0.0,0.0
2.674,2.728249436170719e-16,5.536366801024495e-16,9.810678079999997,1.0611283525340713e-16,2.1083117038616945e-17,-1.758911459038827e-21,0.0,0.0,0.0
2.676,2.7323862296544995e-16,5.515546023688011e-16,9.810678079999997,1.0904458013501067e-16,1.9377235779053613e-17,-1.75891145903882e-21,0.0,0.0,0.0
2.678,2.7361883061006697e-16,5.494149998246494e-16,9.810678079999997,1.1198040449777964e-16,1.7648397410647503e-17,-1.758911459038813e-21,0.0,0.0,0.0
2.68,2.739651161013144e-16,5.472177924250549e-16,9.810678079999997,1.1491994437011134e-16,1.5895983855550494e-17,-1.7589114590388054e-21,0.0,0.0,0.0
2.682,2.742770168620581e-16,5.449629072666852e-16,9.810678079999997,1.1786283081712913e-16,1.411937625368982e-17,-1.7589114590387975e-21,0.0,0.0,0.0
2.684,2.745540581722897e-16,5.426502786852022e-16,9.810678079999997,1.2080868981039403e-16,1.2317955040439784e-17,-1.7589114590387893e-21,0.0,0.0,0.0
2.686,2.7479575315529997e-16,5.402798483552012e-16,9.810678079999997,1.2375714209746805e-16,1.0491100025365791e-17,-1.7589114590387806e-21,0.0,0.0,0.0
2.688,2.750016027654083e-16,5.378515653927625e-16,9.810678079999997,1.2670780307134582e-16,8.638190472068213e-18,-1.7589114590387716e-21,0.0,0.0,0.0
2.69,2.7517109577723896e-16,5.353653864604565e-16,9.810678079999997,1.2966028263977113e-16,6.758605179153532e-18,-1.758911459038762e-21,0.0,0.0,0.0
2.692,2.7530370877660323e-16,5.328212758749736e-16,9.810678079999997,1.3261418509445572e-16,8.663647110429505e-18,-1.7589114590388502e-21,0.0,0.0,0.0
2.694,2.7547370128220144e-16,5.302192057173677e-16,9.810678079999997,1.3556991150306305e-16,1.0540769834005835e-17,-1.7589114590389375e-21,0.0,0.0,0.0
2.696,2.7568052548131533e-16,5.275591401991767e-16,9.810678079999997,1.3852785705543768e-16,1.23893510820652e-17,-1.7589114590390236e-21,0.0,0.0,0.0
2.698,2.7592362135148867e-16,5.248410357778177e-16,9.810678079999997,1.4148841093259957e-16,1.4208768119594883e-17,-1.758911459039109e-21,0.0,0.0,0.0
2.7,2.762024166513569e-16,5.220648412743987e-16,9.810678079999997,1.4445195617563988e-16,1.5998397662452668e-17,-1.7589114590391933e-21,0.0,0.0,0.0
2.702,2.765163269098817e-16,5.192304979942542e-16,9.810678079999997,1.4741886955450127e-16,1.7757615796725358e-17,-1.7589114590392768e-21,0.0,0.0,0.0
2.704,2.76864755413982e-16,5.163379398500316e-16,9.810678079999997,1.5038952143662553e-16,1.948579789940756e-17,-1.7589114590393595e-21,0.0,0.0,0.0
2.706,2.7724709319462886e-16,5.133870934871949e-16,9.810678079999997,1.5336427565545201e-16,2.1182318560428387e-17,-1.758911459039441e-21,0.0,0.0,0.0
2.708,2.776627190113979e-16,5.103778784123247e-16,9.810678079999997,1.5634348937875025e-16,2.2846551506053763e-17,-1.758911459039522e-21,0.0,0.0,0.0
2.71,2.7811099933552423e-16,5.073102071239341e-16,9.810678079999997,1.593275129767709e-16,2.447786952369204e-17,-1.7589114590396018e-21,0.0,0.0,0.0
2.712,2.785912883314873e-16,5.041839852457366e-16,9.810678079999997,1.6231668989019887e-16,2.6075644388130702e-17,-1.7589114590396808e-21,0.0,0.0,0.0
2.714,2.791029278371279e-16,5.009991116626752e-16,9.810678079999997,1.6531135649789337e-16,2.763924678923194e-17,-1.7589114590397586e-21,0.0,0.0,0.0
2.716,2.7964524734237335e-16,4.977554786595406e-16,9.810678079999997,1.6831184198439953e-16,2.916804626111496e-17,-1.7589114590398357e-21,0.0,0.0,0.0
2.718,2.802175639665547e-16,4.944529720620286e-16,9.810678079999997,1.7131846820721663e-16,3.0661411112852896e-17,-1.7589114590399117e-21,0.0,0.0,0.0
2.72,2.808191824343681e-16,4.910914713805354e-16,9.810678079999997,1.7433154956380856e-16,3.21187083607123e-17,-1.758911459039987e-21,0.0,0.0,0.0
2.722,2.8144939505051104e-16,4.876708499566386e-16,9.810678079999997,1.7735139285834195e-16,3.353930366196316e-17,-1.7589114590400614e-21,0.0,0.0,0.0
2.724,2.821074816730213e-16,4.841909751118967e-16,9.810678079999997,1.8037829716813832e-16,3.492256125028757e-17,-1.7589114590401348e-21,0.0,0.0,0.0
2.726,2.8279270968533414e-16,4.806517082996055e-16,9.810678079999997,1.8341255370982644e-16,3.626784387281508e-17,-1.7589114590402074e-21,0.0,0.0,0.0
2.728,2.835043339671158e-16,4.770529052590704e-16,9.810678079999997,1.8645444570518176e-16,3.7574512728813026e-17,-1.758911459040279e-21,0.0,0.0,0.0
2.73,2.842415968639079e-16,4.733944161722688e-16,9.810678079999997,1.8950424824664e-16,3.884192741005993e-17,-1.7589114590403496e-21,0.0,0.0,0.0
2.732,2.8500372815556073e-16,4.696760858235699e-16,9.810678079999997,1.925622281624722e-16,4.006944584293044e-17,-1.758911459040419e-21,0.0,0.0,0.0
2.734,2.8578994502357853e-16,4.658977537618457e-16,9.810678079999997,1.9562864388160932e-16,4.125642423222006e-17,-1.758911459040488e-21,0.0,0.0,0.0
2.736,2.865994520173281e-16,4.620592544651456e-16,9.810678079999997,1.9870374529810425e-16,4.2402217006738234e-17,-1.758911459040556e-21,0.0,0.0,0.0
2.738,2.874314410191902e-16,4.581604175083294e-16,9.810678079999997,2.0178777363522003e-16,4.350617676669825e-17,-1.758911459040623e-21,0.0,0.0,0.0
2.74,2.882850912086909e-16,4.542010677330916e-16,9.810678079999997,2.04880961309133e-16,4.456765423293262e-17,-1.7589114590406892e-21,0.0,0.0,0.0
2.742,2.891595690256101e-16,4.501810254208448e-16,9.810678079999997,2.0798353179224041e-16,4.55859981979626e-17,-1.7589114590407547e-21,0.0,0.0,0.0
2.744,2.9005402813216253e-16,4.461001064681432e-16,9.810678079999997,2.1109569947606189e-16,4.656055547895062e-17,-1.758911459040819e-21,0.0,0.0,0.0
2.746,2.909676093742201e-16,4.41958122564866e-16,9.810678079999997,2.142176695337252e-16,4.749067087256457e-17,-1.7589114590408826e-21,0.0,0.0,0.0
2.748,2.9189944074169035e-16,4.3775488137518747e-16,9.810678079999997,2.1734963778202659e-16,4.8375687111782736e-17,-1.7589114590409454e-21,0.0,0.0,0.0
2.75,2.928486373279947e-16,4.3349018672101153e-16,9.810678079999997,2.2049179054305656e-16,4.9214944824668625e-17,-1.758911459041007e-21,0.0,0.0,0.0
2.7520000000000002,2.9381430128879505e-16,4.2916383876841414e-16,9.810678079999997,2.2364430450538267e-16,5.0007782495144626e-17,-1.758911459041068e-21,0.0,0.0,0.0
2.754,2.9479552179990384e-16,4.2477563421655085e-16,9.810678079999997,2.2680734658478075e-16,5.0753536425793853e-17,-1.7589114590411282e-21,0.0,0.0,0.0
2.7560000000000002,2.9579137501449125e-16,4.2032536648952254e-16,9.810678079999997,2.299810737845071e-16,5.1451540702719423e-17,-1.7589114590411876e-21,0.0,0.0,0.0
2.758,2.968009240196025e-16,4.1581282593073106e-16,9.810678079999997,2.3316563305510367e-16,5.210112716249065e-17,-1.7589114590412463e-21,0.0,0.0,0.0
2.7600000000000002,2.978232187919938e-16,4.1123780000029164e-16,9.810678079999997,2.363611611537302e-16,5.2701625361205587e-17,-1.7589114590413043e-21,0.0,0.0,0.0
2.762,2.988572961534171e-16,4.0660007347488587e-16,9.810678079999997,2.3956778450301583e-16,5.325236254569962e-17,-1.758911459041361e-21,0.0,0.0,0.0
2.7640000000000002,2.9990217972528797e-16,4.018994286506962e-16,9.810678079999997,2.427856190494245e-16,5.375266362692975e-17,-1.758911459041417e-21,0.0,0.0,0.0
2.766,3.009568798828613e-16,3.971356455488056e-16,9.810678079999997,2.46014770121129e-16,5.4201851155564436e-17,-1.7589114590414724e-21,0.0,0.0,0.0
2.7680000000000002,3.0202039370891593e-16,3.9230850212362927e-16,9.810678079999997,2.4925533228538776e-16,5.459924529980892e-17,-1.758911459041527e-21,0.0,0.0,0.0
2.77,3.0309170494700906e-16,3.874177744740831e-16,9.810678079999997,2.5250738920542006e-16,5.494416382549599e-17,-1.7589114590415807e-21,0.0,0.0,0.0
2.7720000000000002,3.0416978395434447e-16,3.8246323705746335e-16,9.810678079999997,2.557710134967757e-16,5.523592207847243e-17,-1.7589114590416338e-21,0.0,0.0,0.0
2.774,3.052535876542716e-16,3.774446629062356e-16,9.810678079999997,2.590462665831949e-16,5.547383296931126e-17,-1.7589114590416864e-21,0.0,0.0,0.0
2.7760000000000002,3.063420594885224e-16,3.7236182384768313e-16,9.810678079999997,2.6233319855195586e-16,5.565720696038028e-17,-1.7589114590417383e-21,0.0,0.0,0.0
2.778,3.074341293691617e-16,3.672144907262919e-16,9.810678079999997,2.656318480087065e-16,5.578535205529714e-17,-1.7589114590417895e-21,0.0,0.0,0.0
2.7800000000000002,3.0852871363034966e-16,3.620024336290934e-16,9.810678079999997,2.6894224193177893e-16,5.585757379080181e-17,-1.75891145904184e-21,0.0,0.0,0.0
2.782,3.0962471497993466e-16,3.567254221136702e-16,9.810678079999997,2.722643955259842e-16,5.587317523107673e-17,-1.7589114590418896e-21,0.0,0.0,0.0
2.7840000000000003,3.1072102245093202e-16,3.5138322543936615e-16,9.810678079999997,2.755983120758869e-16,5.583145696454583e-17,-1.758911459041939e-21,0.0,0.0,0.0
2.786,3.118165113529662e-16,3.459756128010358e-16,9.810678079999997,2.713201337024198e-16,5.573171710318299e-17,-1.758911459041873e-21,0.0,0.0,0.0
2.7880000000000003,3.129100432236571e-16,3.4065194382427083e-16,9.810678079999997,2.670536885035309e-16,5.55748563300524e-17,-1.758911459041806e-21,0.0,0.0,0.0
2.79,3.1400049727324734e-16,3.3541198828829914e-16,9.810678079999997,2.6279894345538875e-16,5.5361772858038034e-17,-1.7589114590417383e-21,0.0,0.0,0.0
2.7920000000000003,3.150867703361461e-16,3.302555166202992e-16,9.810678079999997,2.58555853697621e-16,5.5093362436796086e-17,-1.7589114590416695e-21,0.0,0.0,0.0
2.794,3.1616777682256794e-16,3.2518230012764565e-16,9.810678079999997,2.543243627218964e-16,5.4770518362199485e-17,-1.7589114590416e-21,0.0,0.0,0.0
2.7960000000000003,3.1724244867042194e-16,3.2019211122650654e-16,9.810678079999997,2.5010440255998997e-16,5.4394131488234523e-17,-1.7589114590415296e-21,0.0,0.0,0.0
2.798,3.183097352973664e-16,3.1528472366669314e-16,9.810678079999997,2.45895893971334e-16,5.3965090241310186e-17,-1.7589114590414585e-21,0.0,0.0,0.0
2.8000000000000003,3.1936860355320016e-16,3.104599127528123e-16,9.810678079999997,2.4169874663005824e-16,5.3484280636940644e-17,-1.7589114590413866e-21,0.0,0.0,0.0
2.802,3.2041803767253393e-16,3.057174555617455e-16,9.810678079999997,2.3751285931152215e-16,5.295258629876151e-17,-1.758911459041314e-21,0.0,0.0,0.0
2.8040000000000003,3.2145703922789923e-16,3.010571311566274e-16,9.810678079999997,2.33338120078344e-16,5.237088847984062e-17,-1.758911459041241e-21,0.0,0.0,0.0
2.806,3.224846270831779e-16,2.964787207968553e-16,9.810678079999997,2.2917440646593064e-16,5.174006608624417e-17,-1.7589114590411673e-21,0.0,0.0,0.0
2.8080000000000003,3.2349983734759553e-16,2.919820081448448e-16,9.810678079999997,2.250215856675132e-16,5.1060995702819135e-17,-1.7589114590410932e-21,0.0,0.0,0.0
2.81,3.245017233301647e-16,2.875667794687669e-16,9.810678079999997,2.2087951471869416e-16,5.0334551621153e-17,-1.7589114590410184e-21,0.0,0.0,0.0
2.8120000000000003,3.254893554946768e-16,2.8323282384203143e-16,9.810678079999997,2.1674804068151153e-16,4.9561605869672025e-17,-1.758911459040943e-21,0.0,0.0,0.0
2.814,3.2646182141531e-16,2.7897993333882564e-16,9.810678079999997,2.1262700082802665e-16,4.874302824583918e-17,-1.758911459040867e-21,0.0,0.0,0.0
2.816,3.2741822573283534e-16,2.7480790322635e-16,9.810678079999997,2.085162228234423e-16,4.787968635041321e-17,-1.7589114590407908e-21,0.0,0.0,0.0
2.818,3.283576901115497e-16,2.7071653215318324e-16,9.810678079999997,2.0441552490875825e-16,4.69724456237302e-17,-1.758911459040714e-21,0.0,0.0,0.0
2.82,3.2927935319683763e-16,2.6670562233431963e-16,9.810678079999997,2.0032471608297217e-16,4.60221693839692e-17,-1.758911459040637e-21,0.0,0.0,0.0
2.822,3.3018237057357735e-16,2.627749797324097e-16,9.810678079999997,1.9624359628483349e-16,4.5029718867363616e-17,-1.7589114590405595e-21,0.0,0.0,0.0
2.824,3.3106591472525564e-16,2.589244142355745e-16,9.810678079999997,1.921719565741592e-16,4.3995953270320013e-17,-1.7589114590404816e-21,0.0,0.0,0.0
2.826,3.319291749939701e-16,2.5515373983166983e-16,9.810678079999997,1.8810957931272006e-16,4.292172979340617e-17,-1.7589114590404034e-21,0.0,0.0,0.0
2.828,3.327713575412511e-16,2.514627747788774e-16,9.810678079999997,1.8405623834470668e-16,4.180790368717042e-17,-1.7589114590403247e-21,0.0,0.0,0.0
2.83,3.3359168530980205e-16,2.478513417728448e-16,9.810678079999997,1.8001169917678502e-16,4.065532829975407e-17,-1.758911459040246e-21,0.0,0.0,0.0
2.832,3.3438939798617025e-16,2.4431926811032485e-16,9.810678079999997,1.7597571915775146e-16,3.946485512625924e-17,-1.758911459040167e-21,0.0,0.0,0.0
2.834,3.3516375196440996e-16,2.4086638584921563e-16,9.810678079999997,1.719480476577977e-16,3.823733385983408e-17,-1.7589114590400878e-21,0.0,0.0,0.0
2.836,3.359140203106823e-16,2.3749253196512487e-16,9.810678079999997,1.679284262473962e-16,3.6973612444437787e-17,-1.7589114590400084e-21,0.0,0.0,0.0
2.838,3.3663949272897676e-16,2.341975485043349e-16,9.810678079999997,1.639165888758176e-16,3.567453712924762e-17,-1.7589114590399286e-21,0.0,0.0,0.0
2.84,3.3733947552783114e-16,2.309812827334644e-16,9.810678079999997,1.599122620492911e-16,3.434095252467049e-17,-1.758911459039849e-21,0.0,0.0,0.0
2.842,3.380132915881916e-16,2.278435872854323e-16,9.810678079999997,1.5591516500881997e-16,3.2973701659921476e-17,-1.7589114590397688e-21,0.0,0.0,0.0
2.844,3.38660280332376e-16,2.2478432030206913e-16,9.810678079999997,1.519250099076641e-16,3.157362604213187e-17,-1.7589114590396887e-21,0.0,0.0,0.0
2.846,3.39279797694208e-16,2.2180334557305495e-16,9.810678079999997,1.4794150198850216e-16,3.014156571694945e-17,-1.758911459039608e-21,0.0,0.0,0.0
2.848,3.3987121609035927e-16,2.189005326716776e-16,9.810678079999997,1.4396433976028608e-16,2.8678359330593625e-17,-1.7589114590395277e-21,0.0,0.0,0.0
2.85,3.4043392439286886e-16,2.1607575708691745e-16,9.810678079999997,1.399932151748008e-16,2.7184844193328182e-17,-1.758911459039447e-21,0.0,0.0,0.0
2.852,3.4096732790294427e-16,2.133289003519825e-16,9.810678079999997,1.3602781380294288e-16,2.5661856344314585e-17,-1.7589114590393663e-21,0.0,0.0,0.0
2.854,3.4147084832600146e-16,2.106598501696879e-16,9.810678079999997,1.3206781501073153e-16,2.4110230617808566e-17,-1.7589114590392854e-21,0.0,0.0,0.0
2.856,3.419439237480545e-16,2.0806850053408853e-16,9.810678079999997,1.281128921350658e-16,2.2530800710663078e-17,-1.7589114590392045e-21,0.0,0.0,0.0
2.858,3.4238600861336856e-16,2.0555475184883268e-16,9.810678079999997,1.2416271265924248e-16,2.092439925110053e-17,-1.7589114590391237e-21,0.0,0.0,0.0
2.86,3.4279657370350586e-16,2.031185110419414e-16,9.810678079999997,1.20216938388249e-16,1.9291857868717396e-17,-1.7589114590390424e-21,0.0,0.0,0.0
2.862,3.431751061177397e-16,2.0075969167735828e-16,9.810678079999997,1.1627522562384596e-16,1.7634007265684253e-17,-1.758911459038961e-21,0.0,0.0,0.0
2.864,3.435211092548244e-16,1.9847821406280164e-16,9.810678079999997,1.1233722533945459e-16,1.595167728910444e-17,-1.75891145903888e-21,0.0,0.0,0.0
2.866,3.4383410279626274e-16,1.9627400535441174e-16,9.810678079999997,1.0840258335486407e-16,1.424569700449446e-17,-1.7589114590387987e-21,0.0,0.0,0.0
2.868,3.441136226909356e-16,1.9414699965772504e-16,9.810678079999997,1.0447094051077434e-16,1.2516894770349393e-17,-1.7589114590387174e-21,0.0,0.0,0.0
2.87,3.4435922114124145e-16,1.9209713812559157e-16,9.810678079999997,1.0054193284319003e-16,1.076609831375656e-17,-1.758911459038636e-21,0.0,0.0,0.0
2.872,3.445704665907086e-16,1.901243690522712e-16,9.810678079999997,9.661519175768156e-17,8.994134807020689e-18,-1.758911459038555e-21,0.0,0.0,0.0
2.874,3.447469437131115e-16,1.8822864796432526e-16,9.810678079999997,9.269034420352931e-17,7.201830945263959e-18,-1.7589114590384737e-21,0.0,0.0,0.0
2.876,3.448882534030908e-16,1.8640993770810606e-16,9.810678079999997,8.876701284776741e-17,5.390013024964196e-18,-1.758911459038392e-21,0.0,0.0,0.0
2.878,3.449940127683631e-16,1.846682085337707e-16,9.810678079999997,8.48448162491436e-17,3.559507023394635e-18,-1.7589114590383104e-21,0.0,0.0,0.0
2.88,3.450638551234226e-16,1.830034381758187e-16,9.810678079999997,8.092336903201186e-17,1.7111386789285698e-18,-1.7589114590382288e-21,0.0,0.0,0.0
2.882,3.450974299848817e-16,1.8141561193037586e-16,9.810678079999997,7.700228206017473e-17,-1.542664278276695e-19,-1.758911459038147e-21,0.0,0.0,0.0
2.884,3.4509440306835283e-16,1.79904722728928e-16,9.810678079999997,7.30811626106925e-17,-2.0358827921100403e-18,-1.7589114590380655e-21,0.0,0.0,0.0
2.886,3.450544562869936e-16,1.7847077120875143e-16,9.810678079999997,6.915961454767632e-17,-3.9328849023169955e-18,-1.758911459037984e-21,0.0,0.0,0.0
2.888,3.449772877515873e-16,1.77113765779843e-16,9.810678079999997,6.523723849608284e-17,-2.0325226085419573e-18,-1.758911459037935e-21,0.0,0.0,0.0
2.89,3.449374069015832e-16,1.7583372268839858e-16,9.810678079999997,6.131443453837341e-17,-1.4589468270067957e-19,-1.7589114590378857e-21,0.0,0.0,0.0
2.892,3.4493454425005364e-16,1.746306503305853e-16,9.810678079999997,5.73915998655188e-17,1.7278247414471816e-18,-1.7589114590378365e-21,0.0,0.0,0.0
2.894,3.4496844651468526e-16,1.7350454930901891e-16,9.810678079999997,5.346912895086842e-17,3.589461536608417e-18,-1.7589114590377868e-21,0.0,0.0,0.0
2.896,3.450388766179146e-16,1.7245541248630782e-16,9.810678079999997,4.9547413724020964e-17,5.4398414989079576e-18,-1.758911459037737e-21,0.0,0.0,0.0
2.898,3.4514561368541817e-16,1.7148322503482524e-16,9.810678079999997,4.5626843744678914e-17,7.279790265376105e-18,-1.758911459037687e-21,0.0,0.0,0.0
2.9,3.452884530429878e-16,1.7058796448325198e-16,9.810678079999997,4.1707806376469556e-17,9.110133231934691e-18,-1.758911459037637e-21,0.0,0.0,0.0
2.902,3.4546720621179757e-16,1.6976960075969264e-16,9.810678079999997,3.779068696071523e-17,1.0931695471845584e-17,-1.7589114590375867e-21,0.0,0.0,0.0
2.904,3.456817009020804e-16,1.6902809623131588e-16,9.810678079999997,3.3875868990135644e-17,1.274530165458494e-17,-1.7589114590375363e-21,0.0,0.0,0.0
2.906,3.4593178100521504e-16,1.6836340574061734e-16,9.810678079999997,2.996373428246519e-17,1.4551775965106648e-17,-1.758911459037486e-21,0.0,0.0,0.0
2.908,3.4621730658418556e-16,1.6777547663837926e-16,9.810678079999997,2.6054663153968255e-17,1.6351942023458398e-17,-1.758911459037435e-21,0.0,0.0,0.0
2.91,3.4653815386253746e-16,1.6726424881300623e-16,9.810678079999997,2.214903459283559e-17,1.8146622804713873e-17,-1.7589114590373843e-21,0.0,0.0,0.0
2.912,3.46894215211688e-16,1.668296547166562e-16,9.810678079999997,1.8247226432444904e-17,1.993664055918452e-17,-1.7589114590373335e-21,0.0,0.0,0.0
2.914,3.472853991367329e-16,1.6647161938789563e-16,9.810678079999997,1.4349615524468873e-17,2.1722816732874443e-17,-1.7589114590372827e-21,0.0,0.0,0.0
2.916,3.4771163026065067e-16,1.661900604709279e-16,9.810678079999997,1.0456577911813808e-17,2.3505971888142e-17,-1.758911459037232e-21,0.0,0.0,0.0
2.918,3.4817284930695377e-16,1.659848882315185e-16,9.810678079999997,6.568489001372308e-18,2.5286925624531634e-17,-1.7589114590371808e-21,0.0,0.0,0.0
2.92,3.4866901308082377e-16,1.658560055693949e-16,9.810678079999997,2.685723736573193e-18,2.7066496499739626e-17,-1.7589114590371297e-21,0.0,0.0,0.0
2.922,3.492000944486503e-16,1.6580330802739241e-16,9.810678079999997,-1.191343230287889e-18,2.8845501950677416e-17,-1.7589114590370785e-21,0.0,0.0,0.0
2.924,3.497660823160353e-16,1.6582668379722277e-16,9.810678079999997,-5.062337365953818e-18,3.062475821459622e-17,-1.7589114590370273e-21,0.0,0.0,0.0
2.926,3.5036698160427523e-16,1.6592601372169276e-16,9.810678079999997,-8.926884084363927e-18,3.240508025023669e-17,-1.758911459036976e-21,0.0,0.0,0.0
2.928,3.5100281322525916e-16,1.6610117129371814e-16,9.810678079999997,-1.2784608575081082e-17,3.4187281658967486e-17,-1.758911459036925e-21,0.0,0.0,0.0
2.93,3.5167361405483246e-16,1.6635202265193566e-16,9.810678079999997,-1.6635135632004538e-17,3.5972174605876585e-17,-1.7589114590368742e-21,0.0,0.0,0.0
2.932,3.523794369046258e-16,1.6667842657293763e-16,9.810678079999997,-2.0478089482385164e-17,3.7760569740779307e-17,-1.7589114590368235e-21,0.0,0.0,0.0
2.934,3.531203504923126e-16,1.6708023446015399e-16,9.810678079999997,-2.4313093616159694e-17,3.955327611910703e-17,-1.7589114590367727e-21,0.0,0.0,0.0
2.936,3.5389643941034436e-16,1.6755729032933227e-16,9.810678079999997,-2.813977061562062e-17,4.13511011226407e-17,-1.758911459036722e-21,0.0,0.0,0.0
2.938,3.5470780409307723e-16,1.6810943079083758e-16,9.810678079999997,-3.195774198543846e-17,4.315485038005323e-17,-1.758911459036671e-21,0.0,0.0,0.0
2.94,3.555545607824135e-16,1.6873648502840264e-16,9.810678079999997,-2.8142778886914685e-17,4.496532768722505e-17,-1.7589114590367512e-21,0.0,0.0,0.0
2.942,3.564368414918159e-16,1.6928868451627727e-16,9.810678079999997,-2.4318349257174147e-17,4.67817298816058e-17,-1.7589114590368317e-21,0.0,0.0,0.0
2.944,3.5735476247560513e-16,1.6976584350828666e-16,9.810678079999997,-2.0484070689839318e-17,4.8603251807660347e-17,-1.7589114590369126e-21,0.0,0.0,0.0
2.946,3.5830842418985566e-16,1.7016776875490688e-16,9.810678079999997,-1.663955970067775e-17,5.0429086236360945e-17,-1.758911459036994e-21,0.0,0.0,0.0
2.948,3.5929791125172635e-16,1.7049425948213821e-16,9.810678079999997,-1.2784431897547649e-17,5.225842378445245e-17,-1.7589114590370755e-21,0.0,0.0,0.0
2.95,3.603232923971577e-16,1.7074510737368183e-16,9.810678079999997,-8.918302150797004e-18,5.4090452833526415e-17,-1.7589114590371575e-21,0.0,0.0,0.0
2.952,3.6138462043706545e-16,1.7092009655654307e-16,9.810678079999997,-5.040784764133243e-18,5.59243594489399e-17,-1.7589114590372402e-21,0.0,0.0,0.0
2.954,3.6248193221182706e-16,1.7101900358971623e-16,9.810678079999997,-1.1514936459805599e-18,5.775932729861501e-17,-1.7589114590373234e-21,0.0,0.0,0.0
2.956,3.6361524854431975e-16,1.7104159745666572e-16,9.810678079999997,2.7499575186580464e-18,5.959453757175518e-17,-1.758911459037407e-21,0.0,0.0,0.0
2.958,3.647845741912022e-16,1.7098763956076548e-16,9.810678079999997,6.663955095816888e-18,6.142916889751446e-17,-1.7589114590374908e-21,0.0,0.0,0.0
2.96,3.659898977927603e-16,1.7085688372438682e-16,9.810678079999997,1.0590885329644731e-17,6.326239726365604e-17,-1.758911459037575e-21,0.0,0.0,0.0
2.962,3.672311918210025e-16,1.706490761912897e-16,9.810678079999997,1.4531134168925855e-17,6.509339593523644e-17,-1.7589114590376597e-21,0.0,0.0,0.0
2.964,3.6850841252630697e-16,1.7036395563236663e-16,9.810678079999997,1.848508709302789e-17,6.692133537335185e-17,-1.7589114590377447e-21,0.0,0.0,0.0
2.966,3.698214998823677e-16,1.700012531548624e-16,9.810678079999997,2.2453128937259362e-17,6.874538315398334e-17,-1.7589114590378304e-21,0.0,0.0,0.0
2.968,3.7117037752959383e-16,1.6956069231506991e-16,9.810678079999997,2.6435643717619802e-17,7.056470388697766e-17,-1.7589114590379166e-21,0.0,0.0,0.0
2.97,3.7255495271688784e-16,1.690419891343785e-16,9.810678079999997,3.043301445492543e-17,7.23784591352005e-17,-1.758911459038003e-21,0.0,0.0,0.0
2.972,3.7397511624188953e-16,1.6844485211872434e-16,9.810678079999997,3.4445622998293325e-17,7.418580733389927e-17,-1.75891145903809e-21,0.0,0.0,0.0
2.974,3.7543074238960496e-16,1.6776898228171385e-16,9.810678079999997,3.8473849847967185e-17,7.598590371031261e-17,-1.7589114590381773e-21,0.0,0.0,0.0
2.976,3.769216888694456e-16,1.6701407317100132e-16,9.810678079999997,4.251807397746765e-17,7.777790020356378e-17,-1.7589114590382653e-21,0.0,0.0,0.0
2.978,3.7844779675071414e-16,1.6617981089826556e-16,9.810678079999997,4.657867265505042e-17,7.956094538487559e-17,-1.7589114590383537e-21,0.0,0.0,0.0
2.98,3.8000889039653764e-16,1.6526587417263792e-16,9.810678079999997,5.065602126445533e-17,8.133418437814422e-17,-1.7589114590384424e-21,0.0,0.0,0.0
2.982,3.816047773962101e-16,1.6427193433775408e-16,9.810678079999997,5.475049312492962e-17,8.309675878090986e-17,-1.7589114590385316e-21,0.0,0.0,0.0
2.984,3.832352484959825e-16,1.6319765541220783e-16,9.810678079999997,5.886245931050887e-17,8.484780658576198e-17,-1.758911459038621e-21,0.0,0.0,0.0
2.986,3.849000775283979e-16,1.6204269413362865e-16,9.810678079999997,6.299228846853891e-17,8.658646210221727e-17,-1.7589114590387114e-21,0.0,0.0,0.0
2.988,3.865990213399382e-16,1.6080670000625995e-16,9.810678079999997,6.714034663742241e-17,8.831185587910845e-17,-1.758911459038802e-21,0.0,0.0,0.0
2.99,3.883318197172904e-16,1.5948931535218565e-16,9.810678079999997,7.130699706357367e-17,9.002311462752239e-17,-1.758911459038893e-21,0.0,0.0,0.0
2.992,3.900981953120348e-16,1.5809017536610674e-16,9.810678079999997,7.549260001756546e-17,9.171936114432599e-17,-1.7589114590389845e-21,0.0,0.0,0.0
2.994,3.918978535638176e-16,1.5660890817371699e-16,9.810678079999997,7.96975126094519e-17,9.339971423631854e-17,-1.7589114590390766e-21,0.0,0.0,0.0
2.996,3.937304826220932e-16,1.5504513489372714e-16,9.810678079999997,8.392208860325114e-17,9.506328864504954e-17,-1.758911459039169e-21,0.0,0.0,0.0
2.998,3.9559575326633847e-16,1.533984697035622e-16,9.810678079999997,8.816667823057232e-17,9.670919497234089e-17,-1.758911459039262e-21,0.0,0.0,0.0
3.0,3.9749331882483704e-16,1.5166851990855941e-16,9.810678079999997,9.243162800337097e-17,9.833653960655278e-17,-1.7589114590393558e-21,0.0,0.0,0.0
3.0020000000000002,3.9942281509199674e-16,1.4985488601503637e-16,9.810678079999997,9.671728052581728e-17,9.994442464963266e-17,-1.7589114590394498e-21,0.0,0.0,0.0
3.004,4.013838602442497e-16,1.479571618070325e-16,9.810678079999997,9.340012520912363e-17,1.0153194784498697e-16,-1.758911459039397e-21,0.0,0.0,0.0
3.0060000000000002,4.0337605475453487e-16,1.4612452468489747e-16,9.810678079999997,9.010434537000815e-17,1.0309980755190655e-16,-1.758911459039344e-21,0.0,0.0,0.0
3.008,4.053990127985393e-16,1.4435655523283375e-16,9.810678079999997,8.683027108930473e-17,1.0464869762951209e-16,-1.758911459039291e-21,0.0,0.0,0.0
3.0100000000000002,4.074523621664074e-16,1.426528275583232e-16,9.810678079999997,8.35782284541793e-17,1.0617930736726234e-16,-1.7589114590392376e-21,0.0,0.0,0.0
3.012,4.095357441730819e-16,1.4101290937059408e-16,9.810678079999997,8.034853970324566e-17,1.0769232141630314e-16,-1.7589114590391842e-21,0.0,0.0,0.0
3.0140000000000002,4.116488135672891e-16,1.3943636205615453e-16,9.810678079999997,7.714152337070478e-17,1.0918841972162662e-16,-1.758911459039131e-21,0.0,0.0,0.0
3.016,4.137912384391927e-16,1.379227407513677e-16,9.810678079999997,7.395749442949338e-17,1.106682774550104e-16,-1.758911459039077e-21,0.0,0.0,0.0
3.0180000000000002,4.1596270012675374e-16,1.3647159441246324e-16,9.810678079999997,7.079676443342745e-17,1.1213256494870638e-16,-1.7589114590390232e-21,0.0,0.0,0.0
3.02,4.181628931207467e-16,1.3508246588254106e-16,9.810678079999997,6.765964165832711e-17,1.1358194762984952e-16,-1.7589114590389694e-21,0.0,0.0,0.0
3.0220000000000002,4.203915249685431e-16,1.3375489195591293e-16,9.810678079999997,6.454643124210866e-17,1.1501708595555666e-16,-1.7589114590389157e-21,0.0,0.0,0.0
3.024,4.2264831617656403e-16,1.3248840343965818e-16,9.810678079999997,6.145743532383033e-17,1.164386353486859e-16,-1.758911459038862e-21,0.0,0.0,0.0
3.0260000000000002,4.2493300011152446e-16,1.3128252521246783e-16,9.810678079999997,5.839295318167819e-17,1.1784724613422752e-16,-1.758911459038808e-21,0.0,0.0,0.0
3.028,4.2724532290039596e-16,1.301367762808756e-16,9.810678079999997,5.5353281369878776e-17,1.192435634762969e-16,-1.7589114590387543e-21,0.0,0.0,0.0
3.0300000000000002,4.2958504332914897e-16,1.2905066983248132e-16,9.810678079999997,5.233871385452525e-17,1.2062822731570124e-16,-1.7589114590387005e-21,0.0,0.0,0.0
3.032,4.3195193274026247e-16,1.2802371328698044e-16,9.810678079999997,4.9349542148303806e-17,1.2200187230805088e-16,-1.7589114590386467e-21,0.0,0.0,0.0
3.0340000000000003,4.3434577492900116e-16,1.2705540834416121e-16,9.810678079999997,4.638605544410751e-17,1.2336512776238737e-16,-1.758911459038593e-21,0.0,0.0,0.0
3.036,4.367663660385585e-16,1.2614525102943681e-16,9.810678079999997,4.34485407475244e-17,1.2471861758029976e-16,-1.7589114590385395e-21,0.0,0.0,0.0
3.0380000000000003,4.392135144538811e-16,1.2529273173678892e-16,9.810678079999997,4.053728300818728e-17,1.2606296019550143e-16,-1.758911459038486e-21,0.0,0.0,0.0
3.04,4.4168704069445745e-16,1.244973352691229e-16,9.810678079999997,3.7652565249972265e-17,1.2739876851383978e-16,-1.7589114590384327e-21,0.0,0.0,0.0
3.0420000000000003,4.441867773058126e-16,1.237585408760345e-16,9.810678079999997,3.479466870003359e-17,1.287266498537113e-16,-1.7589114590383792e-21,0.0,0.0,0.0
3.044,4.467125687498813e-16,1.2307582228898817e-16,9.810678079999997,3.1963872916662123e-17,1.30047205886855e-16,-1.7589114590383262e-21,0.0,0.0,0.0
3.0460000000000003,4.492642712941975e-16,1.2244864775425194e-16,9.810678079999997,2.916045591595502e-17,1.313610325794971e-16,-1.758911459038273e-21,0.0,0.0,0.0
3.048,4.518417528999869e-16,1.2187648006292345e-16,9.810678079999997,2.6384694297284264e-17,1.3266872013382037e-16,-1.7589114590382205e-21,0.0,0.0,0.0
3.0500000000000003,4.544448931090277e-16,1.2135877657895923e-16,9.810678079999997,2.3636863367551674e-17,1.3397085292973184e-16,-1.758911459038168e-21,0.0,0.0,0.0
3.052,4.570735829294128e-16,1.2089498926431953e-16,9.810678079999997,2.0917237264218154e-17,1.3526800946690253e-16,-1.7589114590381156e-21,0.0,0.0,0.0
3.0540000000000003,4.597277247202165e-16,1.2048456470206726e-16,9.810678079999997,1.822608907709498e-17,1.3656076230705343e-16,-1.7589114590380637e-21,0.0,0.0,0.0
3.056,4.634099218392932e-16,1.203874289210383e-16,9.831951680000001,1.5574449442751528e-17,1.378524729177942e-16,-1.758911459038012e-21,0.0,0.0,0.0
3.0580000000000003,4.671302868436152e-16,1.2034127800308565e-16,9.853248320000002,1.2962727887853632e-17,1.3914368834701196e-16,-1.758911459037961e-21,0.0,0.0,0.0
3.06,4.708889940650946e-16,1.2034566027372e-16,9.874568000000002,1.0391335809581003e-17,1.4043495079630087e-16,-1.7589114590379106e-21,0.0,0.0,0.0
3.0620000000000003,4.746862288393536e-16,1.2040010983356428e-16,9.89591072,7.860686593693131e-18,1.4172679746833487e-16,-1.7589114590378605e-21,0.0,0.0,0.0
3.064,4.785221875222407e-16,1.2050414641268553e-16,9.917276480000002,5.371195732771842e-18,1.4301976041267688e-16,-1.7589114590378112e-21,0.0,0.0,0.0
3.0660000000000003,4.823970775022927e-16,1.2065727522162354e-16,9.938665280000002,2.9232809445979105e-18,1.4431436636999033e-16,-1.7589114590377623e-21,0.0,0.0,0.0
3.068,4.863111172091901e-16,1.2085898679943643e-16,9.960077120000001,5.173622906181857e-19,1.4561113661461936e-16,-1.7589114590377142e-21,0.0,0.0,0.0
3.0700000000000003,4.902645361180466e-16,1.2110875685831977e-16,9.981512000000006,-1.8461377055411724e-18,1.4691058679550261e-16,-1.7589114590376668e-21,0.0,0.0,0.0
3.072,4.942575747494831e-16,1.2140604612511943e-16,10.002969920000009,-4.1667939395607206e-18,1.4821322677538593e-16,-1.75891145903762e-21,0.0,0.0,0.0
3.074,4.982904846653505e-16,1.2175030017944259e-16,10.024450880000009,-6.444178607959267e-18,1.4951956046829834e-16,-1.7589114590375743e-21,0.0,0.0,0.0
3.076,5.02363528460163e-16,1.2214094928841598e-16,10.045954880000007,-8.677861089718187e-18,1.5083008567525565e-16,-1.758911459037529e-21,0.0,0.0,0.0
3.078,5.064769797478852e-16,1.2257740823826414e-16,10.067481920000011,-1.0867407828046684e-17,1.521452939181554e-16,-1.7589114590374847e-21,0.0,0.0,0.0
3.08,5.106311231442192e-16,1.2305907616214046e-16,10.089032000000007,-1.301238221233721e-17,1.5346567027182648e-16,-1.758911459037441e-21,0.0,0.0,0.0
3.082,5.148262542442578e-16,1.235853363649015e-16,10.110605120000013,-1.5112344460361222e-17,1.5479169319419665e-16,-1.7589114590373982e-21,0.0,0.0,0.0
3.084,5.190626795952565e-16,1.241555561440355e-16,10.132201280000011,-1.7166851500756473e-17,1.5612383435454046e-16,-1.758911459037356e-21,0.0,0.0,0.0
3.086,5.233407166646231e-16,1.2476908660738635e-16,10.153820480000014,-1.917545685585812e-17,1.5746255845977e-16,-1.758911459037315e-21,0.0,0.0,0.0
3.088,5.276606938028905e-16,1.254252624871055e-16,10.175462720000015,-2.1137710524926883e-17,1.588083230787304e-16,-1.758911459037275e-21,0.0,0.0,0.0
3.09,5.32022950201648e-16,1.261234019501775e-16,10.197128000000015,-2.3053158867828703e-17,1.6016157846446187e-16,-1.7589114590372354e-21,0.0,0.0,0.0
3.092,5.364278358463085e-16,1.2686280640524777e-16,10.218816320000013,-2.4921344489221313e-17,1.6152276737438949e-16,-1.758911459037197e-21,0.0,0.0,0.0
3.094,5.40875711463563e-16,1.2764276030594958e-16,10.240527680000016,-2.6741806123304282e-17,1.6289232488840172e-16,-1.7589114590371597e-21,0.0,0.0,0.0
3.096,5.453669484635223e-16,1.2846253095033625e-16,10.262262080000015,-2.8514078519190287e-17,1.6427067822477866e-16,-1.7589114590371233e-21,0.0,0.0,0.0
3.098,5.4990192887630025e-16,1.2932136827693594e-16,10.284019520000015,-3.0237692326956404e-17,1.656582465539303e-16,-1.758911459037088e-21,0.0,0.0,0.0
3.1,5.5448104528305e-16,1.3021850465683747e-16,10.30580000000002,-3.191217398443546e-17,1.670554408099049e-16,-1.7589114590370537e-21,0.0,0.0,0.0
3.102,5.591047007413179e-16,1.31153154682177e-16,10.327603520000014,-3.353704560480865e-17,1.6846266349962784e-16,-1.7589114590370206e-21,0.0,0.0,0.0
3.104,5.63773308704506e-16,1.3212451495085302e-16,10.34943008000002,-3.511182486506178e-17,1.6988030850983005e-16,-1.7589114590369886e-21,0.0,0.0,0.0
3.106,5.68487292935479e-16,1.3313176384739546e-16,10.37127968000002,-3.663602489536884e-17,1.7130876091162612e-16,-1.7589114590369577e-21,0.0,0.0,0.0
3.108,5.732470874140832e-16,1.3417406132018656e-16,10.393152320000024,-3.810915416946768e-17,1.72748396762701e-16,-1.758911459036928e-21,0.0,0.0,0.0
3.11,5.780531362385261e-16,1.3525054865468793e-16,10.415048000000025,-3.953071639609406e-17,1.7419958290706458e-16,-1.7589114590369e-21,0.0,0.0,0.0
3.112,5.829058935204089e-16,1.363603482429946e-16,10.436966720000026,-4.090021041154139e-17,1.7566267677233287e-16,-1.7589114590368727e-21,0.0,0.0,0.0
3.114,5.878058232734846e-16,1.3750256334949403e-16,10.458908480000016,-4.2217130073414943e-17,1.7713802616449491e-16,-1.7589114590368468e-21,0.0,0.0,0.0
3.116,5.927533992957355e-16,1.3867627787260543e-16,10.480873280000026,-4.348096415565065e-17,1.7862596906012367e-16,-1.7589114590368223e-21,0.0,0.0,0.0
3.118,5.977491050448694e-16,1.3988055610272274e-16,10.502861120000027,-4.4691196244869815e-17,1.8012683339598973e-16,-1.7589114590367994e-21,0.0,0.0,0.0
3.12,6.027934335070719e-16,1.4111444247631192e-16,10.52487200000002,-4.584730463814262e-17,1.8164093685603606e-16,-1.7589114590367776e-21,0.0,0.0,0.0
3.122,6.078868870587347e-16,1.423769613260885e-16,10.54690592000003,-4.694876224223456e-17,1.8316858665567227e-16,-1.7589114590367573e-21,0.0,0.0,0.0
3.124,6.130299773212186e-16,1.4366711662725099e-16,10.568962880000033,-4.7995036474411444e-17,1.847100793233467e-16,-1.7589114590367384e-21,0.0,0.0,0.0
3.126,6.182232250084306e-16,1.4498389173991766e-16,10.591042880000028,-4.8985589164879996e-17,1.8626570047935444e-16,-1.758911459036721e-21,0.0,0.0,0.0
3.128,6.234671597670675e-16,1.4632624914761926e-16,10.613145920000026,-4.991987646094258e-17,1.8783572461183968e-16,-1.7589114590367053e-21,0.0,0.0,0.0
3.13,6.287623200093773e-16,1.476931301919459e-16,10.63527200000003,-5.079734873294604e-17,1.8942041484995065e-16,-1.758911459036691e-21,0.0,0.0,0.0
3.132,6.341092527383774e-16,1.4908345480322498e-16,10.657421120000025,-5.1617450482106134e-17,1.9102002273410534e-16,-1.7589114590366786e-21,0.0,0.0,0.0
3.134,6.395085133652944e-16,1.5049612122740277e-16,10.679593280000026,-5.237962025029069e-17,1.926347879833264e-16,-1.7589114590366677e-21,0.0,0.0,0.0
3.136,6.449606655191534e-16,1.5193000574905566e-16,10.701788480000031,-5.308329053184597e-17,1.9426493825960378e-16,-1.7589114590366587e-21,0.0,0.0,0.0
3.138,6.504662808482559e-16,1.533839624104077e-16,10.724006720000027,-5.3727887687552504e-17,1.959106889292433e-16,-1.758911459036651e-21,0.0,0.0,0.0
3.14,6.560259388136092e-16,1.5485682272667513e-16,10.74624800000003,-5.4312831860798146e-17,1.9757224282116035e-16,-1.7589114590366455e-21,0.0,0.0,0.0
3.142,6.616402264739002e-16,1.5634739539741722e-16,10.768512320000035,-5.483753689605778e-17,1.9924978998207693e-16,-1.7589114590366418e-21,0.0,0.0,0.0
3.144,6.67309738262063e-16,1.5785446601423864e-16,10.790799680000033,-5.530141025977069e-17,2.0094350742858174e-16,-1.75891145903664e-21,0.0,0.0,0.0
3.146,6.730350757531072e-16,1.5937679676449826e-16,10.813110080000037,-5.570385296370843e-17,2.0265355889601194e-16,-1.75891145903664e-21,0.0,0.0,0.0
3.148,6.788168474232684e-16,1.6091312613134478e-16,10.83544352000003,-5.604425949092763e-17,2.0438009458411649e-16,-1.7589114590366418e-21,0.0,0.0,0.0
3.15,6.846556684001251e-16,1.6246216859007924e-16,10.857800000000044,-5.632201772440373e-17,2.061232508994607e-16,-1.758911459036646e-21,0.0,0.0,0.0
3.152,6.905521602035555e-16,1.6402261430064717e-16,10.880179520000048,-5.653650887844391e-17,2.07883150194532e-16,-1.758911459036652e-21,0.0,0.0,0.0
3.154,6.965069504774638e-16,1.6559312879650692e-16,10.902582080000043,-5.668710743297865e-17,2.0965990050350751e-16,-1.7589114590366602e-21,0.0,0.0,0.0
3.156,7.025206727120271e-16,1.6717235266992348e-16,10.925007680000045,-5.677318107083352e-17,2.114535952746441e-16,-1.7589114590366707e-21,0.0,0.0,0.0
3.158,7.085939659563033e-16,1.6875890125346587e-16,10.94745632000005,-5.679409061808458e-17,2.1326431309925215e-16,-1.758911459036683e-21,0.0,0.0,0.0
3.16,7.147274745210155e-16,1.7035136429812723e-16,10.969928000000046,-5.674918998760259e-17,2.1509211743721478e-16,-1.758911459036698e-21,0.0,0.0,0.0
3.162,7.209218476714266e-16,1.7194830564774717e-16,10.992422720000048,-5.663782612589302e-17,2.1693705633901452e-16,-1.7589114590367147e-21,0.0,0.0,0.0
3.164,7.271777393099455e-16,1.7354826291010605e-16,11.014940480000043,-5.645933896334099e-17,2.1879916216423016e-16,-1.7589114590367343e-21,0.0,0.0,0.0
3.166,7.334958076484914e-16,1.7514974712446941e-16,11.037481280000055,-5.6213061367972e-17,2.2067845129646704e-16,-1.758911459036756e-21,0.0,0.0,0.0
3.168,7.398767148702817e-16,1.7675124242585372e-16,11.060045120000044,-5.589831910284126e-17,2.2257492385468444e-16,-1.7589114590367806e-21,0.0,0.0,0.0
3.17,7.463211267809709e-16,1.783512057058408e-16,11.082632000000052,-5.551443078716668e-17,2.2448856340088457e-16,-1.7589114590368073e-21,0.0,0.0,0.0
3.172,7.528297124488066e-16,1.7994806627031085e-16,11.10524192000005,-5.5060707861322235e-17,2.2641933664412833e-16,-1.7589114590368366e-21,0.0,0.0,0.0
3.174,7.594031438337785e-16,1.8154022549387204e-16,11.127874880000057,-5.4536454555810683e-17,2.2836719314084364e-16,-1.7589114590368686e-21,0.0,0.0,0.0
3.176,7.660420954054649e-16,1.8312605647118398e-16,11.150530880000051,-5.394096786433673e-17,2.3033206499139275e-16,-1.7589114590369032e-21,0.0,0.0,0.0
3.178,7.7274724374944e-16,1.84703903665323e-16,11.173209920000053,-5.3273537521103526e-17,2.3231386653286616e-16,-1.7589114590369404e-21,0.0,0.0,0.0
3.18,7.795192671618737e-16,1.8627208255311518e-16,11.195912000000058,-5.2533445982457943e-17,2.3431249402807125e-16,-1.7589114590369807e-21,0.0,0.0,0.0
3.182,7.863588452324953e-16,1.878288792675852e-16,11.218637120000057,-5.171996841301175e-17,2.363278253506848e-16,-1.7589114590370236e-21,0.0,0.0,0.0
3.184,7.93266658415268e-16,1.8937255023764404e-16,11.241385280000058,-5.083237267636838e-17,2.383597196665392e-16,-1.7589114590370695e-21,0.0,0.0,0.0
3.186,8.002433875869352e-16,1.9090132182506517e-16,11.264156480000052,-4.9869919330586976e-17,2.4040801711101417e-16,-1.7589114590371184e-21,0.0,0.0,0.0
3.188,8.072897135929571e-16,1.92413389958946e-16,11.28695072000005,-4.883186162851757e-17,2.4247253846250493e-16,-1.7589114590371703e-21,0.0,0.0,0.0
3.19,8.144063167809488e-16,1.939069197674578e-16,11.309768000000055,-4.771744552314373e-17,2.445530848119411e-16,-1.7589114590372252e-21,0.0,0.0,0.0
3.192,8.215938765208799e-16,1.9538004520745092e-16,11.332608320000062,-4.652590967807108e-17,2.466494372283301e-16,-1.758911459037283e-21,0.0,0.0,0.0
3.194,8.288530707125302e-16,1.9683086869164394e-16,11.355471680000063,-4.5256485483302517e-17,2.487613564203004e-16,-1.758911459037344e-21,0.0,0.0,0.0
3.196,8.361845752793854e-16,1.9825746071359436e-16,11.378358080000055,-4.390839707644315e-17,2.5088858239362223e-16,-1.7589114590374084e-21,0.0,0.0,0.0
3.198,8.435890636490001e-16,1.996578594708449e-16,11.401267520000065,-4.2480861369480584e-17,2.5303083410468275e-16,-1.758911459037476e-21,0.0,0.0,0.0
3.2,8.51067206219629e-16,2.0103007048587582e-16,11.424200000000067,-4.097308808128827e-17,2.5518780910989596e-16,-1.758911459037547e-21,0.0,0.0,0.0
3.202,8.5861966981275755e-16,2.0237206622550429e-16,11.44715552000006,-3.938427977600227e-17,2.5735918321102795e-16,-1.7589114590376217e-21,0.0,0.0,0.0
3.204,8.662471171115808e-16,2.0368178571850858e-16,11.47013408000007,-3.771363190742408e-17,2.595446100964196e-16,-1.7589114590376995e-21,0.0,0.0,0.0
3.206,8.739502060848639e-16,2.0495713417179801e-16,11.493135680000073,-3.5960332869604684e-17,2.6174372097809114e-16,-1.758911459037781e-21,0.0,0.0,0.0
3.208,8.817295893961344e-16,2.0619598258520231e-16,11.516160320000067,-3.412356405376754e-17,2.6395612422471363e-16,-1.758911459037866e-21,0.0,0.0,0.0
3.21,8.895859137979604e-16,2.073961673652009e-16,11.539208000000066,-3.220249991173053e-17,2.661814049904347e-16,-1.758911459037955e-21,0.0,0.0,0.0
3.212,8.97519819511142e-16,2.0855548993732106e-16,11.56227872000007,-3.01963080259897e-17,2.684191248395476e-16,-1.7589114590380475e-21,0.0,0.0,0.0
3.214,9.05531939588445e-16,2.0967171635801833e-16,11.585372480000066,-2.8104149186629884e-17,2.706688213669941e-16,-1.758911459038144e-21,0.0,0.0,0.0
3.216,9.136228992625585e-16,2.107425769256202e-16,11.608489280000079,-2.592517747523019e-17,2.729300078146938e-16,-1.7589114590382446e-21,0.0,0.0,0.0
3.218,9.217933152784477e-16,2.1176576579085067e-16,11.631629120000085,-2.3658540355934653e-17,2.7520217268369446e-16,-1.758911459038349e-21,0.0,0.0,0.0
3.22,9.300437952093368e-16,2.1273894056713299e-16,11.654792000000068,-2.130337877386121e-17,2.774847793421401e-16,-1.7589114590384575e-21,0.0,0.0,0.0
3.222,9.371326732000768e-16,2.1337686945195693e-16,11.662518080000005,-1.8872156269140387e-17,2.7977423073110957e-16,-1.7589114590385696e-21,0.0,0.0,0.0
3.224,9.436584172485142e-16,2.1381706317935274e-16,11.662518080000005,-1.637091505145348e-17,2.820684052287421e-16,-1.758911459038685e-21,0.0,0.0,0.0
3.226,9.50237673000083e-16,2.1419891536490892e-16,11.662518080000005,-1.3799080960895825e-17,2.84366676852829e-16,-1.758911459038804e-21,0.0,0.0,0.0
3.228,9.568705360203762e-16,2.1452077942729452e-16,11.662518080000005,-1.1156078812180537e-17,2.8666840195398014e-16,-1.7589114590389266e-21,0.0,0.0,0.0
3.23,9.63557086861879e-16,2.1478099536897187e-16,11.662518080000005,-8.441332555723766e-18,2.889729190716731e-16,-1.7589114590390526e-21,0.0,0.0,0.0
3.232,9.702973906484856e-16,2.1497788975608064e-16,11.662518080000005,-5.654265443187518e-18,2.91279548790086e-16,-1.7589114590391823e-21,0.0,0.0,0.0
3.234,9.770914966566637e-16,2.15109775701995e-16,11.662518080000005,-2.794300197516105e-18,2.935875935937556e-16,-1.758911459039316e-21,0.0,0.0,0.0
3.236,9.83939437893389e-16,2.1517495285514557e-16,11.662518080000005,1.391408124976031e-19,2.9589633772310274e-16,-1.7589114590394528e-21,0.0,0.0,0.0
3.238,9.908412306703822e-16,2.151717073906625e-16,11.662518080000005,3.1466353930800103e-18,2.982050470298696e-16,-1.758911459039594e-21,0.0,0.0,0.0
3.24,9.97796874175437e-16,2.1509831200635707e-16,11.662518080000005,6.228761341742525e-18,3.0051296883251276e-16,-1.7589114590397387e-21,0.0,0.0,0.0
3.242,1.0048063500400257e-15,2.1495302592282045e-16,11.662518080000005,9.386096258908981e-18,3.028193317715988e-16,-1.7589114590398873e-21,0.0,0.0,0.0
3.244,1.011869621903528e-15,2.1473409488818142e-16,11.662518080000005,1.2619217354868566e-17,3.0512334566524877e-16,-1.75891145904004e-21,0.0,0.0,0.0
3.246,1.0189866349744261e-15,2.1443975118705505e-16,11.662518080000005,1.5928701252018085e-17,3.074242013646808e-16,-1.7589114590401965e-21,0.0,0.0,0.0
3.248,1.0261573155877303e-15,2.1406821365437238e-16,11.662518080000005,1.9315123782357415e-17,3.0972107060989946e-16,-1.758911459040357e-21,0.0,0.0,0.0
3.25,1.0333815707592224e-15,2.136176876937215e-16,11.662518080000005,2.2779059780202e-17,3.1201310588558314e-16,-1.758911459040522e-21,0.0,0.0,0.0
3.2520000000000002,1.0406592877363967e-15,2.1308636530066816e-16,11.662518080000005,2.632108287007636e-17,3.142994402772211e-16,-1.758911459040691e-21,0.0,0.0,0.0
3.254,1.0479903335459257e-15,2.1247242509093302e-16,11.662518080000005,2.994176524975259e-17,3.165791873275531e-16,-1.7589114590408645e-21,0.0,0.0,0.0
3.2560000000000002,1.0553745545378454e-15,2.1177403233379485e-16,11.662518080000005,3.36416774683979e-17,3.1885144089336637e-16,-1.7589114590410424e-21,0.0,0.0,0.0
3.258,1.0628117759263407e-15,2.1098933899037501e-16,11.662518080000005,3.7421388199795424e-17,3.2111527500270505e-16,-1.7589114590412245e-21,0.0,0.0,0.0
3.2600000000000002,1.070301801327324e-15,2.1011648375744388e-16,11.662518080000005,3.3657614914464045e-17,3.233697437125489e-16,-1.7589114590410804e-21,0.0,0.0,0.0
3.262,1.0778444122924659e-15,2.0933141867251762e-16,11.662518080000005,2.997477093133379e-17,3.2561578897727534e-16,-1.7589114590409386e-21,0.0,0.0,0.0
3.2640000000000002,1.0854394123446177e-15,2.0863225605665432e-16,11.662518080000005,2.6373418365072226e-17,3.2785433249719644e-16,-1.758911459040799e-21,0.0,0.0,0.0
3.266,1.0930866265053344e-15,2.0801709511962475e-16,11.662518080000005,2.2854117452895528e-17,3.30086275577879e-16,-1.758911459040662e-21,0.0,0.0,0.0
3.2680000000000002,1.1007859008191163e-15,2.0748402200362016e-16,11.662518080000005,1.9417426780137006e-17,3.3231249898993507e-16,-1.7589114590405275e-21,0.0,0.0,0.0
3.27,1.108537101874473e-15,2.0703110982183254e-16,11.662518080000005,1.606390350067634e-17,3.345338628292252e-16,-1.7589114590403955e-21,0.0,0.0,0.0
3.2720000000000002,1.1163401163217064e-15,2.0665641869180863e-16,11.662518080000005,1.2794103552194602e-17,3.367512063774207e-16,-1.758911459040266e-21,0.0,0.0,0.0
3.274,1.1241948503873677e-15,2.0635799576382427e-16,11.662518080000005,9.608581866220129e-18,3.3896534796286947e-16,-1.7589114590401393e-21,0.0,0.0,0.0
3.2760000000000002,1.132101229385607e-15,2.0613387524435297e-16,11.662518080000005,6.5078925729304284e-18,3.4117708482171446e-16,-1.7589114590400155e-21,0.0,0.0,0.0
3.278,1.1400591972260229e-15,2.0598207841475213e-16,11.662518080000005,3.4925892006753846e-18,3.433871929592119e-16,-1.7589114590398948e-21,0.0,0.0,0.0
3.2800000000000002,1.1480687159186762e-15,2.0590061364536385e-16,11.662518080000005,5.632248701870173e-19,3.455964270112008e-16,-1.758911459039777e-21,0.0,0.0,0.0
3.282,1.1561297650754817e-15,2.0588747640490737e-16,11.662518080000005,-2.2796475165588272e-18,3.4780552010567403e-16,-1.7589114590396623e-21,0.0,0.0,0.0
3.2840000000000003,1.1642423414085904e-15,2.0594064926565592e-16,11.662518080000005,-5.03547509286355e-18,3.5001518372440427e-16,-1.7589114590395506e-21,0.0,0.0,0.0
3.286,1.1724064582255186e-15,2.060581019042749e-16,11.662518080000005,-7.703704849244232e-18,3.52226107564579e-16,-1.7589114590394423e-21,0.0,0.0,0.0
3.2880000000000003,1.1806221449209495e-15,2.0623779109846926e-16,11.662518080000005,-1.0283783460824055e-17,3.5443895940039934e-16,-1.7589114590393373e-21,0.0,0.0,0.0
3.29,1.1888894464654765e-15,2.0647766071953855e-16,11.662518080000005,-1.2775157120209385e-17,3.5665438494460045e-16,-1.7589114590392358e-21,0.0,0.0,0.0
3.2920000000000003,1.1972084228909463e-15,2.0677564172133293e-16,11.662518080000005,-1.517727137588811e-17,3.5887300770985066e-16,-1.758911459039138e-21,0.0,0.0,0.0
3.294,1.2055791487726203e-15,2.0712965212496896e-16,11.662518080000005,-1.7489570976184e-17,3.6109542886998986e-16,-1.7589114590390435e-21,0.0,0.0,0.0
3.2960000000000003,1.214001712708231e-15,2.0753759700041464e-16,11.662518080000005,-1.9711499718801744e-17,3.6332222712106726e-16,-1.758911459038953e-21,0.0,0.0,0.0
3.298,1.2224762167935618e-15,2.0799736844413014e-16,11.662518080000005,-2.1842500305997485e-17,3.655539585421416e-16,-1.758911459038866e-21,0.0,0.0,0.0
3.3000000000000003,1.2310027760949953e-15,2.085068455535777e-16,11.662518080000005,-2.388201420540968e-17,3.6779115645580666e-16,1.6081145926931637e-17,0.0,0.0,0.0
3.302,1.239581518118634e-15,2.0906389439850222e-16,11.662518080000005,-2.5829481516585183e-17,3.7003433128840863e-16,3.216405076532232e-17,0.0,0.0,0.0
3.3040000000000003,1.2482125822763898e-15,2.0966636798885905e-16,11.662518080000005,-2.768434084323554e-17,3.722839704299201e-16,4.8246955603712996e-17,0.0,0.0,0.0
3.306,1.256896119348449e-15,2.103121062401042e-16,11.662518080000005,-2.944602917125858e-17,3.7454053809344055e-16,6.432986044210367e-17,0.0,0.0,0.0
3.3080000000000003,1.2656322909428783e-15,2.1099893593530433e-16,11.662518080000005,-3.1113981752560424e-17,3.7680447517429133e-16,8.041276528049435e-17,0.0,0.0,0.0
3.31,1.2744212689515566e-15,2.1172467068475687e-16,11.662518080000005,-3.268763199471323e-17,3.790761991086771e-16,9.649567011888503e-17,0.0,0.0,0.0
3.3120000000000003,1.2832632350031747e-15,2.1248711088302186e-16,11.662518080000005,-3.4166411356484e-17,3.813561037318854e-16,1.125785749572757e-16,0.0,0.0,0.0
3.314,1.2921583799125358e-15,2.1328404366336517e-16,11.662518080000005,-3.554974924926998e-17,3.8364455913599874e-16,1.2866147979566637e-16,0.0,0.0,0.0
3.3160000000000003,1.301106903126973e-15,2.1411324285008173e-16,11.662518080000005,-3.683707294447619e-17,3.85941911527094e-16,1.4474438463405705e-16,0.0,0.0,0.0
3.318,1.3101090121690183e-15,2.149724689085261e-16,11.662518080000005,-3.802780748687093e-17,3.8824848308190667e-16,1.6082728947244773e-16,0.0,0.0,0.0
3.3200000000000003,1.319164922075967e-15,2.1585946889324493e-16,11.662518080000005,-3.912137561395504e-17,3.905645718039373e-16,1.769101943108384e-16,0.0,0.0,0.0
3.322,1.3282748548361127e-15,2.1677197639408782e-16,11.662518080000005,-4.011719768138098e-17,3.9289045137898105e-16,1.9299309914922908e-16,0.0,0.0,0.0
3.3240000000000003,1.3374390388214334e-15,2.1770771148064198e-16,11.662518080000005,-4.101469159445785e-17,3.952263710300608e-16,2.0907600398761976e-16,0.0,0.0,0.0
3.326,1.3466577082170971e-15,2.1866438064516308e-16,11.662518080000005,-4.181327274577869e-17,3.9757255537174715e-16,2.0907600398761976e-16,0.0,0.0,0.0
3.3280000000000003,1.3559311024473683e-15,2.196396767439283e-16,11.662518080000005,-4.251235395900651e-17,3.999292042638494e-16,2.0907600398761976e-16,0.0,0.0,0.0
3.33,1.3652594655982602e-15,2.2063127893728304e-16,11.662518080000005,-4.311134543885563e-17,4.0229649266446393e-16,2.0907600398761976e-16,0.0,0.0,0.0
3.332,1.3746430458367115e-15,2.2163685262852868e-16,11.662518080000005,-4.360965472730519e-17,4.046745704823667e-16,2.0907600398761976e-16,0.0,0.0,0.0
3.334,1.3840820948262374e-15,2.226540494019725e-16,11.662518080000005,-4.400668666608164e-17,4.0706356242873983e-16,2.0907600398761976e-16,0.0,0.0,0.0
3.336,1.3935768671393026e-15,2.236805069597447e-16,11.662518080000005,-4.430184336544748e-17,4.094635678682221e-16,2.0907600398761976e-16,0.0,0.0,0.0
3.338,1.403127619666045e-15,2.2471384905819667e-16,11.662518080000005,-4.4494524179333396e-17,4.1187466066927573e-16,2.0907600398761976e-16,0.0,0.0,0.0
3.34,1.412734611019524e-15,2.257516854436087e-16,11.662518080000005,-4.4584125686851303e-17,4.1429688905386376e-16,2.0907600398761976e-16,0.0,0.0,0.0
3.342,1.42239810093769e-15,2.267916117874048e-16,11.662518080000005,-4.45700416802259e-17,4.167302754464326e-16,2.0907600398761976e-16,0.0,0.0,0.0
3.344,1.432118349681434e-15,2.2783120962126884e-16,11.662518080000005,-4.445166315918252e-17,4.1917481632219713e-16,2.0907600398761976e-16,0.0,0.0,0.0
3.346,1.4418956174295076e-15,2.288680462718172e-16,11.662518080000005,-4.422837833182931e-17,4.2163048205472734e-16,2.0907600398761976e-16,0.0,0.0,0.0
3.348,1.4517301636695948e-15,2.298996747957147e-16,11.662518080000005,-4.3899572622071756e-17,4.2409721676283575e-16,2.0907600398761976e-16,0.0,0.0,0.0
3.35,1.4616222465859598e-15,2.3092363391451985e-16,11.662518080000005,-4.3464628683598015e-17,4.265749381567684e-16,2.0907600398761976e-16,0.0,0.0,0.0
3.352,1.4715721224434203e-15,2.3193744795024457e-16,11.662518079999977,-4.292292642047345e-17,4.290635373837024e-16,2.0907600398761976e-16,0.0,0.0,0.0
3.354,1.4815800449678207e-15,2.329386267611115e-16,11.662518079999977,-4.2273843014383094e-17,4.315628788725554e-16,2.0907600398761976e-16,0.0,0.0,0.0
3.356,1.4916462647228315e-15,2.3392466567802596e-16,11.662518079999977,-4.151675295856081e-17,4.3407280017811366e-16,2.0907600398761976e-16,0.0,0.0,0.0
3.358,1.5017710284830766e-15,2.3489304544203407e-16,11.662518079999977,-4.0651028098444235e-17,4.3659311182448745e-16,2.0907600398761976e-16,0.0,0.0,0.0
3.36,1.5119545786035866e-15,2.3584123214237255e-16,11.662518079999977,-3.967603767909469e-17,4.391235971479035e-16,2.0907600398761976e-16,0.0,0.0,0.0
3.362,1.522197152385752e-15,2.3676667715592363e-16,11.662518079999977,-3.859114839942128e-17,4.416640121388469e-16,2.0907600398761976e-16,0.0,0.0,0.0
3.364,1.5324989814394794e-15,2.3766681708780396e-16,11.662518079999977,-3.739572447324885e-17,4.442140852835657e-16,2.0907600398761976e-16,0.0,0.0,0.0
3.366,1.5428602910415034e-15,2.385390737133587e-16,11.662518079999977,-3.6089127697269326e-17,4.467735174049538e-16,2.0907600398761976e-16,0.0,0.0,0.0
3.368,1.5532812994902947e-15,2.3938085392188116e-16,11.662518079999977,-3.46707175259164e-17,4.493419815028281e-16,2.0907600398761976e-16,0.0,0.0,0.0
3.37,1.5637622174570745e-15,2.4018954966186103e-16,11.662518079999977,-3.31398511532034e-17,4.519191225936207e-16,2.0907600398761976e-16,0.0,0.0,0.0
3.372,1.574303247332958e-15,2.409625378883525e-16,11.662518079999977,-3.149588360156452e-17,4.545045575495044e-16,2.0907600398761976e-16,0.0,0.0,0.0
3.374,1.5849045825726471e-15,2.4169718051226525e-16,11.662518079999977,-2.973816781773973e-17,4.57097874936975e-16,2.0907600398761976e-16,0.0,0.0,0.0
3.376,1.5955664070342272e-15,2.423908243519236e-16,11.662518079999977,-2.786605477574365e-17,4.596986348549142e-16,2.0907600398761976e-16,0.0,0.0,0.0
3.378,1.6062888943149221e-15,2.4304080108721377e-16,11.662518079999977,-2.5878893586959014e-17,4.62306368772159e-16,2.0907600398761976e-16,0.0,0.0,0.0
3.38,1.6170722070835206e-15,2.4364442721590096e-16,11.662518079999977,-2.377603161739531e-17,4.649205793646044e-16,2.0907600398761976e-16,0.0,0.0,0.0
3.382,1.6279164964087593e-15,2.44199004013126e-16,11.662518079999977,-2.1556814612153414e-17,4.675407403518697e-16,2.0907600398761976e-16,0.0,0.0,0.0
3.384,1.6388219010837136e-15,2.447018174934417e-16,11.662518079999977,-1.9220586827137048e-17,4.701662963335591e-16,2.0907600398761976e-16,0.0,0.0,0.0
3.386,1.6497885469469326e-15,2.4515013837620124e-16,11.662518079999977,-1.6766691168052082e-17,4.727966626251494e-16,2.171174564068151e-16,0.0,0.0,0.0
3.388,1.6608165461989903e-15,2.4554122205397944e-16,11.662518079999977,-1.419446933673473e-17,4.754312250935398e-16,2.2515890882601044e-16,0.0,0.0,0.0
3.39,1.6719059967158809e-15,2.458723085645433e-16,11.662518079999977,-1.1503261984849781e-17,4.780693399923009e-16,2.3320036124520575e-16,0.0,0.0,0.0
3.392,1.683056981358173e-15,2.461406225662988e-16,11.662518079999977,-8.692408875000161e-18,4.807103337966603e-16,2.412418136644011e-16,0.0,0.0,0.0
3.394,1.6942695672764683e-15,2.463433733176326e-16,11.662518079999977,-5.7612490492890275e-18,4.833535030382657e-16,2.492832660835965e-16,0.0,0.0,0.0
3.396,1.705543805212913e-15,2.4647775466002543e-16,11.662518079999977,-2.709121005375854e-18,4.859981141397681e-16,2.5732471850279184e-16,0.0,0.0,0.0
3.398,1.7168797287989155e-15,2.465409450054304e-16,11.662518079999977,4.646371199321911e-19,4.886434032492685e-16,2.653661709219872e-16,0.0,0.0,0.0
3.4,1.7282773538490664e-15,2.4653010732781737e-16,11.662518079999977,3.760687359512068e-18,4.912885760746743e-16,2.7340762334118257e-16,0.0,0.0,0.0
3.402,1.7397366776509658e-15,2.464423891591546e-16,11.662518079999977,7.179691717138475e-18,4.93932807718013e-16,2.8144907576037794e-16,0.0,0.0,0.0
3.404,1.751257678251601e-15,2.4627492259024712e-16,11.662518079999977,1.0722311961037769e-17,4.965752425097538e-16,2.894905281795733e-16,0.0,0.0,0.0
3.406,1.7628403137393344e-15,2.4602482427603663e-16,11.662518079999977,1.4389209409740718e-17,4.992149938431877e-16,2.9753198059876866e-16,0.0,0.0,0.0
3.408,1.7744845215223426e-15,2.456891954462513e-16,11.662518079999977,1.8181044710192666e-17,5.018511440089199e-16,3.0557343301796403e-16,0.0,0.0,0.0
3.41,1.7861902176032586e-15,2.452651219209365e-16,11.662518079999977,1.4474628511941235e-17,5.04482744029531e-16,3.136148854371594e-16,0.0,0.0,0.0
3.412,1.7979572958498704e-15,2.449275006874975e-16,11.662518079999977,1.0894468518052301e-17,5.071107215047188e-16,3.2165633785635475e-16,0.0,0.0,0.0
3.414,1.809785671766054e-15,2.44673386815368e-16,11.662518079999977,7.441222428843849e-18,5.097359724362143e-16,3.296977902755501e-16,0.0,0.0,0.0
3.416,1.821675281755223e-15,2.4449982003315164e-16,11.662518079999977,4.1155472622655204e-18,5.123593610631794e-16,3.377392426947455e-16,0.0,0.0,0.0
3.418,1.8336260823789005e-15,2.444038247444484e-16,11.662518079999977,9.180995701905565e-19,5.149817196977764e-16,3.4578069511394084e-16,0.0,0.0,0.0
3.42,1.845638049612623e-15,2.4438241003877547e-16,11.662518079999977,-2.150464353282588e-18,5.176038485608533e-16,3.538221475331362e-16,0.0,0.0,0.0
3.422,1.85771117809682e-15,2.4443256969755767e-16,11.662518079999977,-5.089488271560053e-18,5.202265156176942e-16,3.6186359995233157e-16,0.0,0.0,0.0
3.424,1.86984548038503e-15,2.445512821955326e-16,11.662518079999977,-7.898315813354973e-18,5.228504564137836e-16,3.6990505237152693e-16,0.0,0.0,0.0
3.426,1.8820409861871346e-15,2.4473551069749654e-16,11.662518079999977,-1.0576290288603499e-17,5.254763739105378e-16,3.779465047907223e-16,0.0,0.0,0.0
3.428,1.8942977416098356e-15,2.44982203050909e-16,11.662518079999977,-1.3122754512535618e-17,5.281049383209553e-16,3.8598795720991766e-16,0.0,0.0,0.0
3.43,1.906615808392444e-15,2.452882917744294e-16,11.662518079999977,-1.553705063794187e-17,5.307367869451444e-16,3.9402940962911303e-16,0.0,0.0,0.0
3.432,1.918995263139369e-15,2.456506940423866e-16,11.662518079999977,-1.781851999567712e-17,5.33372524005685e-16,4.020708620483084e-16,0.0,0.0,0.0
3.434,1.9314361965485615e-15,2.460663116655995e-16,11.662518079999977,-1.9966502943442592e-17,5.360127204827837e-16,4.1011231446750375e-16,0.0,0.0,0.0
3.436,1.9439387126360162e-15,2.465320310687467e-16,11.662518079999977,-2.1980338722887454e-17,5.386579139491865e-16,4.181537668866991e-16,0.0,0.0,0.0
3.438,1.9565029279567698e-15,2.470447232642602e-16,11.662518079999977,-2.3859365325071215e-17,5.413086084048117e-16,4.261952193058945e-16,0.0,0.0,0.0
3.44,1.9691289708215137e-15,2.4760124382323597e-16,11.662518079999977,-2.560291936432835e-17,5.439652741110694e-16,4.3423667172508984e-16,0.0,0.0,0.0
3.442,1.9818169805099517e-15,2.4819843284318946e-16,11.662518079999977,-2.721033596057663e-17,5.466283474248377e-16,4.422781241442852e-16,0.0,0.0,0.0
3.444,1.99456710647972e-15,2.488331149133949e-16,11.662518079999977,-2.8680948630110695e-17,5.492982306320631e-16,4.503195765634806e-16,0.0,0.0,0.0
3.446,2.0073795075718573e-15,2.4950209907731577e-16,11.662518079999977,-3.001408918492247e-17,5.519752917809612e-16,4.583610289826759e-16,0.0,0.0,0.0
3.448,2.0202543512120817e-15,2.5020217879284146e-16,11.662518079999977,-3.120908764059028e-17,5.5465986451479e-16,4.664024814018713e-16,0.0,0.0,0.0
3.45,2.0331918126083724e-15,2.509301318906007e-16,11.662518079999977,-3.2265272132778395e-17,5.57352247904174e-16,4.744439338210667e-16,0.0,0.0,0.0
3.452,2.0461920739446057e-15,2.516827205298101e-16,11.662518079999977,-3.318196884238901e-17,5.600527062789573e-16,4.82485386240262e-16,0.0,0.0,0.0
3.454,2.0592553235700495e-15,2.5245669115291466e-16,11.662518079999977,-3.395850192940883e-17,5.627614690595679e-16,4.905268386594574e-16,0.0,0.0,0.0
3.456,2.0723817551853082e-15,2.5324877443835465e-16,11.662518079999977,-3.459419347549228e-17,5.654787305878764e-16,4.985682910786528e-16,0.0,0.0,0.0
3.458,2.0855715670239783e-15,2.5405568525210004e-16,11.662518079999977,-3.508836343532388e-17,5.68204649957534e-16,5.066097434978481e-16,0.0,0.0,0.0
3.46,2.0988249610305564e-15,2.548741225980262e-16,11.662518079999977,-3.544032959680204e-17,5.709393508437788e-16,5.146511959170435e-16,0.0,0.0,0.0
3.462,2.112142142034157e-15,2.557007695673775e-16,11.662518079999977,-3.5649407550087096e-17,5.736829213326993e-16,5.226926483362388e-16,0.0,0.0,0.0
3.464,2.125523316918582e-15,2.5653229328756523e-16,11.662518079999977,-3.5714910665556056e-17,5.764354137499479e-16,5.307341007554342e-16,0.0,0.0,0.0
3.466,2.1389686937881972e-15,2.5736534487030015e-16,11.662518079999977,-3.563615008070719e-17,5.791968444888997e-16,5.387755531746296e-16,0.0,0.0,0.0
3.468,2.152478481129671e-15,2.5819655935952754e-16,11.662518079999977,-3.5412434696057234e-17,5.819671938382509e-16,5.468170055938249e-16,0.0,0.0,0.0
3.47,2.1660528869698642e-15,2.5902255567933777e-16,11.662518079999977,-3.504307118007454e-17,5.847464058090592e-16,5.548584580130203e-16,0.0,0.0,0.0
3.472,2.1796921180298263e-15,2.5983993658177824e-16,11.662518079999977,-3.452736398319134e-17,5.875343879612241e-16,5.628999104322157e-16,0.0,0.0,0.0
3.474,2.1933963788742556e-15,2.6064528859518296e-16,11.662518079999977,-3.3864615360938634e-17,5.903310112294128e-16,5.70941362851411e-16,0.0,0.0,0.0
3.476,2.207165871057557e-15,2.6143518197301986e-16,11.662518079999977,-3.305412540624714e-17,5.931361097484366e-16,5.789828152706064e-16,0.0,0.0,0.0
3.478,2.2210007922652167e-15,2.622061706433544e-16,11.662518079999977,-3.209519209095817e-17,5.959494806780864e-16,5.8702426768980175e-16,0.0,0.0,0.0
3.48,2.2349013354515766e-15,2.6295479215944716e-16,11.662518079999977,-3.0987111316588194e-17,5.987708840274367e-16,5.950657201089971e-16,0.0,0.0,0.0
3.482,2.2488676879730738e-15,2.6367756765138677e-16,11.662518079999977,-2.9729176974391024e-17,6.016000424786319e-16,6.031071725281925e-16,0.0,0.0,0.0
3.484,2.2629000307177326e-15,2.643710017793253e-16,11.662518079999977,-2.8320681014761756e-17,6.044366412101698e-16,6.111486249473878e-16,0.0,0.0,0.0
3.486,2.2769985372304162e-15,2.6503158268806937e-16,11.662518079999977,-2.6760913526026736e-17,6.072803277196985e-16,6.191900773665832e-16,0.0,0.0,0.0
3.488,2.29116337283374e-15,2.6565578196374225e-16,11.662518079999977,-2.5049162822663833e-17,6.101307116463482e-16,6.272315297857786e-16,0.0,0.0,0.0
3.49,2.305394693745188e-15,2.662400545923685e-16,11.662518079999977,-2.3184715542997524e-17,6.129873645926181e-16,6.352729822049739e-16,0.0,0.0,0.0
3.492,2.3196926461899402e-15,2.667808389207515e-16,11.662518079999977,-2.116685675641334e-17,6.158498199458452e-16,6.433144346241693e-16,0.0,0.0,0.0
3.494,2.3340573655093126e-15,2.6727455661998865e-16,11.662518079999977,-1.8994870080136382e-17,6.187175726992787e-16,6.513558870433647e-16,0.0,0.0,0.0
3.496,2.3484889752653497e-15,2.6771761265147626e-16,11.662518079999977,-1.6668037805618674e-17,6.139662301766539e-16,6.5939733946256e-16,0.0,0.0,0.0
3.498,2.3628097597852376e-15,2.681063952359962e-16,11.662518079999977,-1.4187549044836058e-17,6.092190591409877e-16,6.674387918817554e-16,0.0,0.0,0.0
3.5,2.3770198163690525e-15,2.6843732033050725e-16,11.662518079999977,-1.1554591865772058e-17,6.044754388037602e-16,6.7548024430095075e-16,0.0,0.0,0.0
3.5020000000000002,2.3911192278369835e-15,2.687068316035917e-16,11.662518079999977,-8.770353447781773e-18,5.997347102183899e-16,6.835216967201461e-16,0.0,0.0,0.0
3.504,2.405108061639251e-15,2.689114004148957e-16,11.662518079999977,-5.836020246505536e-18,5.949961765773468e-16,6.915631491393415e-16,0.0,0.0,0.0
3.5060000000000002,2.4189863689729774e-15,2.6904752579816883e-16,11.662518079999977,-2.7527781682579668e-18,5.978829526052241e-16,6.996046015585368e-16,0.0,0.0,0.0
3.508,2.432932010461949e-15,2.6911173444849436e-16,11.662518079999977,4.8009525643772e-19,6.007704175671177e-16,7.076460539777322e-16,0.0,0.0,0.0
3.5100000000000002,2.4469450021755582e-15,2.6910053620925955e-16,11.662518079999977,3.863322669476881e-18,6.036577623762299e-16,7.156875063969276e-16,0.0,0.0,0.0
3.512,2.461025341311229e-15,2.6901042406831004e-16,11.662518079999977,7.397626682684388e-18,6.06544140316877e-16,7.237289588161229e-16,0.0,0.0,0.0
3.5140000000000002,2.475173005316759e-15,2.6883787415841817e-16,11.662518079999977,1.1083729665908284e-17,6.094286668636413e-16,7.317704112353183e-16,0.0,0.0,0.0
3.516,2.4893879510083248e-15,2.6857934576317484e-16,11.662518079999977,7.298504429512385e-18,6.123104195005853e-16,7.398118636545137e-16,0.0,0.0,0.0
3.5180000000000002,2.5036701136842943e-15,2.6840910788345673e-16,11.662518079999977,3.6665212819147266e-18,6.151903455508369e-16,7.47853316073709e-16,0.0,0.0,0.0
3.52,2.518019450739572e-15,2.6832358614196267e-16,11.662518079999977,1.885009782575826e-19,6.180693539858366e-16,7.558947684929044e-16,0.0,0.0,0.0
3.5220000000000002,2.5324359407706853e-15,2.6831918934982887e-16,11.662518079999977,-3.1348359559670783e-18,6.20948315244955e-16,7.639362209120997e-16,0.0,0.0,0.0
3.524,2.5469195826772224e-15,2.6839230951185503e-16,11.662518079999977,-6.302769007073932e-18,6.238280610551681e-16,7.719776733312951e-16,0.0,0.0,0.0
3.5260000000000002,2.5614703947589814e-15,2.685393218268742e-16,11.662518079999977,-9.31457746502913e-18,6.267093842507353e-16,7.800191257504905e-16,0.0,0.0,0.0
3.528,2.576088413808435e-15,2.6875658468304424e-16,11.662518079999977,-1.216954022502875e-17,6.295930385928281e-16,7.880605781696858e-16,0.0,0.0,0.0
3.5300000000000002,2.5907736941996945e-15,2.6904043964884986e-16,11.662518079999977,-1.4866935598856033e-17,6.324797385890605e-16,7.961020305888812e-16,0.0,0.0,0.0
3.532,2.6055263069727414e-15,2.693872114592729e-16,11.662518079999977,-1.7406041136062527e-17,6.353701593128725e-16,8.041434830080766e-16,0.0,0.0,0.0
3.5340000000000003,2.6203463389137136e-15,2.697932079981909e-16,11.662518079999977,-1.9786133455018404e-17,6.382649362227243e-16,8.121849354272719e-16,0.0,0.0,0.0
3.536,2.6352338916307555e-15,2.702547202764862e-16,11.662518079999977,-2.200648808387712e-17,6.411646649810557e-16,8.202263878464673e-16,0.0,0.0,0.0
3.5380000000000003,2.6501890806259717e-15,2.707680224068024e-16,11.662518079999977,-2.4066379311499813e-17,6.440699012729741e-16,8.282678402656627e-16,0.0,0.0,0.0
3.54,2.6652120343627477e-15,2.713293715744797e-16,11.662518079999977,-2.596508004838474e-17,6.469811606246316e-16,8.36309292684858e-16,0.0,0.0,0.0
3.5420000000000003,2.680302893329125e-15,2.7193500800550754e-16,11.662518079999977,-2.7701861697647262e-17,6.498989182212572e-16,8.443507451040534e-16,0.0,0.0,0.0
3.544,2.6954618090969853e-15,2.725811549312969e-16,11.662518079999977,-2.927599403609589e-17,6.528236087248119e-16,8.523921975232487e-16,0.0,0.0,0.0
3.5460000000000003,2.7106889433766024e-15,2.732640185508151e-16,11.662518079999977,-3.068674510545001e-17,6.557556260912369e-16,8.604336499424441e-16,0.0,0.0,0.0
3.548,2.7259844670672957e-15,2.739797879900333e-16,11.662518079999977,-3.1933381113745094e-17,6.586953233872673e-16,8.684751023616395e-16,0.0,0.0,0.0
3.5500000000000003,2.7413485593037475e-15,2.7472463525922956e-16,11.662518079999977,-3.301516634697118e-17,6.616430126067869e-16,8.765165547808348e-16,0.0,0.0,0.0
3.552,2.7567814064977833e-15,2.7549471520809757e-16,11.662518079999977,-3.3931363090990566e-17,6.645989644867021e-16,8.845580072000302e-16,0.0,0.0,0.0
3.5540000000000003,2.772283201376356e-15,2.762861654791546e-16,11.662518079999977,-3.468123156378086e-17,6.675634083223152e-16,8.925994596192256e-16,0.0,0.0,0.0
3.556,2.78785414201455e-15,2.770951064594485e-16,11.662518079999977,-3.5264029858049584e-17,6.705365317821805e-16,9.00640912038421e-16,0.0,0.0,0.0
3.5580000000000003,2.8034944308649877e-15,2.7791764123103186e-16,11.662518079999977,-3.5679013894266587e-17,6.735184807224277e-16,9.086823644576163e-16,0.0,0.0,0.0
3.56,2.819204273782253e-15,2.787498555202779e-16,11.662518079999977,-3.5925437384160855e-17,6.765093590005422e-16,9.167238168768117e-16,0.0,0.0,0.0
3.5620000000000003,2.834983879043522e-15,2.7958781764630853e-16,11.662518079999977,-3.600255180472823e-17,6.795092282885928e-16,9.24765269296007e-16,0.0,0.0,0.0
3.564,2.8451695502338824e-15,2.798704377222273e-16,11.639347520000024,-3.59703779078025e-17,6.825121299808914e-16,9.328067217152024e-16,0.0,0.0,0.0
3.5660000000000003,2.8553676709034186e-15,2.801495291845396e-16,11.616199999999981,-3.582878211528072e-17,6.85518026216777e-16,9.408481741343977e-16,0.0,0.0,0.0
3.568,2.8655779877762085e-15,2.8042256440169166e-16,11.59307552000001,-3.5577633566612986e-17,6.885268520150785e-16,9.328067217152024e-16,0.0,0.0,0.0
3.5700000000000003,2.875800246349503e-15,2.806870329275385e-16,11.569974080000005,-3.5216804131966054e-17,6.915385154585069e-16,9.24765269296007e-16,0.0,0.0,0.0
3.572,2.8860341902879308e-15,2.8094044154416436e-16,11.546895680000016,-3.4746168431885576e-17,6.945528978785087e-16,9.167238168768117e-16,0.0,0.0,0.0
3.5740000000000003,2.896279560829584e-15,2.8118031430443167e-16,11.523840319999994,-4.178945295947036e-17,6.975698540405733e-16,9.086823644576163e-16,0.0,0.0,0.0
3.576,2.9065360962037907e-15,2.8157955342341397e-16,11.500807999999989,-4.1098839728103686e-17,7.00591093884172e-16,9.00640912038421e-16,0.0,0.0,0.0
3.5780000000000003,2.916803574251986e-15,2.819596550953875e-16,11.477798720000003,-4.0298060423258666e-17,7.036164120718907e-16,8.925994596192256e-16,0.0,0.0,0.0
3.58,2.927081768157826e-15,2.823181964815249e-16,11.45481247999998,-3.176315097178259e-17,7.066455772701903e-16,8.845580072000302e-16,0.0,0.0,0.0
3.5820000000000003,2.937370445902231e-15,2.8247846277374665e-16,11.431849279999977,-3.0741697078415646e-17,7.096764620638999e-16,8.765165547808348e-16,0.0,0.0,0.0
3.584,2.9476693270530383e-15,2.826130749592736e-16,11.408909119999992,-2.960974016840828e-17,7.127087911943642e-16,8.684751023616395e-16,0.0,0.0,0.0
3.586,2.957978125432712e-15,2.827196615088131e-16,11.385991999999971,-2.8367173833726673e-17,7.157422639573344e-16,8.604336499424441e-16,0.0,0.0,0.0
3.588,2.9682965486029214e-15,2.82795868431324e-16,11.36309791999997,-2.7013894804086177e-17,7.187765543911469e-16,8.523921975232487e-16,0.0,0.0,0.0
3.59,2.9786242973615445e-15,2.828393593186119e-16,11.340226879999985,-1.7925953923386186e-17,7.218113114653809e-16,8.443507451040534e-16,0.0,0.0,0.0
3.592,2.988961065250319e-15,2.8267525141308965e-16,11.317378879999966,-1.6350952612120552e-17,7.248443077251779e-16,8.36309292684858e-16,0.0,0.0,0.0
3.594,2.9993064962485286e-15,2.824745036426045e-16,11.294553919999965,-1.4664948822333655e-17,7.278751500389397e-16,8.282678402656627e-16,0.0,0.0,0.0
3.596,3.00966022663292e-15,2.82234831578782e-16,11.271751999999983,-1.2867853504816917e-17,7.309034207640341e-16,8.202263878464673e-16,0.0,0.0,0.0
3.598,3.0200218845154313e-15,2.8195396858240635e-16,11.248973119999965,-1.0959581600577915e-17,7.339286779376651e-16,8.121849354272719e-16,0.0,0.0,0.0
3.6,3.0303910893908784e-15,2.8162966586221497e-16,11.226217279999965,-8.94005213329774e-18,7.369504554683755e-16,8.041434830080766e-16,0.0,0.0,0.0
3.602,3.040767451695686e-15,2.8125969253445766e-16,11.203484479999986,-6.809188306524008e-18,7.399682633281873e-16,7.961020305888812e-16,0.0,0.0,0.0
3.604,3.05115057237717e-15,2.808418356835895e-16,11.180774719999969,-4.5669176054861535e-18,7.429815877453932e-16,7.880605781696858e-16,0.0,0.0,0.0
3.606,3.0615400424729745e-15,2.8037390042394997e-16,11.158087999999971,-2.213171903420434e-18,7.459898913980108e-16,7.800191257504905e-16,0.0,0.0,0.0
3.608,3.071935442701458e-15,2.7985370996257597e-16,11.135424319999991,2.521124277073018e-19,7.489926136079098e-16,7.719776733312951e-16,0.0,0.0,0.0
3.61,3.08233634306243e-15,2.792791056633707e-16,11.112783679999975,2.828994402192197e-18,7.519891705356283e-16,7.639362209120997e-16,0.0,0.0,0.0
3.612,3.09274230244696e-15,2.786479471123574e-16,11.090166079999978,5.517528301404693e-18,7.549789553758895e-16,7.558947684929044e-16,0.0,0.0,0.0
3.614,3.103152868259613e-15,2.779581121844117e-16,11.067571520000001,8.317763550538207e-18,7.57961338553834e-16,7.47853316073709e-16,0.0,0.0,0.0
3.616,3.11356757604867e-15,2.7720749711147385e-16,11.044999999999987,1.1229744591399158e-17,7.609356679219829e-16,7.398118636545137e-16,0.0,0.0,0.0
3.618,3.123985949147592e-15,2.7639401655191897e-16,11.022451519999992,1.4253510751347522e-17,7.639012689579477e-16,7.317704112353183e-16,0.0,0.0,0.0
3.62,3.134407498326539e-15,2.7551560366172705e-16,10.999926079999959,1.738909610849532e-17,7.668574449629018e-16,7.237289588161229e-16,0.0,0.0,0.0
3.622,3.144831721453358e-15,2.7457021016705826e-16,10.977423679999946,2.0636529353269868e-17,7.698034772608317e-16,7.156875063969276e-16,0.0,0.0,0.0
3.624,3.1552581031646278e-15,2.7355580643850444e-16,10.954944319999953,1.6371984550309343e-17,7.727386253985838e-16,7.076460539777322e-16,0.0,0.0,0.0
3.626,3.165686114546368e-15,2.7263707684425815e-16,10.932487999999978,1.2219328281488058e-17,7.756639159226638e-16,6.996046015585368e-16,0.0,0.0,0.0
3.628,3.176115251852121e-15,2.7181100310514564e-16,10.910054719999966,8.178572627535729e-18,7.785803429946074e-16,6.915631491393415e-16,0.0,0.0,0.0
3.63,3.186545035562332e-15,2.710745879175088e-16,10.887644479999974,4.249724524121763e-18,7.814888686160399e-16,6.835216967201461e-16,0.0,0.0,0.0
3.632,3.1969750094582303e-15,2.7042485501628946e-16,10.865257279999945,4.3278601186598143e-19,7.843904228544121e-16,6.7548024430095075e-16,0.0,0.0,0.0
3.634,3.207404739710592e-15,2.69858849231063e-16,10.842893119999989,-3.2722455234333793e-18,7.872859040693377e-16,6.674387918817554e-16,0.0,0.0,0.0
3.636,3.2178338139816253e-15,2.6937363653576133e-16,10.820551999999942,-6.8653771202027345e-18,7.901761791394637e-16,6.5939733946256e-16,0.0,0.0,0.0
3.638,3.2282618405415425e-15,2.6896630409193707e-16,10.798233919999971,-1.0346620019976834e-17,7.930620836898065e-16,6.513558870433647e-16,0.0,0.0,0.0
3.64,3.2386884473991383e-15,2.6863396028640686e-16,10.775938879999963,-1.3715989455613328e-17,7.95944422319489e-16,6.433144346241693e-16,0.0,0.0,0.0
3.642,3.249113281445776e-15,2.6837373476283053e-16,10.753666879999916,-1.697350444868967e-17,7.988239688298198e-16,6.352729822049739e-16,0.0,0.0,0.0
3.644,3.2595360076132793e-15,2.681827784481872e-16,10.731417920000002,-2.0119187615934825e-17,8.017014664526544e-16,6.272315297857786e-16,0.0,0.0,0.0
3.646,3.2699563080456277e-15,2.6805826357400057e-16,10.709191999999994,-2.3153064984549032e-17,8.045776280789848e-16,6.191900773665832e-16,0.0,0.0,0.0
3.648,3.2803738812844582e-15,2.679973836926093e-16,10.686989120000005,-2.6075165816266243e-17,8.074531364877037e-16,6.111486249473878e-16,0.0,0.0,0.0
3.65,3.2907884414671877e-15,2.6799735368890105e-16,10.664809279999925,-2.88855224400146e-17,8.103286445744943e-16,6.031071725281925e-16,0.0,0.0,0.0
3.652,3.3011997175393355e-15,2.680554097875851e-16,10.642652479999974,-3.1584170093031606e-17,8.1320477558079885e-16,5.950657201089971e-16,0.0,0.0,0.0
3.654,3.3116074524798622e-15,2.6816880955632293e-16,10.620518719999932,-3.41711467702914e-17,8.160821233228196e-16,5.8702426768980175e-16,0.0,0.0,0.0
3.656,3.3220114025396228e-15,2.683348319048901e-16,10.598407999999907,-3.664649308210298e-17,8.189612524205116e-16,5.789828152706064e-16,0.0,0.0,0.0
3.658,3.3324113364928362e-15,2.6855077708056646e-16,10.576320319999903,-3.901025211973901e-17,8.218426985265261e-16,5.70941362851411e-16,0.0,0.0,0.0
3.66,3.342807034901473e-15,2.6881396666017335e-16,10.554255679999917,-4.126246932895598e-17,8.247269685550687e-16,5.628999104322157e-16,0.0,0.0,0.0
3.662,3.3531982893930524e-15,2.6912174353870933e-16,10.53221407999995,-4.340319239126766e-17,8.276145409106342e-16,5.548584580130203e-16,0.0,0.0,0.0
3.664,3.3635849019504712e-15,2.69471471914904e-16,10.510195520000003,-4.543247111283478e-17,8.305058657165883e-16,5.468170055938249e-16,0.0,0.0,0.0
3.666,3.3739666842148472e-15,2.698605372739617e-16,10.488199999999964,-4.735035732083497e-17,8.410252141397004e-16,5.387755531746296e-16,0.0,0.0,0.0
3.668,3.384503042679747e-15,2.7028634636734697e-16,10.466227519999942,-4.915519247234515e-17,8.363014331376323e-16,5.307341007554342e-16,0.0,0.0,0.0
3.67,3.3948742998262415e-15,2.707462914232007e-16,10.44427807999994,-5.084874804073802e-17,8.392064362644906e-16,5.226926483362388e-16,0.0,0.0,0.0
3.672,3.4052402131130014e-15,2.7123782195610175e-16,10.422351679999956,-5.243108136356478e-17,8.421167133241054e-16,5.146511959170435e-16,0.0,0.0,0.0
3.674,3.415600626076862e-15,2.717584086714543e-16,10.400448319999992,-5.3902251457165646e-17,8.45032576078091e-16,5.066097434978481e-16,0.0,0.0,0.0
3.676,3.425955388605974e-15,2.723055434365959e-16,10.378567999999937,-5.526231894852295e-17,8.47954309376767e-16,4.985682910786528e-16,0.0,0.0,0.0
3.678,3.4363043563167046e-15,2.728767392499333e-16,10.3567107199999,-5.651134601380025e-17,8.508821713858863e-16,4.905268386594574e-16,0.0,0.0,0.0
3.68,3.4466473899421684e-15,2.7346953020845114e-16,10.334876479999991,-5.764939632343925e-17,8.538163938130154e-16,4.82485386240262e-16,0.0,0.0,0.0
3.682,3.456984354733386e-15,2.740814714738896e-16,10.313065279999993,-5.867653499368728e-17,8.567571821335507e-16,4.744439338210667e-16,0.0,0.0,0.0
3.684,3.4673151198712853e-15,2.7471013923744293e-16,10.2912771199999,-5.959282854442946e-17,8.597047158163559e-16,4.664024814018713e-16,0.0,0.0,0.0
3.686,3.477639557891031e-15,2.753531306832252e-16,10.26951199999994,-6.039834486320032e-17,8.626591485490085e-16,4.583610289826759e-16,0.0,0.0,0.0
3.688,3.487957544117299e-15,2.760080639507009e-16,10.247769919999998,-6.871700227138972e-17,8.7705638210685e-16,4.503195765634806e-16,0.0,0.0,0.0
3.69,3.4985028417180087e-15,2.768285018338311e-16,10.226050879999963,-6.929866361347636e-17,8.914624186462704e-16,4.422781241442852e-16,0.0,0.0,0.0
3.692,3.509273875430328e-15,2.776554676854615e-16,10.204354879999947,-6.97647559243153e-17,9.058773282098497e-16,4.3423667172508984e-16,0.0,0.0,0.0
3.694,3.520269073872127e-15,2.7848654176168787e-16,10.18268191999995,-7.0112874002946e-17,9.20301154877251e-16,4.261952193058945e-16,0.0,0.0,0.0
3.696,3.5314868690033838e-15,2.793192756172826e-16,10.161031999999974,-7.034062947287263e-17,9.34733916457266e-16,4.181537668866991e-16,0.0,0.0,0.0
3.698,3.5429256955875895e-15,2.801511929137838e-16,10.139405119999903,-7.044565075198062e-17,9.491756041885313e-16,4.1011231446750375e-16,0.0,0.0,0.0
3.7,3.554583990655027e-15,2.809797902209289e-16,10.117801279999965,-7.042558302821923e-17,9.636261824488433e-16,4.020708620483084e-16,0.0,0.0,0.0
3.702,3.5664601929656555e-15,2.8180253781167845e-16,10.096220479999932,-7.027808824103932e-17,9.780855884730044e-16,3.9402940962911303e-16,0.0,0.0,0.0
3.704,3.578552742474361e-15,2.8261688045073186e-16,10.074662719999921,-7.000084506857272e-17,9.925537320791295e-16,3.8598795720991766e-16,0.0,0.0,0.0
3.706,3.590860079797391e-15,2.8342023817697887e-16,10.053127999999926,-6.959154892053726e-17,1.0070304954033478e-15,3.779465047907223e-16,0.0,0.0,0.0
3.708,3.603380645680267e-15,2.8421000707998515e-16,10.031616319999952,-6.904791193684921e-17,1.0215157326428344e-15,3.6990505237152693e-16,0.0,0.0,0.0
3.71,3.616112880467671e-15,2.849835600700685e-16,10.010127679999885,-6.836766299192221e-17,1.0360092698071073e-15,3.6186359995233157e-16,0.0,0.0,0.0
3.712,3.629055223576191e-15,2.8573824764314878e-16,9.988662079999948,-6.754854770462985e-17,1.050510904477529e-15,3.538221475331362e-16,0.0,0.0,0.0
3.714,3.6422061129679515e-15,2.8647139863938557e-16,9.967219519999919,-6.65883284539065e-17,1.065020405574949e-15,3.4578069511394084e-16,0.0,0.0,0.0
3.716,3.655563984628389e-15,2.871803209966883e-16,9.94579999999991,-6.548478439995888e-17,1.0795375131354305e-15,3.377392426947455e-16,0.0,0.0,0.0
3.718,3.669127272045998e-15,2.8786230249850697e-16,9.924403519999917,-6.423571151105866e-17,1.0940619380939998e-15,3.296977902755501e-16,0.0,0.0,0.0
3.72,3.68289440569474e-15,2.8851461151629833e-16,9.903030079999946,-6.283892259588434e-17,1.1085933620763652e-15,3.2165633785635475e-16,0.0,0.0,0.0
3.722,3.696863812520494e-15,2.891344977470614e-16,9.88167967999988,-6.129224734137851e-17,1.1231314371985456e-15,3.136148854371594e-16,0.0,0.0,0.0
3.724,3.711033915429877e-15,2.897191929453511e-16,9.860352319999947,-5.959353235608429e-17,1.1376757858743558e-15,3.0557343301796403e-16,0.0,0.0,0.0
3.726,3.7254031327838905e-15,2.9026591165085457e-16,9.83904799999992,-5.774064121892351e-17,1.1522260006306974e-15,2.9753198059876866e-16,0.0,0.0,0.0
3.728,3.739969877893545e-15,2.9077185191059336e-16,9.817766719999913,-5.573145453337626e-17,1.1667816439305982e-15,2.894905281795733e-16,0.0,0.0,0.0
3.73,3.76016337691608e-15,2.9165543506078146e-16,9.810678080000038,-5.3505599403381185e-17,1.1813467677364022e-15,2.8144907576037794e-16,0.0,0.0,0.0
3.732,3.783343002594252e-15,2.927052874832553e-16,9.810678080000038,-5.103103584336229e-17,1.1959231560531768e-15,2.7340762334118257e-16,0.0,0.0,0.0
3.734,3.806808636779172e-15,2.9370658561271144e-16,9.810678080000038,-4.830469509251817e-17,1.2105102879121133e-15,2.653661709219872e-16,0.0,0.0,0.0
3.736,3.830560490273604e-15,2.946543892393347e-16,9.810678080000038,-4.53235061282141e-17,1.2251075893378589e-15,2.5732471850279184e-16,0.0,0.0,0.0
3.738,3.854598762618337e-15,2.9554369789547943e-16,9.810678080000038,-4.208439578682079e-17,1.2397144327019754e-15,2.492832660835965e-16,0.0,0.0,0.0
3.74,3.878923641039053e-15,2.9636945081400764e-16,9.810678080000038,-3.8584288895848747e-17,1.254330136075947e-15,2.573247185027918e-16,0.0,0.0,0.0
3.742,3.9035352993812715e-15,2.9712652688859966e-16,9.810678080000038,-3.4820108417514403e-17,1.2689539625837665e-15,2.653661709219871e-16,0.0,0.0,0.0
3.744,3.9284338970317735e-15,2.978097446374171e-16,9.810678080000038,-3.8412624700012684e-17,1.2835851197541266e-15,2.7340762334118247e-16,0.0,0.0,0.0
3.746,3.953619577828104e-15,2.9856345242770093e-16,9.810678080000038,-4.173490835594044e-17,1.2982243639179446e-15,2.8144907576037784e-16,0.0,0.0,0.0
3.748,3.979092500448155e-15,2.9938234792885527e-16,9.810678080000038,-4.478387739148169e-17,1.3128723945141784e-15,2.894905281795732e-16,0.0,0.0,0.0
3.75,4.004852837293533e-15,3.002610683373905e-16,9.810678080000038,-4.755644796301654e-17,1.3275298534409757e-15,2.9753198059876856e-16,0.0,0.0,0.0
3.7520000000000002,4.0309007733609955e-15,3.0119419034053716e-16,9.810678080000038,-5.004953424198276e-17,1.342197324406434e-15,3.0557343301796393e-16,0.0,0.0,0.0
3.754,4.05723650510008e-15,3.0217623007754227e-16,9.810678080000038,-5.226004829198784e-17,1.3568753322789416e-15,3.136148854371593e-16,0.0,0.0,0.0
3.7560000000000002,4.0838602392594955e-15,3.032016430980571e-16,9.810678080000038,-5.418489995830877e-17,1.3715643424370767e-15,3.2165633785635465e-16,0.0,0.0,0.0
3.758,4.110772191718819e-15,3.0426482431860192e-16,9.810678080000038,-5.582099676991602e-17,1.3862647601190376e-15,3.2969779027555e-16,0.0,0.0,0.0
3.7600000000000002,4.137972586309148e-15,3.053601079774528e-16,9.810678080000038,-5.716524385415897e-17,1.4009769297715868e-15,3.377392426947454e-16,0.0,0.0,0.0
3.762,4.165461653620145e-15,3.064817675870637e-16,9.810678080000038,-5.821454386424966e-17,1.4157011343984883e-15,3.4578069511394075e-16,0.0,0.0,0.0
3.7640000000000002,4.193239629794266e-15,3.0762401588594574e-16,9.810678080000038,-5.89657969196821e-17,1.4304375949084248e-15,3.538221475331361e-16,0.0,0.0,0.0
3.766,4.221306755308658e-15,3.087810047885254e-16,9.810678080000038,-5.94159005597245e-17,1.4451864694623808e-15,3.6186359995233147e-16,0.0,0.0,0.0
3.7680000000000002,4.249663273743551e-15,3.099468253350024e-16,9.810678080000038,-5.956174971012166e-17,1.4599478528204832e-15,3.538221475331361e-16,0.0,0.0,0.0
3.77,4.2783094305388165e-15,3.111155076395809e-16,9.810678080000038,-5.940023666314525e-17,1.4747217756882913e-15,3.4578069511394075e-16,0.0,0.0,0.0
3.7720000000000002,4.307245471736522e-15,3.122810208391439e-16,9.810678080000038,-5.892825107112928e-17,1.4895082040625324e-15,3.377392426947454e-16,0.0,0.0,0.0
3.774,4.336471642711655e-15,3.134372730412875e-16,9.810678080000038,-5.814267995362883e-17,1.5043070385762817e-15,3.2969779027555e-16,0.0,0.0,0.0
3.7760000000000002,4.3659881868895326e-15,3.145781112727486e-16,9.810678080000038,-5.704040771833974e-17,1.5191181138435876e-15,3.2165633785635465e-16,0.0,0.0,0.0
3.778,4.395795344450395e-15,3.156973214280801e-16,9.810678080000038,-5.561831619591726e-17,1.5339411978035474e-15,3.136148854371593e-16,0.0,0.0,0.0
3.7800000000000002,4.42589335102098e-15,3.167886282192128e-16,9.810678080000038,-5.3873284688831684e-17,1.5487759910638409e-15,3.0557343301796393e-16,0.0,0.0,0.0
3.782,4.456282436353673e-15,3.1784569512560935e-16,9.810678080000038,-5.1802190034399326e-17,1.5636221262437307e-15,2.9753198059876856e-16,0.0,0.0,0.0
3.7840000000000003,4.4869628229923475e-15,3.188621243461438e-16,9.810678080000038,-4.940190668212701e-17,1.5784791673165448e-15,2.894905281795732e-16,0.0,0.0,0.0
3.786,4.517934724925484e-15,3.1983145675211494e-16,9.810678080000038,-4.666930678550857e-17,1.593346608951655e-15,2.8144907576037784e-16,0.0,0.0,0.0
3.7880000000000003,4.5491983462259744e-15,3.2074717184228135e-16,9.810678080000038,-4.360126030841192e-17,1.6082238758559729e-15,2.7340762334118247e-16,0.0,0.0,0.0
3.79,4.580753879679197e-15,3.216026876998191e-16,9.810678080000038,-4.019463514619526e-17,1.6231103221149856e-15,2.653661709219871e-16,0.0,0.0,0.0
3.7920000000000003,4.612601505396395e-15,3.2239136095174476e-16,9.810678080000038,-3.644629726169115e-17,1.6380052305333536e-15,2.5732471850279175e-16,0.0,0.0,0.0
3.794,4.644741389416617e-15,3.2310648673105e-16,9.810678080000038,-3.997695993233578e-17,1.6529078119751046e-15,2.492832660835964e-16,0.0,0.0,0.0
3.7960000000000003,4.6771736822950515e-15,3.2389088890006724e-16,9.810678080000038,-4.315963662789018e-17,1.6678188097491412e-15,2.492832660835964e-16,0.0,0.0,0.0
3.798,4.709898549171446e-15,3.24737739502074e-16,9.810678080000038,-4.5991188142366944e-17,1.6827388939030278e-15,2.492832660835964e-16,0.0,0.0,0.0
3.8000000000000003,4.742916168332999e-15,3.256401489848558e-16,9.810678080000038,-4.846847335682702e-17,1.6976686605620942e-15,2.492832660835964e-16,0.0,0.0,0.0
3.802,4.776226729763548e-15,3.265911661630873e-16,9.810678080000038,-5.058834911387766e-17,1.7126086312681378e-15,2.492832660835964e-16,0.0,0.0,0.0
3.8040000000000003,4.8098304336804284e-15,3.2758377817859334e-16,9.810678080000038,-5.234767010787248e-17,1.7275592523176954e-15,2.492832660835964e-16,0.0,0.0,0.0
3.806,4.843727489057627e-15,3.286109104579478e-16,9.810678080000038,-5.374328879095281e-17,1.7425208940998638e-15,2.492832660835964e-16,0.0,0.0,0.0
3.8080000000000003,4.877918112137004e-15,3.296654266685439e-16,9.810678080000038,-5.477205529506991e-17,1.7574938504336479e-15,2.492832660835964e-16,0.0,0.0,0.0
3.81,4.912402524925319e-15,3.3074012867308656e-16,9.810678080000038,-5.5430817370127255e-17,1.77247833790482e-15,2.492832660835964e-16,0.0,0.0,0.0
3.8120000000000003,4.9471809536793166e-15,3.3182775648295134e-16,9.810678080000038,-5.571642033838293e-17,1.787474495202278e-15,2.492832660835964e-16,0.0,0.0,0.0
3.814,4.982253627376525e-15,3.329209882103595e-16,9.810678080000038,-5.56257070652515e-17,1.802482382453893e-15,2.492832660835964e-16,0.0,0.0,0.0
3.8160000000000003,5.017620776174903e-15,3.340124400203562e-16,9.810678080000038,-5.5155517946645235e-17,1.8175019805618383e-15,2.492832660835964e-16,0.0,0.0,0.0
3.818,5.053282629856912e-15,3.350946660821476e-16,9.810678080000038,-5.4302690912994885e-17,1.8325331905373997e-15,2.492832660835964e-16,0.0,0.0,0.0
3.8200000000000003,5.089239416263429e-15,3.3616015852102967e-16,9.810678080000038,-5.306406145008965e-17,1.847575832835266e-15,2.492832660835964e-16,0.0,0.0,0.0
3.822,5.125491359712181e-15,3.3720134737002115e-16,9.810678080000038,-5.14364626368768e-17,1.8626296466873065e-15,2.492832660835964e-16,0.0,0.0,0.0
3.8240000000000003,5.162038679403947e-15,3.3821060052302495e-16,9.810678080000038,-4.9416725200361094e-17,1.8776942894358386e-15,2.492832660835964e-16,0.0,0.0,0.0
3.826,5.198881587816637e-15,3.3918022368843323e-16,9.810678080000038,-4.7001677587744326e-17,1.892769335866403e-15,2.492832660835964e-16,0.0,0.0,0.0
3.8280000000000003,5.236020289084379e-15,3.401024603445075e-16,9.810678080000038,-4.418814605594557e-17,1.9078542775400584e-15,2.492832660835964e-16,0.0,0.0,0.0
3.83,5.273454977365366e-15,3.409694916963363e-16,9.810678080000038,-4.0972954778642605e-17,1.922948522125214e-15,2.492832660835964e-16,0.0,0.0,0.0
3.8320000000000003,5.311185835195306e-15,3.4177343663496255e-16,9.810678080000038,-3.7352925970975216e-17,1.9380513927290242e-15,2.492832660835964e-16,0.0,0.0,0.0
3.834,5.349213031828449e-15,3.4250635169907424e-16,9.810678080000038,-4.094872912818959e-17,1.953162127228372e-15,2.492832660835964e-16,0.0,0.0,0.0
3.8360000000000003,5.3875367215650004e-15,3.433098212975812e-16,9.810678080000038,-4.413333389767251e-17,1.968281482646159e-15,2.492832660835964e-16,0.0,0.0,0.0
3.838,5.426157073559222e-15,3.4417577716052946e-16,9.810678080000038,-4.6903557207990917e-17,1.9834101294358654e-15,2.492832660835964e-16,0.0,0.0,0.0
3.84,5.46507427012022e-15,3.4509608856167774e-16,9.810678080000038,-4.9256214031603186e-17,1.9985486508114215e-15,2.492832660835964e-16,0.0,0.0,0.0
3.842,5.504288505000715e-15,3.4606256228028713e-16,9.810678080000038,-5.118811726207533e-17,2.013697542076662e-15,2.492832660835964e-16,0.0,0.0,0.0
3.844,5.543799981672388e-15,3.4706694256024816e-16,9.810678080000038,-5.269607760980496e-17,2.0288572099543487e-15,2.492832660835964e-16,0.0,0.0,0.0
3.846,5.583608911586644e-15,3.4810091106723583e-16,9.810678080000038,-5.377690351639405e-17,2.0440279719147285e-15,2.492832660835964e-16,0.0,0.0,0.0
3.848,5.623715512424719e-15,3.4915608684433614e-16,9.810678080000038,-5.44274010878121e-17,2.0592100555036177e-15,2.492832660835964e-16,0.0,0.0,0.0
3.85,5.664120006332014e-15,3.502240262659471e-16,9.810678080000038,-5.4644374046490986e-17,2.074403597669992e-15,2.492832660835964e-16,0.0,0.0,0.0
3.852,5.7048226181413804e-15,3.512962229912358e-16,9.810678080000038,-5.442462370249318e-17,2.0896086440930757e-15,2.492832660835964e-16,0.0,0.0,0.0
3.854,5.745823573582211e-15,3.52364107916807e-16,9.810678080000038,-5.376494894389489e-17,2.1048251485089227e-15,2.492832660835964e-16,0.0,0.0,0.0
3.856,5.7871230974755255e-15,3.5341904912892747e-16,9.810678080000038,-5.266214624652602e-17,2.120052972036488e-15,2.492832660835964e-16,0.0,0.0,0.0
3.858,5.8287214119180115e-15,3.544523518565889e-16,9.810678080000038,-5.11130097032087e-17,2.135291882503191e-15,2.492832660835964e-16,0.0,0.0,0.0
3.86,5.870618734450094e-15,3.5545525842437353e-16,9.810678080000038,-4.911433107263654e-17,2.150541553769978e-15,2.492832660835964e-16,0.0,0.0,0.0
3.862,5.9128152762135495e-15,3.5641894820694655e-16,9.810678080000038,-4.6662899848036484e-17,2.1658015650558907e-15,2.492832660835964e-16,0.0,0.0,0.0
3.864,5.955311240093345e-15,3.573345375842884e-16,9.810678080000038,-4.375550334575568e-17,2.150576003877608e-15,2.492832660835964e-16,0.0,0.0,0.0
3.866,5.9975084578145526e-15,3.581930798993921e-16,9.810678080000038,-4.039534699668052e-17,2.1353596545267408e-15,2.492832660835964e-16,0.0,0.0,0.0
3.868,6.039407110125716e-15,3.589856913900458e-16,9.810678080000038,-3.658563429233537e-17,2.1201518095910088e-15,2.492832660835964e-16,0.0,0.0,0.0
3.87,6.0810073638949765e-15,3.5970355115081993e-16,9.810678080000038,-3.99534160299521e-17,2.1049516670132252e-15,2.492832660835964e-16,0.0,0.0,0.0
3.872,6.122309370253096e-15,3.6048749135658016e-16,9.810678080000038,-4.287804319291161e-17,2.0897599358110396e-15,2.492832660835964e-16,0.0,0.0,0.0
3.874,6.163313294242594e-15,3.6132881671350066e-16,9.810678080000038,-4.5362714089889926e-17,2.0745772317049584e-15,2.492832660835964e-16,0.0,0.0,0.0
3.876,6.204019312987199e-15,3.622188946830211e-16,9.810678080000038,-4.741062512909238e-17,2.0594040777916836e-15,2.492832660835964e-16,0.0,0.0,0.0
3.878,6.244427613874902e-15,3.6314915544447436e-16,9.810678080000038,-4.902497070812632e-17,2.044240905217051e-15,2.492832660835964e-16,0.0,0.0,0.0
3.88,6.284538392753045e-15,3.641110918554463e-16,9.810678080000038,-5.02089431232321e-17,2.0290880538485443e-15,2.492832660835964e-16,0.0,0.0,0.0
3.882,6.3243518521376056e-15,3.6509625941090297e-16,9.810678080000038,-5.096573249773097e-17,2.0139457729473708e-15,2.492832660835964e-16,0.0,0.0,0.0
3.884,6.3638681994354976e-15,3.660962762001975e-16,9.810678080000038,-5.1298526729548215e-17,1.998814221840074e-15,2.492832660835964e-16,0.0,0.0,0.0
3.886,6.403087645179892e-15,3.671028228636336e-16,9.810678080000038,-5.121051145767021e-17,1.983693470589681e-15,2.492832660835964e-16,0.0,0.0,0.0
3.888,6.442010401278549e-15,3.6810764254809213e-16,9.810678080000038,-5.0704870047394074e-17,1.9685835006663744e-15,2.492832660835964e-16,0.0,0.0,0.0
3.89,6.48063667927596e-15,3.691025408623125e-16,9.810678080000038,-4.978478359422872e-17,1.953484205617684e-15,2.492832660835964e-16,0.0,0.0,0.0
3.892,6.518966688627316e-15,3.7007938583256854e-16,9.810678080000038,-4.845343094630631e-17,1.9383953917382023e-15,2.6536617092198706e-16,0.0,0.0,0.0
3.894,6.557000634987472e-15,3.710301078583444e-16,9.810678080000038,-4.6713988745162885e-17,1.9233167787388256e-15,2.8144907576037774e-16,0.0,0.0,0.0
3.896,6.5947387185115415e-15,3.719466996691445e-16,9.810678080000038,-4.4569631484747584e-17,1.9082480004155307e-15,2.975319805987684e-16,0.0,0.0,0.0
3.898,6.632181132169299e-15,3.7282121628243716e-16,9.810678080000038,-4.202353158851941e-17,1.8931886053177e-15,3.136148854371591e-16,0.0,0.0,0.0
3.9,6.6693280600723995e-15,3.736457749628313e-16,9.810678080000038,-3.907885950449088e-17,1.8781380574160113e-15,3.2969779027554977e-16,0.0,0.0,0.0
3.902,6.706179675814615e-15,3.7441255518352064e-16,9.810678080000038,-3.573878381807812e-17,1.863095736769909e-15,3.4578069511394045e-16,0.0,0.0,0.0
3.904,6.7427361408258785e-15,3.751137985895526e-16,9.810678080000038,-3.2006471382616666e-17,1.8480609401946867e-15,3.6186359995233113e-16,0.0,0.0,0.0
3.906,6.7789976027389435e-15,3.7574180896395637e-16,9.810678080000038,-3.550893656354099e-17,1.833032881928203e-15,3.779465047907218e-16,0.0,0.0,0.0
3.908,6.8149641937680815e-15,3.764385424551514e-16,9.810678080000038,-3.862549411539553e-17,1.8180122993429547e-15,3.940294096291125e-16,0.0,0.0,0.0
3.91,6.85063606059685e-15,3.771964270320033e-16,9.810678080000038,-4.1359306315011146e-17,1.8029998485664716e-15,4.1011231446750316e-16,0.0,0.0,0.0
3.912,6.886013362782031e-15,3.780079527117744e-16,9.810678080000038,-4.371353372723246e-17,1.787996105147067e-15,4.2619521930589384e-16,0.0,0.0,0.0
3.914,6.9210962711737385e-15,3.7886567152605514e-16,9.810678080000038,-4.569133508374794e-17,1.7730015647192323e-15,4.422781241442845e-16,0.0,0.0,0.0
3.916,6.9558849663473614e-15,3.7976219748516634e-16,9.810678080000038,-4.729586717874417e-17,1.758016643668641e-15,4.583610289826751e-16,0.0,0.0,0.0
3.918,6.990379637047929e-15,3.80690206539949e-16,9.810678080000038,-4.853028478124438e-17,1.7430416797967493e-15,4.744439338210659e-16,0.0,0.0,0.0
3.92,7.024580478649073e-15,3.8164243654217335e-16,9.810678080000038,-4.9397740563991185e-17,1.7280769329849677e-15,4.905268386594566e-16,0.0,0.0,0.0
3.922,7.058487691623027e-15,3.8261168720332067e-16,9.810678080000038,-4.990138504873392e-17,1.713122585858391e-15,5.066097434978473e-16,0.0,0.0,0.0
3.924,7.092101480025824e-15,3.835908200522315e-16,9.810678080000038,-5.004436656778065e-17,1.6981787444490772e-15,5.226926483362381e-16,0.0,0.0,0.0
3.926,7.125422049994114e-15,3.845727583924578e-16,9.810678080000038,-4.9829831241675287e-17,1.6832454388588647e-15,5.387755531746288e-16,0.0,0.0,0.0
3.928,7.158449608254618e-15,3.855504872586291e-16,9.810678080000038,-4.9260922972860186e-17,1.6683226239217228e-15,5.387755531746288e-16,0.0,0.0,0.0
3.93,7.19118436064836e-15,3.8651705337306506e-16,9.810678080000038,-4.8340783455185054e-17,1.653410179865637e-15,5.387755531746288e-16,0.0,0.0,0.0
3.932,7.223626510665956e-15,3.874655651022896e-16,9.810678080000038,-4.707255219912246e-17,1.638507912974028e-15,5.387755531746288e-16,0.0,0.0,0.0
3.934,7.255776257997486e-15,3.883891924143338e-16,9.810678080000038,-4.545936657255084e-17,1.6236155562467112e-15,5.387755531746288e-16,0.0,0.0,0.0
3.936,7.287633797093417e-15,3.8928116683667968e-16,9.810678080000038,-4.3504361856965976e-17,1.6087327700604065e-15,5.387755531746288e-16,0.0,0.0,0.0
3.938,7.319199315741099e-15,3.9013478141519025e-16,9.810678080000038,-4.1210671318981755e-17,1.593859142828807e-15,5.387755531746288e-16,0.0,0.0,0.0
3.94,7.350472993651528e-15,3.9094339067471567e-16,9.810678080000038,-3.8581426296981294e-17,1.578994191662224e-15,5.387755531746288e-16,0.0,0.0,0.0
3.942,7.38145500106069e-15,3.9170041058122794e-16,9.810678080000038,-3.5619756302779374e-17,1.564137363026827e-15,5.387755531746288e-16,0.0,0.0,0.0
3.944,7.412145497343732e-15,3.9239931850597707e-16,9.810678080000038,-3.232878913815776e-17,1.5492880334034981e-15,5.387755531746288e-16,0.0,0.0,0.0
3.946,7.442544629641553e-15,3.9303365319191516e-16,9.810678080000038,-2.871165102613447e-17,1.534445509946327e-15,5.387755531746288e-16,0.0,0.0,0.0
3.948,7.472652531500416e-15,3.93597014722635e-16,9.810678080000038,-3.2395315852966675e-17,1.5196090311407732e-15,5.387755531746288e-16,0.0,0.0,0.0
3.95,7.502469321524374e-15,3.942326547528846e-16,9.810678080000038,-3.575905804005675e-17,1.5047793725072178e-15,5.387755531746288e-16,0.0,0.0,0.0
3.952,7.531995133534412e-15,3.949342959666306e-16,9.810678080000038,-3.880599966909764e-17,1.4899572422128658e-15,5.387755531746288e-16,0.0,0.0,0.0
3.954,7.5612301152471e-15,3.95695722307277e-16,9.810678080000038,-4.15392612368442e-17,1.475143281729036e-15,5.387755531746288e-16,0.0,0.0,0.0
3.956,7.59017442696489e-15,3.9651077894665303e-16,9.810678080000038,-4.396196152006463e-17,1.4603380664881174e-15,5.387755531746288e-16,0.0,0.0,0.0
3.958,7.618828240281596e-15,3.9737337225114137e-16,9.810678080000038,-4.607721745439483e-17,1.4455421065401654e-15,5.387755531746288e-16,0.0,0.0,0.0
3.96,7.647191736798323e-15,3.982774697456372e-16,9.810678080000038,-4.788814402695784e-17,1.4307558472091075e-15,5.387755531746288e-16,0.0,0.0,0.0
3.962,7.675265106854388e-15,3.9921710007543634e-16,9.810678080000038,-4.9397854182610005e-17,1.415979669748541e-15,5.468170055938241e-16,0.0,0.0,0.0
3.964,7.70304854826968e-15,4.0018635296590457e-16,9.810678080000038,-5.060945874367574e-17,1.4012138919970996e-15,5.548584580130195e-16,0.0,0.0,0.0
3.966,7.730542265101017e-15,4.0117937918096404e-16,9.810678080000038,-5.152606634303316e-17,1.3864587690333735e-15,5.628999104322149e-16,0.0,0.0,0.0
3.968,7.75774646640936e-15,4.0219039048024813e-16,9.810678080000038,-5.2150783370412466e-17,1.3717144938303689e-15,5.709413628514102e-16,0.0,0.0,0.0
3.97,7.784661365042592e-15,4.032136595747774e-16,9.810678080000038,-5.248671393176946e-17,1.3569811979094945e-15,5.789828152706056e-16,0.0,0.0,0.0
3.972,7.811287176429163e-15,4.0424352008248743e-16,9.810678080000038,-5.253695982159636e-17,1.3422589519940678e-15,5.87024267689801e-16,0.0,0.0,0.0
3.974,7.837624117385322e-15,4.0527436648272164e-16,9.810678080000038,-5.230462050803245e-17,1.3275477666623345e-15,5.950657201089963e-16,0.0,0.0,0.0
3.976,7.863672404934395e-15,4.063006540705264e-16,9.810678080000038,-5.179279313063706e-17,1.3128475929999982e-15,6.031071725281917e-16,0.0,0.0,0.0
3.978,7.889432255140454e-15,4.073168989110452e-16,9.810678080000038,-5.100457251068746e-17,1.29815832325226e-15,6.111486249473871e-16,0.0,0.0,0.0
3.98,7.914903881953029e-15,4.0831767779406045e-16,9.810678080000038,-4.9943051173864455e-17,1.2834797914753696e-15,6.191900773665824e-16,0.0,0.0,0.0
3.982,7.940087496065626e-15,4.0929762818888047e-16,9.810678080000038,-4.8611319385188446e-17,1.2688117741876938e-15,6.272315297857778e-16,0.0,0.0,0.0
3.984,7.964983303787066e-15,4.102514481999169e-16,9.810678080000038,-4.7012465196068874e-17,1.2541539910203085e-15,6.352729822049731e-16,0.0,0.0,0.0
3.986,7.989591505924259e-15,4.1117389652349435e-16,9.810678080000038,-4.5149574503330284e-17,1.2395061053671244e-15,6.433144346241685e-16,0.0,0.0,0.0
3.988,8.013912296680165e-15,4.1205979240530146e-16,9.810678080000038,-4.302573112007771e-17,1.2248677250345605e-15,6.513558870433639e-16,0.0,0.0,0.0
3.99,8.037945862562014e-15,4.1290401559966576e-16,9.810678080000038,-4.0644016858265127e-17,1.2102384028907772e-15,6.593973394625592e-16,0.0,0.0,0.0
3.992,8.061692381303716e-15,4.1370150633020933e-16,9.810678080000038,-3.80075116228299e-17,1.1956176375144891e-15,6.674387918817546e-16,0.0,0.0,0.0
3.994,8.085152020800511e-15,4.1444726525252577e-16,9.810678080000038,-3.5119293517256835e-17,1.181004873843376e-15,6.7548024430095e-16,0.0,0.0,0.0
3.996,8.108324938056821e-15,4.151363534186815e-16,9.810678080000038,-3.198243896043508e-17,1.1663995038221148e-15,6.835216967201453e-16,0.0,0.0,0.0
3.998,8.131211278146138e-15,4.1576389224442875e-16,9.810678080000038,-2.860002281467191e-17,1.1518008670500564e-15,6.915631491393407e-16,0.0,0.0,0.0
4.0,8.153811173183928e-15,4.1632506347824265e-16,9.810678080000038,-2.497511852472647e-17,1.1372082514285755e-15,6.996046015585361e-16,0.0,0.0,0.0
4.002,8.176124741313354e-15,4.1681510917395774e-16,9.810678080000038,-2.1110798267727695e-17,1.1226208938081216e-15,7.076460539777314e-16,0.0,0.0,0.0
4.0040000000000004,8.198152085703419e-15,4.172293316655737e-16,9.810678080000038,-1.7010133113839805e-17,1.1080379806350028e-15,7.156875063969268e-16,0.0,0.0,0.0
4.006,8.21989329356033e-15,4.1756309354575884e-16,9.810678080000038,-2.0300042293677818e-17,1.0934586485979373e-15,7.237289588161221e-16,0.0,0.0,0.0
4.008,8.241348435150689e-15,4.179614079056338e-16,9.810678080000038,-2.3359746091644877e-17,1.078883590320098e-15,7.317704112353175e-16,0.0,0.0,0.0
4.01,8.262517594331593e-15,4.184197578035338e-16,9.810678080000038,-2.6192312988529858e-17,1.0643134499596181e-15,7.398118636545129e-16,0.0,0.0,0.0
4.0120000000000005,8.283400867599072e-15,4.1893368650533476e-16,9.810678080000038,-2.8800810429754574e-17,1.0497488238555953e-15,7.478533160737082e-16,0.0,0.0,0.0
4.014,8.303998363150527e-15,4.194987974644358e-16,9.810678080000038,-3.118830469982679e-17,1.0351902611738808e-15,7.558947684929036e-16,0.0,0.0,0.0
4.016,8.32431019995841e-15,4.20110754298981e-16,9.810678080000038,-3.335786080672457e-17,1.0206382645526227e-15,7.478533160737082e-16,0.0,0.0,0.0
4.018,8.344336506857708e-15,4.207652807666158e-16,9.810678080000038,-3.5312542376076095e-17,1.006093290747541e-15,7.398118636545129e-16,0.0,0.0,0.0
4.0200000000000005,8.364077421645658e-15,4.214581607375178e-16,9.810678080000038,-3.705541155499904e-17,9.915557512769105e-16,7.317704112353175e-16,0.0,0.0,0.0
4.022,8.383533090193884e-15,4.2218523816525817e-16,9.810678080000038,-3.858952892546382e-17,9.770260130662348e-16,7.237289588161221e-16,0.0,0.0,0.0
4.024,8.402703665573744e-15,4.229424170563814e-16,9.810678080000038,-3.9917953427044945e-17,9.62504399092588e-16,7.156875063969268e-16,0.0,0.0,0.0
4.026,8.421589307193911e-15,4.2372566143771663e-16,9.810678080000038,-4.104374228892477e-17,9.479911890286127e-16,7.076460539777314e-16,0.0,0.0,0.0
4.0280000000000005,8.440190179950572e-15,4.2453099532334426e-16,9.810678080000038,-4.196995097101412e-17,9.334866198861565e-16,6.996046015585361e-16,0.0,0.0,0.0
4.03,8.458506453389854e-15,4.2535450267934366e-16,9.810678080000038,-4.26996331140543e-17,9.189908866595373e-16,6.915631491393407e-16,0.0,0.0,0.0
4.032,8.476538300884845e-15,4.2619232738859026e-16,9.810678080000038,-4.323584049856508e-17,9.04504142968425e-16,6.835216967201453e-16,0.0,0.0,0.0
4.034,8.494285898822084e-15,4.2704067321387633e-16,9.810678080000038,-4.3581623012503124e-17,8.90026501700331e-16,6.7548024430095e-16,0.0,0.0,0.0
4.0360000000000005,8.51174942580382e-15,4.278958037610317e-16,9.810678080000038,-4.3740028627495883e-17,8.755580356527e-16,6.674387918817546e-16,0.0,0.0,0.0
4.038,8.528929061860143e-15,4.2875404244120637e-16,9.810678080000038,-4.371410338351554e-17,8.610987781745985e-16,6.593973394625592e-16,0.0,0.0,0.0
4.04,8.545824987675698e-15,4.2961177243290656e-16,9.810678080000038,-4.3506891381858133e-17,8.46648723807996e-16,6.513558870433639e-16,0.0,0.0,0.0
4.042,8.562437383827847e-15,4.304654366441294e-16,9.810678080000038,-4.312143478629249e-17,8.322078289286382e-16,6.433144346241685e-16,0.0,0.0,0.0
4.0440000000000005,8.57876643003843e-15,4.313115376742018e-16,9.810678080000038,-4.256077383224456e-17,8.177760123865131e-16,6.352729822049731e-16,0.0,0.0,0.0
4.046,8.594812304436578e-15,4.321466377760137e-16,9.810678080000038,-4.182794684388182e-17,8.033531561459095e-16,6.272315297857778e-16,0.0,0.0,0.0
4.048,8.610575182835525e-15,4.3296735881844857e-16,9.810678080000038,-4.09259902589633e-17,7.889391059250747e-16,6.191900773665824e-16,0.0,0.0,0.0
4.05,8.626055238021447e-15,4.337703822495042e-16,9.810678080000038,-3.9857938661320445e-17,7.745336718354747e-16,6.111486249473871e-16,0.0,0.0,0.0
4.0520000000000005,8.641252639054533e-15,4.3455244905980785e-16,9.810678080000038,-3.862682482083429e-17,7.601366290206631e-16,6.031071725281917e-16,0.0,0.0,0.0
4.054,8.656167550582872e-15,4.353103597469696e-16,9.810678080000038,-3.723567974077435e-17,7.457477182947692e-16,5.950657201089963e-16,0.0,0.0,0.0
4.056,8.670800132168966e-15,4.3604097428102044e-16,9.810678080000038,-3.568753271236496e-17,7.313666467806142e-16,5.87024267689801e-16,0.0,0.0,0.0
4.058,8.685150537629054e-15,4.3674121207083625e-16,9.810678080000038,-3.3985411376444554e-17,7.169930885474658e-16,5.789828152706056e-16,0.0,0.0,0.0
4.0600000000000005,8.69921891438369e-15,4.37408051931696e-16,9.810678080000038,-3.2132341792083694e-17,7.026266852484468e-16,5.709413628514102e-16,0.0,0.0,0.0
4.062,8.713005402822502e-15,4.380385320542204e-16,9.810678080000038,-3.013134851202779e-17,6.882670467576097e-16,5.628999104322149e-16,0.0,0.0,0.0
4.064,8.726510135680016e-15,4.3862974997498664e-16,9.810678080000038,-2.798545466483e-17,6.739137518066947e-16,5.548584580130195e-16,0.0,0.0,0.0
4.066,8.739733237425467e-15,4.3917886254822817e-16,9.810678080000038,-2.5697682043540775e-17,6.595663486215874e-16,5.468170055938241e-16,0.0,0.0,0.0
4.0680000000000005,8.752674823662674e-15,4.396830859200981e-16,9.810678080000038,-2.3271051200819624e-17,6.452243555584958e-16,5.387755531746288e-16,0.0,0.0,0.0
4.07,8.76533500054628e-15,4.401396955039679e-16,9.810678080000038,-2.070858155033539e-17,6.308872617398659e-16,5.307341007554334e-16,0.0,0.0,0.0
4.072,8.777713864205695e-15,4.4054602595809282e-16,9.810678080000038,-1.8013291474321055e-17,6.165545276900576e-16,5.226926483362381e-16,0.0,0.0,0.0
4.074,8.789811500185782e-15,4.408994711657426e-16,9.810678080000038,-1.518819843714935e-17,6.022255859708032e-16,5.146511959170427e-16,0.0,0.0,0.0
4.0760000000000005,8.801627982896635e-15,4.411974842167122e-16,9.810678080000038,-1.2236319104795267e-17,5.878998418164734e-16,5.066097434978473e-16,0.0,0.0,0.0
4.078,8.813163375079124e-15,4.4143757739193944e-16,9.810678080000038,-9.160669470051814e-18,5.73576673769174e-16,4.98568291078652e-16,0.0,0.0,0.0
4.08,8.8244177272803e-15,4.416173221502912e-16,9.810678080000038,-5.96426498336531e-18,5.592554343137022e-16,4.905268386594566e-16,0.0,0.0,0.0
4.082,8.835391077341425e-15,4.4173434911776615e-16,9.810678080000038,-2.6501206891564435e-18,5.449354505123879e-16,4.824853862402612e-16,0.0,0.0,0.0
4.0840000000000005,8.846083449900204e-15,4.417863480796553e-16,9.810678080000038,-6.845100463631999e-18,5.306160246398495e-16,4.744439338210659e-16,0.0,0.0,0.0
4.086,8.85649485590366e-15,4.4192065823383487e-16,9.810678080000038,-1.0928369873261398e-17,5.162980398633855e-16,4.664024814018705e-16,0.0,0.0,0.0
4.088,8.866625323628905e-15,4.421350876713617e-16,9.810678080000038,-1.4902943277259146e-17,5.019823558319595e-16,4.583610289826751e-16,0.0,0.0,0.0
4.09,8.876474898218506e-15,4.4242750362922365e-16,9.810678080000038,-1.8771834550464893e-17,4.876698093108111e-16,4.503195765634798e-16,0.0,0.0,0.0
4.0920000000000005,8.886043641235561e-15,4.4279583248072535e-16,9.810678080000038,-1.4914207811041176e-17,4.733612148159663e-16,4.422781241442844e-16,0.0,0.0,0.0
4.094,8.895331630223915e-15,4.430884694640023e-16,9.810678080000038,-1.0956924537408926e-17,4.590557602029166e-16,4.3423667172508905e-16,0.0,0.0,0.0
4.096,8.904338926792026e-15,4.433034591827887e-16,9.810678080000038,-6.9029964508127125e-18,4.44752612346506e-16,4.261952193058937e-16,0.0,0.0,0.0
4.098,8.913065576201973e-15,4.4343890533473435e-16,9.810678080000038,-2.7554347868566195e-18,4.304509177749874e-16,4.1815376688669833e-16,0.0,0.0,0.0
4.1,8.921511606969104e-15,4.434929707020368e-16,9.810678080000038,1.4827495248147364e-18,4.161498033039766e-16,4.1011231446750296e-16,0.0,0.0,0.0
4.102,8.9296770304755e-15,4.4346387714552496e-16,9.810678080000038,-1.8153034194533874e-18,4.0184837667034218e-16,4.0207086204830765e-16,0.0,0.0,0.0
4.104,8.937561840596443e-15,4.434994958604665e-16,9.810678080000038,-5.028755396758358e-18,3.8754733221176067e-16,3.9402940962911233e-16,0.0,0.0,0.0
4.106,8.945166044830847e-15,4.4359816686115666e-16,9.810678080000038,-8.16061719987679e-18,3.732473464549032e-16,3.85987957209917e-16,0.0,0.0,0.0
4.108,8.95248966395139e-15,4.4375828923771173e-16,9.810678080000038,-1.12138993986973e-17,3.5894907874929645e-16,3.779465047907217e-16,0.0,0.0,0.0
4.11,8.959532731668861e-15,4.439783211517303e-16,9.810678080000038,-1.41916122014079e-17,3.446531719011365e-16,3.699050523715264e-16,0.0,0.0,0.0
4.112,8.966295294306355e-15,4.442567798292428e-16,9.810678080000038,-1.70967653191663e-17,3.3036025280702685e-16,3.618635999523311e-16,0.0,0.0,0.0
4.114,8.972777410487676e-15,4.445922415507522e-16,9.810678080000038,-1.9932367834119614e-17,3.1607093308761155e-16,3.5382214753313576e-16,0.0,0.0,0.0
4.116,8.978979150837568e-15,4.449833416391052e-16,9.810678080000038,-2.2701428070640125e-17,3.0178580972107593e-16,3.4578069511394045e-16,0.0,0.0,0.0
4.118,8.984900597694177e-15,4.454287744446518e-16,9.810678080000038,-2.5406953469643792e-17,2.8750546567648786e-16,3.3773924269474514e-16,0.0,0.0,0.0
4.12,8.990541844834132e-15,4.459272933275946e-16,9.810678080000038,-2.8051950465857914e-17,2.732304705469531e-16,3.296977902755498e-16,0.0,0.0,0.0
4.122,8.995902997210643e-15,4.464777106386615e-16,9.810678080000038,-3.063942436790501e-17,2.5896138118255857e-16,3.216563378563545e-16,0.0,0.0,0.0
4.124,9.000984170702251e-15,4.4707889769672215e-16,9.810678080000038,-3.317237924106939e-17,2.446987423230789e-16,3.136148854371592e-16,0.0,0.0,0.0
4.126,9.005785491877348e-15,4.477297847645301e-16,9.810678080000038,-3.565381779261333e-17,2.3044308723042073e-16,3.055734330179639e-16,0.0,0.0,0.0
4.128,9.010307097766595e-15,4.484293610219016e-16,9.810678080000038,-3.808674125950964e-17,2.1619493832078156e-16,2.9753198059876856e-16,0.0,0.0,0.0
4.13,9.014549135651507e-15,4.491766745371198e-16,9.810678080000038,-4.047414929845766e-17,2.0195480779649892e-16,2.8949052817957325e-16,0.0,0.0,0.0
4.132,9.018511762863293e-15,4.499708322357741e-16,9.810678080000038,-4.281903987804945e-17,1.8772319827756667e-16,2.8144907576037794e-16,0.0,0.0,0.0
4.134,9.022195146596286e-15,4.508109998676285e-16,9.810678080000038,-4.512440917295349e-17,1.735006034327962e-16,2.734076233411826e-16,0.0,0.0,0.0
4.136,9.025599463730063e-15,4.516964019715169e-16,9.810678080000038,-4.739325145998274e-17,1.5928750861059968e-16,2.653661709219873e-16,0.0,0.0,0.0
4.138,9.028724900668512e-15,4.526263218380206e-16,9.810678080000038,-4.962855901591448e-17,1.4508439146937392e-16,2.57324718502792e-16,0.0,0.0,0.0
4.14,9.031571653186793e-15,4.536001014701726e-16,9.810678080000038,-5.183332201692908e-17,1.3089172260746317e-16,2.492832660835967e-16,0.0,0.0,0.0
4.142,9.034139926294472e-15,4.546171415424372e-16,9.810678080000038,-5.401052843953514e-17,1.1670996619267958e-16,2.4124181366440136e-16,0.0,0.0,0.0
4.144,9.036429934108516e-15,4.556769013573229e-16,9.810678080000038,-5.616316396284841e-17,1.0253958059136059e-16,2.3320036124520605e-16,0.0,0.0,0.0
4.146,9.038441899739693e-15,4.56778898800515e-16,9.810678080000038,-5.829421187209215e-17,8.838101899694277e-17,2.2515890882601074e-16,0.0,0.0,0.0
4.148,9.040176055191206e-15,4.579227102937423e-16,9.810678080000038,-6.040665296318651e-17,7.423473005803148e-17,2.171174564068154e-16,0.0,0.0,0.0
4.15,9.041632641269159e-15,4.591079707459655e-16,9.810678080000038,-6.250346544829471e-17,6.010115850594662e-17,2.0907600398762006e-16,0.0,0.0,0.0
4.152,9.042811907506031e-15,4.603343735027425e-16,9.810678080000038,-6.458762486219396e-17,4.5980745781724375e-17,2.0103455156842472e-16,0.0,0.0,0.0
4.154,9.043714112095209e-15,4.616016702936708e-16,9.810678080000038,-6.666210396933908e-17,3.187393066255524e-17,1.9299309914922938e-16,0.0,0.0,0.0
4.156,9.044339521841283e-15,4.62909671178054e-16,9.810678080000038,-6.872987267148688e-17,1.7781149887638864e-17,1.8495164673003404e-16,0.0,0.0,0.0
4.158,9.044688412115875e-15,4.642582444885484e-16,9.810678080000038,-7.079389791574969e-17,3.702838783436209e-18,1.769101943108387e-16,0.0,0.0,0.0
4.16,9.044761066834757e-15,4.656473167735262e-16,9.810678080000038,-7.285714360294626e-17,-1.0360568111700353e-17,1.6886874189164336e-16,0.0,0.0,0.0
4.162,9.044557778437738e-15,4.670768727369745e-16,9.810678080000038,-7.492257049611859e-17,-2.4408636423538276e-17,1.6082728947244802e-16,0.0,0.0,0.0
4.164,9.04407884788906e-15,4.685469551770624e-16,9.810678080000038,-7.699313612908325e-17,-3.844093131863664e-17,1.5278583705325269e-16,0.0,0.0,0.0
4.166,9.043324584684492e-15,4.700576649229342e-16,9.810678080000038,-7.907179471488617e-17,-5.2457016881697824e-17,1.4474438463405735e-16,0.0,0.0,0.0
4.168,9.042295306873031e-15,4.716091607692825e-16,9.810678080000038,-8.11614970540295e-17,-6.645645549361834e-17,1.36702932214862e-16,0.0,0.0,0.0
4.17,9.040991341090818e-15,4.732016594094433e-16,9.810678080000038,-8.326519044233991e-17,-8.0438807210258e-17,1.2866147979566667e-16,0.0,0.0,0.0
4.172,9.039413022605314e-15,4.748354353668145e-16,9.810678080000038,-8.538581857834729e-17,-9.440362914194701e-17,1.2062002737647133e-16,0.0,0.0,0.0
4.174,9.037560695375258e-15,4.765108209241539e-16,9.810678080000038,-8.75263214700434e-17,-1.0835047483375041e-16,1.12578574957276e-16,0.0,0.0,0.0
4.176,9.035434712118503e-15,4.782282060511029e-16,9.810678080000038,-8.968963534088992e-17,-1.2227889364650943e-16,1.0453712253808065e-16,0.0,0.0,0.0
4.178,9.033035434395247e-15,4.799880383299843e-16,9.810678080000038,-9.187869253494555e-17,-1.3618843013867954e-16,9.649567011888531e-17,0.0,0.0,0.0
4.18,9.030363232702691e-15,4.817908228797262e-16,9.810678080000038,-9.409642142098211e-17,-1.5007862344898546e-16,8.845421769968997e-17,0.0,0.0,0.0
4.182,9.02741848657996e-15,4.836371222778144e-16,9.810678080000038,-9.634574629545959e-17,-1.6394900667991281e-16,8.041276528049464e-17,0.0,0.0,0.0
4.184,9.02420158472801e-15,4.855275564803707e-16,9.810678080000038,-9.862958728423048e-17,-1.777991062820573e-16,7.23713128612993e-17,0.0,0.0,0.0
4.186,9.020712925138605e-15,4.874628027404075e-16,9.810678080000038,-1.0095086024284353e-16,-1.916284414393518e-16,6.432986044210396e-17,0.0,0.0,0.0
4.188,9.016952915238683e-15,4.894435955238629e-16,9.810678080000038,-1.0331247665531781e-16,-2.054365234551926e-16,5.628840802290862e-17,0.0,0.0,0.0
4.19,9.012921972043784e-15,4.9147072642410845e-16,9.810678080000038,-1.057173435312576e-16,-2.1922285513948594e-16,4.824695560371328e-17,0.0,0.0,0.0
4.192,9.008620522324502e-15,4.93545044073843e-16,9.810678080000038,-1.0816836330117922e-16,-2.329869301966364e-16,4.020550318451794e-17,0.0,0.0,0.0
4.194,9.004049002786739e-15,4.95667454055409e-16,9.810678080000038,-1.1066843370992072e-16,-2.4672823261449955e-16,3.21640507653226e-17,0.0,0.0,0.0
4.196,8.999207860259851e-15,4.978389188088903e-16,9.810678080000038,-1.1322044770800617e-16,-2.6044623605432094e-16,2.4122598346127263e-17,0.0,0.0,0.0
4.198,8.994097551901748e-15,5.000604575379911e-16,9.810678080000038,-1.1582729334083577e-16,-2.741404032416845e-16,1.6081145926931924e-17,0.0,0.0,0.0
4.2,8.98871854541189e-15,5.023331461136474e-16,9.810678080000038,-1.1849185363557362e-16,-2.878101853584934e-16,8.039693507736587e-18,0.0,0.0,0.0
4.202,8.983071319258476e-15,5.046581169759117e-16,9.810678080000038,-1.2121700648560544e-16,-3.0145502143600786e-16,-1.758911458750667e-21,0.0,0.0,0.0
4.204,8.977156362916681e-15,5.070365590327823e-16,9.810678080000038,-1.2400562453243784e-16,-3.150743377489633e-16,-8.043211330654088e-18,0.0,0.0,0.0
4.206,8.970974177118727e-15,5.094697175576015e-16,9.810678080000038,-1.268605750449124e-16,-3.286675472107943e-16,-1.6084663749849425e-17,0.0,0.0,0.0
4.208,8.964525274116568e-15,5.119588940832008e-16,9.810678080000038,-1.297847197956064e-16,-3.4223404876998993e-16,-2.4126116169044764e-17,0.0,0.0,0.0
4.21,8.957810177955633e-15,5.145054462944677e-16,9.810678080000038,-1.3278091493429394e-16,-3.557732268076058e-16,-3.2167568588240103e-17,0.0,0.0,0.0
4.212,8.950829424760386e-15,5.171107879176092e-16,9.810678080000038,-1.358520108583397e-16,-3.6928445053596013e-16,-4.020902100743544e-17,0.0,0.0,0.0
4.214,8.94358356303173e-15,5.197763886077396e-16,9.810678080000038,-1.3900085207989955e-16,-3.827670733985408e-16,-4.825047342663078e-17,0.0,0.0,0.0
4.216,8.936073153958611e-15,5.225037738329172e-16,9.810678080000038,-1.422302770898014e-16,-3.962204324711515e-16,-5.629192584582611e-17,0.0,0.0,0.0
4.218,8.92829877173513e-15,5.252945247564568e-16,9.810678080000038,-1.4554311821797993e-16,-4.096438478643253e-16,-6.433337826502145e-17,0.0,0.0,0.0
4.22,8.920261003897394e-15,5.281502781156421e-16,9.810678080000038,-1.4131835239420137e-16,-4.2303662212703567e-16,-7.237483068421679e-17,0.0,0.0,0.0
4.222,8.911960451665884e-15,5.309231358398976e-16,9.810678080000038,-1.3718264828964467e-16,-4.3639964469742556e-16,-8.041628310341213e-17,0.0,0.0,0.0
4.224,8.903397698809106e-15,5.336148454409684e-16,9.810678080000038,-1.3313881921573933e-16,-4.535457108115814e-16,-8.845773552260747e-17,0.0,0.0,0.0
4.226,8.894498516882344e-15,5.362272096315358e-16,9.810678080000038,-1.2919047492645494e-16,-4.706637472670404e-16,-9.649918794180281e-17,0.0,0.0,0.0
4.228,8.885263455865616e-15,5.387621019525519e-16,9.810678080000038,-1.253412192746891e-16,-4.877545853070377e-16,-1.0454064036099815e-16,0.0,0.0,0.0
4.23,8.875693049428846e-15,5.412214666574743e-16,9.810678080000038,-1.2921849948340697e-16,-5.048190353137206e-16,-1.1258209278019347e-16,0.0,0.0,0.0
4.232,8.865787815340494e-15,5.437569088582739e-16,9.810678080000038,-1.3320205902783555e-16,-5.21856281004944e-16,-1.2062354519938881e-16,0.0,0.0,0.0
4.234,8.855548287386448e-15,5.463705138997309e-16,9.810678080000038,-1.3729548475202735e-16,-5.388654837236197e-16,-1.2866499761858415e-16,0.0,0.0,0.0
4.236,8.844975015808233e-15,5.490644375051965e-16,9.810678080000038,-1.4150235759615983e-16,-5.558457816825801e-16,-1.367064500377795e-16,0.0,0.0,0.0
4.238,8.83406856775582e-15,5.518409056610739e-16,9.810678080000038,-1.3820240331896533e-16,-5.727962892106835e-16,-1.4474790245697483e-16,0.0,0.0,0.0
4.24,8.822829527758178e-15,5.545526242387372e-16,9.810678080000038,-1.350230395996864e-16,-5.897177010458932e-16,-1.5278935487617017e-16,0.0,0.0,0.0
4.242,8.811258466711972e-15,5.572019593885572e-16,9.810678080000038,-1.319678288959233e-16,-6.066106865382939e-16,-1.608308072953655e-16,0.0,0.0,0.0
4.244,8.799355942380912e-15,5.597913471609816e-16,9.810678080000038,-1.2904032768069055e-16,-6.234758889000892e-16,-1.6887225971456085e-16,0.0,0.0,0.0
4.246,8.78712249990772e-15,5.6232329338939e-16,9.810678080000038,-1.2624408657783206e-16,-6.403139244568585e-16,-1.7691371213375618e-16,0.0,0.0,0.0
4.248,8.774558672341486e-15,5.648003735752647e-16,9.810678080000038,-1.235826504917759e-16,-6.571253819000459e-16,-1.8495516455295152e-16,0.0,0.0,0.0
4.25,8.76166498118159e-15,5.67225232775729e-16,9.810678080000038,-1.210595587314712e-16,-6.739108215406528e-16,-1.9299661697214686e-16,0.0,0.0,0.0
4.252,8.748441936932265e-15,5.696005854941913e-16,9.810678080000038,-1.1867834512835027e-16,-6.906707745641091e-16,-2.010380693913422e-16,0.0,0.0,0.0
4.2540000000000004,8.734890039674924e-15,5.719292155724191e-16,9.810678080000038,-1.1644253814815877e-16,-7.074057422862967e-16,-2.0907952181053754e-16,0.0,0.0,0.0
4.256,8.721009779655852e-15,5.742139760856205e-16,9.810678080000038,-1.1435566099649764e-16,-7.241161954107033e-16,-2.1712097422973288e-16,0.0,0.0,0.0
4.258,8.706801637884565e-15,5.764577892389061e-16,9.810678080000038,-1.1242123171791996e-16,-7.408025732866837e-16,-2.251624266489282e-16,0.0,0.0,0.0
4.26,8.692266086749905e-15,5.786636462664136e-16,9.810678080000038,-1.1064276328842706e-16,-7.57465283168807e-16,-2.3320387906812356e-16,0.0,0.0,0.0
4.2620000000000005,8.677403590649948e-15,5.80834607331418e-16,9.810678080000038,-1.0902376370120768e-16,-7.741046994772714e-16,-2.412453314873189e-16,0.0,0.0,0.0
4.264,8.662214606636504e-15,5.829738014289077e-16,9.810678080000038,-1.075677360454644e-16,-7.90721163059368e-16,-2.492867839065143e-16,0.0,0.0,0.0
4.266,8.646699585073023e-15,5.850844262891952e-16,9.810678080000038,-1.0627817857817216e-16,-8.073149804519767e-16,-2.5732823632570965e-16,0.0,0.0,0.0
4.268,8.630858970307894e-15,5.8716974828310585e-16,9.810678080000038,-1.0515858478861332e-16,-8.238864231450798e-16,-2.65369688744905e-16,0.0,0.0,0.0
4.2700000000000005,8.614693201364298e-15,5.892331023284982e-16,9.810678080000038,-1.0421244345553428e-16,-8.404357268462792e-16,-2.7341114116410038e-16,0.0,0.0,0.0
4.272,8.59820271263796e-15,5.912778917978684e-16,9.810678080000038,-1.0344323869676898e-16,-8.569630907463055e-16,-2.8145259358329574e-16,0.0,0.0,0.0
4.274,8.581387934618557e-15,5.933075884266944e-16,9.810678080000038,-1.0285445001117436e-16,-8.734686767855075e-16,-2.894940460024911e-16,0.0,0.0,0.0
4.276,8.56424929461666e-15,5.953257322229636e-16,9.810678080000038,-1.0244955231272364e-16,-8.899526089213157e-16,-2.9753549842168647e-16,0.0,0.0,0.0
4.2780000000000005,8.54678721751157e-15,5.973359313773412e-16,9.810678080000038,-1.0223201595660304e-16,-9.064149723966692e-16,-3.0557695084088183e-16,0.0,0.0,0.0
4.28,8.529002126509411e-15,5.99341862173388e-16,9.810678080000038,-1.0220530675715788e-16,-9.228558130094045e-16,-3.136184032600772e-16,0.0,0.0,0.0
4.282,8.510894443918193e-15,6.01347268898715e-16,9.810678080000038,-1.0237288599753446e-16,-9.392751363825975e-16,-3.2165985567927256e-16,0.0,0.0,0.0
4.284,8.492464591935088e-15,6.0335596375599e-16,9.810678080000038,-1.0273821043086376e-16,-9.556729072358626e-16,-3.297013080984679e-16,0.0,0.0,0.0
4.2860000000000005,8.473712993449496e-15,6.05371826774092e-16,9.810678080000038,-1.0330473227283403e-16,-9.72049048657603e-16,-3.377427605176633e-16,0.0,0.0,0.0
4.288,8.454640072860694e-15,6.073988057190197e-16,9.810678080000038,-1.0407589918549848e-16,-9.884034413782173e-16,-3.457842129368586e-16,0.0,0.0,0.0
4.29,8.435246256907723e-15,6.094409160046015e-16,9.810678080000038,-1.0505515425216565e-16,-1.0047359230442653e-15,-3.538256653560539e-16,0.0,0.0,0.0
4.292,8.415531975515042e-15,6.115022406026647e-16,9.810678080000038,-1.0624593594321907e-16,-1.0210462874935964e-15,-3.4578421293685855e-16,0.0,0.0,0.0
4.2940000000000005,8.39549766265239e-15,6.135869299523654e-16,9.810678080000038,-1.0765167807271409e-16,-1.03733428403145e-15,-3.377427605176632e-16,0.0,0.0,0.0
4.296,8.37514375720845e-15,6.156992018690259e-16,9.810678080000038,-1.0927580974559925e-16,-1.0535996167075366e-15,-3.297013080984678e-16,0.0,0.0,0.0
4.298,8.354470703878706e-15,6.178433414517395e-16,9.810678080000038,-1.1112175529540992e-16,-1.0698419435941093e-15,-3.2165985567927246e-16,0.0,0.0,0.0
4.3,8.333478954068696e-15,6.200237009894957e-16,9.810678080000038,-1.1319293421228248e-16,-1.0860608760650407e-15,-3.136184032600771e-16,0.0,0.0,0.0
4.3020000000000005,8.312168966807903e-15,6.222446998664679e-16,9.810678080000038,-1.1549276106113696e-16,-1.1022559780759188e-15,-3.0557695084088173e-16,0.0,0.0,0.0
4.304,8.290541209682585e-15,6.245108244651312e-16,9.810678080000038,-1.180246453898768e-16,-1.11842676544518e-15,-2.9753549842168637e-16,0.0,0.0,0.0
4.306,8.268596159778856e-15,6.268266280680002e-16,9.810678080000038,-1.2079199162745436e-16,-1.134572705136299e-15,-2.89494046002491e-16,0.0,0.0,0.0
4.308,8.246334304641945e-15,6.2919673075699945e-16,9.810678080000038,-1.2379819897165097e-16,-1.1506932145410553e-15,-2.8145259358329564e-16,0.0,0.0,0.0
4.3100000000000005,8.223756143248855e-15,6.316258193110108e-16,9.810678080000038,-1.2704666126642058e-16,-1.166787660763902e-15,-2.734111411641003e-16,0.0,0.0,0.0
4.312,8.200862186993658e-15,6.341186471006585e-16,9.810678080000038,-1.2291691777250825e-16,-1.1828553599074606e-15,-2.6536968874490496e-16,0.0,0.0,0.0
4.314,8.177652960691313e-15,6.365304437223574e-16,9.810678080000038,-1.1903620031188464e-16,-1.1988971814048636e-15,-2.5732823632570965e-16,0.0,0.0,0.0
4.316,8.154128972095693e-15,6.388660954046146e-16,9.810678080000038,-1.2303173525851066e-16,-1.214913942261899e-15,-2.492867839065143e-16,0.0,0.0,0.0
4.3180000000000005,8.13029071293062e-15,6.412801449010899e-16,9.810678080000038,-1.2728304551806447e-16,-1.2309048013003026e-15,-2.412453314873189e-16,0.0,0.0,0.0
4.32,8.106138691425256e-15,6.437776108703148e-16,9.810678080000038,-1.2416964854312544e-16,-1.2468688634935426e-15,-2.3320387906812356e-16,0.0,0.0,0.0
4.322,8.081673433369987e-15,6.462139877686544e-16,9.810678080000038,-1.213187543370214e-16,-1.2628067843037534e-15,-2.251624266489282e-16,0.0,0.0,0.0
4.324,8.056895451694007e-15,6.485944262564122e-16,9.810678080000038,-1.1873371830340755e-16,-1.2787191639284734e-15,-2.1712097422973285e-16,0.0,0.0,0.0
4.3260000000000005,8.03180524755e-15,6.509241428314336e-16,9.810678080000038,-1.1641789046876428e-16,-1.294606546594234e-15,-2.0907952181053752e-16,0.0,0.0,0.0
4.328,8.006403311412232e-15,6.532084197236949e-16,9.810678080000038,-1.143746155969729e-16,-1.310469419851279e-15,-2.0103806939134218e-16,0.0,0.0,0.0
4.33,7.980690124188457e-15,6.554526047920117e-16,9.810678080000038,-1.126072332919593e-16,-1.3263082138693939e-15,-1.9299661697214684e-16,0.0,0.0,0.0
4.332,7.954666158346007e-15,6.576621114226208e-16,9.810678080000038,-1.1111907808825756e-16,-1.3421233007348198e-15,-1.849551645529515e-16,0.0,0.0,0.0
4.3340000000000005,7.928331879051705e-15,6.598424184299322e-16,9.810678080000038,-1.09913479529345e-16,-1.3579149937482356e-15,-1.7691371213375616e-16,0.0,0.0,0.0
4.336,7.901687745324384e-15,6.619990699585614e-16,9.810678080000038,-1.0899376223360131e-16,-1.3736835467237905e-15,-1.6887225971456082e-16,0.0,0.0,0.0
4.338,7.874734211203193e-15,6.641376753865965e-16,9.810678080000038,-1.083632459477439e-16,-1.3894291532891736e-15,-1.6083080729536548e-16,0.0,0.0,0.0
4.34,7.847471726927338e-15,6.662639092299972e-16,9.810678080000038,-1.080252455875922e-16,-1.4051519461867093e-15,-1.5278935487617014e-16,0.0,0.0,0.0
4.3420000000000005,7.81990074013239e-15,6.683835110479321e-16,9.810678080000038,-1.0798307126601397e-16,-1.4208519965754687e-15,-1.5278935487617014e-16,0.0,0.0,0.0
4.344,7.792021697056848e-15,6.705022853484601e-16,9.810678080000038,-1.0824002830790628e-16,-1.4365293133343938e-15,-1.5278935487617014e-16,0.0,0.0,0.0
4.346,7.76383504376566e-15,6.726261014947056e-16,9.810678080000038,-1.0879941725206483e-16,-1.4521838423664283e-15,-1.5278935487617014e-16,0.0,0.0,0.0
4.348,7.735341227384792e-15,6.747608936105893e-16,9.810678080000038,-1.0966453383979495e-16,-1.467815465903657e-15,-1.5278935487617014e-16,0.0,0.0,0.0
4.3500000000000005,7.70654069735118e-15,6.769126604872006e-16,9.810678080000038,-1.108386689901179e-16,-1.4834240018134544e-15,-1.5278935487617014e-16,0.0,0.0,0.0
4.352,7.677433906675297e-15,6.790874654877395e-16,9.810678080000038,-1.1232510876142664e-16,-1.4990092029056493e-15,-1.5278935487617014e-16,0.0,0.0,0.0
4.354,7.64802131321793e-15,6.812914364524592e-16,9.810678080000038,-1.1412713429944494e-16,-1.514570756240712e-15,-1.5278935487617014e-16,0.0,0.0,0.0
4.356,7.618303380979963e-15,6.835307656020797e-16,9.810678080000038,-1.1624802177134434e-16,-1.5301082824389765e-15,-1.5278935487617014e-16,0.0,0.0,0.0
4.358,7.588280581407157e-15,6.858117094401171e-16,9.810678080000038,-1.1869104228587356e-16,-1.5456213349909096e-15,-1.5278935487617014e-16,0.0,0.0,0.0
4.36,7.557953394704781e-15,6.881405886538322e-16,9.810678080000038,-1.2145946179935507e-16,-1.5611093995684469e-15,-1.5278935487617014e-16,0.0,0.0,0.0
4.362,7.527322311170794e-15,6.905237880128126e-16,9.810678080000038,-1.2455654100740368e-16,-1.5765718933374115e-15,-1.5278935487617014e-16,0.0,0.0,0.0
4.364,7.496387832540058e-15,6.929677562659769e-16,9.810678080000038,-1.2036168612608449e-16,-1.5920081642710418e-15,-1.5278935487617014e-16,0.0,0.0,0.0
4.366,7.46515047333921e-15,6.953294157774472e-16,9.810678080000038,-1.1650199604305704e-16,-1.6074190955103427e-15,-1.5278935487617014e-16,0.0,0.0,0.0
4.368,7.433610730767951e-15,6.976153429351678e-16,9.810678080000038,-1.2060456431122587e-16,-1.6228054996342175e-15,-1.5278935487617014e-16,0.0,0.0,0.0
4.37,7.401769086081132e-15,6.999817680460362e-16,9.810678080000038,-1.1742493203139714e-16,-1.6381665129307224e-15,-1.5278935487617014e-16,0.0,0.0,0.0
4.372,7.369626037481491e-15,7.022858044594703e-16,9.810678080000038,-1.1459018224727228e-16,-1.6535028048064822e-15,-1.5278935487617014e-16,0.0,0.0,0.0
4.374,7.337182070036838e-15,7.045342192378007e-16,9.810678080000038,-1.121035437018241e-16,-1.668814972060157e-15,-1.5278935487617014e-16,0.0,0.0,0.0
4.376,7.304437657104736e-15,7.067338427955937e-16,9.810678080000038,-1.0996824005907907e-16,-1.684103538202697e-15,-1.5278935487617014e-16,0.0,0.0,0.0
4.378,7.271393261771386e-15,7.088915688000582e-16,9.810678080000038,-1.081874900143318e-16,-1.6993689527786653e-15,-1.5278935487617014e-16,0.0,0.0,0.0
4.38,7.238049338301551e-15,7.110143540736703e-16,9.810678080000038,-1.067645073887875e-16,-1.7146115906886075e-15,-1.5278935487617014e-16,0.0,0.0,0.0
4.382,7.204406333604656e-15,7.131092184984254e-16,9.810678080000038,-1.0570250120848959e-16,-1.7298317515124475e-15,-1.5278935487617014e-16,0.0,0.0,0.0
4.384,7.170464688711534e-15,7.151832449216185e-16,9.810678080000038,-1.0500467576739022e-16,-1.7450296588338925e-15,-1.5278935487617014e-16,0.0,0.0,0.0
4.386,7.136224840265767e-15,7.172435790633014e-16,9.810678080000038,-1.0467423067442114e-16,-1.7602054595658343e-15,-1.5278935487617014e-16,0.0,0.0,0.0
4.388,7.101687222028835e-15,7.192974294241826e-16,9.810678080000038,-1.0471436088442329e-16,-1.7753592232767372e-15,-1.5278935487617014e-16,0.0,0.0,0.0
4.39,7.066852266397094e-15,7.213520671941198e-16,9.810678080000038,-1.0512825671279295e-16,-1.790490941518005e-15,-1.5278935487617014e-16,0.0,0.0,0.0
4.392,7.031720405932167e-15,7.234148261615981e-16,9.810678080000038,-1.0591910383370318e-16,-1.805600527152326e-15,-1.5278935487617014e-16,0.0,0.0,0.0
4.394,6.996292074906319e-15,7.25493102622074e-16,9.810678080000038,-1.0709008326175867e-16,-1.820687813682994e-15,-1.5278935487617014e-16,0.0,0.0,0.0
4.396,6.960567710857703e-15,7.275943552869115e-16,9.810678080000038,-1.086443713169434e-16,-1.83575255458421e-15,-1.5278935487617014e-16,0.0,0.0,0.0
4.398,6.9245477561625535e-15,7.297261051913319e-16,9.810678080000038,-1.1058513957271964e-16,-1.850794422632375e-15,-1.3670645003777947e-16,0.0,0.0,0.0
4.4,6.88823265961725e-15,7.318959356008843e-16,9.810678080000038,-1.1291555478713765e-16,-1.8658130092383774e-15,-1.206235451993888e-16,0.0,0.0,0.0
4.402,6.851622878034971e-15,7.341114919173739e-16,9.810678080000038,-1.1563877881681562e-16,-1.880807823780898e-15,-1.0454064036099811e-16,0.0,0.0,0.0
4.404,6.814718877856154e-15,7.363804815824241e-16,9.810678080000038,-1.1875796851364936e-16,-1.8957782929407466e-15,-8.845773552260743e-17,0.0,0.0,0.0
4.406,6.777521136769998e-15,7.387106739794601e-16,9.810678080000038,-1.146524265079733e-16,-1.910723760036249e-15,-7.237483068421675e-17,0.0,0.0,0.0
4.408,6.740030145350956e-15,7.409603100746105e-16,9.810678080000038,-1.185729974548632e-16,-1.925645089405409e-15,-5.629192584582608e-17,0.0,0.0,0.0
4.41,6.702246377213761e-15,7.432868730886276e-16,9.810678080000038,-1.152751245431359e-16,-1.9405414556521007e-15,-4.02090210074354e-17,0.0,0.0,0.0
4.412,6.664170322169248e-15,7.455487273636611e-16,9.810678080000038,-1.1238579299454803e-16,-1.955413553076099e-15,-2.412611616904472e-17,0.0,0.0,0.0
4.414,6.6401699313115286e-15,7.493753281452579e-16,9.831951679999966,-1.0213012727318915e-16,-1.970244592551797e-15,-2.4126116169044724e-17,0.0,0.0,0.0
4.416,6.615726348217795e-15,7.53011150336361e-16,9.853248320000024,-9.976058085283787e-17,-1.985036621059779e-15,-8.043211330654046e-18,0.0,0.0,0.0
4.418,6.5908381758461495e-15,7.566106416307216e-16,9.874567999999988,-9.765807490857383e-17,-1.9921661793203952e-15,8.039693507736631e-18,0.0,0.0,0.0
4.42,6.5656549018609895e-15,7.601787979288752e-16,9.895910719999971,-8.82019266705885e-17,-1.9992574526421907e-15,2.4122598346127306e-17,0.0,0.0,0.0
4.422,6.540176097244256e-15,7.635695072842674e-16,9.917276479999973,-8.664300526067954e-17,-2.013936194058457e-15,2.4122598346127306e-17,0.0,0.0,0.0
4.424,6.514249757944939e-15,7.669385454514435e-16,9.938665279999995,-8.536226345698742e-17,-2.0209549379003967e-15,4.0205503184517984e-17,0.0,0.0,0.0
4.426,6.488026310125394e-15,7.702912657277738e-16,9.960077120000037,-8.43628891191704e-17,-2.0317496328968826e-15,4.0205503184517984e-17,0.0,0.0,0.0
4.428,6.46142919330004e-15,7.736331323209717e-16,9.981511999999984,-8.364889157132514e-17,-2.046320395503742e-15,4.0205503184517984e-17,0.0,0.0,0.0
4.43,6.434381194520387e-15,7.769697375955647e-16,10.002969919999952,-8.322510860266057e-17,-2.0608553576248232e-15,4.0205503184517984e-17,0.0,0.0,0.0
4.432,6.406880872714265e-15,7.803068196732195e-16,10.02445088000005,-8.309639346453644e-17,-2.0753545141442126e-15,5.628840802290867e-17,0.0,0.0,0.0
4.434,6.378926789041587e-15,7.836502639156034e-16,10.045954880000057,-7.564376575036472e-17,-2.08981779679834e-15,5.628840802290867e-17,0.0,0.0,0.0
4.436,6.350517508185714e-15,7.868525984878381e-16,10.06748191999997,-7.611980774237181e-17,-2.1042467196394606e-15,7.237131286129935e-17,0.0,0.0,0.0
4.438,6.321651566455073e-15,7.900728564535505e-16,10.089032000000014,-8.452941923535583e-17,-2.1148291658084166e-15,8.845421769969002e-17,0.0,0.0,0.0
4.44,6.292404587704521e-15,7.934715362647791e-16,10.110605119999963,-8.562899041707677e-17,-2.1291870700038618e-15,8.845421769969002e-17,0.0,0.0,0.0
4.442,6.262698402400999e-15,7.969016045367202e-16,10.132201280000046,-8.704729749261084e-17,-2.1396962463435993e-15,8.845421769969002e-17,0.0,0.0,0.0
4.444,6.2326090143356816e-15,8.003696883598245e-16,10.153820480000036,-9.641230117571394e-17,-2.1539801360315874e-15,8.845421769969002e-17,0.0,0.0,0.0
4.446,6.202057945607021e-15,8.04037706373651e-16,10.175462720000043,-1.0610510602543416e-16,-2.168224669303118e-15,8.845421769969002e-17,0.0,0.0,0.0
4.448,6.171043846281528e-15,8.079135732451516e-16,10.19712799999996,-1.0850683108508554e-16,-2.182427616020233e-15,8.845421769969002e-17,0.0,0.0,0.0
4.45,6.1395654148830685e-15,8.118495512159656e-16,10.218816320000006,-1.1124630755458807e-16,-2.1660929348295026e-15,8.845421769969002e-17,0.0,0.0,0.0
4.452,6.108245944333493e-15,8.158528853276276e-16,10.24052767999996,-1.219456789415803e-16,-2.149715299410106e-15,8.845421769969002e-17,0.0,0.0,0.0
4.454,6.077088144695021e-15,8.200873208810117e-16,10.262262080000044,-1.2535551238735327e-16,-2.1485399283251178e-15,8.845421769969002e-17,0.0,0.0,0.0
4.456,6.045781173773495e-15,8.244043384993836e-16,10.284019520000037,-1.2147740844215406e-16,-2.1473182373086017e-15,8.845421769969002e-17,0.0,0.0,0.0
4.458,6.014325842721057e-15,8.28654184597082e-16,10.305800000000048,-1.1793680804901902e-16,-2.146050947085029e-15,8.845421769969002e-17,0.0,0.0,0.0
4.46,5.9827229562077805e-15,8.32843340371044e-16,10.327603519999965,-1.14735294421049e-16,-2.1447387088381302e-15,8.845421769969002e-17,0.0,0.0,0.0
4.462,5.95097331372447e-15,8.369783776491542e-16,10.349430080000015,-1.1187444219311422e-16,-2.1433821032384623e-15,8.845421769969002e-17,0.0,0.0,0.0
4.464,5.919077710924913e-15,8.410659592134804e-16,10.371279679999972,-1.093558174630286e-16,-2.1419816394675034e-15,8.845421769969002e-17,0.0,0.0,0.0
4.466,5.8870369410048045e-15,8.451128391237561e-16,10.393152320000059,-1.0718097781792037e-16,-2.1405377542382797e-15,8.845421769969002e-17,0.0,0.0,0.0
4.468,5.8548517961213056e-15,8.491258630397777e-16,10.415048000000052,-1.0535147234538294e-16,-2.139050810812532e-15,8.845421769969002e-17,0.0,0.0,0.0
4.47,5.822523068848884e-15,8.531119685432601e-16,10.436966720000067,-1.0386884162898526e-16,-2.1375210980144295e-15,8.845421769969002e-17,0.0,0.0,0.0
4.472,5.79005155367894e-15,8.570781854581634e-16,10.458908479999987,-1.027346177277158e-16,-2.1359488292408454e-15,8.845421769969002e-17,0.0,0.0,0.0
4.474,5.757438048555717e-15,8.610316361694419e-16,10.48087328000004,-1.0195032413892999e-16,-2.134334141468213e-15,8.845421769969002e-17,0.0,0.0,0.0
4.476,5.724683356454025e-15,8.64979535940068e-16,10.502861119999999,-1.0151747574436564e-16,-2.1326770942559814e-15,8.845421769969002e-17,0.0,0.0,0.0
4.478,5.691788287000745e-15,8.689291932255898e-16,10.524871999999977,-1.0143757873878647e-16,-2.1309776687466955e-15,8.845421769969002e-17,0.0,0.0,0.0
4.48,5.658753658132222e-15,8.728880099855838e-16,10.546905919999976,-1.0171213054080871e-16,-2.129235766662731e-15,8.845421769969002e-17,0.0,0.0,0.0
4.482,5.625580297799391e-15,8.768634819928389e-16,10.568962879999992,-1.0234261968546099e-16,-2.1274512092997188e-15,8.845421769969002e-17,0.0,0.0,0.0
4.484,5.592269045709977e-15,8.808631991379554e-16,10.591042880000028,-1.0333052569802283e-16,-2.125623736516695e-15,8.845421769969002e-17,0.0,0.0,0.0
4.486,5.558820755119205e-15,8.848948457306895e-16,10.613145920000083,-1.0467731894868222e-16,-2.123753005723019e-15,8.845421769969002e-17,0.0,0.0,0.0
4.488,5.525236294658385e-15,8.889662007966641e-16,10.635272000000043,-1.0638446048754757e-16,-2.121838590862112e-15,8.845421769969002e-17,0.0,0.0,0.0
4.49,5.491516550210819e-15,8.93085138368902e-16,10.657421120000025,-1.0845340185954462e-16,-2.1198799813920603e-15,8.845421769969002e-17,0.0,0.0,0.0
4.492,5.4576624268291286e-15,8.972596277741824e-16,10.679593280000026,-1.1088558489872401e-16,-2.117876581263154e-15,8.845421769969002e-17,0.0,0.0,0.0
4.494,5.423674850702282e-15,9.0149773391353e-16,10.701788480000044,-1.136824415014999e-16,-2.115827707892409e-15,8.845421769969002e-17,0.0,0.0,0.0
4.496,5.389554771159691e-15,9.058076175359504e-16,10.724006720000084,-1.1684539337833534e-16,-2.113732591135157e-15,8.845421769969002e-17,0.0,0.0,0.0
4.498,5.355303162730142e-15,9.101975355055574e-16,10.74624800000003,-1.2037585178338503e-16,-2.111590372253768e-15,8.845421769969002e-17,0.0,0.0,0.0
4.5,5.32092102723898e-15,9.146758410607636e-16,10.768512319999994,-1.24275217221601e-16,-2.1094001028835894e-15,8.845421769969002e-17,0.0,0.0,0.0
4.502,5.286409395956966e-15,9.192509840656309e-16,10.790799680000088,-1.2092103003666358e-16,-2.107160743996191e-15,8.845421769969002e-17,0.0,0.0,0.0
4.5040000000000004,5.251769331792918e-15,9.237666362134166e-16,10.813110080000092,-1.1793851735992514e-16,-2.10487293390549e-15,8.845421769969002e-17,0.0,0.0,0.0
4.506,5.2170018931993775e-15,9.282304197369828e-16,10.835443520000002,-1.1532904586981198e-16,-2.1025372291417897e-15,8.845421769969002e-17,0.0,0.0,0.0
4.508,5.18210813582843e-15,9.326500520946618e-16,10.857800000000044,-1.1309397091801277e-16,-2.1001541034300458e-15,8.845421769969002e-17,0.0,0.0,0.0
4.51,5.147089114230911e-15,9.370333462010975e-16,10.880179519999992,-1.112346365412921e-16,-2.0977239466656575e-15,8.845421769969002e-17,0.0,0.0,0.0
4.5120000000000005,5.111945883600973e-15,9.413882106559154e-16,10.902582080000071,-1.097523754545929e-16,-2.0952470638878055e-15,8.845421769969002e-17,0.0,0.0,0.0
4.514,5.0766795015636426e-15,9.45722649970225e-16,10.925007680000057,-1.0864850902494875e-16,-2.0927236742503577e-15,8.845421769969002e-17,0.0,0.0,0.0
4.516,5.041291030008923e-15,9.500447647906563e-16,10.947456320000065,-1.079243472257219e-16,-2.090153909990373e-15,8.041276528049468e-17,0.0,0.0,0.0
4.518,5.005781536970466e-15,9.543627521198458e-16,10.969928000000088,-1.0758118857067791e-16,-2.0875378153942388e-15,7.237131286129935e-17,0.0,0.0,0.0
4.5200000000000005,4.970152098553549e-15,9.586849055336699e-16,10.992422720000022,-9.999647093126447e-17,-2.0848753457614753e-15,6.432986044210401e-17,0.0,0.0,0.0
4.522,4.934403800902886e-15,9.628516629062645e-16,11.014940480000083,-1.0041916781342603e-16,-2.082168168431581e-15,5.628840802290867e-17,0.0,0.0,0.0
4.524,4.89853770244341e-15,9.670387766917839e-16,11.037481280000055,-1.0122669407820378e-16,-2.0794160649881076e-15,4.824695560371333e-17,0.0,0.0,0.0
4.526,4.86255487523709e-15,9.712548304003927e-16,11.060045120000044,-9.479645308382331e-17,-2.0766187249168596e-15,4.020550318451799e-17,0.0,0.0,0.0
4.5280000000000005,4.826456407094716e-15,9.753395203290038e-16,11.082632000000052,-8.87535347089903e-17,-2.073777557700455e-15,3.216405076532265e-17,0.0,0.0,0.0
4.53,4.7902433634676035e-15,9.79300590770483e-16,11.10524192000008,-9.072301740054958e-17,-2.0708938897282407e-15,2.4122598346127312e-17,0.0,0.0,0.0
4.532,4.753916788992185e-15,9.833155562079397e-16,11.127874880000014,-9.308227020450097e-17,-2.0679671427277277e-15,1.6081145926931973e-17,0.0,0.0,0.0
4.534,4.717477749693277e-15,9.873933889215197e-16,11.15053088000008,-8.820865072882546e-17,-2.0649966421573268e-15,8.039693507736633e-18,0.0,0.0,0.0
4.5360000000000005,4.680927335281248e-15,9.913727936857085e-16,11.173209920000053,-9.135105217775036e-17,-2.0619834441109153e-15,-1.7589114587059856e-21,0.0,0.0,0.0
4.538,4.644266620571979e-15,9.954326128500535e-16,11.195912000000046,-8.72629598385691e-17,-2.05892668577304e-15,-8.043211330654046e-18,0.0,0.0,0.0
4.54,4.607496708328331e-15,9.994110545054016e-16,11.218637120000057,-9.119324355093139e-17,-2.0558272402929398e-15,-1.6084663749849385e-17,0.0,0.0,0.0
4.542,4.570618690440292e-15,1.0034878486095455e-15,11.241385280000086,-8.789536505437103e-17,-2.0526840523868297e-15,-2.4126116169044724e-17,0.0,0.0,0.0
4.5440000000000005,4.533633691192424e-15,1.007500705909072e-15,11.264156480000025,-8.499432131368697e-17,-2.049497808071927e-15,-3.216756858824006e-17,0.0,0.0,0.0
4.546,4.496542828218404e-15,1.0114581460833178e-15,11.286950720000092,-8.24912482057688e-17,-2.0462691019525796e-15,-4.02090210074354e-17,0.0,0.0,0.0
4.548,4.459347214430574e-15,1.0153687860304432e-15,11.30976800000007,-8.03872696663919e-17,-2.042998436177147e-15,-4.825047342663074e-17,0.0,0.0,0.0
4.55,4.4220479599984086e-15,1.0192413400390093e-15,11.332608320000062,-7.868349771963424e-17,-2.0396862193930387e-15,-5.629192584582608e-17,0.0,0.0,0.0
4.5520000000000005,4.38464617437904e-15,1.0230846199577802e-15,11.355471680000077,-7.738103248553059e-17,-2.0363327656999306e-15,-6.433337826502142e-17,0.0,0.0,0.0
4.554,4.347142968393542e-15,1.0269075353631588e-15,11.37835808000011,-8.410481126157569e-17,-2.0329382936011857e-15,-7.237483068421675e-17,0.0,0.0,0.0
4.556,4.309539456352907e-15,1.0308929368101076e-15,11.40126752000005,-8.360821210071289e-17,-2.0295010596843402e-15,-8.041628310341209e-17,0.0,0.0,0.0
4.558,4.271836800856672e-15,1.0348767860701803e-15,11.42420000000001,-8.351614787006832e-17,-2.0260210806037605e-15,-8.845773552260743e-17,0.0,0.0,0.0
4.5600000000000005,4.2340361729128424e-15,1.0388682879202082e-15,11.4471555200001,-8.382966977615937e-17,-2.022498274250111e-15,-9.649918794180277e-17,0.0,0.0,0.0
4.562,4.1961387542224315e-15,1.0428767454800715e-15,11.470134080000097,-9.217366544245353e-17,-2.0189324586951757e-15,-1.0454064036099811e-16,0.0,0.0,0.0
4.564,4.1581457395089695e-15,1.0470868042130647e-15,11.493135680000115,-1.0092531148120245e-16,-2.0153214708362386e-15,-1.1258209278019345e-16,0.0,0.0,0.0
4.566,4.120058382217215e-15,1.0515090175467236e-15,11.51616032000004,-1.0246177105570347e-16,-2.0116630343363817e-15,-1.206235451993888e-16,0.0,0.0,0.0
4.5680000000000005,4.0818779976370424e-15,1.055978093379394e-15,11.539208000000095,-1.0440789140895986e-16,-2.0079566463790928e-15,-1.2866499761858413e-16,0.0,0.0,0.0
4.57,4.043605922444347e-15,1.0605037315705028e-15,11.562278720000055,-1.0676465634583245e-16,-2.0042017000721143e-15,-1.3670645003777947e-16,0.0,0.0,0.0
4.572,4.005243517245119e-15,1.0650957308846884e-15,11.585372480000037,-1.0953303507238973e-16,-2.0003974833862284e-15,-1.447479024569748e-16,0.0,0.0,0.0
4.574,3.966792169184996e-15,1.0697639890690096e-15,11.608489280000038,-1.127139819111867e-16,-2.004167027189353e-15,-1.5278935487617014e-16,0.0,0.0,0.0
4.5760000000000005,3.92807593902886e-15,1.074518502920196e-15,11.631629120000056,-1.1631033894479076e-16,-2.0078855568953618e-15,-1.6083080729536548e-16,0.0,0.0,0.0
4.578,3.889095215479245e-15,1.0793694126982081e-15,11.654792000000096,-1.203249440851524e-16,-2.011552038213194e-15,-1.6887225971456082e-16,0.0,0.0,0.0
4.58,3.84475381217152e-15,1.0828915213173506e-15,11.662518079999977,-1.0956761716314452e-16,-2.0151807286660145e-15,-1.7691371213375616e-16,0.0,0.0,0.0
4.582,3.7977496488064155e-15,1.085447189949576e-15,11.662518079999977,-9.931462675792922e-17,-2.018781997781579e-15,-1.849551645529515e-16,0.0,0.0,0.0
4.5840000000000005,3.750661485709066e-15,1.0877637072099089e-15,11.662518079999977,-8.95668741541883e-17,-2.022358411561732e-15,-1.9299661697214684e-16,0.0,0.0,0.0
4.586,3.703489902630705e-15,1.0898528577883673e-15,11.662518079999977,-8.032525441609286e-17,-2.0259124095631468e-15,-1.849551645529515e-16,0.0,0.0,0.0
4.588,3.656235422420452e-15,1.0917264472521734e-15,11.662518079999977,-7.159065699784777e-17,-2.029446304673319e-15,-1.7691371213375616e-16,0.0,0.0,0.0
4.59,3.608898513979596e-15,1.093396301915295e-15,11.662518079999977,-6.336396632253491e-17,-2.0329622828879636e-15,-1.6887225971456082e-16,0.0,0.0,0.0
4.5920000000000005,3.561479595219034e-15,1.094874268721103e-15,11.662518079999977,-5.564606232919928e-17,-2.036462403089671e-15,-1.6083080729536548e-16,0.0,0.0,0.0
4.594,3.513979036028545e-15,1.0961722151370585e-15,11.662518079999977,-4.843782098812275e-17,-2.0399485968276876e-15,-1.5278935487617014e-16,0.0,0.0,0.0
4.596,3.4663971612429058e-15,1.0973020290631057e-15,11.662518079999977,-4.1740114784230185e-17,-2.0434226680986866e-15,-1.447479024569748e-16,0.0,0.0,0.0
4.598,3.4187342536198416e-15,1.0982756187497298e-15,11.662518079999977,-3.55538131685733e-17,-2.046886293128412e-15,-1.3670645003777947e-16,0.0,0.0,0.0
4.6000000000000005,3.3709905568171867e-15,1.0991049127275504e-15,11.662518079999977,-2.9879782977837327e-17,-2.050341020154084e-15,-1.447479024569748e-16,0.0,0.0,0.0
4.602,3.323166278381879e-15,1.0998018597459883e-15,11.662518079999977,-2.4718888821816218e-17,-2.0537882692074556e-15,-1.3670645003777947e-16,0.0,0.0,0.0
4.604,3.275261592737375e-15,1.1003784287215943e-15,11.662518079999977,-2.0071993438802058e-17,-2.057229331898428e-15,-1.2866499761858413e-16,0.0,0.0,0.0
4.606,3.227276644181323e-15,1.100846608694367e-15,11.662518079999977,-8.316108922696087e-18,-2.0606653711991345e-15,-1.206235451993888e-16,0.0,0.0,0.0
4.6080000000000005,3.179211549884811e-15,1.1010405822356217e-15,11.662518079999977,-4.6997933986178016e-18,-2.0640993292386682e-15,-1.1258209278019345e-16,0.0,0.0,0.0
4.61,3.1310663583919722e-15,1.1011502050866265e-15,11.662518079999977,6.023791913741348e-18,-2.0675321110673547e-15,-1.0454064036099811e-16,0.0,0.0,0.0
4.612,3.0828410971393892e-15,1.1010096999224133e-15,11.662518079999977,1.622993880064334e-17,-2.0709664004621806e-15,-9.649918794180277e-17,0.0,0.0,0.0
4.614,3.0345357309627982e-15,1.1006311360129941e-15,11.662518079999977,2.591778776719206e-17,-2.074404751701528e-15,-8.845773552260743e-17,0.0,0.0,0.0
4.616,2.9861501651184267e-15,1.100026602676196e-15,11.662518079999977,3.508647830193912e-17,-2.077849589350069e-15,-8.041628310341209e-17,0.0,0.0,0.0
4.618,2.9376842483122195e-15,1.0992082093010317e-15,11.662518079999977,4.373514827009143e-17,-2.0813032080434076e-15,-7.237483068421675e-17,0.0,0.0,0.0
4.62,2.889137775724331e-15,1.0981880853861555e-15,11.662518079999977,5.186293333923583e-17,-2.0847677722723132e-15,-6.433337826502142e-17,0.0,0.0,0.0
4.622,2.8405104920509737e-15,1.0969783805906472e-15,11.662518079999977,5.946896643763503e-17,-2.0882453161664066e-15,-5.629192584582608e-17,0.0,0.0,0.0
4.624,2.7918020945407423e-15,1.0955912647981067e-15,11.662518079999977,6.655237724514868e-17,-2.0917377432771585e-15,-4.825047342663074e-17,0.0,0.0,0.0
4.626,2.743012236041196e-15,1.0940389281923845e-15,11.662518079999977,7.311229171683426e-17,-2.095246826360075e-15,-4.02090210074354e-17,0.0,0.0,0.0
4.628,2.694140528052539e-15,1.0923335813443565e-15,11.662518079999977,7.914783163928193e-17,-2.0987742071559537e-15,-3.216756858824006e-17,0.0,0.0,0.0
4.63,2.645186543778933e-15,1.0904874553093484e-15,11.662518079999977,8.46581142197383e-17,-2.1023213961710916e-15,-2.412611616904472e-17,0.0,0.0,0.0
4.632,2.5961498211932233e-15,1.0885128017339276e-15,11.662518079999977,8.964225170807415e-17,-2.105889772456352e-15,-1.6084663749849382e-17,0.0,0.0,0.0
4.634,2.547029866101663e-15,1.0864218929713729e-15,11.662518079999977,9.409935105165121e-17,-2.1094805833849876e-15,-8.043211330654043e-18,0.0,0.0,0.0
4.636,2.4978261552157374e-15,1.0842270222054267e-15,11.662518079999977,1.0565236267928223e-16,-2.113094944429137e-15,-1.7589114587059856e-21,0.0,0.0,0.0
4.638,2.448538139227143e-15,1.0817626770256015e-15,11.662518079999977,1.0905268383750956e-16,-2.1167357469451737e-15,8.039693507736633e-18,0.0,0.0,0.0
4.64,2.3991652013886476e-15,1.0792190192317706e-15,11.662518079999977,1.1954710153995834e-16,-2.1204038419268097e-15,1.608114592693197e-17,0.0,0.0,0.0
4.642,2.349706705101333e-15,1.0764305787655146e-15,11.662518079999977,1.2951084868139055e-16,-2.1241018557975684e-15,2.4122598346127306e-17,0.0,0.0,0.0
4.644,2.3001619525072882e-15,1.0734097335369e-15,11.662518079999977,1.389429997649472e-16,-2.12783228217078e-15,3.2164050765322645e-17,0.0,0.0,0.0
4.646,2.250530187583521e-15,1.0701688830431714e-15,11.662518079999977,1.478426211819368e-16,-2.1315974816179583e-15,4.0205503184517984e-17,0.0,0.0,0.0
4.648,2.2008105992461253e-15,1.066720448558079e-15,11.662518079999977,1.5620877062105834e-16,-2.135399681435148e-15,4.824695560371332e-17,0.0,0.0,0.0
4.65,2.1510023244607607e-15,1.0630768733349115e-15,11.662518079999977,1.6404049651097894e-16,-2.131617126310955e-15,4.824695560371332e-17,0.0,0.0,0.0
4.652,2.101282277910353e-15,1.059250622822052e-15,11.662518079999977,1.713387455065811e-16,-2.1278756253768138e-15,4.824695560371332e-17,0.0,0.0,0.0
4.654,2.0516495020045376e-15,1.0552541403874695e-15,11.662518079999977,1.781044539881715e-16,-2.1241770051554895e-15,4.824695560371332e-17,0.0,0.0,0.0
4.656,2.0021029965489396e-15,1.0510998475579415e-15,11.662518079999977,1.843385476043596e-16,-2.120522958891564e-15,4.824695560371332e-17,0.0,0.0,0.0
4.658,1.9526417218548626e-15,1.0468001442694181e-15,11.662518079999977,1.9004194084829176e-16,-2.116915046783095e-15,4.824695560371332e-17,0.0,0.0,0.0
4.66,1.90326460184109e-15,1.0423674091272478e-15,11.662518079999977,1.9521553666718244e-16,-2.1133546962104864e-15,4.824695560371332e-17,0.0,0.0,0.0
4.662,1.853970527132531e-15,1.0378139996754747e-15,11.662518079999977,1.9986022610508585e-16,-2.1098432019624676e-15,4.824695560371332e-17,0.0,0.0,0.0
4.664,1.8047583581549215e-15,1.0331522526746166e-15,11.662518079999977,2.116007370749892e-16,-2.106381726459093e-15,4.824695560371332e-17,0.0,0.0,0.0
4.666,1.755626928218481e-15,1.0282166578308966e-15,11.662518079999977,2.1519023768334188e-16,-2.102973207981939e-15,4.824695560371332e-17,0.0,0.0,0.0
4.668,1.7065750020987719e-15,1.0231973377556491e-15,11.662518079999977,2.2587727916766466e-16,-2.099618544870399e-15,4.824695560371332e-17,0.0,0.0,0.0
4.67,1.657601323617633e-15,1.0179287420512827e-15,11.662518079999977,2.3603885199875447e-16,-2.0963204117556865e-15,4.824695560371332e-17,0.0,0.0,0.0
4.672,1.6087045742106274e-15,1.0124231272932662e-15,11.662518079999977,2.45675781595862e-16,-2.0930813517606956e-15,4.824695560371332e-17,0.0,0.0,0.0
4.674,1.5598833759949222e-15,1.0066927308039322e-15,11.662518079999977,2.5478887859408933e-16,-2.0899037767065775e-15,4.824695560371332e-17,0.0,0.0,0.0
4.676,1.5111362948324359e-15,1.0007497709975047e-15,11.662518079999977,2.633789382407866e-16,-2.0867899673156177e-15,4.824695560371332e-17,0.0,0.0,0.0
4.678,1.462461843386674e-15,9.94606447739327e-16,11.662518079999977,2.7144673982475894e-16,-2.0837420734102617e-15,4.824695560371332e-17,0.0,0.0,0.0
4.68,1.4138584841756206e-15,9.882749427173163e-16,11.662518079999977,2.789930461382333e-16,-2.080762114108145e-15,4.824695560371332e-17,0.0,0.0,0.0
4.682,1.365324632623842e-15,9.817674198278152e-16,11.662518079999977,2.860186029715368e-16,-2.077851978012998e-15,4.824695560371332e-17,0.0,0.0,0.0
4.684,1.3168586601019667e-15,9.750960255710086e-16,11.662518079999977,2.9252413864043813e-16,-2.0750134234012925e-15,4.824695560371332e-17,0.0,0.0,0.0
4.686,1.268458896968534e-15,9.682728894595535e-16,11.662518079999977,2.985103635461064e-16,-2.0722480784045166e-15,4.824695560371332e-17,0.0,0.0,0.0
4.688,1.220123635607108e-15,9.613101244357876e-16,11.662518079999977,3.039779697676408e-16,-2.0695574411869668e-15,4.824695560371332e-17,0.0,0.0,0.0
4.69,1.1718511334562924e-15,9.542198272990949e-16,11.662518079999977,3.089276306871271e-16,-2.066942880118952e-15,4.824695560371332e-17,0.0,0.0,0.0
4.692,1.1236396160365896e-15,9.470140791424416e-16,11.662518079999977,3.1336000064717747e-16,-2.0644056339453213e-15,4.824695560371332e-17,0.0,0.0,0.0
4.694,1.0754872799764716e-15,9.397049457963075e-16,11.662518079999977,3.248995637370499e-16,-2.061946811949225e-15,4.824695560371332e-17,0.0,0.0,0.0
4.696,1.027392296027406e-15,9.321266517237765e-16,11.662518079999977,3.282992371304759e-16,-2.059569302121289e-15,4.824695560371332e-17,0.0,0.0,0.0
4.698,9.793527675816056e-16,9.244690601463913e-16,11.662518079999977,3.3880731403585565e-16,-2.05727395529311e-15,4.824695560371332e-17,0.0,0.0,0.0
4.7,9.313667781835426e-16,9.165663672951858e-16,11.662518079999977,3.4880051981035303e-16,-2.0550634013066815e-15,4.824695560371332e-17,0.0,0.0,0.0
4.702,8.834323500366542e-16,9.084305825580364e-16,11.662518079999977,3.5827940768628204e-16,-2.0529401411479056e-15,6.432986044210401e-17,0.0,0.0,0.0
4.704,8.355474470096914e-16,9.000737024183373e-16,11.662518079999977,3.672445090490502e-16,-2.0509065470850488e-15,8.041276528049468e-17,0.0,0.0,0.0
4.706,7.877099776383346e-16,8.915077109651956e-16,11.662518079999977,3.7569633284345425e-16,-2.048964862801732e-15,8.041276528049468e-17,0.0,0.0,0.0
4.708,7.399177981228652e-16,8.827445804164466e-16,11.662518079999977,3.8363536501215635e-16,-2.0471172035243033e-15,8.041276528049468e-17,0.0,0.0,0.0
4.71,6.921687153274149e-16,8.737962716552763e-16,11.662518079999977,3.910620679663095e-16,-2.0453655561434534e-15,8.041276528049468e-17,0.0,0.0,0.0
4.712,6.444604897697482e-16,8.646747347791701e-16,11.662518079999977,3.9797688008830103e-16,-2.043711779329944e-15,8.041276528049468e-17,0.0,0.0,0.0
4.714,5.967908386157785e-16,8.553919096602995e-16,11.662518079999977,4.0438021526658557e-16,-2.0421576036443197e-15,8.041276528049468e-17,0.0,0.0,0.0
4.716,5.491574386669845e-16,8.459597265167564e-16,11.662518079999977,4.102724624625802e-16,-2.0407046316404924e-15,8.041276528049468e-17,0.0,0.0,0.0
4.718,5.015579293415155e-16,8.363901064944364e-16,11.662518079999977,4.1565398530959525e-16,-2.0393543379630857e-15,8.041276528049468e-17,0.0,0.0,0.0
4.72,4.539899156655518e-16,8.266949622570083e-16,11.662518079999977,4.205251217437772e-16,-2.0381080694384405e-15,8.041276528049468e-17,0.0,0.0,0.0
4.722,4.064509712480994e-16,8.168861985861384e-16,11.662518079999977,4.248861836670403e-16,-2.036967045159191e-15,8.041276528049468e-17,0.0,0.0,0.0
4.724,3.58938641262884e-16,8.069757129882236e-16,11.662518079999977,4.3636130573810423e-16,-2.0359323565623228e-15,8.041276528049468e-17,0.0,0.0,0.0
4.726,3.1145044542708997e-16,7.9679756975307105e-16,11.662518079999977,4.39703048714788e-16,-2.035006875510896e-15,8.041276528049468e-17,0.0,0.0,0.0
4.728,2.639838364694113e-16,7.865414802421607e-16,11.662518079999977,4.501593424082417e-16,-2.034191438338342e-15,8.041276528049468e-17,0.0,0.0,0.0
4.73,2.1653624761395613e-16,7.760414973026751e-16,11.662518079999977,4.601065418006696e-16,-2.0334886619269408e-15,8.041276528049468e-17,0.0,0.0,0.0
4.732,1.6910505104356457e-16,7.653094955777514e-16,11.662518079999977,4.695448227749602e-16,-2.03290103574864e-15,8.041276528049468e-17,0.0,0.0,0.0
4.734,1.216875608753921e-16,7.543573456077593e-16,11.662518079999977,4.784743323955111e-16,-2.0324309219090726e-15,8.041276528049468e-17,0.0,0.0,0.0
4.736,7.428103612939313e-17,7.431969145030031e-16,11.662518079999977,4.868951883170682e-16,-2.032080555184363e-15,8.041276528049468e-17,0.0,0.0,0.0
4.738,2.6882683699171192e-17,7.318400666294384e-16,11.662518079999977,4.948074782254309e-16,-2.0318520430505726e-15,8.041276528049468e-17,0.0,0.0,0.0
4.74,-2.051033867638207e-17,7.202986643075045e-16,11.662518079999977,5.022112593100176e-16,-2.0317473657056428e-15,8.041276528049468e-17,0.0,0.0,0.0
4.742,-6.790091944933644e-17,7.0858456852417e-16,11.662518079999977,5.091065577682838e-16,-2.0317683760837105e-15,8.041276528049468e-17,0.0,0.0,0.0
4.744,-1.1529199029029527e-16,6.967096396549375e-16,11.662518079999977,5.154933683419911e-16,-2.031916799861663e-15,8.041276528049468e-17,0.0,0.0,0.0
4.746,-1.626865231214896e-16,6.846857381981751e-16,11.662518079999977,5.213716538853241e-16,-2.0321942354578214e-15,8.041276528049468e-17,0.0,0.0,0.0
4.748,-2.1008752714750567e-16,6.725247255184197e-16,11.662518079999977,5.267413449648567e-16,-2.032602154022646e-15,8.041276528049468e-17,0.0,0.0,0.0
4.75,-2.57498045889168e-16,6.602384646001344e-16,11.662518079999977,5.316023394913691e-16,-2.0331418994213573e-15,8.041276528049468e-17,0.0,0.0,0.0
4.752,-3.0492115421190037e-16,6.478388208087616e-16,11.662518079999977,5.359545023835209e-16,-2.0338146882083886e-15,8.041276528049468e-17,0.0,0.0,0.0
4.7540000000000004,-3.523599553564532e-16,6.353376626605527e-16,11.662518079999977,5.474215143595236e-16,-2.0346216095935765e-15,8.041276528049468e-17,0.0,0.0,0.0
4.756,-3.998175779727867e-16,6.225690360433596e-16,11.662518079999977,5.583793243761305e-16,-2.0355655334102793e-15,8.041276528049468e-17,0.0,0.0,0.0
4.758,-4.472972176449202e-16,6.09544818111362e-16,11.662518079999977,5.688276961988227e-16,-2.0366492020545794e-15,8.041276528049468e-17,0.0,0.0,0.0
4.76,-4.948021339287589e-16,5.962768915286374e-16,11.662518079999977,5.7876635861933515e-16,-2.037875230426161e-15,8.041276528049468e-17,0.0,0.0,0.0
4.7620000000000005,-5.423356473678339e-16,5.827771452857302e-16,11.662518079999977,5.881950048012289e-16,-2.039246105860436e-15,8.041276528049468e-17,0.0,0.0,0.0
4.764,-5.899011365263955e-16,5.690574755295342e-16,11.662518079999977,5.971132916573895e-16,-2.0407641880517507e-15,8.041276528049468e-17,0.0,0.0,0.0
4.766,-6.375020350067308e-16,5.551297864100353e-16,11.662518079999977,6.055208392594692e-16,-2.042431708967524e-15,8.041276528049468e-17,0.0,0.0,0.0
4.768,-6.851418284720021e-16,5.4100599093869125e-16,11.662518079999977,6.134172302792957e-16,-2.0442507727531615e-15,8.041276528049468e-17,0.0,0.0,0.0
4.7700000000000005,-7.328240516667195e-16,5.266980118612077e-16,11.662518079999977,6.208020094622706e-16,-2.0462233556276127e-15,8.041276528049468e-17,0.0,0.0,0.0
4.772,-7.805522854285361e-16,5.12217782542344e-16,11.662518079999977,6.276746831327834e-16,-2.048351305769434e-15,8.041276528049468e-17,0.0,0.0,0.0
4.774,-8.283301537039865e-16,4.975772478615663e-16,11.662518079999977,6.340347187316713e-16,-2.050636343193238e-15,8.041276528049468e-17,0.0,0.0,0.0
4.776,-8.761613205594935e-16,4.82788365120435e-16,11.662518079999977,6.398815443857523e-16,-2.0530800596164103e-15,8.041276528049468e-17,0.0,0.0,0.0
4.7780000000000005,-9.24049487190007e-16,4.678631049595566e-16,11.662518079999977,6.452145485094694e-16,-2.055683918315987e-15,8.041276528049468e-17,0.0,0.0,0.0
4.78,-9.719983889181778e-16,4.52813452284608e-16,11.662518079999977,6.500330794386772e-16,-2.0584492539755954e-15,8.041276528049468e-17,0.0,0.0,0.0
4.782,-1.0200117922006295e-15,4.37651407201531e-16,11.662518079999977,6.543364450966136e-16,-2.0613772725223615e-15,8.041276528049468e-17,0.0,0.0,0.0
4.784,-1.0680934916216106e-15,4.2238898595882684e-16,11.662518079999977,6.581239126920931e-16,-2.064469050953706e-15,8.041276528049468e-17,0.0,0.0,0.0
4.7860000000000005,-1.116247306885856e-15,4.0703822189754173e-16,11.662518079999977,6.690185575461069e-16,-2.0677255371539486e-15,8.041276528049468e-17,0.0,0.0,0.0
4.788,-1.1644770798090831e-15,3.9143333985103104e-16,11.662518079999977,6.793957155661822e-16,-2.071149457710913e-15,8.041276528049468e-17,0.0,0.0,0.0
4.79,-1.2127867158033976e-15,3.755864102184625e-16,11.662518079999977,6.892545298524176e-16,-2.0747434097017025e-15,8.041276528049468e-17,0.0,0.0,0.0
4.792,-1.261180180857534e-15,3.5950952338627407e-16,11.662518079999977,6.985941009513782e-16,-2.078509860478246e-15,7.237131286129935e-17,0.0,0.0,0.0
4.7940000000000005,-1.3070595226671218e-15,3.425329071986192e-16,11.63934751999997,6.921937062420748e-16,-2.0748346146928532e-15,6.432986044210401e-17,0.0,0.0,0.0
4.796,-1.352663521839758e-15,3.257703806572565e-16,11.616199999999981,6.929278473330706e-16,-2.071339224342454e-15,5.628840802290867e-17,0.0,0.0,0.0
4.798,-1.3979971457915422e-15,3.0905553672890183e-16,11.59307552000001,6.931755761499053e-16,-2.0680231778110276e-15,4.824695560371333e-17,0.0,0.0,0.0
4.8,-1.443065315845431e-15,2.9239963703810877e-16,11.569974079999948,6.929397409103613e-16,-2.064885842649675e-15,4.020550318451799e-17,0.0,0.0,0.0
4.8020000000000005,-1.4878729046421969e-15,2.75813787424785e-16,11.546895680000016,6.922231375506828e-16,-2.061926467248122e-15,3.216405076532265e-17,0.0,0.0,0.0
4.804,-1.53242473361844e-15,2.5930894003092656e-16,11.523840319999994,6.834046611788131e-16,-2.059144182483842e-15,8.039693507736634e-18,0.0,0.0,0.0
4.806,-1.5767255705626967e-15,2.430712562062835e-16,11.500807999999989,6.893585521307216e-16,-2.056536121794934e-15,-1.6084663749849382e-17,0.0,0.0,0.0
4.808,-1.6207800840429455e-15,2.26760314299537e-16,11.477798720000003,6.795920569774705e-16,-2.054103071212321e-15,-4.02090210074354e-17,0.0,0.0,0.0
4.8100000000000005,-1.6645929278297119e-15,2.1073698913222115e-16,11.454812480000037,6.846031651260849e-16,-2.0518419447194857e-15,-4.825047342663074e-17,0.0,0.0,0.0
4.812,-1.7081686522612348e-15,1.9466196912013643e-16,11.431849279999977,6.815228734872317e-16,-2.0497532969821448e-15,-5.629192584582608e-17,0.0,0.0,0.0
4.814,-1.7515117881104253e-15,1.7872047814000225e-16,11.408909119999937,6.779775267427011e-16,-2.0478356952853643e-15,-6.433337826502142e-17,0.0,0.0,0.0
4.816,-1.794626801275851e-15,1.629225882309891e-16,11.385992000000027,6.739695725607728e-16,-2.0460875988451176e-15,-7.237483068421675e-17,0.0,0.0,0.0
4.8180000000000005,-1.8375180907354316e-15,1.4727823148203202e-16,11.363097920000024,6.695014114103928e-16,-2.0445073603099027e-15,-8.041628310341209e-17,0.0,0.0,0.0
4.82,-1.880189986560875e-15,1.3179720187589151e-16,11.340226880000042,6.721992463966562e-16,-2.0430932272425648e-15,-8.845773552260743e-17,0.0,0.0,0.0
4.822,-1.9226467479904916e-15,1.163165931250718e-16,11.317378879999966,6.744415367323827e-16,-2.041845195127489e-15,-9.649918794180277e-17,0.0,0.0,0.0
4.824,-1.9648926033960413e-15,1.0084697249274268e-16,11.29455392000002,6.762305453577511e-16,-2.0407631460664077e-15,-1.0454064036099811e-16,0.0,0.0,0.0
4.8260000000000005,-2.006931747798612e-15,8.539877238334403e-17,11.271751999999983,6.775684902019745e-16,-2.0398468502253842e-15,-1.1258209278019345e-16,0.0,0.0,0.0
4.828,-2.0487683404578603e-15,6.998229208044629e-17,11.248973119999965,6.860813936631626e-16,-2.0390959672631475e-15,-1.206235451993888e-16,0.0,0.0,0.0
4.83,-2.0904065025164724e-15,5.443652548941797e-17,11.226217279999965,6.865236866327331e-16,-2.03851188437163e-15,-1.2866499761858413e-16,0.0,0.0,0.0
4.832,-2.131850355864975e-15,3.894337799488043e-17,11.203484479999986,6.941451521603646e-16,-2.0380940369682518e-15,-1.3670645003777947e-16,0.0,0.0,0.0
4.8340000000000005,-2.1731039792581913e-15,2.3342277596876936e-17,11.180774720000024,6.937001331477272e-16,-2.0378435833459683e-15,-1.447479024569748e-16,0.0,0.0,0.0
4.836,-2.2141714469654816e-15,7.814179915460596e-18,11.158087999999971,6.928144760695573e-16,-2.037759740213828e-15,-1.5278935487617014e-16,0.0,0.0,0.0
4.838,-2.2550567853486834e-15,-7.631258138881741e-18,11.135424319999935,6.838662860070239e-16,-2.0378416206659624e-15,-1.6083080729536548e-16,0.0,0.0,0.0
4.84,-2.2957639708079175e-15,-2.281505840443568e-17,11.112783680000032,6.82105172664456e-16,-2.0380864174299584e-15,-1.6887225971456082e-16,0.0,0.0,0.0
4.8420000000000005,-2.336296887470245e-15,-3.7897942724300825e-17,11.090166079999923,6.799091567825939e-16,-2.0384930477166993e-15,-1.7691371213375616e-16,0.0,0.0,0.0
4.844,-2.376659366067887e-15,-5.287061775564053e-17,11.067571519999944,6.772800670960313e-16,-2.0390603290230896e-15,-1.849551645529515e-16,0.0,0.0,0.0
4.846,-2.4168551820583705e-15,-6.772390859687079e-17,11.044999999999987,6.742196918301719e-16,-2.039786980402884e-15,-1.9299661697214684e-16,0.0,0.0,0.0
4.848,-2.456888053792004e-15,-8.244875728162616e-17,11.022451519999937,6.707297793139484e-16,-2.040671623721357e-15,-2.0103806939134218e-16,0.0,0.0,0.0
4.8500000000000005,-2.4967616407400948e-15,-9.703622129915253e-17,10.999926080000016,6.744358877077308e-16,-2.0417127848940943e-15,-2.0907952181053752e-16,0.0,0.0,0.0
4.852,-2.5364795417673457e-15,-1.1164485258242245e-16,10.977423680000001,6.777158383651685e-16,-2.0429106910376824e-15,-2.1712097422973285e-16,0.0,0.0,0.0
4.854,-2.576045332814161e-15,-1.262649069190932e-16,10.954944320000008,6.805712633675997e-16,-2.0442654647170715e-15,-2.251624266489282e-16,0.0,0.0,0.0
4.856,-2.615462564627883e-15,-1.4088675336600677e-16,10.932487999999921,6.830037566982095e-16,-2.045777125160913e-15,-2.3320387906812356e-16,0.0,0.0,0.0
4.8580000000000005,-2.6547347605547708e-15,-1.5550087285616015e-16,10.910054719999966,6.850148745360387e-16,-2.0474455894619446e-15,-2.412453314873189e-16,0.0,0.0,0.0
4.86,-2.693865414384043e-15,-1.7009785682184718e-16,10.887644479999917,6.866061355731267e-16,-2.0492706737626087e-15,-2.492867839065143e-16,0.0,0.0,0.0
4.862,-2.732857988242408e-15,-1.8466840583762059e-16,10.86525728,6.877790213542174e-16,-2.0512520944261025e-15,-2.5732823632570965e-16,0.0,0.0,0.0
4.864,-2.7717159105485478e-15,-1.9920332828011594e-16,10.842893119999989,6.885349766384649e-16,-2.053389469193056e-15,-2.65369688744905e-16,0.0,0.0,0.0
4.866,-2.8104425740086222e-15,-2.1369353900799152e-16,10.820552,6.888754097825858e-16,-2.0556823183240436e-15,-2.7341114116410038e-16,0.0,0.0,0.0
4.868,-2.849041333671727e-15,-2.281300580606036e-16,10.798233919999916,6.888016931449101e-16,-2.0581300657281275e-15,-2.65369688744905e-16,0.0,0.0,0.0
4.87,-2.8875155050326833e-15,-2.425040093757132e-16,10.775938879999963,6.883151635097957e-16,-2.060732040077652e-15,-2.5732823632570965e-16,0.0,0.0,0.0
4.872,-2.9258683621829476e-15,-2.568066195273084e-16,10.753666879999916,6.874171225318736e-16,-2.0634874759094896e-15,-2.492867839065143e-16,0.0,0.0,0.0
4.874,-2.9641031360080645e-15,-2.710292164836416e-16,10.731417920000002,6.861088371996036e-16,-2.0663955147129625e-15,-2.412453314873189e-16,0.0,0.0,0.0
4.876,-3.002223012441129e-15,-2.8516322838518545e-16,10.709191999999994,6.84391540317625e-16,-2.069455206004649e-15,-2.3320387906812356e-16,0.0,0.0,0.0
4.878,-3.040231130754113e-15,-2.9920018234250725e-16,10.686989120000005,6.822664310073961e-16,-2.0726655083902984e-15,-2.251624266489282e-16,0.0,0.0,0.0
4.88,-3.078130581902048e-15,-3.1313170325613315e-16,10.664809279999925,6.797346752256228e-16,-2.0760252906140765e-15,-2.1712097422973285e-16,0.0,0.0,0.0
4.882,-3.115924406909802e-15,-3.269495126558379e-16,10.642652479999974,6.767974062999848e-16,-2.0795333325953625e-15,-2.0907952181053752e-16,0.0,0.0,0.0
4.884,-3.1536155953069814e-15,-3.4064542756192416e-16,10.620518719999932,6.810795745778122e-16,-2.0831883264533233e-15,-2.0103806939134218e-16,0.0,0.0,0.0
4.886,-3.1912070836030628e-15,-3.5437296069378003e-16,10.598407999999907,6.773345516104059e-16,-2.086990611439308e-15,-1.9299661697214684e-16,0.0,0.0,0.0
4.888,-3.2287017904855765e-15,-3.6796184182101936e-16,10.576320319999903,6.808110740172151e-16,-2.0833148507747263e-15,-1.849551645529515e-16,0.0,0.0,0.0
4.89,-3.2659416501484053e-15,-3.8156509696434935e-16,10.554255679999917,6.838880271143373e-16,-2.0797850477833556e-15,-1.7691371213375616e-16,0.0,0.0,0.0
4.892,-3.3029305117294735e-15,-3.951739432905918e-16,10.53221407999995,6.865681040142402e-16,-2.0764012624564294e-15,-1.6887225971456082e-16,0.0,0.0,0.0
4.894,-3.3396721989014864e-15,-4.087797259217796e-16,10.510195520000003,6.88853956802858e-16,-2.073163461921684e-15,-1.6083080729536548e-16,0.0,0.0,0.0
4.896,-3.3761705079778755e-15,-4.2237391629797426e-16,10.488199999999964,6.907481968331467e-16,-2.0700715217986997e-15,-1.5278935487617014e-16,0.0,0.0,0.0
4.898,-3.4124292060715968e-15,-4.3594811055862224e-16,10.466227519999942,6.922533950383917e-16,-2.0671252275368814e-15,-1.447479024569748e-16,0.0,0.0,0.0
4.9,-3.4484520293075725e-15,-4.494940279439281e-16,10.44427807999994,6.933720822647116e-16,-2.0643242757362786e-15,-1.3670645003777947e-16,0.0,0.0,0.0
4.902,-3.4842426810816745e-15,-4.630035092146677e-16,10.422351679999956,6.941067496222058e-16,-2.061668275451456e-15,-1.2866499761858413e-16,0.0,0.0,0.0
4.904,-3.5198048303780845e-15,-4.76468515092314e-16,10.400448319999992,6.944598488542099e-16,-2.0591567494786264e-15,-1.206235451993888e-16,0.0,0.0,0.0
4.906,-3.5551421101245186e-15,-4.89881124718688e-16,10.378567999999937,6.944337927241243e-16,-2.056789135626251e-15,-1.1258209278019345e-16,0.0,0.0,0.0
4.908,-3.5902581156105614e-15,-5.032335341355278e-16,10.3567107199999,6.940309554192959e-16,-2.0545647879693347e-15,-1.0454064036099811e-16,0.0,0.0,0.0
4.91,-3.62515640294071e-15,-5.165180547845679e-16,10.334876479999991,6.932536729714389e-16,-2.0524829780876233e-15,-9.649918794180277e-17,0.0,0.0,0.0
4.912,-3.659840487542637e-15,-5.297271120283268e-16,10.313065279999993,6.921042436930885e-16,-2.0505428962879257e-15,-8.845773552260743e-17,0.0,0.0,0.0
4.914,-3.694313842718056e-15,-5.428532436904183e-16,10.2912771199999,6.905849286295936e-16,-2.0487436528107828e-15,-8.041628310341209e-17,0.0,0.0,0.0
4.916,-3.72857989824091e-15,-5.558890986180496e-16,10.26951199999994,6.886979520261565e-16,-2.0470842790217053e-15,-7.237483068421675e-17,0.0,0.0,0.0
4.918,-3.762642038998171e-15,-5.688274352645373e-16,10.247769919999998,6.788216527133053e-16,-2.0608114267794803e-15,-6.433337826502142e-17,0.0,0.0,0.0
4.92,-3.796815451153066e-15,-5.815051965550747e-16,10.226050879999963,6.762025349842021e-16,-2.0746746020189138e-15,-5.629192584582608e-17,0.0,0.0,0.0
4.922,-3.831101406894479e-15,-5.940718730651532e-16,10.204354879999947,6.73215542193496e-16,-2.0886726128432184e-15,-6.433337826502142e-17,0.0,0.0,0.0
4.924,-3.8655011343486754e-15,-6.065204073096516e-16,10.18268191999995,6.774833027107946e-16,-2.10280419163152e-15,-5.629192584582608e-17,0.0,0.0,0.0
4.926,-3.90001581635973e-15,-6.189987123368034e-16,10.161031999999974,6.813807340219604e-16,-2.1170696578128172e-15,-6.433337826502142e-17,0.0,0.0,0.0
4.928,-3.93464662301268e-15,-6.314988175862485e-16,10.139405119999903,6.849065901544515e-16,-2.1314692452950742e-15,-5.629192584582608e-17,0.0,0.0,0.0
4.93,-3.9693947098893555e-15,-6.440127924687152e-16,10.117801279999965,6.804357636406189e-16,-2.1460031028940956e-15,-4.825047342663074e-17,0.0,0.0,0.0
4.932,-4.004261216369171e-15,-6.563788020912033e-16,10.096220479999932,6.908385311722874e-16,-2.1606696429997964e-15,-5.629192584582608e-17,0.0,0.0,0.0
4.934,-4.0392472306636584e-15,-6.688972123082165e-16,10.074662719999921,6.932420631883484e-16,-2.1754705008116883e-15,-4.825047342663074e-17,0.0,0.0,0.0
4.936,-4.074353855023705e-15,-6.814059383819825e-16,10.053127999999926,6.8764506558938455e-16,-2.1904055724226546e-15,-4.02090210074354e-17,0.0,0.0,0.0
4.938,-4.1095821705555715e-15,-6.937442491029604e-16,10.031616319999952,6.892939308684083e-16,-2.2054730293417865e-15,-3.216756858824006e-17,0.0,0.0,0.0
4.94,-4.144933202776857e-15,-7.060580259613586e-16,10.010127679999885,6.905634932266002e-16,-2.2206726083302144e-15,-2.412611616904472e-17,0.0,0.0,0.0
4.942,-4.180407953343696e-15,-7.183395741964929e-16,9.988662079999948,6.990762743100456e-16,-2.236003963587259e-15,-1.6084663749849382e-17,0.0,0.0,0.0
4.944,-4.216007398518001e-15,-7.307332152624313e-16,9.967219519999919,7.072070870976251e-16,-2.2514682978256984e-15,-8.043211330654042e-18,0.0,0.0,0.0
4.946,-4.2517325201097445e-15,-7.432303526240772e-16,9.94579999999991,7.073307340337896e-16,-2.2670667215208076e-15,-1.758911458702904e-21,0.0,0.0,0.0
4.948,-4.28758430344564e-15,-7.556711064071272e-16,9.924403519999917,7.070697051830883e-16,-2.282798629698568e-15,8.039693507736636e-18,0.0,0.0,0.0
4.95,-4.323563703218565e-15,-7.680479396076954e-16,9.903030079999946,6.987987821743083e-16,-2.2986633365158187e-15,1.6081145926931973e-17,0.0,0.0,0.0
4.952,-4.359671642080235e-15,-7.802026810286366e-16,9.88167967999988,6.977642840249592e-16,-2.3146584590135522e-15,2.4122598346127312e-17,0.0,0.0,0.0
4.954,-4.3959089773788805e-15,-7.922791941945033e-16,9.860352319999947,6.963409732651086e-16,-2.330783157832808e-15,3.216405076532265e-17,0.0,0.0,0.0
4.956,-4.4322765321062635e-15,-8.042700568510889e-16,9.83904799999992,6.869036035944457e-16,-2.3470365139767044e-15,4.020550318451799e-17,0.0,0.0,0.0
4.958,-4.4687750935708105e-15,-8.160181868746093e-16,9.817766719999913,6.846984675535619e-16,-2.3634159230178497e-15,4.824695560371333e-17,0.0,0.0,0.0
4.96,-4.5119219668418464e-15,-8.288637165815477e-16,9.810678080000038,6.820303822286565e-16,-2.379933159630957e-15,5.628840802290867e-17,0.0,0.0,0.0
4.962,-4.558619483003904e-15,-8.422460776231634e-16,9.810678080000038,6.788612505929988e-16,-2.396593983808889e-15,6.432986044210401e-17,0.0,0.0,0.0
4.964,-4.605643907130921e-15,-8.55566256004304e-16,9.810678080000038,6.82811414146535e-16,-2.4133977283557166e-15,7.237131286129935e-17,0.0,0.0,0.0
4.966,-4.652998043514553e-15,-8.689639419512971e-16,9.810678080000038,6.786296370118319e-16,-2.430345224897685e-15,8.041276528049468e-17,0.0,0.0,0.0
4.968,-4.700684712764042e-15,-8.822795757598844e-16,9.810678080000038,6.815600494319638e-16,-2.447435593047041e-15,8.845421769969002e-17,0.0,0.0,0.0
4.97,-4.748706718214156e-15,-8.956527082342017e-16,9.810678080000038,6.839752042828915e-16,-2.4608575251941895e-15,9.649567011888536e-17,0.0,0.0,0.0
4.972,-4.796992080175078e-15,-9.09073229322041e-16,9.810678080000038,6.858722758509774e-16,-2.4744234543487187e-15,1.045371225380807e-16,0.0,0.0,0.0
4.974,-4.845543624063369e-15,-9.225309735267954e-16,9.810678080000038,6.872484081069557e-16,-2.488133779900294e-15,1.1257857495727604e-16,0.0,0.0,0.0
4.976,-4.8943641831325305e-15,-9.36015719312659e-16,9.810678080000038,6.881007146218486e-16,-2.501988791565452e-15,1.2062002737647138e-16,0.0,0.0,0.0
4.978,-4.943456596320199e-15,-9.495171885082469e-16,9.810678080000038,6.88426278505973e-16,-2.515988668779918e-15,1.2866147979566672e-16,0.0,0.0,0.0
4.98,-4.992823706085092e-15,-9.630250457086396e-16,9.810678080000038,6.882221523711633e-16,-2.530133480084518e-15,1.3670293221486206e-16,0.0,0.0,0.0
4.982,-5.042468356230148e-15,-9.765288976775244e-16,9.810678080000038,6.874853583163421e-16,-2.5444231825046636e-15,1.447443846340574e-16,0.0,0.0,0.0
4.984,-5.092393389715799e-15,-9.900182927478587e-16,9.810678080000038,6.862128879365671e-16,-2.558857620923418e-15,1.447443846340574e-16,0.0,0.0,0.0
4.986,-5.142601646458659e-15,-1.0034827202236174e-15,9.810678080000038,6.844017023556884e-16,-2.5734365274481356e-15,1.447443846340574e-16,0.0,0.0,0.0
4.988,-5.193095961118768e-15,-1.0169116097820337e-15,9.810678080000038,6.820487322827473e-16,-2.5881595207706906e-15,1.447443846340574e-16,0.0,0.0,0.0
4.99,-5.2438791608746074e-15,-1.0302943308766284e-15,9.810678080000038,6.791508780922532e-16,-2.6030261055212993e-15,1.447443846340574e-16,0.0,0.0,0.0
4.992,-5.294954063185105e-15,-1.0436201921421133e-15,9.810678080000038,6.833288590246121e-16,-2.6180356716159577e-15,1.447443846340574e-16,0.0,0.0,0.0
4.994,-5.3463234735374336e-15,-1.0570280310593906e-15,9.810678080000038,6.793318169300132e-16,-2.6331890986432053e-15,1.447443846340574e-16,0.0,0.0,0.0
4.996,-5.397990214678256e-15,-1.070357442590224e-15,9.810678080000038,6.824042597562189e-16,-2.6484855451074785e-15,1.447443846340574e-16,0.0,0.0,0.0
4.998,-5.449957092843769e-15,-1.0837471396160204e-15,9.810678080000038,6.849191180527555e-16,-2.6639256578488527e-15,1.447443846340574e-16,0.0,0.0,0.0
5.0,-5.502226926960181e-15,-1.0971861815721066e-15,9.810678080000038,6.868731412192876e-16,-2.6795099663193695e-15,1.447443846340574e-16,0.0,0.0,0.0
5.002,-5.554802546343394e-15,-1.1106635641127286e-15,9.810678080000038,6.882630482980148e-16,-2.695238881898691e-15,1.447443846340574e-16,0.0,0.0,0.0
5.0040000000000004,-5.607686788381326e-15,-1.1241682185151664e-15,9.810678080000038,6.890855278870637e-16,-2.71111269720336e-15,1.447443846340574e-16,0.0,0.0,0.0
5.006,-5.660882496203228e-15,-1.137689011082467e-15,9.810678080000038,6.893372380788838e-16,-2.727131585389654e-15,1.447443846340574e-16,0.0,0.0,0.0
5.008,-5.7143925163351854e-15,-1.1512147425451926e-15,9.810678080000038,6.890148064237927e-16,-2.7432955994500107e-15,1.447443846340574e-16,0.0,0.0,0.0
5.01,-5.768219696344184e-15,-1.1647341474615903e-15,9.810678080000038,6.881148299188201e-16,-2.759604671503032e-15,1.447443846340574e-16,0.0,0.0,0.0
5.0120000000000005,-5.8223668824644304e-15,-1.1782358936183535e-15,9.810678080000038,6.86633875021998e-16,-2.7760586120770497e-15,1.447443846340574e-16,0.0,0.0,0.0
5.014,-5.876836917213018e-15,-1.1917085814316793e-15,9.810678080000038,6.845684776922511e-16,-2.7926571093872618e-15,1.447443846340574e-16,0.0,0.0,0.0
5.016,-5.931632636989425e-15,-1.2051407433484246e-15,9.810678080000038,6.819151434550359e-16,-2.7789043322218976e-15,1.447443846340574e-16,0.0,0.0,0.0
5.018,-5.986158508626338e-15,-1.218520843249037e-15,9.810678080000038,6.786767676766501e-16,-2.7652951183601884e-15,1.447443846340574e-16,0.0,0.0,0.0
5.0200000000000005,-6.04041734903127e-15,-1.2318374018251626e-15,9.810678080000038,6.748562154990707e-16,-2.7518287860282654e-15,1.2866147979566672e-16,0.0,0.0,0.0
5.022,-6.0944119617330485e-15,-1.2450789959862255e-15,9.810678080000038,6.780801710796253e-16,-2.734692606338843e-15,1.1257857495727604e-16,0.0,0.0,0.0
5.024,-6.148070339350472e-15,-1.2583838485279775e-15,9.810678080000038,6.807283929947606e-16,-2.7176991825779806e-15,9.649567011888536e-17,0.0,0.0,0.0
5.026,-6.201395282947572e-15,-1.2717406627751972e-15,9.810678080000038,6.828044588627165e-16,-2.700849072274706e-15,8.041276528049468e-17,0.0,0.0,0.0
5.0280000000000005,-6.2543896045290906e-15,-1.285138212250141e-15,9.810678080000038,6.843119161300126e-16,-2.6841427125022788e-15,6.432986044210401e-17,0.0,0.0,0.0
5.03,-6.3070561246750835e-15,-1.298565340081095e-15,9.810678080000038,6.852542819794302e-16,-2.6675804206250332e-15,4.824695560371333e-17,0.0,0.0,0.0
5.032,-6.3593976701936626e-15,-1.3120109584079679e-15,9.810678080000038,6.856350432631983e-16,-2.6511623950388485e-15,3.216405076532265e-17,0.0,0.0,0.0
5.034,-6.411417071784785e-15,-1.3254640477875884e-15,9.810678080000038,6.854576564612255e-16,-2.634888715905235e-15,1.6081145926931973e-17,0.0,0.0,0.0
5.0360000000000005,-6.4631171617213976e-15,-1.3389136565976228e-15,9.810678080000038,6.847255476642233e-16,-2.6187593458790254e-15,-1.758911458704445e-21,0.0,0.0,0.0
5.038,-6.5145007715443825e-15,-1.3523489004401956e-15,9.810678080000038,6.834421125815684e-16,-2.6027741308296674e-15,-1.6084663749849382e-17,0.0,0.0,0.0
5.04,-6.5655707297693416e-15,-1.3657589615459052e-15,9.810678080000038,6.816107165737523e-16,-2.5869328005561216e-15,-1.6084663749849382e-17,0.0,0.0,0.0
5.042,-6.6163298596111255e-15,-1.3791330881783326e-15,9.810678080000038,6.792346947092654e-16,-2.5712349694953693e-15,-1.6084663749849382e-17,0.0,0.0,0.0
5.0440000000000005,-6.66678097671862e-15,-1.3924605940394376e-15,9.810678080000038,6.76317351845771e-16,-2.5556801374245432e-15,-1.6084663749849382e-17,0.0,0.0,0.0
5.046,-6.716926886926098e-15,-1.405730857677124e-15,9.810678080000038,6.80485811831554e-16,-2.5402676901566975e-15,-1.608466374984938e-17,0.0,0.0,0.0
5.048,-6.766770384016403e-15,-1.419082912152902e-15,9.810678080000038,6.764956212502725e-16,-2.524998505275931e-15,-1.608466374984938e-17,0.0,0.0,0.0
5.05,-6.8163142789916375e-15,-1.4323566736781366e-15,9.810678080000038,6.795976929091693e-16,-2.509871742729126e-15,-1.6084663749849376e-17,0.0,0.0,0.0
5.0520000000000005,-6.8655613663718355e-15,-1.445691302056281e-15,9.810678080000038,6.8217136234295865e-16,-2.4948880555941027e-15,-1.6084663749849373e-17,0.0,0.0,0.0
5.054,-6.914514453490106e-15,-1.4590764293189274e-15,9.810678080000038,6.842197840608882e-16,-2.4800479857043874e-15,-1.608466374984937e-17,0.0,0.0,0.0
5.056,-6.963176358311429e-15,-1.4725017493937658e-15,9.810678080000038,6.85746082336528e-16,-2.4653519643133287e-15,-1.6084663749849367e-17,0.0,0.0,0.0
5.058,-7.011549907262899e-15,-1.485957017510571e-15,9.810678080000038,6.867533511169795e-16,-2.45080031275185e-15,-1.6084663749849367e-17,0.0,0.0,0.0
5.0600000000000005,-7.059637933076577e-15,-1.4994320496068952e-15,9.810678080000038,6.872446539552257e-16,-2.4363932430798167e-15,-1.6084663749849367e-17,0.0,0.0,0.0
5.062,-7.107443272644586e-15,-1.5129167217311954e-15,9.810678080000038,6.872230239654859e-16,-2.4221308587310056e-15,-1.6084663749849367e-17,0.0,0.0,0.0
5.064,-7.154968764889967e-15,-1.5264009694457648e-15,9.810678080000038,6.866914638014405e-16,-2.4080131551516645e-15,-1.6084663749849367e-17,0.0,0.0,0.0
5.066,-7.202217248645046e-15,-1.5398747872290719e-15,9.810678080000038,6.85652945657189e-16,-2.3940400204326588e-15,-1.6084663749849367e-17,0.0,0.0,0.0
5.0680000000000005,-7.249191560547537e-15,-1.5533282278780011e-15,9.810678080000038,6.84110411290811e-16,-2.380211235935208e-15,-1.6084663749849367e-17,0.0,0.0,0.0
5.07,-7.295894532943748e-15,-1.5667514019106852e-15,9.810678080000038,6.820667720703953e-16,-2.366526476910211e-15,-1.6084663749849367e-17,0.0,0.0,0.0
5.072,-7.34232899180915e-15,-1.5801344769703236e-15,9.810678080000038,6.795249090424095e-16,-2.3529853131111764e-15,-1.6084663749849367e-17,0.0,0.0,0.0
5.074,-7.388497754677218e-15,-1.5934676772302824e-15,9.810678080000038,6.764876730222799e-16,-2.3395872094007674e-15,-1.6084663749849367e-17,0.0,0.0,0.0
5.0760000000000005,-7.434403628580108e-15,-1.606741282800477e-15,9.810678080000038,6.805817338031917e-16,-2.3225196018029138e-15,-1.6084663749849364e-17,0.0,0.0,0.0
5.078,-7.479974612875859e-15,-1.6200952193954285e-15,9.810678080000038,6.76562986429e-16,-2.305595276786551e-15,-1.6084663749849364e-17,0.0,0.0,0.0
5.08,-7.525213518962185e-15,-1.633370302716866e-15,9.810678080000038,6.796826921628926e-16,-2.288813388286512e-15,-1.608466374984936e-17,0.0,0.0,0.0
5.082,-7.57012314163759e-15,-1.6467065988955657e-15,9.810678080000038,6.823205349925432e-16,-2.2721745930931117e-15,-1.6084663749849358e-17,0.0,0.0,0.0
5.0840000000000005,-7.614706288586619e-15,-1.6600946531278947e-15,9.810678080000038,6.844800178763915e-16,-2.2556794465502735e-15,-1.6084663749849355e-17,0.0,0.0,0.0
5.086,-7.658965778389959e-15,-1.6735250793430795e-15,9.810678080000038,6.86164613530588e-16,-2.2393284032930055e-15,-1.608466374984935e-17,0.0,0.0,0.0
5.088,-7.702904438550316e-15,-1.6869885596095877e-15,9.810678080000038,6.873777643332799e-16,-2.223121817978511e-15,-1.6084663749849348e-17,0.0,0.0,0.0
5.09,-7.74652510352775e-15,-1.700475843540031e-15,9.810678080000038,6.881228822499458e-16,-2.2070599460109095e-15,-1.6084663749849345e-17,0.0,0.0,0.0
5.0920000000000005,-7.789830612795144e-15,-1.7139777476944908e-15,9.810678080000038,6.884033487796252e-16,-2.191142944259558e-15,-1.6084663749849345e-17,0.0,0.0,0.0
5.094,-7.832823808901932e-15,-1.7274851549826601e-15,9.810678080000038,6.882225149218926e-16,-2.1753708717709548e-15,-1.6084663749849345e-17,0.0,0.0,0.0
5.096,-7.875507535556783e-15,-1.7409890140651968e-15,9.810678080000038,6.875837011644272e-16,-2.159743690474225e-15,-1.6084663749849345e-17,0.0,0.0,0.0
5.098,-7.917884635722103e-15,-1.7544803387555696e-15,9.810678080000038,6.864901974910271e-16,-2.1442612658801814e-15,-1.6084663749849345e-17,0.0,0.0,0.0
5.1000000000000005,-7.959957949719981e-15,-1.7679502074209185e-15,9.810678080000038,6.849452634099239e-16,-2.128923367773963e-15,-1.6084663749849345e-17,0.0,0.0,0.0
5.102,-8.001730313356275e-15,-1.781389762384394e-15,9.810678080000038,6.829521280022495e-16,-2.1137296709012584e-15,-1.6084663749849345e-17,0.0,0.0,0.0
5.104,-8.04320455605496e-15,-1.7947902093281864e-15,9.810678080000038,6.805139899905116e-16,-2.098679755648122e-15,-1.6084663749849345e-17,0.0,0.0,0.0
5.106,-8.084383499006277e-15,-1.808142816697591e-15,9.810678080000038,6.776340178269352e-16,-2.0837731087144003e-15,-1.6084663749849345e-17,0.0,0.0,0.0
5.1080000000000005,-8.125269953329075e-15,-1.8214389151075376e-15,9.810678080000038,6.743153498015271e-16,-2.0690091237807853e-15,-1.6084663749849345e-17,0.0,0.0,0.0
5.11,-8.165866718245003e-15,-1.8346698967501076e-15,9.810678080000038,6.781849432658626e-16,-2.0543871021695158e-15,-1.6084663749849342e-17,0.0,0.0,0.0
5.112,-8.206176579267275e-15,-1.8479768050643153e-15,9.810678080000038,6.739981783956243e-16,-2.03990785854445e-15,-1.6084663749849342e-17,0.0,0.0,0.0
5.114,-8.246202337893402e-15,-1.861201563373787e-15,9.810678080000038,6.7700580169206e-16,-2.025570511467769e-15,-1.608466374984934e-17,0.0,0.0,0.0
5.1160000000000005,-8.285946778325907e-15,-1.874485335331163e-15,9.810678080000038,6.795869824945826e-16,-2.0113756941331203e-15,-1.6084663749849336e-17,0.0,0.0,0.0
5.118,-8.325412697192267e-15,-1.887819753556417e-15,9.810678080000038,6.817447092320177e-16,-1.9973239499553946e-15,-3.216756858824001e-17,0.0,0.0,0.0
5.12,-8.364602901781415e-15,-1.9011965093064414e-15,9.810678080000038,6.834819402120604e-16,-1.9834157331998795e-15,-4.825047342663069e-17,0.0,0.0,0.0
5.122,-8.403520208295622e-15,-1.914607351884289e-15,9.810678080000038,6.848016035256389e-16,-1.9696514096050707e-15,-6.433337826502137e-17,0.0,0.0,0.0
5.124,-8.44216744011461e-15,-1.928044088045999e-15,9.810678080000038,6.857065969699158e-16,-1.9560312569991216e-15,-8.041628310341204e-17,0.0,0.0,0.0
5.126,-8.480547426068342e-15,-1.941498581406387e-15,9.810678080000038,6.861997879897972e-16,-1.942555465909915e-15,-9.649918794180272e-17,0.0,0.0,0.0
5.128,-8.518662998725588e-15,-1.9549627518434555e-15,9.810678080000038,6.862840136378204e-16,-1.9254122156206764e-15,-1.125820927801934e-16,0.0,0.0,0.0
5.13,-8.556442197563089e-15,-1.9684285749019657e-15,9.810678080000038,6.859628830751407e-16,-1.9084134484114644e-15,-1.2866499761858408e-16,0.0,0.0,0.0
5.132,-8.593887857534736e-15,-1.9818880969433138e-15,9.810678080000038,6.852399750449523e-16,-1.8915590966747995e-15,-1.4474790245697476e-16,0.0,0.0,0.0
5.134,-8.631002812268342e-15,-1.995333434548758e-15,9.810678080000038,6.841188378867216e-16,-1.8748490082171628e-15,-1.6083080729536543e-16,0.0,0.0,0.0
5.136,-8.667789892404702e-15,-2.008756773922694e-15,9.810678080000038,6.826029895682285e-16,-1.8582829470060273e-15,-1.769137121337561e-16,0.0,0.0,0.0
5.138,-8.704251923953993e-15,-2.022150370296869e-15,9.810678080000038,6.806959177352584e-16,-1.841860593910495e-15,-1.929966169721468e-16,0.0,0.0,0.0
5.14,-8.740391726664024e-15,-2.035506547335431e-15,9.810678080000038,6.784010797787884e-16,-1.8255815474355478e-15,-2.171209742297328e-16,0.0,0.0,0.0
5.142,-8.77621211240543e-15,-2.0488176965411148e-15,9.810678080000038,6.757219029195141e-16,-1.809445324449932e-15,-2.412453314873188e-16,0.0,0.0,0.0
5.144,-8.811715883568712e-15,-2.062076276663399e-15,9.810678080000038,6.72661784309563e-16,-1.7934513609076883e-15,-2.653696887449048e-16,0.0,0.0,0.0
5.146,-4.874969701465246e-06,1.3234272363381952e-17,9.810686852980503,6.76757292483466e-16,0.00024845731795659085,-2.734388578304179e-16,2.1288121540705163e-16,4.969040155569645e-07,3.575189350138885e-16
5.148,-1.462484412590837e-05,1.3189735146151246e-17,9.810713170916737,6.73737939000261e-16,0.0007453648801685627,-2.8153609940298084e-16,2.142301863117728e-16,1.987616062227935e-06,3.5695873340626285e-16
5.15,-2.924974941628025e-05,1.311813299566699e-17,9.810757030797252,6.69021498220679e-16,0.0014907085392244883,-2.8966176959052635e-16,2.1557035627309714e-16,4.969040155570911e-06,3.563836100024386e-16
5.152,-4.874926476822259e-05,1.2916001704792857e-17,9.810818427604916,6.583048519981859e-16,0.0024844670740100253,-2.97816231317287e-16,2.168877842047173e-16,9.937990939521818e-06,3.557904133014462e-16
5.154,-7.312293692377364e-05,1.28759648224395e-17,9.81089735431878,6.561332414031566e-16,0.00372661219097822,-2.979583251102815e-16,2.182002950855717e-16,1.739123198557446e-05,3.5519653040494283e-16
5.156,-0.00010237010567801098,1.2723075175349753e-17,9.810993801914025,6.483837648837322e-16,0.005217108524876677,-2.981299164780127e-16,2.1949695262106843e-16,2.782544386944003e-05,3.546023962314886e-16
5.158,-0.00013649046004462237,1.2654912381881709e-17,9.811107759363363,6.449236103233058e-16,0.006955913639928942,-3.0637270364592207e-16,2.207867375197459e-16,4.1737266724765427e-05,3.5399264682131957e-16
5.16,-0.00017548342524756957,1.2737203391619896e-17,9.81123921363797,6.491095894217018e-16,0.008942978030410331,-3.0660398590298415e-16,2.2208492522558646e-16,5.962322363007986e-05,3.533833983387423e-16
5.162,-0.0002193482006033556,1.2586106917399779e-17,9.811388149709078,6.414067059944598e-16,0.011178245122314173,-2.988245811779923e-16,2.2336768381935743e-16,8.197971034359659e-05,3.527907081061343e-16
5.164,-0.000268084089652006,1.243045812290114e-17,9.811554550550163,6.33462572258228e-16,0.013661651275164333,-2.991174737452131e-16,2.246345565112857e-16,0.00010930301482948861,3.5219860016621737e-16
5.166,-0.0003216901362214028,1.2663604492382044e-17,9.811738397137882,6.453333060457883e-16,0.01639312578354971,-3.0748183891162447e-16,2.2592514543866927e-16,0.0001420892660478705,3.515910204806611e-16
5.168,-0.0003801653838700022,1.2607083506114929e-17,9.811939668455459,6.424417892421015e-16,0.019372590879387794,-2.997956075916493e-16,2.2720993128613655e-16,0.00018083444628637978,3.5100020402428383e-16
5.17,-0.0004435088059772023,1.256919894232712e-17,9.812158341494069,6.404980200942956e-16,0.02259996173401253,-3.08223975207475e-16,2.2849080425279154e-16,0.0002260343699293577,3.5039405524879487e-16
5.172,-0.0005117192315106803,1.2497244538797805e-17,9.812394391255992,6.368178264561816e-16,0.026075146460564615,-3.166846392297856e-16,2.297642823826272e-16,0.000278184661793267,3.4977263371491007e-16
5.174,-0.0005847954679214819,1.2558541983771215e-17,9.812647790757353,6.399253569086202e-16,0.02979804611669004,-3.171353075773542e-16,2.3104394319479514e-16,0.0003377807555590206,3.491520960993679e-16
5.176,-0.0006627361513724425,1.257456436692462e-17,9.812918511030903,6.407255468851355e-16,0.03376855470726104,-3.1761897368832943e-16,2.323251637271446e-16,0.0004053178644231269,3.4853250488166885e-16
5.178,-0.0007455399064573241,1.26286881250715e-17,9.813206521129871,6.434656691886677e-16,0.03798655918751481,-3.1813520516085145e-16,2.3361182111486204e-16,0.00048129098329678194,3.479139341483182e-16
5.18,-0.0008332052199996037,1.2724246134095194e-17,9.81351178813111,6.483165555197895e-16,0.04245193946616091,-3.34767039053224e-16,2.349081138194409e-16,0.0005661948618748838,3.4726428932298524e-16
5.182,-0.0009257305167340319,1.282098173216135e-17,9.813834277138929,6.532258334002092e-16,0.04716456840887203,-3.4339087123981377e-16,2.362141577407847e-16,0.0006605239982866429,3.465997275427788e-16
5.184,-0.0010231141310568662,1.287353278970513e-17,9.814173951289094,6.558822161729433e-16,0.052124311841865216,-3.440078234884781e-16,2.3752544955438536e-16,0.0007647726221635731,3.459364052209316e-16
5.186,-0.0011204363293674385,1.3057072000657352e-17,9.814171848897075,6.652353229152707e-16,0.05708257123776571,-3.526666303548811e-16,2.388553627801783e-16,0.000878937764214053,3.452582646480043e-16
5.188,-0.0012177265648749755,1.3062436645565243e-17,9.814169547285745,6.655100680901941e-16,0.06203920542942662,-3.452494486435507e-16,2.4018576115691194e-16,0.0010030161749701317,3.4459748481802697e-16
5.19,-0.001314982059786975,1.297040538531459e-17,9.814167046717117,6.60823271535279e-16,0.06699407329595904,-3.458795866245721e-16,2.415067020885315e-16,0.0011370043215745966,3.4393799587813954e-16
5.192,-0.0014122000338397146,1.304195668204507e-17,9.81416434747601,6.644693803996042e-16,0.07194703376676621,-3.3042535724367757e-16,2.428348840033894e-16,0.001280898388674073,3.4331199159508877e-16
5.194,-0.0015093777204156483,1.2922541555357759e-17,9.814161449869893,6.583886680186326e-16,0.07689794582556514,-3.471464661332391e-16,2.4415076950301407e-16,0.0014346942801617072,3.4265514629164556e-16
5.196,-0.0016065123426897195,1.296315567923482e-17,9.814158354228622,6.604598030034455e-16,0.08184666851438313,-3.477821435301338e-16,2.454706950340147e-16,0.0015983876168551227,3.419996551438995e-16
5.198,-0.001703601129063207,1.3007139541206692e-17,9.814155060904788,6.627033437826883e-16,0.08679306093758755,-3.564621094842557e-16,2.4679497229779228e-16,0.0017719737381854325,3.4132945519715105e-16
5.2,-0.0018006413130476455,1.3246485118401918e-17,9.81415157027342,6.74899292723003e-16,0.09173698226589161,-3.5709424843187357e-16,2.4814352447525986e-16,0.001955447702309968,3.40660669724963e-16
5.202,-0.0018976301214953563,1.3254931685319153e-17,9.814147882732167,6.753309299611278e-16,0.09667829174035836,-3.49699054874293e-16,2.494928497918937e-16,0.0021488042850455152,3.4000938085759203e-16
5.204,-0.001994564789394356,1.333989446812114e-17,9.814143998700862,6.796615870256714e-16,0.10161684867642005,-3.5034402877507385e-16,2.5085071052030533e-16,0.0023520379815164553,3.393595344682574e-16
5.206,-0.002091442555818935,1.3223755691981647e-17,9.814139918621876,6.737467448896461e-16,0.10655251246787387,-3.510044117455826e-16,2.5219660986362237e-16,0.0025651430058906363,3.387111246799951e-16
5.208,-0.0021882606501624526,1.3317865956845263e-17,9.81413564295987,6.785425739048679e-16,0.11148514259088149,-3.4361260233304597e-16,2.535520064772179e-16,0.002788113290133188,3.380802806742007e-16
5.21,-0.0022850163128158366,1.339244898677518e-17,9.81413117220179,6.823453665215477e-16,0.11641459860798652,-3.523077634711936e-16,2.549148225556281e-16,0.003020942486278112,3.374348553889473e-16
5.212,-0.002381706783521627,1.3482876701676954e-17,9.814126506856782,6.869535478041932e-16,0.12134074017209934,-3.4492131523950833e-16,2.5628675687718555e-16,0.0032636239654142006,3.368070392401451e-16
5.214,-0.00247832930437044,1.3503034141905672e-17,9.814121647456066,6.879816129392464e-16,0.1262634270304966,-3.3754354250383047e-16,2.576606516081461e-16,0.003516150818171006,3.361968414191347e-16
5.216,-0.002574881117988849,1.3588392230135993e-17,9.814116594553141,6.923324535145639e-16,0.1311825190288136,-3.382040572955534e-16,2.590430966448381e-16,0.0037785158547226556,3.3558821176077306e-16
5.218,-0.0026713594702787793,1.350298322596954e-17,9.81411134872352,6.879843357736184e-16,0.13609787611503693,-3.469259077581891e-16,2.604166258944739e-16,0.004050711605263603,3.3496505254067944e-16
5.22,-0.0027677616094159765,1.3512342536924675e-17,9.814105910564471,6.884633435234652e-16,0.14100935834348988,-3.4759961111286835e-16,2.6179094714922184e-16,0.004332730320111212,3.3434348402123453e-16
5.222,-0.0028640847833196897,1.3417631057073378e-17,9.814100280695374,6.83640272075593e-16,0.1459168258788169,-3.4828838421381805e-16,2.6315545100310527e-16,0.00462456396966029,3.3372349954372294e-16
5.224,-0.0029603262484166337,1.3488903968783224e-17,9.814094459757346,6.872736327205299e-16,0.1508201389999683,-3.4896025114892844e-16,2.645270454643532e-16,0.0049262042454967,3.331051571544778e-16
5.226,-0.003056483255727084,1.37232602572688e-17,9.814088448413349,6.992131474550907e-16,0.15571915810416914,-3.335298310831394e-16,2.6592250156139297e-16,0.00523764255920798,3.3252069111042097e-16
5.228,-0.003152553062862655,1.3693064505110746e-17,9.814082247348015,6.976782348599771e-16,0.1606137437109055,-3.4226232866939566e-16,2.673146250937122e-16,0.005558870043842286,3.319218029443147e-16
5.23,-0.003248532930171001,1.3947296475726684e-17,9.814075857267515,7.106315532350707e-16,0.16550375646588936,-3.348724521941711e-16,2.6873256214806017e-16,0.005889877553760001,3.3134076635171364e-16
5.232,-0.003344420119762742,1.41183205703084e-17,9.814069278899595,7.1934835699845145e-16,0.17038905714502597,-3.4357965143777933e-16,2.701676509208636e-16,0.006230655664786777,3.3074541882595684e-16
5.234,-0.0034402118955736347,1.398033370771905e-17,9.814062512993322,7.123234160524045e-16,0.17526950665837895,-3.603816792004698e-16,2.7158828880424026e-16,0.006581194674480274,3.3011959593111402e-16
5.236,-0.003535905526411129,1.3890576830081776e-17,9.814055560319337,7.077514823850651e-16,0.18014496605413158,-3.530546379709455e-16,2.7299968078216817e-16,0.0069414846027084955,3.2951157754922587e-16
5.238,-0.0036314982817605146,1.3703906165322184e-17,9.814048421669353,6.982464479781278e-16,0.18501529652253978,-3.6987435903709053e-16,2.743916235224035e-16,0.007311515191498826,3.288730883916484e-16
5.24,-0.003726987436170587,1.3697741929969325e-17,9.81404109785654,6.9793637568711e-16,0.1898803593998876,-3.786217223366305e-16,2.7578259945096434e-16,0.007691275905768609,3.2822029387284333e-16
5.242,-0.003822370264648489,1.3719904939740268e-17,9.814033589714683,6.990664686071338e-16,0.1947400161724316,-3.712827806319644e-16,2.7717572558984025e-16,0.008080755933148382,3.2758539169311407e-16
5.244,-0.003917644048185134,1.3543134683694433e-17,9.814025898099102,6.900613603176424e-16,0.19959412848034863,-3.6398956574247663e-16,2.7855073872714125e-16,0.008479944184843881,3.269683111599808e-16
5.246,-0.004012806067890784,1.3737915699628197e-17,9.814018023885628,6.999857823082477e-16,0.20444255812167064,-3.5661627644561926e-16,2.7994550775901455e-16,0.008888829295346927,3.2636923642877965e-16
5.248,-0.004107853611168069,1.3752170186235348e-17,9.814009967970952,7.00711096375979e-16,0.20928516705622385,-3.412449107895182e-16,2.8134178918777814e-16,0.009307399623379677,3.2580419234065377e-16
5.25,-0.004202783966442178,1.3739630670935045e-17,9.814001731272619,7.000780729859792e-16,0.21412181740955458,-3.5804989208720555e-16,2.8273627682667873e-16,0.009735643251681027,3.2520884700507974e-16
5.252,-0.004297594425864679,1.3737500323448116e-17,9.81399331472861,6.999702627527699e-16,0.21895237147685792,-3.5072960982227625e-16,2.841304699515188e-16,0.010173547987613638,3.246314760102513e-16
5.2540000000000004,-0.004392282286177301,1.3632277342186572e-17,9.81398471929747,6.946100659919854e-16,0.22377669172689804,-3.434401502137244e-16,2.855138735357314e-16,0.010621101363590952,3.240720386117564e-16
5.256,-0.004486844846852481,1.3548677495674907e-17,9.813975945958022,6.903532876453613e-16,0.22859464080592207,-3.441902370822937e-16,2.868885308170172e-16,0.011078290637234957,3.23514473457239e-16
5.258,-0.004581279411384781,1.3711477767370313e-17,9.81396699570952,6.986519220174028e-16,0.23340608154157197,-3.529124981577169e-16,2.8827936887662986e-16,0.011545102791862253,3.229428595929095e-16
5.26,-0.004675583285992907,1.3722658856215653e-17,9.813957869571057,6.99222176128808e-16,0.23821087694678944,-3.455984338363854e-16,2.8967129059428225e-16,0.012021524536715001,3.2238929844399595e-16
5.2620000000000005,-0.004769753782538175,1.3683283113044377e-17,9.813948568582184,6.972146567595711e-16,0.24300889022371747,-3.3026101902470856e-16,2.9105934939872313e-16,0.012507542307628027,3.218698600643353e-16
5.264,-0.004863788214310369,1.3820166059766652e-17,9.813939093802048,7.041889931888591e-16,0.24779998476759252,-3.2290931778079433e-16,2.924613337764533e-16,0.013003142266978457,3.2136859708265954e-16
5.266,-0.0049576839012050455,1.3850080219892614e-17,9.813929446309569,7.057114158922463e-16,0.2525840241706373,-3.0755348885029686e-16,2.938665656904936e-16,0.013508310304599022,3.2090154614758753e-16
5.268,-0.005051438164989486,1.3719197597312994e-17,9.813919627203655,6.99045579241781e-16,0.2573608722259405,-3.083422958835721e-16,2.952582544864102e-16,0.014023032037689176,3.2043643518174807e-16
5.2700000000000005,-0.005145048332496238,1.3668293796389946e-17,9.813909637602304,6.964524000106897e-16,0.2621303929313381,-3.010629729819778e-16,2.9664477381053827e-16,0.014547292811543076,3.199894194149492e-16
5.272,-0.005238511734605433,1.3673239586644273e-17,9.813899478643414,6.967045838211675e-16,0.2668924504932839,-2.937648289860392e-16,2.980318299691138e-16,0.015081077699853956,3.195605574100666e-16
5.274,-0.0053318257065505525,1.3719591652546282e-17,9.813889151483847,6.990706487644378e-16,0.271646909330716,-3.0253679180387494e-16,2.9942317290278288e-16,0.015624371505163569,3.191177284603064e-16
5.276,-0.005424987587510144,1.363531561001156e-17,9.813878657299513,6.947771078186514e-16,0.2763936340789167,-2.95280519307178e-16,3.0080597410613524e-16,0.016177158759245195,3.1869301326297346e-16
5.2780000000000005,-0.005517994721322944,1.3480875700229044e-17,9.81386799728584,6.869132995856245e-16,0.2811324895933672,-3.041431480608989e-16,3.0217257865786303e-16,0.016739423723608173,3.1825418441307075e-16
5.28,-0.005610844456639397,1.339678361389326e-17,9.81385717265657,6.8263366568416e-16,0.2858633409535947,-3.1297878392468016e-16,3.035301360350736e-16,0.017311150389955142,3.1780130943193995e-16
5.282,-0.0057035341455611566,1.3415310694480586e-17,9.813846184644673,6.835800495714887e-16,0.29058605346701366,-3.137276100192666e-16,3.048893629684831e-16,0.01789232248049002,3.1735058263071565e-16
5.284,-0.005796061146816023,1.3479925863070616e-17,9.813835034501412,6.868721876317351e-16,0.29530049267276176,-3.0641340179837223e-16,3.062552429582621e-16,0.01848292344869816,3.16918155630518e-16
5.2860000000000005,-0.005888422821645201,1.3559891469253621e-17,9.813823723496572,6.909511793117404e-16,0.3000065243455256,-3.151781399968023e-16,3.076287636306765e-16,0.019082936479390213,3.16471889859185e-16
5.288,-0.005980616537298422,1.3494159593641368e-17,9.813812252918293,6.876047616214921e-16,0.30470401449936546,-3.1597564798999854e-16,3.0899536273256417e-16,0.019692344489529404,3.160277429600798e-16
5.29,-0.00607263966570612,1.358384734833539e-17,9.813800624073032,6.921692833107938e-16,0.30939282939152796,-2.925650850564146e-16,3.103718295178201e-16,0.0203111301285743,3.156341618496638e-16
5.292,-0.006164489583564331,1.3585212887736538e-17,9.813788838284959,6.922362427828806e-16,0.3140728355262544,-2.772459360935858e-16,3.1174889442915554e-16,0.020939275778975017,3.152749848209587e-16
5.2940000000000005,-0.006256163672452603,1.3610912131630821e-17,9.813776896896343,6.935454002583384e-16,0.3187438996585818,-2.6995796668736285e-16,3.131287406803857e-16,0.02157676355667803,3.149341678334653e-16
5.296,-0.006347659319998061,1.3680104473042728e-17,9.81376480126718,6.970730174713144e-16,0.3234058887981364,-2.7068945616486595e-16,3.145154746211026e-16,0.022223575311746308,3.1459569160815386e-16
5.298,-0.0064389739175602645,1.3718458626230323e-17,9.813752552775009,6.990321318085606e-16,0.32805867021291907,-2.7948353319038016e-16,3.1590559593583165e-16,0.02287969262863324,3.1424345009175475e-16
5.3,-0.006530104862596475,1.3790223932466222e-17,9.813740152814548,7.026882462470628e-16,0.3327021114330861,-2.721714542686561e-16,3.1730322568750673e-16,0.02354509682694029,3.139096871992756e-16
5.3020000000000005,-0.006621049557858527,1.3758814095656433e-17,9.8137276027981,7.010876584996105e-16,0.3373360802547197,-2.6492512396290556e-16,3.1869786934274463e-16,0.024219768961858183,3.13594293144253e-16
5.304,-0.0067118054113589065,1.3664509400854113e-17,9.813714904154846,6.962908378697363e-16,0.3419604447435919,-2.8185332742620308e-16,3.2008196890376897e-16,0.02490368982469666,3.132489197743582e-16
5.306,-0.0068023698363783025,1.3686865120997659e-17,9.813702058330959,6.97432318466048e-16,0.34657507323892117,-2.826195848309644e-16,3.2146817353882574e-16,0.025596839943423978,3.129059165734397e-16
5.308,-0.006892740251871532,1.3727882094758914e-17,9.813689066789467,6.995245892848992e-16,0.35117983435712125,-2.8337438852426677e-16,3.2285838610053243e-16,0.026299199583254555,3.125653276589659e-16
5.3100000000000005,-0.006982914082746705,1.3762582917907327e-17,9.813675931009852,7.012893545466513e-16,0.35577459699554137,-2.680462695879861e-16,3.2425281000631644e-16,0.027010748747232898,3.1225935217479203e-16
5.312,-0.007072888759016793,1.369246318054003e-17,9.813662652488086,6.977163762955245e-16,0.36035923033619854,-2.6083923267468615e-16,3.256403720525071e-16,0.027731467176707904,3.119717610132959e-16
5.314,-0.007162661716782037,1.3602188200531819e-17,9.81364923273624,6.931193735944502e-16,0.3649336038495031,-2.6169454415178184e-16,3.270185952625469e-16,0.02846133435200348,3.1168643652170267e-16
5.316,-0.007252230397980841,1.3587556955657908e-17,9.81363567328281,6.923733918586972e-16,0.3694975872979741,-2.544507343447688e-16,3.283956499395418e-16,0.029200329492967796,3.114195981609071e-16
5.3180000000000005,-0.00734159225039277,1.3601280244491099e-17,9.81362197567184,6.930689837748903e-16,0.3740510507399479,-2.39141474135254e-16,3.2977492188213395e-16,0.02994843155956027,3.11187403086244e-16
5.32,-0.0074307447276869,1.3613418548992536e-17,9.813608141463408,6.936897834607821e-16,0.37859386453327726,-2.399242820541004e-16,3.311553354875454e-16,0.030705619252445897,3.1095767304233764e-16
5.322,-0.007519685289742395,1.3625739188781361e-17,9.813594172232936,6.943168069766948e-16,0.383125899339023,-2.3266302516361647e-16,3.3253740576398176e-16,0.0314718710136286,3.107465228546639e-16
5.324,-0.007608411402476867,1.35909567445735e-17,9.81358006957131,6.925470153967485e-16,0.387647026125136,-2.334879603931006e-16,3.3391585077976215e-16,0.03224716502703875,3.10537789646291e-16
5.3260000000000005,-0.007696920538166285,1.3434622066163045e-17,9.81356583508461,6.845842041973288e-16,0.39215711617013094,-2.3442043010965314e-16,3.352782796594522e-16,0.033031479219180794,3.103312680457864e-16
5.328,-0.007785210174962087,1.351145880501085e-17,9.813551470393872,6.88498184285223e-16,0.3966560410667509,-2.271047597992841e-16,3.366489997135495e-16,0.033824791259703814,3.101434776429217e-16
5.33,-0.00787327779772845,1.3531825726965017e-17,9.813536977135012,6.895349985249346e-16,0.40114367272562407,-2.1983983855374986e-16,3.380222819133827e-16,0.03462707856211653,3.0997433903911944e-16
5.332,-0.00796112089772466,1.3562098732830032e-17,9.813522356958604,6.910797331829333e-16,0.4056198833789098,-2.2061247409919371e-16,3.3939860781567143e-16,0.03543831828438941,3.0980778729376455e-16
5.3340000000000005,-0.008048736972374237,1.3676448050096874e-17,9.813507611529678,6.969081557328124e-16,0.4100845455839364,-2.2130564654611017e-16,3.4078655402206974e-16,0.03625848732957503,3.0964400420917947e-16
5.336,-0.008136123526099437,1.3698730073927742e-17,9.813492742527503,6.98049128790294e-16,0.4145375322268302,-2.3013399266606146e-16,3.421761525811708e-16,0.0370875623465433,3.094667307189546e-16
5.338,-0.008223278069652451,1.380544569897785e-17,9.8134777516453,7.034920746258111e-16,0.4189787165261337,-2.388792685101547e-16,3.4357599052162415e-16,0.037925519730570977,3.0927615372100046e-16
5.34,-0.00831019812044742,1.3905072447308394e-17,9.81346264059046,7.085773492620483e-16,0.42340797203641584,-2.556781460676254e-16,3.449847114464699e-16,0.038772335624039665,3.0905617780611697e-16
5.3420000000000005,-0.008396881202752282,1.398232955123385e-17,9.813447411083763,7.12516173495761e-16,0.4278251726518719,-2.564052027157069e-16,3.464012322889753e-16,0.03962798591712819,3.088389928836868e-16
5.344,-0.00848332484801989,1.4001030022259725e-17,9.813432064859711,7.134680763628386e-16,0.432230192609914,-2.491463822290499e-16,3.4782022308281005e-16,0.040492446248524695,3.086406044435261e-16
5.346,-0.008569526593949384,1.3987334893714545e-17,9.813416603665914,7.127763904031268e-16,0.4366229064947511,-2.580191175866862e-16,3.4923710686890626e-16,0.041365692006018674,3.0842873999420404e-16
5.348,-0.00865548398582039,1.3924299188568258e-17,9.81340102926325,7.09567322578104e-16,0.44100318924096044,-2.5890034877687783e-16,3.5064749257298003e-16,0.04224769832732909,3.0821940774871514e-16
5.3500000000000005,-0.008741194575397737,1.3892149391628816e-17,9.813385343425292,7.079247354170075e-16,0.44537091613704777,-2.436519744324372e-16,3.5205589439581444e-16,0.0431384401006947,3.080449084626542e-16
5.352,-0.008826655922347881,1.3922222349959476e-17,9.813369547938343,7.094595268965855e-16,0.44972596282899885,-2.444300643962092e-16,3.5346733037478746e-16,0.044037891965726085,3.0787317735029504e-16
5.354,-0.008911865592697854,1.380276403372215e-17,9.813353644601436,7.033756516658592e-16,0.4540682053238184,-2.453854894550633e-16,3.54866551379233e-16,0.04494602831396149,3.077038707367797e-16
5.356,-0.008996821160195123,1.3669897169579794e-17,9.8133376352256,6.966049090813258e-16,0.4583975199930621,-2.383114877811202e-16,3.5625291642644727e-16,0.045862823289730806,3.075530677593601e-16
5.3580000000000005,-0.009081520205815041,1.3699716816337895e-17,9.813321521634055,6.981267839084667e-16,0.4627137835763553,-2.390903453114087e-16,3.576423157889786e-16,0.046788250790832285,3.0740505745775305e-16
5.36,-0.009165960318068378,1.3668680962838976e-17,9.813305305661983,6.9655180782604195e-16,0.46701687318490265,-2.479960283750641e-16,3.5902779168656607e-16,0.04772228446929995,3.072435821928594e-16
5.362,-0.00925013909266914,1.3511715960577567e-17,9.813288989155971,6.885569351901787e-16,0.4713066663049869,-2.490148849915628e-16,3.6039723876915705e-16,0.04866489773211486,3.0708443747252283e-16
5.364,-0.009334054133027125,1.3649428635646762e-17,9.81327257397421,6.955799334721488e-16,0.47558304080145714,-2.5770368910966797e-16,3.617799420162664e-16,0.049616063742003204,3.0691227751038375e-16
5.3660000000000005,-0.009417703050198456,1.3604610410764629e-17,9.813256061986282,6.932990663497818e-16,0.4798458749212059,-2.585825158071747e-16,3.631580514823156e-16,0.05057575541818883,3.0674275833582463e-16
5.368,-0.009501083462713555,1.3765231573621603e-17,9.813239455072477,7.014855256163406e-16,0.48409504729663566,-2.5918373191132435e-16,3.645525348106919e-16,0.05154394543714177,3.0657645524410363e-16
5.37,-0.00958419299727753,1.3626931833336357e-17,9.813222755124041,6.944417083998497e-16,0.48833043694911454,-2.60195795364296e-16,3.65932894238255e-16,0.05252060623341798,3.0641256013041317e-16
5.372,-0.009667029287800832,1.367537914944613e-17,9.813205964042996,6.969128374581664e-16,0.49255192329242004,-2.6094829757350216e-16,3.673181909916331e-16,0.05350571000033909,3.0625160166158764e-16
5.3740000000000006,-0.009749589976506101,1.3736953028267271e-17,9.81318908374152,7.000607971909876e-16,0.4967593861361732,-2.777869095582383e-16,3.687080450567041e-16,0.0544992286908924,3.0606137850380384e-16
5.376,-0.009831872713302325,1.3785580198664147e-17,9.81317211614191,7.025411928979046e-16,0.50095270568926,-2.785380625400659e-16,3.7010283385213655e-16,0.05550113401845644,3.0587412856493035e-16
5.378,-0.009913875156355889,1.3778133005177787e-17,9.813155063176605,7.021645464912646e-16,0.5051317625632419,-2.793721270173086e-16,3.7149683922753384e-16,0.05651139745765815,3.0568970071238217e-16
5.38,-0.009995594971698885,1.3600723950200406e-17,9.813137926787634,6.931322297982741e-16,0.5092964377757552,-2.885194194070964e-16,3.7287180507436745e-16,0.05752999024513778,3.054914439835195e-16
5.382,-0.010077029833668538,1.3576208083586684e-17,9.813120708926503,6.918818103103046e-16,0.5134466127538984,-2.8132674499939117e-16,3.7424516439976575e-16,0.05855688338040845,3.0531209315915096e-16
5.384,-0.010158177424558379,1.3474031378353649e-17,9.813103411554167,6.866827344448377e-16,0.517582169337608,-2.9036699534878535e-16,3.756071374645305e-16,0.05959204762663582,3.051191327773406e-16
5.386,-0.01023903543546234,1.3614988456609936e-17,9.813086036640327,6.938717539461504e-16,0.5217029897830234,-2.9902131372627706e-16,3.7698251784962237e-16,0.060635453511553666,3.0491334674244104e-16
5.388,-0.010319601565059178,1.3663614931486295e-17,9.813068586163864,6.96352242455641e-16,0.5258089567658378,-2.997671783836424e-16,3.783628298568389e-16,0.06168707132816861,3.047106006750004e-16
5.39,-0.01039987352096694,1.3768193821380034e-17,9.813051062112105,7.016836143748207e-16,0.5298999533846401,-3.0041904846776996e-16,3.7975379292222904e-16,0.06274687113573989,3.0451110256986965e-16
5.392,-0.010479849019213394,1.3648713419630742e-17,9.81303346648072,6.955988016654766e-16,0.5339758631642423,-3.0144643883237596e-16,3.811325330081136e-16,0.06381482276057143,3.043141103602566e-16
5.394,-0.010559525784120116,1.3603859771632025e-17,9.813015801273558,6.933163450149114e-16,0.5380365700589955,-3.0234930345254116e-16,3.8250667475643317e-16,0.06489089579685066,3.041198755488879e-16
5.396,-0.010638901548897128,1.3820261771226085e-17,9.812998068502342,7.043453511454043e-16,0.5420819584560947,-3.0279739642675956e-16,3.839029063779713e-16,0.06597505960756979,3.039293298278873e-16
5.398,-0.01071797405517294,1.3942298490671607e-17,9.812980270186657,7.105619026858879e-16,0.5461119131788698,-2.953479740738e-16,3.853126636925657e-16,0.06706728332534223,3.037583334962237e-16
5.4,-0.010796741053494263,1.401042298673184e-17,9.812962408353354,7.140403459789592e-16,0.5501263194900646,-3.0411033159475387e-16,3.8672831760465165e-16,0.06816753585332837,3.035744126309174e-16
5.402,-0.010875200303144816,1.4058678845069293e-17,9.812944485036692,7.165020566590312e-16,0.5541250630951043,-3.0484805753643824e-16,3.8814891047479936e-16,0.06927578586609234,3.0339366880797824e-16
5.404,-0.010953349572095261,1.4146165355949367e-17,9.812926502277698,7.209671654784312e-16,0.5581080301453488,-3.135718620179281e-16,3.895773387242861e-16,0.07039200181048645,3.0320010859613545e-16
5.406,-0.011031186637461943,1.421312440535282e-17,9.812908462124495,7.243819076506055e-16,0.5620751072413345,-3.142716165691013e-16,3.9101261330407694e-16,0.07151615190658546,3.03009836815049e-16
5.408,-0.011108709285241769,1.4088193945041055e-17,9.812890366631512,7.180103310883257e-16,0.5660261814360028,-2.9921495461929605e-16,3.92437443522723e-16,0.07264820414856188,3.0285445668422924e-16
5.41,-0.011185915310411465,1.4120397184005837e-17,9.812872217859466,7.196587297143541e-16,0.569961140237916,-3.080404627575196e-16,3.938644442138786e-16,0.07378812630559937,3.026860861994276e-16
5.412,-0.011262802517123749,1.4115743119589398e-17,9.812854017875337,7.194292336458296e-16,0.5738798716144597,-3.1693906772791715e-16,3.9528981841401284e-16,0.07493588592282271,3.0250458625102177e-16
5.414,-0.011339368718833231,1.410422139809345e-17,9.812835768751668,7.188405626975623e-16,0.5777822639950329,-3.097247358081684e-16,3.967152548987024e-16,0.07609145032223144,3.0234228075219577e-16
5.416,-0.011415611737881748,1.421606002549636e-17,9.812817472566788,7.245514291663932e-16,0.5816682062742238,-3.2645061750455646e-16,3.9814971872426403e-16,0.07725478660357953,3.021511657477102e-16
5.418,-0.011491529406150947,1.4162254677220014e-17,9.812799131404354,7.218035579376501e-16,0.5855375878149743,-3.1125816365781903e-16,3.9958120380209194e-16,0.07842586164537113,3.0199527885716033e-16
5.42,-0.011567119564768302,1.4093435858795368e-17,9.812780747353136,7.182953340166892e-16,0.589390298451729,-3.0416275567588833e-16,4.010069890305543e-16,0.07960464210577174,3.0185838516395605e-16
5.422,-0.011642380064489477,1.402058950377185e-17,9.812762322506718,7.145961829218291e-16,0.593226228493572,-3.2127714600429797e-16,4.0242284486664096e-16,0.08079109442358531,3.016919114840362e-16
5.424,-0.011717308765264667,1.4087056663444106e-17,9.812743858963454,7.179859333220984e-16,0.5970452687273496,-3.219575121152953e-16,4.0384555892086215e-16,0.08198518481916238,3.015288354123417e-16
5.426,-0.011791903536566783,1.416633193383952e-17,9.812725358825997,7.220234598458047e-16,0.6008473104207804,-3.14538692453694e-16,4.052777759187015e-16,0.08318687929538934,3.013854288618565e-16
5.428,-0.011866162257727741,1.4219999457249954e-17,9.812706824201195,7.24765906940791e-16,0.6046322453255507,-3.2331133614093133e-16,4.067142336209064e-16,0.0843961436386834,3.012292146995631e-16
5.43,-0.011940082817455955,1.4037515335584763e-17,9.812688257199941,7.154659643741702e-16,0.6083999656803962,-3.1647987471727195e-16,4.08133474206291e-16,0.0856129434199093,3.0109151108500245e-16
5.432,-0.012013663114335826,1.4054531267317937e-17,9.812669659936597,7.163409623178672e-16,0.6121503642141704,-3.2533415659983205e-16,4.095531797476601e-16,0.08683724399541001,3.009408301912609e-16
5.434,-0.012086901056653332,1.3885705269359612e-17,9.812651034529159,7.077467908840091e-16,0.6158833341488985,-3.346232873273865e-16,4.109543022587772e-16,0.08806901050796416,3.0077629173317337e-16
5.436,-0.012159794562590864,1.3877479721897936e-17,9.812632383098675,7.073307669981015e-16,0.6195987692028178,-3.354651156334329e-16,4.1235466435422035e-16,0.08930820788779639,3.0061484824067505e-16
5.438,-0.012232341560122206,1.393305061674492e-17,9.81261370776944,7.101704149324789e-16,0.6232965635934029,-3.442263954135097e-16,4.1375935637202382e-16,0.09055480085355254,3.0044060537872073e-16
5.44,-0.012304539987140095,1.3951855397782935e-17,9.812595010668074,7.111367755111148e-16,0.6269766120403787,-3.5307609872266974e-16,4.151645830627745e-16,0.09180875391332063,3.0025339142082564e-16
5.442,-0.01237638779171113,1.415739805710806e-17,9.812576293923856,7.21618136566081e-16,0.6306388097687168,-3.6146374782224714e-16,4.16589427764334e-16,0.09307003136565518,3.0005414966553595e-16
5.444,-0.0124478829317759,1.4094056001789706e-17,9.81255755966842,7.183836035048173e-16,0.6342830525116187,-3.462909264623076e-16,4.180108566614785e-16,0.09433859730055731,2.9989022150242276e-16
5.446,-0.012519023375489824,1.412296744837554e-17,9.812538810035347,7.1985989195545735e-16,0.6379092365134847,-3.470363087585099e-16,4.1943534787838775e-16,0.09561441560052679,2.9972963986437293e-16
5.448,-0.012589807101156536,1.407734947284144e-17,9.812520047159692,7.175386398728417e-16,0.6415172585328682,-3.4797189968430473e-16,4.2085527744084777e-16,0.09689744994158293,2.9957202744352514e-16
5.45,-0.01266023209735101,1.410614601525102e-17,9.812501273178535,7.190090756520789e-16,0.6451070158454141,-3.48713791440974e-16,4.2227827355524133e-16,0.09818766379429349,2.994177780363841e-16
5.452,-0.012730296362873261,1.4105650190792854e-17,9.812482490229614,7.189817175178845e-16,0.6486784062467842,-3.414511510285298e-16,4.2370293648134527e-16,0.09948502042481984,2.9928298768331767e-16
5.454,-0.012799997906880689,1.4059703735263615e-17,9.812463700452277,7.166436870862743e-16,0.6522313280555672,-3.4238904545768793e-16,4.251230470633431e-16,0.10078948289595495,2.9915118022324396e-16
5.456,-0.01286933474894203,1.3969285154240292e-17,9.812444905986112,7.120449206819917e-16,0.6557656801161731,-3.5153056143001137e-16,4.265324199693793e-16,0.1021010140681899,2.990058584357785e-16
5.458,-0.012938304919067889,1.3960644501625898e-17,9.812426108971788,7.116077773606188e-16,0.6592813618017137,-3.523673530318746e-16,4.279410542408766e-16,0.10341957660075453,2.9886371234785877e-16
5.46,-0.013006906457791345,1.3809545359697898e-17,9.812407311549707,7.03906439606077e-16,0.6627782730168673,-3.455162680812988e-16,4.2933603444769966e-16,0.1047451329526942,2.987401960362417e-16
5.462,-0.013075137416193483,1.3943401756827714e-17,9.81238851586075,7.107354433546383e-16,0.6662563142007286,-3.54033685042794e-16,4.307432182418725e-16,0.10607764538392916,2.9860440821993873e-16
5.464,-0.01314299585598655,1.4072144063125378e-17,9.812369724045412,7.173093538407735e-16,0.6697153863296432,-3.7064787830581294e-16,4.3216032830629226e-16,0.10741707595633544,2.98440076893095e-16
5.466,-0.013210479849540269,1.4286793772975245e-17,9.812350938243698,7.28249850392977e-16,0.6731553909200272,-3.7083503261893427e-16,4.3359958753189267e-16,0.10876338653482065,2.9828026514693056e-16
5.468,-0.01327758747995067,1.457570848450385e-17,9.812332160595101,7.429744955556717e-16,0.6765762300311706,-3.7079509943910247e-16,4.3506862945022355e-16,0.11011653878841171,2.9812546917167036e-16
5.47,-0.01334431684108739,1.4930056119210232e-17,9.812313393238016,7.610442741866062e-16,0.6799778062680264,-3.867290677008717e-16,4.365706077524775e-16,0.11147649419134495,2.97943591200988e-16
5.472,-0.013410666037733332,1.5000060001720936e-17,9.81229463830987,7.64609060436782e-16,0.6833600227839831,-3.7923349137946343e-16,4.380817185522044e-16,0.11284321402417101,2.9778181016652725e-16
5.474,-0.013476633185397269,1.532239612853966e-17,9.812275897946337,7.810423659094751e-16,0.6867227832836222,-3.8714895007271097e-16,4.396242422905616e-16,0.11421665937483752,2.976091414140711e-16
5.476,-0.013542216410652008,1.557088325480244e-17,9.812257174281664,7.937128295481019e-16,0.6900659920254598,-3.952805403879957e-16,4.411905769035382e-16,0.11559679113982123,2.9742518764252637e-16
5.478,-0.013607413850976968,1.5753806289146645e-17,9.812238469448316,8.03025749951571e-16,0.6933895538246724,-3.7932253976202715e-16,4.4277960703414563e-16,0.11698357002521764,2.9727848746377585e-16
5.48,-0.013672223655030624,1.6039847802206882e-17,9.812219785576437,8.176098700243684e-16,0.696693374055807,-3.8731614075723784e-16,4.443963192754176e-16,0.1183769565478899,2.9712085456785132e-16
5.482,-0.013736643982377617,1.6144488453279913e-17,9.812201124793738,8.229395176010696e-16,0.6999773586554751,-3.7968371875801286e-16,4.460259158577212e-16,0.1197769110365563,2.969837919887496e-16
5.484,-0.013800673003830255,1.6431125108270318e-17,9.81218248922533,8.375540751737341e-16,0.7032414141250308,-3.8765360921236976e-16,4.476832497606596e-16,0.12118339363294696,2.9683590608526603e-16
5.486,-0.013864308901440303,1.675645160902672e-17,9.812163880993635,8.541344338418028e-16,0.7064854475332332,-3.873860353537581e-16,4.493742448169771e-16,0.1225963642929328,2.966938380588006e-16
5.488,-0.013927549868362865,1.7117472796717242e-17,9.812145302217742,8.725451517148891e-16,0.7097093665188914,-4.0319012919173605e-16,4.510986000494228e-16,0.12401578278765454,2.965252518528588e-16
5.49,-0.013990394109215876,1.7220204470185904e-17,9.81212675501348,8.777833415298537e-16,0.7129130792934947,-4.036416531413771e-16,4.528337476542836e-16,0.12544160870468693,2.963611187057835e-16
5.492,-0.01405283983982919,1.7508403355071238e-17,9.81210824149308,8.924720198902824e-16,0.716096494643826,-4.034593342139628e-16,4.54598765302404e-16,0.12687380144916938,2.9620275071595074e-16
5.494,-0.014114885287422219,1.7760005326241036e-17,9.812089763764892,9.053017645716736e-16,0.7192595219345583,-4.1149601941259386e-16,4.563878473823728e-16,0.12831232024497075,2.96033619656878e-16
5.496,-0.014176528690843293,1.8009957983294133e-17,9.812071323933239,9.180358345383815e-16,0.7224020711108359,-4.0331391864625195e-16,4.582049845752596e-16,0.12975712413586568,2.9588647231378584e-16
5.498,-0.014237768300120468,1.8260654104669206e-17,9.812052924098177,9.308136459366585e-16,0.7255240527008372,-4.032249311832512e-16,4.600482090629311e-16,0.13120817198665727,2.9574503493740924e-16
5.5,-0.014298602377183167,1.8511218475860143e-17,9.812034566355091,9.435847705595585e-16,0.7286253778183234,-4.0312504090427063e-16,4.619175317452118e-16,0.13266542248441388,2.9560937348832793e-16
5.502,-0.014359029195276207,1.8759260192473056e-17,9.812016252794594,9.56221442826481e-16,0.731705958165168,-3.949104474988062e-16,4.638148835734103e-16,0.13412883413957696,2.954959085005194e-16
5.5040000000000004,-0.01441904703941188,1.9006519709339587e-17,9.811997985502298,9.688182316089889e-16,0.7347657060338717,-3.8668496270870553e-16,4.657402587024809e-16,0.13559836528719135,2.954047157808529e-16
5.506,-0.014478654206184327,1.9259539145578764e-17,9.811979766558613,9.81720468177046e-16,0.7378045343100585,-3.9465559638905763e-16,4.676898955603438e-16,0.13707397408805874,2.9530315115811517e-16
5.508,-0.014537849004026882,1.939819668910957e-17,9.811961598038357,9.887894070283278e-16,0.7408223564749572,-3.9492367255000623e-16,4.696542371637467e-16,0.13855561852995663,2.952067957405079e-16
5.51,-0.014596629753111046,1.9536749860705418e-17,9.811943482010514,9.95853036330669e-16,0.7438190866078636,-3.9518501014982473e-16,4.7163329338166e-16,0.140043256428821,2.951156908903293e-16
5.5120000000000005,-0.014654994785405329,1.980951528990235e-17,9.811925420538369,1.0097373389882745e-15,0.7467946393885871,-3.705692149075229e-16,4.736477781675808e-16,0.14153684542993855,2.9508013146242277e-16
5.514,-0.014712942444789157,2.0058299059329997e-17,9.81190741567878,1.0224177869122092e-15,0.7497489300998802,-3.703915563805112e-16,4.756884565935512e-16,0.1430363430091698,2.9505081593102723e-16
5.516,-0.014770471087018233,2.0195873754247983e-17,9.811889469482097,1.0294315273330543e-15,0.7526818746298498,-3.7063243072491113e-16,4.777438977792653e-16,0.14454170647415185,2.950269358898196e-16
5.518,-0.014827579079852438,2.052437881768583e-17,9.8118715839922,1.0461804038307085e-15,0.7555933894743527,-3.7824485332062707e-16,4.798314367541672e-16,0.14605289296551013,2.9499363286816304e-16
5.5200000000000005,-0.014884264803047165,2.080353432015101e-17,9.811853761245864,1.0604023881291533e-15,0.7584833917393725,-3.6978461200715513e-16,4.819507519220846e-16,0.14756985945808915,2.9498344992111547e-16
5.522,-0.014940526648309138,2.105174060483415e-17,9.811836003272832,1.073053495409397e-15,0.7613517991433798,-3.695612964101945e-16,4.840963178436422e-16,0.14909256276215566,2.9497978880150074e-16
5.524,-0.014996363019710746,2.1410767029633744e-17,9.81181831209553,1.0913515557120312e-15,0.764198530019675,-3.6887850788687086e-16,4.862795951395532e-16,0.15062095952467158,2.9498363473428916e-16
5.526,-0.0150517723331407,2.170344269206644e-17,9.811800689728637,1.1062749254837808e-15,0.7670235033187133,-3.765824797715535e-16,4.884913070402968e-16,0.15215500623046932,2.949780784194893e-16
5.5280000000000005,-0.01510675301685449,2.1840486870414733e-17,9.811783138178955,1.1132617568425152e-15,0.7698266386104122,-3.7678147835218396e-16,4.907178703734429e-16,0.15369465920354194,2.9497833982289492e-16
5.53,-0.015161303511253221,2.194045481937968e-17,9.811765659445491,1.1183593362120617e-15,0.7726078560864418,-3.771272494228475e-16,4.929554826927459e-16,0.15523987460825328,2.949841482398694e-16
5.532,-0.01521542226913164,2.218813897007268e-17,9.811748255518616,1.1309839447476698e-15,0.7753670765624965,-3.768457085597147e-16,4.952194178314738e-16,0.15679060845061696,2.949968088751712e-16
5.534,-0.015269107755426337,2.212079598126675e-17,9.811730928380344,1.127543355243761e-15,0.7781042214805497,-3.6160845784247613e-16,4.974823230751588e-16,0.15834681657951147,2.9504663461540417e-16
5.5360000000000005,-0.015322358447535933,2.2404698938431133e-17,9.811713680004148,1.1420134949934863e-15,0.7808192129110905,-3.6114464236408394e-16,4.997753995784741e-16,0.1599084546879631,2.951037448403419e-16
5.538,-0.015375172835305317,2.266209778925111e-17,9.811696512354121,1.1551394883687697e-15,0.7835119735553424,-3.689262521796513e-16,5.020933168022923e-16,0.16147547831441608,2.9515148348302127e-16
5.54,-0.015427549420881537,2.3130469405138093e-17,9.811679427385457,1.179009509228562e-15,0.7861824267474641,-3.67627259062491e-16,5.044605162340138e-16,0.16304784284396204,2.952083103354859e-16
5.542,-0.015479486718938285,2.3647042978769583e-17,9.811662427043846,1.2053421886979326e-15,0.7888304964567319,-3.7424163506623083e-16,5.068793495672592e-16,0.16462550350963975,2.952582718243823e-16
5.5440000000000005,-0.01553098325673008,2.4115140820886462e-17,9.811645513265438,1.2291983632246883e-15,0.7914561072897047,-3.7289973053388415e-16,5.093475123406144e-16,0.16620841539370645,2.953175808827571e-16
5.546,-0.015582037573950158,2.4361658102929114e-17,9.811628687976166,1.2417636436183888e-15,0.7940591844923709,-3.725340954409869e-16,5.118421345382011e-16,0.1677965334289046,2.953843262869907e-16
5.548,-0.01563264822307331,2.4460496106377732e-17,9.811611953092399,1.246803735291506e-15,0.7966396539522759,-3.728277779242334e-16,5.14347971206895e-16,0.16938981239976098,2.9545720776714615e-16
5.55,-0.015682813769018367,2.4753540765567826e-17,9.811595310519891,1.2617268544765934e-15,0.7991974422006326,-3.559071492686386e-16,5.16890732255742e-16,0.1709882069438544,2.9557120369192615e-16
5.5520000000000005,-0.015732532789512144,2.5169476381794467e-17,9.811578762153971,1.2829185285850942e-15,0.8017324764144133,-3.4655432557846114e-16,5.194804748127121e-16,0.17259167155312816,2.957110458771459e-16
5.554,-0.015781803874941325,2.5017324880281137e-17,9.811562309879188,1.2751559007693912e-15,0.8042446844184226,-3.316765959628503e-16,5.220613163256932e-16,0.17420016057516902,2.9588800059250374e-16
5.556,-0.015830625628456163,2.5512716457154872e-17,9.811545955569063,1.3004160387406004e-15,0.8067339946873526,-3.463919608948902e-16,5.246889651806172e-16,0.17581362821451738,2.960420182245922e-16
5.558,-0.01587899666602377,2.5705336758655963e-17,9.811529701086275,1.3102282905118768e-15,0.8092003363478195,-3.38034698536767e-16,5.273406978776957e-16,0.17743202853396528,2.9622002076723207e-16
5.5600000000000005,-0.015926915616509607,2.6023399497811696e-17,9.811513548281956,1.3264392500121148e-15,0.8116436391803807,-3.3722750569445833e-16,5.300266800624427e-16,0.17905531545587497,2.964067292980049e-16
5.562,-0.015974381121434122,2.6214480903558192e-17,9.81149749899546,1.3361730306436338e-15,0.8140638336215349,-3.288496154673484e-16,5.327367491706633e-16,0.18068344276346537,2.966175890556006e-16
5.564,-0.016021391835436827,2.633109090226871e-17,9.811481555054627,1.3421119544147943e-15,0.8164608507657019,-3.208226170355326e-16,5.354632740112213e-16,0.18231636410215696,2.9685193662371366e-16
5.566,-0.016067946425988078,2.6407955652835985e-17,9.811465718275185,1.3460389313190343e-15,0.8188346223671849,-3.293337597525934e-16,5.381961874375991e-16,0.18395403298087715,2.9707616826904456e-16
5.5680000000000005,-0.01611404357361179,2.6872113313793244e-17,9.811449990460703,1.3696943991430568e-15,0.8211850808421133,-3.277271553611002e-16,5.409787046995593e-16,0.1855964027733865,2.9731091211131894e-16
5.57,-0.01615968197182216,2.7280903134725528e-17,9.811434373402232,1.390521788867416e-15,0.823512159270367,-3.1819453318126996e-16,5.438082108581818e-16,0.18724342671960617,2.975723884941379e-16
5.572,-0.016204860327130755,2.7652835000417158e-17,9.81141886887846,1.4094845096852117e-15,0.8258157913974817,-3.2519188269135416e-16,5.466747888486735e-16,0.18889505792694386,2.9782703285738697e-16
5.574,-0.016249577359217948,2.774877708154038e-17,9.811403478654974,1.4143769439142989e-15,0.8280959116365351,-3.254045209483589e-16,5.495528898991583e-16,0.1905512493716452,2.9808870062660692e-16
5.5760000000000005,-0.016293831800854086,2.8268405124204034e-17,9.811388204484444,1.4408658651834248e-15,0.830352455070014,-3.3160266316538215e-16,5.524834228041208e-16,0.1922119539001083,2.983452578989741e-16
5.578,-0.016337622397942342,2.865799892783737e-17,9.811373048106455,1.460721892758375e-15,0.8325853574516632,-3.302659513532922e-16,5.554560668568047e-16,0.1938771242302478,2.986121374705556e-16
5.58,-0.01638094790956135,2.88430039702432e-17,9.81135801124691,1.4701458815809983e-15,0.834794555208314,-3.217933132256438e-16,5.584528196808796e-16,0.19554671295282766,2.9890395006936963e-16
5.582,-0.016423807108101984,2.8938339529796633e-17,9.811343095618343,1.4750074021206139e-15,0.8369799854416949,-3.219794108550308e-16,5.614612031644503e-16,0.19722067253281925,2.9920308658492495e-16
5.5840000000000005,-0.01646619877919453,2.8960195763320297e-17,9.811328302919383,1.4761246229185132e-15,0.8391415859302217,-3.2255264261152467e-16,5.644736021737378e-16,0.19889895531075727,2.995087760845071e-16
5.586,-0.016508121721656055,2.906963964199477e-17,9.811313634834727,1.481698121262273e-15,0.841279295130769,-3.144449429636183e-16,5.675024710598273e-16,0.2005815135040737,2.9983875470175835e-16
5.588,-0.01654957474779728,2.9310985567820795e-17,9.811299093034817,1.4939998183818533e-15,0.8433930521804233,-3.1380935221761997e-16,5.705583067455405e-16,0.2022682992084927,3.00177823557468e-16
5.59,-0.016590556683029334,2.961210742073774e-17,9.811284679175563,1.5093544530791069e-15,0.8454827968982145,-3.210376250966152e-16,5.736440182247364e-16,0.20395926439936413,3.005099796340756e-16
5.5920000000000005,-0.016631066366475267,3.013352388066368e-17,9.811270394898646,1.5359346873254302e-15,0.8475484697868305,-3.270278495113401e-16,5.767825627045792e-16,0.205654360933054,3.0083781783032956e-16
5.594,-0.016671102650394065,3.0435661760113305e-17,9.811256241830684,1.5513411792104803e-15,0.8495900120343105,-3.3422312222829635e-16,5.799510885091009e-16,0.20735354054829816,3.011589435553944e-16
5.596,-0.016710664400641173,3.081152956885352e-17,9.81124222158346,1.5705047667405905e-15,0.8516073655157195,-3.4098788217844213e-16,5.831572814229535e-16,0.20905675486758332,3.014742897090122e-16
5.598,-0.01674975049661742,3.110349131978186e-17,9.811228335753775,1.5853997969448274e-15,0.8536004727948034,-3.564333785849581e-16,5.863888975691034e-16,0.2107639553985333,3.0176615457017797e-16
5.6000000000000005,-0.01678835983105209,3.141812971366042e-17,9.811214585922942,1.6014363586507821e-15,0.855569277125624,-3.552943608171071e-16,5.896552755329267e-16,0.21247509353526856,3.0206849766520386e-16
5.602,-0.016826491310363956,3.173251718475557e-17,9.811200973656836,1.617460126980956e-15,0.8575137224541748,-3.5413793437970733e-16,5.92956447396607e-16,0.21419012055980682,3.0238142120035643e-16
5.604,-0.016864143854432356,3.20466515040572e-17,9.811187500505548,1.6334709872553237e-15,0.8594337534199767,-3.5296401988703363e-16,5.962924456764964e-16,0.2159089876434463,3.027050276937157e-16
5.606,-0.01690131639683612,3.2287460862131925e-17,9.811174168003527,1.6457454046394643e-15,0.8613293153576546,-3.522032281000712e-16,5.996556653317111e-16,0.21763164584815578,3.030385312101423e-16
5.6080000000000005,-0.016938007884792494,3.2390542961875714e-17,9.811160977669262,1.6509945025138658e-15,0.8632003542984932,-3.4401046785794835e-16,6.030353997952814e-16,0.2193580461279643,3.033972009373593e-16
5.61,-0.01697421727903281,3.2914706630972207e-17,9.81114793100464,1.6777149364134635e-15,0.865046816971974,-3.497574048740378e-16,6.064684537637844e-16,0.22108813933036192,3.037525454749636e-16
5.612,-0.017009943554144424,3.330831277469838e-17,9.811135029495675,1.6977682688235726e-15,0.8668686508072918,-3.397852568932681e-16,6.099485958864137e-16,0.2228218761976985,3.0413687667719847e-16
5.614,-0.017045185698330467,3.368687854558477e-17,9.811122274611538,1.7170694666386274e-15,0.8686658039348513,-3.463652922870746e-16,6.134669109429591e-16,0.2245592073685814,3.0451633932029426e-16
5.6160000000000005,-0.017079942713523533,3.392006657367136e-17,9.811109667804711,1.7289626370513915e-15,0.8704382251877442,-3.538195769140543e-16,6.170081769272392e-16,0.22630008337928934,3.048891862947248e-16
5.618,-0.017114213615621487,3.408682072617438e-17,9.811097210511063,1.737463334518867e-15,0.8721858641032056,-3.534230674387813e-16,6.205692235313729e-16,0.22804445466517984,3.0527156184623625e-16
5.62,-0.01714799743400386,3.446663429774395e-17,9.811084904149235,1.7568281463728027e-15,0.8739086709240512,-3.599395104227072e-16,6.241686034241414e-16,0.22979227156208132,3.0564932478802516e-16
5.622,-0.017181293212107818,3.477890873598169e-17,9.811072750120614,1.772744135164567e-15,0.8756065966000932,-3.5860444625509894e-16,6.278031051312107e-16,0.23154348430773825,3.0603866246718805e-16
5.6240000000000006,-0.017214100007172828,3.501381106086158e-17,9.811060749809512,1.784724678211218e-15,0.8772795927895376,-3.6600057968616646e-16,6.314607779410619e-16,0.2332980430432043,3.0642168655162693e-16
5.626,-0.017246416890202454,3.54713592964484e-17,9.811048904582377,1.8080433979460794e-15,0.8789276118603601,-3.636992153424024e-16,6.351689172012519e-16,0.23505589781426897,3.068183915917255e-16
5.628,-0.017278242946224154,3.548883833900004e-17,9.811037215788199,1.8089446440713444e-15,0.8805506068916622,-3.724702546492911e-16,6.388774237803759e-16,0.2368169985728835,3.072060530383434e-16
5.63,-0.01730957727416005,3.572782977092415e-17,9.811025684758263,1.821126260886456e-15,0.8821485316750073,-3.715329634133784e-16,6.426135352171714e-16,0.2385812951785843,3.076046602374492e-16
5.632,-0.017340418986811823,3.5966581205034233e-17,9.811014312805632,1.8332956198005026e-15,0.8837213407157363,-3.7058040695559863e-16,6.463772853347096e-16,0.24034873739991217,3.0801429694656947e-16
5.634,-0.017370767211052573,3.627774658889315e-17,9.811003101225404,1.8491549701137833e-15,0.8852689892342627,-3.6913394439057007e-16,6.501763501011428e-16,0.24211927491585597,3.0843603964361647e-16
5.636,-0.017400621087758417,3.680546819893345e-17,9.810992051294521,1.8760567631563107e-15,0.8867914331673474,-3.745114707514177e-16,6.540294938068208e-16,0.24389285731727653,3.0885591134612186e-16
5.638,-0.01742997977167393,3.704319097304072e-17,9.810981164271157,1.8881810040884224e-15,0.8882886291693538,-3.818015378399896e-16,6.579062151260548e-16,0.24566943410834352,3.0927003041384253e-16
5.64,-0.0174588424317208,3.7426591926387406e-17,9.810970441395353,1.907728611520317e-15,0.889760534613481,-3.8809813827924634e-16,6.618218524763503e-16,0.24744895470797004,3.0968048903957624e-16
5.642,-0.017487208250868136,3.781107131503381e-17,9.810959883888172,1.927338565361169e-15,0.8912071075929785,-4.026610017159672e-16,6.657723400795739e-16,0.24923136845126223,3.1007028657773224e-16
5.644,-0.017515076426162235,3.8121991714229016e-17,9.810949492952059,1.9431853662176565e-15,0.8926283069223384,-4.0111919105250364e-16,6.697583186169101e-16,0.2510166245909511,3.104727030114166e-16
5.646,-0.017542446168667514,3.8505071155341236e-17,9.810939269770085,1.9627091647436104e-15,0.8940240921384683,-3.9905868674883275e-16,6.737874719009075e-16,0.25280467229884573,3.108888832844384e-16
5.648,-0.01756931670373696,3.8960224809004257e-17,9.810929215506736,1.9859056396017857e-15,0.8953944235018437,-3.96472436089742e-16,6.778674886760071e-16,0.2545954606672728,3.113200025220249e-16
5.65,-0.017595687270753224,3.9493006512380095e-17,9.810919331306984,2.013072701115321e-15,0.8967392619976389,-4.0993049163257604e-16,6.819980055594518e-16,0.25638893871053164,3.117329922063063e-16
5.652,-0.017621557123340903,3.9655032500323477e-17,9.810909618296435,2.0213246803880093e-15,0.8980585693368379,-4.010420008770303e-16,6.861529001833275e-16,0.2581850553663436,3.121741074803934e-16
5.654,-0.01764692552927949,3.960690415973498e-17,9.810900077581302,2.018882650171149e-15,0.8993523079573248,-4.10257295707773e-16,6.903012944677227e-16,0.25998375949730657,3.126059217996651e-16
5.656,-0.017671791770510925,3.948275719434667e-17,9.810890710247932,2.0125593988010224e-15,0.9006204410249529,-4.116988107035413e-16,6.944395354648343e-16,0.2617849998923508,3.1304449006973514e-16
5.658,-0.01769615514331324,3.929137801865479e-17,9.810881517363338,2.0028176299676505e-15,0.9018629324345935,-4.2194941661187933e-16,6.985560632562935e-16,0.2635887252681957,3.1347153150008026e-16
5.66,-0.017720014958151342,3.917308047646059e-17,9.810872499974243,1.9967998720514474e-15,0.903079746811164,-4.3168038253657684e-16,7.02658552416358e-16,0.26539488427081337,3.138880638241759e-16
5.662,-0.017743370539784475,3.86823576689275e-17,9.810863659107772,1.9717892432673362e-15,0.904270849510635,-4.2747393632313983e-16,7.06716563669062e-16,0.2672034254768827,3.1432289996756433e-16
5.664,-0.01776622122717919,3.8486378431172026e-17,9.810854995770539,1.9618053975963123e-15,0.9054362066210164,-4.294496938458657e-16,7.107568033453303e-16,0.26901429739526544,3.1476316105866394e-16
5.666,-0.0177885663737003,3.8074093730122774e-17,9.810846510949265,1.9407991663105102e-15,0.9065757849633235,-4.330324817677469e-16,7.147563392590339e-16,0.27082744846846113,3.1520544586488307e-16
5.668,-0.017810405347006952,3.751002852034315e-17,9.810838205610256,1.9120509865841536e-15,0.9076895520925207,-4.294192583475482e-16,7.187036774763126e-16,0.2726428270740821,3.1566459144517996e-16
5.67,-0.017831737529081515,3.747490096516984e-17,9.81083008069924,1.910278673058543e-15,0.9087774762984462,-4.468957315792887e-16,7.226409780805397e-16,0.2744603815263205,3.160967293379515e-16
5.672,-0.01785256231626242,3.7270515904437526e-17,9.810822137141523,1.899858665990268e-15,0.9098395266067143,-4.406017604558109e-16,7.265642653035528e-16,0.2762800600774199,3.16551191908029e-16
5.674,-0.017872879119229967,3.7002882691605916e-17,9.810814375841812,1.8862232453766317e-15,0.9108756727795972,-4.431451438025703e-16,7.304621488526629e-16,0.27810181091914693,3.17009568529768e-16
5.676,-0.01789268736319194,3.664328598311469e-17,9.810806797684078,1.867886320097355e-15,0.9118858853168864,-4.296786965482438e-16,7.343343951667948e-16,0.27992558218427,3.175051017187283e-16
5.678,-0.01791198648748038,3.6149026779729153e-17,9.810799403531075,1.8426949137695804e-15,0.912870135456732,-4.256184829577678e-16,7.381619856725996e-16,0.28175132194803476,3.180181625004255e-16
5.68,-0.017930775946172428,3.5714874014427016e-17,9.81079219422509,1.8205586315403886e-15,0.913828395176462,-4.1273392201223393e-16,7.419561967456796e-16,0.28357897822963996,3.1856705081994933e-16
5.682,-0.017949055207578724,3.552998977137155e-17,9.810785170587126,1.8111472383214243e-15,0.9147606371933797,-4.2302510903748644e-16,7.457290396192936e-16,0.28540849899372117,3.1910343692757494e-16
5.684,-0.017966823754413053,3.554900492544371e-17,9.810778333416927,1.812118261887243e-15,0.9156668349655412,-4.2333856845634727e-16,7.495070959698341e-16,0.2872398321518276,3.1964807055666934e-16
5.686,-0.017984081084011283,3.5437290909427383e-17,9.810771683493206,1.8064353424091207e-15,0.9165469626925103,-4.330650671549455e-16,7.532715004231414e-16,0.28907292556391095,3.2018129240417743e-16
5.688,-0.018000826708099993,3.532639576747211e-17,9.810765221573307,1.800794118619414e-15,0.9174009953160935,-4.4279028188302024e-16,7.570222791787623e-16,0.29090772703980516,3.207030414202669e-16
5.69,-0.01801706015288973,3.5058982907385134e-17,9.810758948393081,1.7871694785249223e-15,0.9182289085210531,-4.45387123135109e-16,7.607476863161437e-16,0.29274418434071425,3.2122812779815243e-16
5.692,-0.018032780959047034,3.477709801343276e-17,9.810752864667045,1.7727996169310487e-15,0.9190306787358,-4.397107258387153e-16,7.644512274163643e-16,0.2945822451806986,3.2177376967822015e-16
5.694,-0.018047988681882288,3.4596351462761186e-17,9.810746971087898,1.763598844908539e-15,0.9198062831330643,-4.500150170073547e-16,7.681335703964604e-16,0.29642185722816866,3.223065116955331e-16
5.696,-0.018062682891058834,3.415472749345276e-17,9.81074126832682,1.7410813054569542e-15,0.9205556996305455,-4.3724881385856597e-16,7.717821474169991e-16,0.29826296810736314,3.2287451696005507e-16
5.698,-0.01807686317090562,3.379943730664662e-17,9.810735757033292,1.7229707319894983e-15,0.921278906891541,-4.321836461282482e-16,7.754011313923473e-16,0.3001055253998515,3.2346161736846907e-16
5.7,-0.018090529120267096,3.338885637916606e-17,9.810730437835028,1.7020504059932004e-15,0.9219758843255539,-4.3599935114356985e-16,7.789794335097598e-16,0.3019494766460267,3.2404913931204123e-16
5.702,-0.018103680352507645,3.3175359648121815e-17,9.810725311337698,1.6911650547775066e-15,0.9226466120888787,-4.2975886064544226e-16,7.825433854935383e-16,0.30379476934658756,3.2465807136767935e-16
5.704,-0.018116316495633722,3.283628807286629e-17,9.810720378125145,1.673888519447035e-15,0.9232910710851667,-4.329987563111706e-16,7.86074301526539e-16,0.305641350964041,3.2526848510825744e-16
5.706,-0.018128437192085567,3.256872466256858e-17,9.810715638759298,1.6602557641120249e-15,0.9239092429659699,-4.356428327638878e-16,7.895798256228459e-16,0.3074891689242024,3.2588154401855665e-16
5.708,-0.018140042099089815,3.244386557910938e-17,9.810711093779704,1.6538947125864515e-15,0.9245011101312627,-4.37075446512955e-16,7.930752631850659e-16,0.30933817061768276,3.2649972744467914e-16
5.71,-0.018151130888287792,3.1903657451130183e-17,9.810706743704063,1.6263453531115517e-15,0.9250666557299435,-4.1675108943008026e-16,7.965321844229481e-16,0.31118830340139403,3.2716865706467425e-16
5.712,-0.018161703246020622,3.18492746626492e-17,9.810702589027652,1.6235754150115086e-15,0.9256058636603143,-4.175646667718645e-16,7.999866822802878e-16,0.3130395146000399,3.278438978756695e-16
5.714,-0.018171758873247068,3.13764865925145e-17,9.810698630223802,1.599461406908064e-15,0.9261187185705392,-3.9665905972648964e-16,8.034101772668951e-16,0.314891751507631,3.2857106173991047e-16
5.716,-0.018181297485514225,3.143515347182226e-17,9.81069486774335,1.6024676447212195e-15,0.9266052058590813,-4.1337645998321863e-16,8.068325046823751e-16,0.31674496138896263,3.2927098418633533e-16
5.718,-0.018190318812963735,3.105207542010472e-17,9.810691302014515,1.5829326649635426e-15,0.927065311675119,-4.001430392362742e-16,8.102281523076336e-16,0.3185990914811345,3.300066263988349e-16
5.72,-0.01819882260049921,3.078360026850796e-17,9.81068793344374,1.5692530893132767e-15,0.9274990229189393,-4.028235978582562e-16,8.135984123549553e-16,0.3204540889950495,3.307444204684521e-16
5.722,-0.018206808607482472,3.075133611998104e-17,9.810684762414398,1.5676178219458422e-15,0.9279063272423117,-4.1187458636674874e-16,8.1696311883771985e-16,0.32230990111690955,3.314708739364415e-16
5.724,-0.01821427660811281,3.057791872684099e-17,9.810681789287608,1.5587898452187715e-15,0.9282872130488395,-4.221921677386943e-16,8.203069731076536e-16,0.32416647500972784,3.3218323825393834e-16
5.726,-0.018221226391128997,3.1043589356276043e-17,9.81067901440209,1.5825274876666616e-15,0.9286416694942898,-4.267466673879683e-16,8.236989322980075e-16,0.3260237578148243,3.3289364803266536e-16
5.728,-0.018227657759953164,3.1367825608498856e-17,9.81067643807375,1.5990580888972905e-15,0.9289696864869025,-4.325569422480652e-16,8.271237357710077e-16,0.32788169665334016,3.3359948976144164e-16
5.73,-0.01823357053276098,3.1763311700634764e-17,9.81067406059613,1.6192192711522848e-15,0.929271254687677,-4.376948061183721e-16,8.305890959168234e-16,0.32974023862773816,3.34302211686179e-16
5.732,-0.01823896454223828,3.1920866507730695e-17,9.810671882239822,1.6272483968915554e-15,0.9295463655106391,-4.364977107759612e-16,8.340750918752496e-16,0.33159933082330634,3.3501522600369193e-16
5.734,-0.018243839635746717,3.2007402860662843e-17,9.810669903252903,1.6316586271334876e-15,0.9297950111230845,-4.359382981007986e-16,8.375740831320948e-16,0.33345892030966917,3.3573718949981966e-16
5.736,-0.01824819567560665,3.150112117097449e-17,9.81066812386087,1.6058531157342223e-15,0.9300171844458025,-4.3237317830388376e-16,8.410277377038681e-16,0.3353189541422923,3.364744049863332e-16
5.738,-0.018252032538518037,3.131984857664398e-17,9.810666544266354,1.5966008627474444e-15,0.9302128791532771,-4.1726137693469256e-16,8.444772635849604e-16,0.33717937936399345,3.3725126542576413e-16
5.74,-0.018255350115997437,3.119335671740049e-17,9.810665164649198,1.590155810791166e-15,0.9303820896738674,-4.186569443728937e-16,8.479168040580319e-16,0.33904014300644314,3.3803277054821444e-16
5.742,-0.018258148314211464,3.1009214311425235e-17,9.810663985166485,1.5807571987465258e-15,0.9305248111899659,-4.035449299342274e-16,8.513521284221824e-16,0.3409011920916757,3.388538894500861e-16
5.744,-0.018260427054019868,3.06823598237459e-17,9.810663005952527,1.5640864802227057e-15,0.9306410396381359,-3.8977705305317336e-16,8.547678694444722e-16,0.34276247363360607,3.3971175447274547e-16
5.746,-0.018262186271046588,3.0937002274697197e-17,9.810662227118957,1.577070293910215e-15,0.9307307717092272,-3.960344538481712e-16,8.582091339724335e-16,0.3446239346395211,3.405638383877994e-16
5.748,-0.01826342591556518,3.070860266796655e-17,9.810661648754424,1.5654242870699187e-15,0.9307940048484703,-3.8984897428426916e-16,8.616355861103327e-16,0.3464855221116055,3.4143654917995174e-16
5.75,-0.0182641459524584,3.029941767059534e-17,9.810661270924708,1.5445741072641273e-15,0.9308307372555489,-3.9395966688921212e-16,8.650214077884248e-16,0.3483471830484403,3.4230791415546313e-16
5.752,-0.01826434636146912,2.986579037738297e-17,9.810661093672898,1.5224545325555389e-15,0.9308409678846514,-3.726607530025973e-16,8.683825251267585e-16,0.3502088644465165,3.432319062829982e-16
5.7540000000000004,-0.018264027136905447,2.9456280608198514e-17,9.810661117019118,1.5015877361526656e-15,0.9308246964445009,-3.7679277277921806e-16,8.717029814837401e-16,0.35207051330173894,3.441543193673917e-16
5.756,-0.018263188287868992,2.9187465368405586e-17,9.810661340960811,1.4878901040720907e-15,0.9307819233983629,-3.7954881704499143e-16,8.749980830070099e-16,0.3539320766109443,3.45077972170057e-16
5.758,-0.018261829838176702,2.8955552956910596e-17,9.810661765472537,1.4760648676121359e-15,0.9307126499640324,-3.7337173784778557e-16,8.782781682775953e-16,0.35579350137340193,3.460218327081829e-16
5.76,-0.018259951826145482,2.882692027571702e-17,9.810662390505772,1.4695102523033518e-15,0.9306168781137993,-3.7473402163698956e-16,8.815482129035626e-16,0.3576547345923237,3.4696976470544357e-16
5.7620000000000005,-0.01825755430503051,2.8417959053204555e-17,9.810663215989317,1.4486712949395495e-15,0.9304946105743925,-3.7890771720071637e-16,8.847775210834632e-16,0.359515723276379,3.479156704873192e-16
5.764,-0.01825463734265531,2.832429193904185e-17,9.810664241829329,1.4438902933138564e-15,0.9303458508269016,-3.713205651228539e-16,8.88007033501899e-16,0.36137641444119606,3.488845952179704e-16
5.766,-0.018251201021571628,2.8195370196114756e-17,9.81066546790892,1.4373208213735815e-15,0.9301706031066782,-3.726714693594938e-16,8.912264666889056e-16,0.36323675511087694,3.49857395010353e-16
5.768,-0.01824724543903322,2.831243545167436e-17,9.81066689408847,1.4432936702864868e-15,0.9299688724032155,-3.8010663761260574e-16,8.94456263297365e-16,0.36509669231949904,3.5082100328917484e-16
5.7700000000000005,-0.018242770706887068,2.8043893563087146e-17,9.810668520205498,1.4296097225270075e-15,0.9297406644600057,-3.8288517838975215e-16,8.976606178813627e-16,0.3669561731126284,3.517853155300584e-16
5.772,-0.018237776951882,2.7561061938144277e-17,9.810670346074902,1.404990538986999e-15,0.929485985774377,-3.7065447630584647e-16,9.008291909741293e-16,0.3688151445488297,3.5278239178041355e-16
5.774,-0.018232264315198865,2.757137215247435e-17,9.81067237148873,1.405515497597184e-15,0.9292048435973085,-3.7053976682830816e-16,9.04002978590439e-16,0.37067355370116056,3.5378620883128977e-16
5.776,-0.018226232952875066,2.7302586404841166e-17,9.810674596216304,1.3918190291333527e-15,0.9288972459332234,-3.7332686892165546e-16,9.071512750178532e-16,0.37253134765869483,3.54790475418735e-16
5.7780000000000005,-0.018219683035516354,2.7312627393641793e-17,9.81067702000421,1.3923301716168456e-15,0.9285632015397616,-3.731898049568645e-16,9.103047605039446e-16,0.3743884735280187,3.5580140065746767e-16
5.78,-0.018212614748385203,2.7322484101720305e-17,9.810679642576416,1.3928318736490148e-15,0.9282027199275299,-3.73041480755786e-16,9.134634340148398e-16,0.3762448784347381,3.5681897566999844e-16
5.782,-0.01820502829160775,2.7273431996172605e-17,9.810682463634354,1.3903478701296414e-15,0.9278158113598317,-3.9079443654692845e-16,9.166071425725865e-16,0.3781005095249897,3.5780463734499886e-16
5.784,-0.018196923879780336,2.7283500820461966e-17,9.810685482856723,1.3908602788762476e-15,0.9274024868523745,-3.906234246966017e-16,9.197560035163663e-16,0.379955313966937,3.5879686116742846e-16
5.7860000000000005,-0.0181883017421538,2.7293381237830715e-17,9.81068869989973,1.391363036434169e-15,0.9269627581729561,-3.904409862741684e-16,9.22910014270373e-16,0.3818092389522816,3.5979563680987622e-16
5.788,-0.018179162122660575,2.6886533504493827e-17,9.810692114396842,1.3706314587151147e-15,0.9264966378411302,-3.947414344120079e-16,9.260230866415046e-16,0.3836622316977627,3.6079121768534535e-16
5.79,-0.01816950527994976,2.6896179372448134e-17,9.810695725959304,1.3711221700531383e-15,0.9260041391278492,-3.9453598898870633e-16,9.291412632657056e-16,0.38551423944666413,3.617932291083552e-16
5.792,-0.01815933148722948,2.648971573854678e-17,9.81069953417596,1.3504101255510067e-15,0.9254852760550867,-3.988547746086572e-16,9.322184454662843e-16,0.38736520947030867,3.627918194429646e-16
5.7940000000000005,-0.01814864103232905,2.6334933903991836e-17,9.810703538612879,1.342530433436301e-15,0.9249400633954385,-4.091094330009122e-16,9.352753809662944e-16,0.38921508906956653,3.637740386300331e-16
5.796,-0.018137434217708304,2.6206056711712997e-17,9.810707738814202,1.335962629840943e-15,0.9243685166717018,-4.103948385275559e-16,9.38321968839446e-16,0.39106382557635483,3.647591696195369e-16
5.798,-0.018125711360456265,2.5938812330392933e-17,9.810712134301486,1.3223443682160381e-15,0.923770652156433,-4.132079960812191e-16,9.413428183806982e-16,0.39291136635513463,3.657438163084908e-16
5.8,-0.018113472792236518,2.5557264284881876e-17,9.81071672457416,1.3028937783500478e-15,0.9231464868714847,-4.0859445185811136e-16,9.443323884517797e-16,0.39475765880440733,3.667439470351843e-16
5.8020000000000005,-0.018100718859374254,2.5151889122792668e-17,9.810721509109555,1.282237117946093e-15,0.9224960385875214,-4.129578198582512e-16,9.472807761758681e-16,0.3966026503582205,3.6773999681848027e-16
5.804,-0.018087449922665755,2.5276241659052754e-17,9.810726487362848,1.2885803371386024e-15,0.9218193258235126,-4.2008770619916566e-16,9.502396042834825e-16,0.39844628848765656,3.6872586806028366e-16
5.806,-0.018073666357563578,2.4733592329100043e-17,9.810731658766846,1.2609289548059272e-15,0.9211163678462065,-4.260284144621625e-16,9.531418027310079e-16,0.400288520702331,3.697040201924628e-16
5.808,-0.018059368554081967,2.4880340598167646e-17,9.810737022732834,1.2684051843975382e-15,0.9203871846695811,-4.2415046202903783e-16,9.560641890166196e-16,0.4021292945518898,3.706913303551771e-16
5.8100000000000005,-0.018044556916787968,2.461366572359011e-17,9.810742578649961,1.2548157935787431e-15,0.9196317970542742,-4.2697463346517207e-16,9.58960629794058e-16,0.40396855762749617,3.716775225886109e-16
5.812,-0.01802923186467309,2.4249747862047708e-17,9.8107483258853,1.2362554023037355e-15,0.9188502265069926,-4.1343164217481e-16,9.618351616069011e-16,0.40580625756332855,3.72698099512478e-16
5.814,-0.018013393831544988,2.4100737920450243e-17,9.810754263784556,1.2286694927267405e-15,0.9180424952798995,-4.2364738839653353e-16,9.646893591778882e-16,0.4076423420380709,3.7370127298800006e-16
5.816,-0.017997043265374213,2.3852990743048634e-17,9.81076039167137,1.216036447682061e-15,0.9172086263699814,-4.1749977843826137e-16,9.675271844015556e-16,0.4094767587763966,3.747225782181249e-16
5.8180000000000005,-0.01798018062893547,2.409864831540172e-17,9.810766708847964,1.228568271177697e-15,0.9163486435183928,-4.3188194444579827e-16,9.703811464823087e-16,0.4113094555504651,3.7571720324482805e-16
5.82,-0.017962806399268505,2.3951804045961477e-17,9.810773214594867,1.2210925948683673e-15,0.9154625712097809,-4.420845100698864e-16,9.732147489565806e-16,0.4131403801814024,3.766941612780575e-16
5.822,-0.017944921068104858,2.3291767216916186e-17,9.81077990817116,1.187451850560431e-15,0.9145504346715878,-4.4078130205372935e-16,9.75985641638004e-16,0.4149694805407905,3.7767841259563903e-16
5.824,-0.017926525141596095,2.290527526449192e-17,9.81078678881468,1.1677491928343086e-15,0.9136122598733329,-4.3625678487517726e-16,9.787245080029876e-16,0.41679670455215134,3.7867685294770573e-16
5.8260000000000005,-0.017907619140105968,2.250232895289152e-17,9.810793855741661,1.1472161572573289e-15,0.912648073525873,-4.407202304910884e-16,9.814217066688082e-16,0.4186220001924238,3.796697002074885e-16
5.828,-0.017888203598858343,2.2631255008680532e-17,9.810801108147489,1.153791792139509e-15,0.911657903080642,-4.476353960130933e-16,9.841292032918162e-16,0.4204453154934538,3.806514799915144e-16
5.83,-0.017868279067156045,2.262410486267471e-17,9.810808545206065,1.1534338390974337e-15,0.9106417767288697,-4.561734978033566e-16,9.868316039144986e-16,0.42226659854346776,3.8161855709083805e-16
5.832,-0.017847846108845822,2.2236183417578195e-17,9.810816166070579,1.133658306789014e-15,0.9095997234007785,-4.516776298270036e-16,9.895017097938772e-16,0.42408579748855085,3.8259939410581996e-16
5.8340000000000005,-0.01782690530209896,2.209359954544067e-17,9.810823969873066,1.1263995090271223e-15,0.9085317727647605,-4.618470514001908e-16,9.921512827446888e-16,0.42590286053412774,3.835617000538139e-16
5.836,-0.017805457239684408,2.195185434983105e-17,9.810831955724709,1.1191834059542272e-15,0.9074379552265319,-4.720114755575461e-16,9.94780290941731e-16,0.42771773594643203,3.845053477360906e-16
5.838,-0.01778350252865879,2.1959268286233012e-17,9.810840122716304,1.1195593452105538e-15,0.9063183019282681,-4.715182441797554e-16,9.974135463396609e-16,0.429530372053981,3.854536582379011e-16
5.84,-0.01776104179011151,2.196645875601732e-17,9.810848469917536,1.11992385238169e-15,0.9051728447477168,-4.710126764070236e-16,1.000051028091551e-15,0.4313407172490487,3.8640660733306473e-16
5.8420000000000005,-0.0177380756598704,2.198438875392992e-17,9.810856996377964,1.1208275213623243e-15,0.90400161629729,-4.615088170689363e-16,1.0027021112011187e-15,0.4331487199891313,3.873839718732433e-16
5.844,-0.01771460478787512,2.1729585953325522e-17,9.810865701126492,1.1078346982727562e-15,0.9028046499231364,-4.553672969048846e-16,1.005335949108389e-15,0.43495432879842033,3.883783085106505e-16
5.846,-0.017690629838417404,2.159993917162841e-17,9.8108745831717,1.1012268849709517e-15,0.901581979704191,-4.565187693497557e-16,1.0079585417402885e-15,0.43675749226926175,3.8937345815283084e-16
5.848,-0.017666151490137505,2.133465057263161e-17,9.810883641502251,1.0877077573637924e-15,0.9003336404512055,-4.593651696675208e-16,1.0105544345620055e-15,0.4385581590636242,3.903655725357873e-16
5.8500000000000005,-0.017641170435803044,2.134040205870726e-17,9.810892875086463,1.08799875814247e-15,0.899059667705757,-4.587975727804187e-16,1.0131544028783684e-15,0.4403562779145571,3.913620992792877e-16
5.852,-0.01761568738254793,2.1083166130069438e-17,9.810902282872807,1.0748819216166437e-15,0.897760097739236,-4.526571012731399e-16,1.0157368735469022e-15,0.44215179762765566,3.9237528887166467e-16
5.854,-0.01758970305156682,2.0689912339903404e-17,9.810911863789984,1.0548346756694804e-15,0.8964349675518143,-4.482372671951145e-16,1.0182863635906719e-15,0.4439446670825121,3.9340124002747234e-16
5.856,-0.017563218178352713,2.0823046229545877e-17,9.810921616746747,1.0616239615665207e-15,0.8950843148713905,-4.548942320707901e-16,1.0208459919274482e-15,0.44573483523417523,3.944153390742037e-16
5.8580000000000005,-0.01753623351270228,2.0692791604206472e-17,9.810931540632405,1.0549850279394905e-15,0.8937081781525167,-4.560101730563326e-16,1.0233941271043858e-15,0.44752225111460214,3.9542978061919905e-16
5.86,-0.017508749818499147,2.0702915815054232e-17,9.81094163431693,1.0554906878751637e-15,0.8923065965753034,-4.4639073988715e-16,1.0259553549849902e-15,0.44930686383410956,3.964683215742232e-16
5.862,-0.01748076787366326,2.0572192158739025e-17,9.810951896650662,1.0488278095163347e-15,0.890879610044304,-4.474945938808251e-16,1.0285050341813769e-15,0.4510886225828242,3.975071129427153e-16
5.864,-0.017452288470218846,2.0315455345500894e-17,9.81096232646492,1.0357284207729033e-15,0.889427259187379,-4.323653600106253e-16,1.0310460103889382e-15,0.4528674766321266,3.985821528593568e-16
5.8660000000000005,-0.017423312414490244,2.0184087854842176e-17,9.810972922572123,1.0290327142360947e-15,0.8879495853545384,-4.3345701951169716e-16,1.0335753677394273e-15,0.4546433753360979,3.9965731691591334e-16
5.868,-0.017393840526921167,1.9655699719148156e-17,9.810983683765295,1.002092279987187e-15,0.8864466306167654,-4.2185905220717985e-16,1.0360649915651645e-15,0.4564162681329587,4.0076074259658566e-16
5.87,-0.017363873641643046,1.9260321140759314e-17,9.81099460881902,9.819289478461685e-16,0.884918437764818,-4.08501838000019e-16,1.0385302143384357e-15,0.4581861045465141,4.0189626387225556e-16
5.872,-0.017333412607167364,1.912789755426176e-17,9.811005696489206,9.751794336491969e-16,0.8833650503080113,-4.0957512445975175e-16,1.040983671637059e-15,0.4599528341875842,4.030316333471047e-16
5.8740000000000006,-0.01730245828587096,1.9128090841781172e-17,9.811016945513096,9.751948175675406e-16,0.8817865124729777,-4.1784800070914764e-16,1.0434316985221823e-15,0.461716406755443,4.041506838049748e-16
5.876,-0.017271011554165216,1.8728625093707664e-17,9.81102835460954,9.54831210210321e-16,0.8801828692024091,-4.135007213327026e-16,1.0458460046731985e-15,0.46347677203924936,4.052814786531341e-16
5.878,-0.017239073302505403,1.8863307794189376e-17,9.811039922479296,9.61706808648558e-16,0.8785541661537761,-4.2894173887150115e-16,1.0482612388177523e-15,0.4652338799194788,4.0637966822072957e-16
5.88,-0.017206644435106,1.8329538970884138e-17,9.811051647804955,9.345003285467415e-16,0.8769004496980288,-4.2641120092368645e-16,1.0506271311812472e-15,0.46698768036934374,4.0748530802596926e-16
5.882000000000001,-0.017173725870164525,1.8197143475384208e-17,9.811063529251259,9.277521467063556e-16,0.8752217669182767,-4.2745359866243744e-16,1.0529809511624406e-15,0.46873812345622673,4.0859026972135904e-16
5.884,-0.017140318539839328,1.820126259947176e-17,9.811075565465039,9.27975230735585e-16,0.8735181656084471,-4.446543820227456e-16,1.0553201878960109e-15,0.4704851593430939,4.096582108635582e-16
5.886,-0.017106423390147008,1.7935841369002242e-17,9.811087755075603,9.144492141928417e-16,0.8717896942719259,-4.475070047177643e-16,1.057631765961038e-15,0.47222873828992146,4.107211574491585e-16
5.888,-0.017072041380869596,1.7801056953328682e-17,9.811100096694766,9.075713808727618e-16,0.8700364021201756,-4.395404312257692e-16,1.0599399851121895e-15,0.473968810655105,4.118033029200827e-16
5.89,-0.017037173485631385,1.7801774001690302e-17,9.811112588917126,9.076052797210574e-16,0.8682583390713345,-4.387227462826321e-16,1.0622513542017327e-15,0.4757053268968765,4.1288852895997935e-16
5.892,-0.01700182069200018,1.7939138127479103e-17,9.81112523031981,9.146092187814426e-16,0.8664555557487955,-4.450411821340178e-16,1.0645724229031582e-15,0.4774382375747169,4.139607152455009e-16
5.894,-0.01696598400091709,1.781112924203797e-17,9.81113801946339,9.080922119212578e-16,0.8646281034797649,-4.550358068435918e-16,1.0668722410608476e-15,0.47916749335075565,4.150114685665721e-16
5.896,-0.016929664427561164,1.7403214826236878e-17,9.811150954891248,8.872904331249645e-16,0.8627760342938009,-4.417627052158429e-16,1.069146322581777e-15,0.48089304499118635,4.1609309254479306e-16
5.898,-0.016892863000434133,1.7132147837287294e-17,9.811164035130293,8.734689398261983e-16,0.8608994009213321,-4.3562551254733975e-16,1.0714012252359098e-15,0.48261484336766114,4.171894169296862e-16
5.9,-0.01685558076195459,1.6866519566489823e-17,9.81117725869098,8.5993237418915e-16,0.8589982567921569,-4.384774233647751e-16,1.0736280743760592e-15,0.48433283945868755,4.1828003938325627e-16
5.902,-0.01681781876796329,1.6733409753153546e-17,9.811190624067333,8.53147635479779e-16,0.8570726560339215,-4.3945702021438645e-16,1.0758422659625796e-15,0.486046984351034,4.193690656957229e-16
5.904,-0.01677957808812014,1.618862239685074e-17,9.81120412973722,8.253723742613019e-16,0.8551226534705791,-4.280882360594837e-16,1.0780148213766846e-15,0.48775722924111187,4.204843068493982e-16
5.906,-0.01674085980559248,1.6195074145601168e-17,9.81121777416256,8.257060642782849e-16,0.8531483046208296,-4.3615894617306404e-16,1.0801813282201498e-15,0.4894635254363709,4.2158165509990044e-16
5.908,-0.016701665017202494,1.5937977868220537e-17,9.81123155578944,8.126119810743285e-16,0.8511496656965377,-4.479976247470766e-16,1.0823107773997775e-15,0.4911658243566836,4.2265241592681777e-16
5.91,-0.016661994833082616,1.5672759744395668e-17,9.811245473048587,7.990963285923987e-16,0.849126793601134,-4.508484287234973e-16,1.084411785666815e-15,0.4928640775357297,4.2371679454665366e-16
5.912,-0.01662185037716224,1.568090803469596e-17,9.81125952435494,7.995163204343347e-16,0.8470797459279933,-4.588809287051711e-16,1.0865065643076655e-15,0.49455823662237436,4.247628988714151e-16
5.914,-0.016581232786577083,1.5416029571362652e-17,9.81127370810814,7.860179569499701e-16,0.8450085809587963,-4.617311683564845e-16,1.0885727482683041e-15,0.4962482533820459,4.2580236447770703e-16
5.916,-0.016540143212184333,1.5425169216859538e-17,9.811288022693091,7.864883668999391e-16,0.8429133576618691,-4.697381639022571e-16,1.0906325954707282e-15,0.4979340796981085,4.2682333351971976e-16
5.918,-0.016498582817981777,1.5160627235812375e-17,9.811302466479534,7.730071309351772e-16,0.8407941356905055,-4.72587745997954e-16,1.0926636913023407e-15,0.4996156675732324,4.2783740557641217e-16
5.92,-0.016456552781604294,1.4752948780980298e-17,9.811317037822583,7.522255288036562e-16,0.8386509753812673,-4.683784539139318e-16,1.094659056869376e-15,0.5012929691307592,4.288605185124062e-16
5.922,-0.01641405429362308,1.461960389607939e-17,9.811331735062717,7.454287089763544e-16,0.8364839377522675,-4.692951384610817e-16,1.0966410014830915e-15,0.5029659366160689,4.298808674444566e-16
5.924,-0.016371088558529756,1.4223961044052418e-17,9.811346556526361,7.252680501328669e-16,0.8342930845014327,-4.740817551095147e-16,1.098578450296441e-15,0.5046345223979355,4.3088947520995157e-16
5.926,-0.016327656793616363,1.423509989062375e-17,9.81136150052539,7.258401582803964e-16,0.8320784780047463,-4.820250494159401e-16,1.10050926308024e-15,0.5062986789698821,4.3187897690763144e-16
5.928,-0.016283760229498512,1.4363541376470628e-17,9.811376565358046,7.323810112490108e-16,0.8298401813144729,-4.790233570037932e-16,1.1024574279247746e-15,0.507958358951541,4.32874310124212e-16
5.93,-0.01623940011010916,1.4651627659028496e-17,9.811391749308594,7.470707503897868e-16,0.8275782581573629,-4.9201165512812e-16,1.1044213988390871e-15,0.5096135150899911,4.3383881956126557e-16
5.932,-0.01619457769266308,1.4372552522223206e-17,9.811407050648079,7.328414381465408e-16,0.8252927729328382,-4.85877377608025e-16,1.1063645891779563e-15,0.5112641002611138,4.3481619621280445e-16
5.934,-0.016149294247315815,1.4515816555987165e-17,9.811422467633683,7.401449192414116e-16,0.822983790711159,-4.918023584747951e-16,1.1083165061758272e-15,0.5129100674709306,4.3577870486408665e-16
5.936,-0.0161035510573857,1.4512735941730132e-17,9.811437998509687,7.399847102309257e-16,0.8206513772315707,-4.907020785760866e-16,1.1102700546888054e-15,0.5145513698569392,4.367423805040344e-16
5.938,-0.016057349419484446,1.437912457246836e-17,9.81145364150758,7.331741427649079e-16,0.8182955989004324,-4.915684904455606e-16,1.1122096597899112e-15,0.5161879606894484,4.377026125919622e-16
5.94,-0.016010690642843883,1.4523130064361106e-17,9.811469394845743,7.405152137825834e-16,0.8159165227893265,-4.974377724950388e-16,1.1141578750017869e-15,0.5178197933729125,4.3864779890469556e-16
5.942,-0.015963576050068262,1.4259459020043514e-17,9.811485256730046,7.270782908667855e-16,0.8135142166331487,-5.002816928630942e-16,1.116076486164327e-15,0.5194468214472536,4.395847777097869e-16
5.944,-0.015916006976525843,1.4255675611587638e-17,9.811501225354327,7.268821614307519e-16,0.8110887488281799,-4.991331755644743e-16,1.1179964600336276e-15,0.5210689985891857,4.4052262864001137e-16
5.946,-0.015867984770765453,1.3973005042151954e-17,9.811517298899854,7.124697633317279e-16,0.8086401884301386,-4.929999424592047e-16,1.1198950453274298e-15,0.5226862786135331,4.414727536851183e-16
5.948,-0.015819510793981806,1.3968538688506098e-17,9.811533475536098,7.122388212615983e-16,0.8061686051522151,-4.91827449319403e-16,1.1217948686817507e-15,0.5242986154745478,4.424236199228236e-16
5.95,-0.01577058642021356,1.3854396825134638e-17,9.811549753420957,7.064275887921776e-16,0.8036740693630863,-5.016298911160087e-16,1.1236719992936275e-15,0.5259059632672152,4.433497597209505e-16
5.952,-0.015721213036616,1.3849700403541079e-17,9.811566130700509,7.061848611420746e-16,0.8011566520849126,-5.004335249453889e-16,1.1255502175696526e-15,0.5275082762285701,4.442764717727018e-16
5.954,-0.015671392042898802,1.4404345387177275e-17,9.811582605509791,7.3445409740107525e-16,0.7986164249913157,-5.090739883329034e-16,1.1274750429095096e-15,0.5291055087389881,4.451809401574343e-16
5.956,-0.015621124851469936,1.495958404752996e-17,9.81159917597248,7.627534010292122e-16,0.7960534604053378,-5.176784386460962e-16,1.1294464920426846e-15,0.5306976153234922,4.460632106022908e-16
5.958,-0.015570412887463192,1.5235020155109713e-17,9.811615840201545,7.76789898154704e-16,0.7934678312973829,-5.213465097979582e-16,1.1314417474951583e-15,0.5322845506530467,4.469346760750609e-16
5.96,-0.015519257588969104,1.520712721118681e-17,9.811632596299177,7.753577167537866e-16,0.7908596112831389,-5.111327160702635e-16,1.1334461820854171e-15,0.5338662695458458,4.478274995981384e-16
5.962,-0.01546766040641323,1.5224846676279128e-17,9.811649442357043,7.762641040369088e-16,0.7882288746214818,-5.188447833188806e-16,1.1354432733822693e-15,0.5354427269686022,4.486999721196922e-16
5.964,-0.015415622802779971,1.573400616998015e-17,9.81166637645682,8.022005699500448e-16,0.7855756962123615,-5.093705003046269e-16,1.137503412908759e-15,0.5370138780378257,4.495920070236922e-16
5.966,-0.01536314625387103,1.5703487520990407e-17,9.81168339667003,8.006345783740239e-16,0.7829001515946693,-4.991235345623146e-16,1.1395725739457178e-15,0.5385796780211061,4.505054209488033e-16
5.968,-0.015310232247745859,1.6260479108403278e-17,9.811700501058056,8.290224175712144e-16,0.7802023169440873,-5.075124928178618e-16,1.1416884093826784e-15,0.5401400823383798,4.513967803410085e-16
5.97,-0.015256882285062723,1.6253816792930482e-17,9.811717687673282,8.28679066830516e-16,0.7774822690709194,-5.062077177517102e-16,1.1438049946260593e-15,0.5416950465632075,4.522886169239859e-16
5.972,-0.015203097878870864,1.70680919926836e-17,9.811734954558451,8.701743965216807e-16,0.774740085417905,-5.103790393045607e-16,1.1459993934509134e-15,0.5432445264240319,4.531681277261431e-16
5.974,-0.015148880554486155,1.7471798430993857e-17,9.811752299746939,8.907451149994701e-16,0.771975844058013,-5.117768823129192e-16,1.1482330714728498e-15,0.5447884778054443,4.540417906032263e-16
5.976,-0.015094231849850814,1.774748251113793e-17,9.811769721263579,9.047934010548315e-16,0.7691896236922202,-5.152290601998492e-16,1.1504904469088012e-15,0.5463268567494338,4.549047563273657e-16
5.978,-0.01503915331499961,1.789543678737953e-17,9.811787217124316,9.123341883315073e-16,0.7663815036472702,-5.207461699924624e-16,1.1527559138938874e-15,0.5478596194566431,4.557521084989394e-16
5.98,-0.014983646512193083,1.8299180979402044e-17,9.811804785336564,9.32906484067559e-16,0.7635515638734142,-5.220560333254655e-16,1.155060592569286e-15,0.5493867222876181,4.565936323317848e-16
5.982,-0.014927713016060551,1.829149216429933e-17,9.811822423899788,9.325104607667171e-16,0.7606998849421358,-5.206774551642753e-16,1.1573657893363196e-15,0.5509081217640424,4.574355696953352e-16
5.984,-0.014871354413208415,1.8411033760320124e-17,9.811840130805164,9.385963351654764e-16,0.7578265480438564,-5.171817847397021e-16,1.1596870301895765e-15,0.5524237745699829,4.582828170224086e-16
5.986,-0.01481457230265626,1.827535376608746e-17,9.81185790403596,9.31679597191769e-16,0.7549316349856239,-5.178882840710084e-16,1.1619930865601367e-15,0.5539336375531196,4.591254163316915e-16
5.988,-0.014757368295233775,1.810954315289471e-17,9.811875741568443,9.232207089930233e-16,0.7520152281887832,-5.096335712754395e-16,1.164291898061784e-15,0.5554376677259745,4.599843312263962e-16
5.99,-0.014699744013945804,1.7719125967153705e-17,9.811893641371057,9.033261395350293e-16,0.74907741068663,-5.145660332887726e-16,1.1665441768231383e-15,0.5569358222671335,4.608283980017039e-16
5.992,-0.014641701093647264,1.7837081052218217e-17,9.811911601405267,9.09331114944138e-16,0.7461182661220468,-5.110003463590209e-16,1.1688122025818762e-15,0.5584280585224727,4.616775018478989e-16
5.994,-0.014583241181467699,1.7986117121051368e-17,9.811929619625776,9.169265472744961e-16,0.7431378787451208,-5.163675524056628e-16,1.1710879507775461e-15,0.5599143340063623,4.625105055569119e-16
5.996,-0.014524365936160244,1.7690999485716643e-17,9.811947693980562,9.01880086922275e-16,0.7401363334107464,-5.102245316369934e-16,1.1733404735408023e-15,0.561394606402885,4.633544555527845e-16
5.998,-0.01446507702840183,1.7648581388702908e-17,9.811965822411368,8.99707650614131e-16,0.737113715576208,-4.997996399888432e-16,1.1756008902911386e-15,0.5628688335670373,4.642193880509396e-16
6.0,-0.014405376140557813,1.7511613138421056e-17,9.811984002853478,8.927253115367267e-16,0.7340701112987478,-5.0045575164108985e-16,1.177845590174329e-15,0.564336973525928,4.650790263364736e-16
6.002,-0.014345264967036364,1.7181100867279018e-17,9.812002233236726,8.758688575407197e-16,0.7310056072331155,-4.85365019399395e-16,1.1800747052092949e-15,0.5657989844799765,4.659705315816007e-16
6.0040000000000004,-0.0142847452137298,1.6917194052256197e-17,9.812020511484686,8.624196381515973e-16,0.727920290629101,-4.881622644489057e-16,1.182272326939989e-15,0.5672548248041003,4.668514298542287e-16
6.006,-0.014223818598504856,1.703198539177499e-17,9.812038835515851,8.682633561718333e-16,0.7248142493290503,-4.844760968382917e-16,1.1844852163170434e-15,0.5687044530489017,4.677369772963177e-16
6.008,-0.014162486850369582,1.6389771694048322e-17,9.812057203243507,8.355411996429378e-16,0.7216875717653645,-4.937649094199528e-16,1.1866195608415164e-15,0.5701478279418463,4.685962242821612e-16
6.01,-0.014100751710334869,1.5011949863599506e-17,9.812075612575878,7.653228100761937e-16,0.7185403469579824,-4.87098256538701e-16,1.1886206177932348e-15,0.5715849083884414,4.69466773783648e-16
6.0120000000000005,-0.014038614930642623,1.4136888489818524e-17,9.812094061416275,7.20717932080996e-16,0.7153726645118458,-4.717723871945071e-16,1.1905506608783539e-15,0.5730156534733994,4.703689832796675e-16
6.014,-0.013976078275351078,1.2542387573717441e-17,9.812112547663808,6.394682330440417e-16,0.7121846146143479,-4.784845721533344e-16,1.1923078580302011e-15,0.5744400224618115,4.71250136286218e-16
6.016,-0.013913143519745041,1.0874526459224737e-17,9.812131069213233,5.544679117002239e-16,0.7089762880327667,-4.673750880068006e-16,1.1939075374064744e-15,0.5758579748003007,4.721523048079561e-16
6.018,-0.013849812450250631,9.694197289896364e-18,9.81214962395519,4.943255544683488e-16,0.7057477761116794,-4.765514968981657e-16,1.195372917265711e-15,0.5772694701181783,4.730268013488986e-16
6.0200000000000005,-0.013786086865131608,8.275606880297507e-18,9.812168209776505,4.2202498865460654e-16,0.7024991707703627,-4.61157819189079e-16,1.1967114700911385e-15,0.5786744682285941,4.739319428373248e-16
6.022,-0.013721968573641163,7.057507054320228e-18,9.812186824560712,3.5995217005750354e-16,0.6992305645001753,-4.614702548472905e-16,1.1979230356665407e-15,0.5800729291296817,4.748299540856984e-16
6.024,-0.01365745939623153,6.0031885920157304e-18,9.812205466187867,3.062300733964315e-16,0.6959420503619247,-4.685438653449713e-16,1.1990152554921705e-15,0.5814648130056921,4.757043635986837e-16
6.026,-0.013592561164634809,5.942262129846979e-18,9.812224132534954,3.0313608829674724e-16,0.6926337219832179,-4.86972689564353e-16,1.200074240114176e-15,0.5828500802281357,4.765277355018371e-16
6.0280000000000005,-0.013527275721665788,4.434848802900292e-18,9.81224282147632,2.2631823091344376e-16,0.6893056735557953,-4.8288958804412945e-16,1.2009819676752611e-15,0.5842286913569015,4.773537003534731e-16
6.03,-0.013461604921355175,3.8364374442235204e-18,9.812261530883283,1.9583575214281608e-16,0.6859579998328493,-5.012476839811481e-16,1.2018012402933325e-15,0.5856006071413877,4.781281599732895e-16
6.032,-0.013395550628455766,2.7839586830871368e-18,9.81228025862546,1.422079324446855e-16,0.6825907961263263,-5.084369797483984e-16,1.202500294237857e-15,0.5869657885216139,4.788775932041058e-16
6.034,-0.013329114719136115,1.2334596302060586e-18,9.812299002569937,6.320898963697733e-17,0.6792041583042134,-5.245625219130833e-16,1.203016218106205e-15,0.5883241966293367,4.795801616839254e-16
6.0360000000000005,-0.013262299079994655,1.6002782595099702e-20,9.812317760582145,1.1703185727118134e-18,0.6757981827878086,-5.251203571251284e-16,1.2034033980039354e-15,0.5896757927891528,4.802729043106042e-16
6.038,-0.013195105608910573,-9.108698604569056e-19,9.812336530525815,-4.605803724517309e-17,0.6723729665489758,-5.301608904301407e-16,1.2036852689350182e-15,0.5910205385196035,4.809447568631666e-16
6.04,-0.013127536214441626,-2.1708090575136063e-18,9.812355310263195,-1.1026696121489477e-16,0.6689286071073839,-5.218712818869356e-16,1.2038455763265418e-15,0.5923583955342704,4.816275567166153e-16
6.042,-0.013059592815729104,-2.8064091190123642e-18,9.812374097655944,-1.4264988999459658e-16,0.6654652025277301,-5.313877955567643e-16,1.2039238768883046e-15,0.5936893257428614,4.822781544044171e-16
6.0440000000000005,-0.012991277342957908,-4.110700231640972e-18,9.812392890564198,-2.0912419752391426e-16,0.6619828514169483,-5.142569814052038e-16,1.203887779708717e-15,0.5950132912522981,4.82960601964321e-16
6.046,-0.012922591736649558,-5.328968716084521e-18,9.812411686847858,-2.71203021323354e-16,0.6584816529214013,-5.149908379102289e-16,1.2037218145013131e-15,0.5963302543677965,4.836315416654289e-16
6.048,-0.012853537948121385,-6.547327754892166e-18,9.812430484366343,-3.3328621377060503e-16,0.654961706724058,-5.157600186551019e-16,1.2034257367064952e-15,0.5976401775939374,4.842906067391016e-16
6.05,-0.012784117939375506,-8.057779109230081e-18,9.812449280978848,-4.102557730408216e-16,0.6514231130416555,-5.121794311517705e-16,1.2029755055970929e-15,0.5989430236357316,4.8494802781963725e-16
6.0520000000000005,-0.01271433368250463,-8.939181461367837e-18,9.812468074544922,-4.551600093739506e-16,0.6478659726218459,-5.263029002277502e-16,1.2024108924424806e-15,0.6002387553996901,4.855606520757258e-16
6.054,-0.012644187160389286,-1.0404576987773579e-17,9.81248686292403,-5.298274352586391e-16,0.6442903867403276,-5.317206335046719e-16,1.2016840116163647e-15,0.6015273359948694,4.861492460055727e-16
6.056,-0.012573680366039675,-1.1453705215708436e-17,9.812505643976758,-5.832822128368099e-16,0.6406964571979623,-5.392618306129395e-16,1.200834139567355e-15,0.602808728733932,4.867083478054437e-16
6.058,-0.012502815303106374,-1.2209592510266955e-17,9.812524415563995,-6.217918942932418e-16,0.6370842863178761,-5.511774061263465e-16,1.1998849200958434e-15,0.6040828971341823,4.872270668194143e-16
6.0600000000000005,-0.012431593985249734,-1.330455525052527e-17,9.812543175548136,-6.775875447892502e-16,0.6334539769425465,-5.498761963570231e-16,1.1988198040843864e-15,0.6053498049186122,4.877372591696844e-16
6.062,-0.01236001843648804,-1.4939126967025813e-17,9.812561921792653,-7.608786200926207e-16,0.6298056324308745,-5.48857987281075e-16,1.19758323244477e-15,0.6066094160169311,4.882379645760439e-16
6.064,-0.012288090690966591,-1.623288686844086e-17,9.81258065216272,-8.267950193089294e-16,0.6261393566552419,-5.611032418472702e-16,1.1961913294155144e-15,0.6078616945665886,4.886965822278846e-16
6.066,-0.012215812792682357,-1.803839590822038e-17,9.812599364525148,-9.18799686671602e-16,0.6224552539985534,-5.535840154343925e-16,1.1946191625280296e-15,0.609106604913805,4.891609299059758e-16
6.0680000000000005,-0.01214318679613946,-1.901134565128676e-17,9.812618056749015,-9.683785806150262e-16,0.6187534293512654,-5.501095882315976e-16,1.1929458099348864e-15,0.6103441116145797,4.896209107777145e-16
6.07,-0.012070214765500964,-1.998466534110023e-17,9.81263672670553,-1.0179761055988177e-15,0.6150339881083994,-5.466632278510882e-16,1.191171077858563e-15,0.6115741794356985,4.900762730304315e-16
6.072,-0.01199689877499388,-2.1375140609169092e-17,9.81265537226834,-1.088830604651497e-15,0.611297036166541,-5.412781871686062e-16,1.1892550414822277e-15,0.6127967733557436,4.905315439077105e-16
6.074,-0.011923240908745747,-2.3010958802733358e-17,9.812673991314226,-1.172183295881872e-15,0.6075426799208253,-5.405602912299485e-16,1.1871659845135044e-15,0.6140118585660855,4.909750557478615e-16
6.0760000000000005,-0.011849243260437348,-2.4179977435185546e-17,9.812692581722917,-1.2317436214019337e-15,0.6037710262619077,-5.507212875211841e-16,1.1849359541822603e-15,0.6152194004718775,4.913799097860143e-16
6.078,-0.01177490793374858,-2.5866331963964315e-17,9.812711141376893,-1.3176760994556129e-15,0.5999821825729202,-5.412162291074087e-16,1.1825397839753649e-15,0.6164193646930357,4.917939861872864e-16
6.08,-0.011700237042183481,-2.6302014161396766e-17,9.812729668162701,-1.3398777311722568e-15,0.5961762567264147,-5.375007613102356e-16,1.1800966505516366e-15,0.6176117170652244,4.922029397452139e-16
6.082,-0.011625232708667,-2.6442845444914368e-17,9.81274815997046,-1.3470528886231907e-15,0.5923533570812912,-5.380245321750261e-16,1.1776305264024244e-15,0.6187964236408232,4.925963013454743e-16
6.0840000000000005,-0.011549897065407322,-2.628835876491379e-17,9.812766614694223,-1.3391779184452216e-15,0.5885135924797129,-5.427687827622336e-16,1.1751654337238638e-15,0.6199734506898951,4.929636578669606e-16
6.086,-0.01147423225487465,-2.6603071243074706e-17,9.812785030232273,-1.355216854757472e-15,0.5846570722440075,-5.367523836974913e-16,1.1726688345856952e-15,0.6211427647011498,4.93331393840982e-16
6.088,-0.011398240428252215,-2.7092370016943726e-17,9.812803404487553,-1.3801553314862617e-15,0.5807839061735546,-5.242045487186656e-16,1.1701322569654605e-15,0.6223043323828943,4.937155263455255e-16
6.09,-0.011321923746670848,-2.7477077457864906e-17,9.812821735367258,-1.3997540635495688e-15,0.5768942045416594,-5.294256836822511e-16,1.1675408587842678e-15,0.6234581206639811,4.94072259052938e-16
6.0920000000000005,-0.011245284380239084,-2.7671714990670537e-17,9.812840020784032,-1.4096757965427978e-15,0.5729880780924134,-5.210861747358123e-16,1.1649334122633224e-15,0.6246040966947526,4.944349168530892e-16
6.094,-0.011168324508504135,-2.7585040026718942e-17,9.812858258655307,-1.4052497610068714e-15,0.5690656380375411,-5.3702327066019355e-16,1.1623035691368177e-15,0.6257422278479715,4.947436057304605e-16
6.096,-0.011091046320292008,-2.7726577607899195e-17,9.812876446904097,-1.4124607976952868e-15,0.565126996053234,-5.375657878132168e-16,1.1596501595162999e-15,0.6268724817197558,4.95036209846191e-16
6.098,-0.011013452013345137,-2.774699794767211e-17,9.812894583459085,-1.4135018208890997e-15,0.5611722642769708,-5.357528026642025e-16,1.1569888823996702e-15,0.6279948261304954,4.953185045321579e-16
6.1000000000000005,-0.010935543794601266,-2.806449440821537e-17,9.81291266625486,-1.4296821474421177e-15,0.5572015553043246,-5.29794424336771e-16,1.154295441872038e-15,0.6291092291257727,4.956007001772081e-16
6.102,-0.010857323880198777,-2.8085453204269437e-17,9.812930693232028,-1.4307505591811617e-15,0.5532149821857578,-5.279806823574344e-16,1.1515940073091317e-15,0.6302156589772716,4.9587251907697895e-16
6.104,-0.010778794494814115,-2.8282920968805605e-17,9.812948662337696,-1.440816211085413e-15,0.5492126584234029,-5.196700572352574e-16,1.148876037398579e-15,0.6313140841836771,4.961500247726623e-16
6.106,-0.01069995787268585,-2.800709549258128e-17,9.812966571525314,-1.4267602900765754e-15,0.5451946979678312,-5.219745033469622e-16,1.1461742536075718e-15,0.6324044734715782,4.964069244116889e-16
6.1080000000000005,-0.010620816256194487,-2.839091550814898e-17,9.812984418755534,-1.4463136662024265e-15,0.5411612152148078,-5.272902980816054e-16,1.1434169508387253e-15,0.633486795796353,4.966356977508506e-16
6.11,-0.010541371896966467,-2.835621823268358e-17,9.813002201995715,-1.444541477598681e-15,0.537112325002036,-5.343377411965723e-16,1.1406441342594122e-15,0.634561020343056,4.968319638640321e-16
6.112,-0.010461627055169842,-2.844173817174761e-17,9.813019919220427,-1.4488934922329681e-15,0.5330481426058864,-5.437673932942053e-16,1.137839944516418e-15,0.6356271165272942,4.969897332975567e-16
6.114,-0.010381583999524047,-2.834312106798929e-17,9.813037568412373,-1.4438705334186871e-15,0.528968783738116,-5.395671857320102e-16,1.1350431602062079e-15,0.6366850539960976,4.971428313318833e-16
6.1160000000000005,-0.010301245007545035,-2.806700780747178e-17,9.81305514756138,-1.4298003084728829e-15,0.5248743645425726,-5.418299105003866e-16,1.132262311693013e-15,0.6377348026287832,4.972751977535837e-16
6.118,-0.010220612364991055,-2.8387558996257426e-17,9.813072654665456,-1.4461359124720014e-15,0.5207650015918891,-5.359506538799453e-16,1.1294486140762197e-15,0.6387763325378145,4.974070789438682e-16
6.12,-0.010139688366435529,-2.8530201438493043e-17,9.813090087730842,-1.4534032225660944e-15,0.5166408118841638,-5.365362941734748e-16,1.1266105760836544e-15,0.6398096140696488,4.975223407512283e-16
6.122,-0.010058475314584037,-2.8672916705033704e-17,9.81310744477221,-1.4606742393978786e-15,0.5125019128396299,-5.371260528356592e-16,1.1237481316049686e-15,0.6408346178055867,4.976209324658054e-16
6.1240000000000006,-0.009976975520532783,-2.8575773737275215e-17,9.813124723812882,-1.4557264023936382e-15,0.5083484222973119,-5.32912327243365e-16,1.1208928517958596e-15,0.6418513145626034,4.977148245081743e-16
6.126,-0.009895191303590067,-2.8838592427897865e-17,9.81314192288504,-1.4691157183432587e-15,0.5041804585116711,-5.359176876013896e-16,1.117997245415893e-15,0.6428596753941861,4.977859749883066e-16
6.128,-0.009813124991214117,-2.922045414108512e-17,9.813159040029998,-1.488579353004757e-15,0.49999814014923843,-5.21237422989049e-16,1.1150756134181635e-15,0.6438596715911522,4.978785369468355e-16
6.13,-0.009730778919306182,-2.972284938287046e-17,9.813176073298408,-1.5141730589235754e-15,0.49580158628523596,-5.290853424414396e-16,1.112081871970949e-15,0.6448512746824708,4.97936145786584e-16
6.132000000000001,-0.009648155431383643,-3.0345339050144655e-17,9.813193020750257,-1.5458944782790352e-15,0.4915909164001866,-5.19260700850482e-16,1.1090302546332416e-15,0.6458344564360721,4.980029345783356e-16
6.134,-0.009565256879122686,-3.030879235706956e-17,9.813209880455906,-1.5440284748657211e-15,0.4873662503765125,-5.26299371264944e-16,1.1059625020339338e-15,0.6468091888596499,4.980366484962251e-16
6.136,-0.009482085622382286,-3.0571679757304295e-17,9.813226650494979,-1.55742114313196e-15,0.48312770849512215,-5.293441939642424e-16,1.10285404902701e-15,0.6477754442014615,4.980472438114346e-16
6.138,-0.009398644028539849,-3.1134361503803353e-17,9.813243328957697,-1.586090702936157e-15,0.4788754114319851,-5.284108978922876e-16,1.0996802904076434e-15,0.6487331949511143,4.980446316478934e-16
6.140000000000001,-0.009314934472901548,-3.1454953710806475e-17,9.813259913944634,-1.6024181224119403e-15,0.47460948025469696,-5.42738575984256e-16,1.0964426852365759e-15,0.6496824138403519,4.979904283213134e-16
6.142,-0.009230959338531797,-3.189850030250041e-17,9.813276403567219,-1.6250186333325786e-15,0.4703300364190317,-5.394052156847959e-16,1.093155403874972e-15,0.6506230738438288,4.97928899164105e-16
6.144,-0.009146721016027648,-3.2399285127122987e-17,9.813292795947344,-1.6505301670070093e-15,0.4660372017654845,-5.473542435710448e-16,1.0897953917731064e-15,0.6515551481798805,4.978316275482314e-16
6.146,-0.009062221903636036,-3.3200176229339333e-17,9.813309089218222,-1.6913343034499804e-15,0.46173109851580224,-5.513621606916013e-16,1.0863379597249555e-15,0.6524786103112861,4.977084163263211e-16
6.148,-0.008977464407318614,-3.3700400360083905e-17,9.813325281524294,-1.7168172297022599e-15,0.4574118492695041,-5.593407886004943e-16,1.0828075806891717e-15,0.6533934339460233,4.975491715460307e-16
6.15,-0.00889245094005009,-3.3906843798551794e-17,9.813341371021648,-1.7273390520636074e-15,0.45307957700039053,-5.511727234438056e-16,1.079258834679254e-15,0.6542995930380185,4.973945166943775e-16
6.152,-0.008807183922649564,-3.4287959883290774e-17,9.813357355877777,-1.7467543713786404e-15,0.44873440505304246,-5.567342906404594e-16,1.0756528654499378e-15,0.6551970617878862,4.972098402911166e-16
6.154,-0.008721665783128607,-3.4185642234661374e-17,9.813373234272301,-1.741533749375508e-15,0.44437645713930923,-5.72610747841984e-16,1.0720230106429491e-15,0.6560858146436632,4.969690742681734e-16
6.156,-0.00863589895648964,-3.4146547161936226e-17,9.813389004397044,-1.7395384318331405e-15,0.4400058573347868,-5.796631776338379e-16,1.0683763091198942e-15,0.6569658263015411,4.966944457110009e-16
6.158,-0.008549885885023478,-3.506515142319193e-17,9.81340466445603,-1.7863388655883734e-15,0.43562273007528485,-5.86260253961241e-16,1.0646157846751054e-15,0.6578370717065805,4.963870354786223e-16
6.16,-0.008463629018310215,-3.556375318245604e-17,9.813420212665719,-1.8117392111540075e-15,0.43122720015328403,-5.943290568334735e-16,1.0607818598072753e-15,0.6586995260534277,4.960430270644523e-16
6.162,-0.008377130812880829,-3.5890134331836246e-17,9.813435647255407,-1.8283707007087127e-15,0.4268193927143828,-5.886708963076414e-16,1.0569132607670263e-15,0.659553164787019,4.956970955264307e-16
6.164,-0.008290393732100831,-3.620502279967126e-17,9.813450966467462,-1.844408063975615e-15,0.422399433253735,-6.031251456375604e-16,1.0529799586320485e-15,0.6603979636032831,4.952983237712098e-16
6.166,-0.008203420246561954,-3.646646083871398e-17,9.813466168557044,-1.857726926029008e-15,0.417967447612476,-6.063069817170949e-16,1.049004807778413e-15,0.6612338984498296,4.948751999773377e-16
6.168,-0.0081162128330865,-3.6911557526620267e-17,9.813481251793164,-1.880405890425218e-15,0.41352356197414075,-6.031523002077369e-16,1.0449789156277336e-15,0.6620609455266356,4.944437663672515e-16
6.17,-0.008028773975886416,-3.740903600453087e-17,9.813496214458029,-1.9057490294848616e-15,0.4090679028610703,-6.112978639096921e-16,1.0408793078952035e-15,0.6628790812867233,4.939753458685234e-16
6.172,-0.007941106165498368,-3.760414567657494e-17,9.813511054847442,-1.915684887706717e-15,0.40460059713081015,-6.233231358424978e-16,1.0367306634523011e-15,0.6636882824368296,4.934600450526116e-16
6.174,-0.007853211899029766,-3.846960478587641e-17,9.81352577127159,-1.95978182124021e-15,0.4001217719724987,-6.188309110053063e-16,1.0324904203590116e-15,0.6644885259380683,4.929397500353082e-16
6.176,-0.007765093680554891,-3.879739552949235e-17,9.813540362054084,-1.976484838629501e-15,0.3956315549032453,-6.132546386233241e-16,1.028215063126398e-15,0.6652797890065908,4.924172147567891e-16
6.178,-0.007676754020062404,-3.917630667615573e-17,9.813554825533732,-1.9957879491866765e-15,0.39113007376450004,-6.189809680083802e-16,1.023881655991787e-15,0.6660620491142291,4.918637198855285e-16
6.18,-0.00758819543429734,-3.9571769396303334e-17,9.81356916006313,-2.0159421534449143e-15,0.38661745671841435,-6.046221703572012e-16,1.019520051828722e-15,0.6668352839891402,4.913303639322659e-16
6.182,-0.007499420446122507,-4.013566363295206e-17,9.81358336400986,-2.0446724815657908e-15,0.3820938322441914,-6.040565345070656e-16,1.0150914289750603e-15,0.6675994716164395,4.9078208259469e-16
6.184,-0.007410431584868427,-4.093470999887153e-17,9.813597435756307,-2.0853818022471595e-15,0.37755932913442847,-6.084868051311812e-16,1.0105639194440726e-15,0.6683545902388274,4.902061277409037e-16
6.186,-0.00732123138588836,-4.112790645290461e-17,9.813611373700029,-2.0952203915985017e-15,0.37301407649145024,-6.20578711414288e-16,1.0059871132486735e-15,0.6691006183572091,4.895829458570809e-16
6.188,-0.007231822390703968,-4.180923374608027e-17,9.81362517625361,-2.1299328779733948e-15,0.368458203723633,-6.225596302328633e-16,1.0013271934580029e-15,0.6698375347313078,4.889382898656778e-16
6.19,-0.007142207146857871,-4.2001708585712794e-17,9.813638841845085,-2.1397348497444872e-15,0.36389184054172,-6.346720232627077e-16,9.96617900052238e-16,0.6705653183802676,4.882463025377536e-16
6.192,-0.007052388207868354,-4.2007830446615635e-17,9.813652368918216,-2.140040097432092e-15,0.35931511695512874,-6.530950909979634e-16,9.9186815421904e-16,0.6712839485832516,4.874908614904213e-16
6.194,-0.0069623681330996945,-4.2288943634842613e-17,9.813665755932512,-2.1543686613611174e-15,0.35472816326824935,-6.3633501341541245e-16,9.87105775343919e-16,0.6719934048800305,4.867618502447704e-16
6.196,-0.006872149487752388,-4.2735869080678397e-17,9.81367900136349,-2.177140249244817e-15,0.35013111007673464,-6.333896107811228e-16,9.822919745933178e-16,0.672693667071568,4.860240458345932e-16
6.198,-0.006781734842977727,-4.2996538838702025e-17,9.813692103702499,-2.1904200267543925e-15,0.3455240882637819,-6.367493421205728e-16,9.774357042066001e-16,0.6733847152205955,4.852613625325975e-16
6.2,-0.00669112677497985,-4.3538505670282673e-17,9.813705061457679,-2.2180261192783613e-15,0.34090722899640663,-6.564371952732064e-16,9.724822236967014e-16,0.6740665296521755,4.844320202175158e-16
6.202,-0.006600327866325806,-4.3400965724906866e-17,9.813717873152985,-2.211023927434443e-15,0.3362806637217082,-6.409905827546255e-16,9.675568580460212e-16,0.6747390909542663,4.836259779368477e-16
6.204,-0.006509340704549338,-4.342773442655138e-17,9.81373053732972,-2.2123884311916153e-15,0.33164452416312656,-6.393635554823995e-16,9.626208603097994e-16,0.6754023799782741,4.828079624653409e-16
6.206,-0.006418167883000869,-4.32675505387392e-17,9.813743052545327,-2.2042258620477873e-15,0.3269989423166931,-6.44020663627426e-16,9.576832545560137e-16,0.6760563778395975,4.819619476390791e-16
6.208,-0.006326812000077453,-4.3831918565208163e-17,9.813755417374843,-2.232980121997242e-15,0.3223440504472717,-6.436848197480386e-16,9.52678227333296e-16,0.676701065918163,4.811007813197412e-16
6.21,-0.006235275659610018,-4.404631616543339e-17,9.813767630409949,-2.243906158646975e-15,0.31767998108479345,-6.35813059379982e-16,9.476535723444978e-16,0.6773364258589593,4.802438514550364e-16
6.212,-0.0061435614709459685,-4.4306761010449484e-17,9.813779690259569,-2.257174643253458e-15,0.31300686702048336,-6.392590360210992e-16,9.42586451166127e-16,0.6779624395725555,4.79362186383183e-16
6.214,-0.00605167204775281,-4.4217456377138366e-17,9.813791595550658,-2.252626215409763e-15,0.3083248413030793,-6.351521326423319e-16,9.375246940293789e-16,0.6785790892356209,4.784752520996519e-16
6.216,-0.005959610010035199,-4.459435487509512e-17,9.813803344927084,-2.2718271505197475e-15,0.3036340372350442,-6.411470799048384e-16,9.324045541793382e-16,0.6791863572914297,4.775571702238608e-16
6.218,-0.005867377981473076,-4.420091661698898e-17,9.813814937050955,-2.2517824730584773e-15,0.2989345883687709,-6.407852701957011e-16,9.27314812821104e-16,0.6797842264503576,4.766243516704752e-16
6.22,-0.00577497859139342,-4.4416510624363564e-17,9.813826370602158,-2.2627693673119257e-15,0.2942266285027795,-6.32972843698784e-16,9.222055148815666e-16,0.6803726796903833,4.756960612304169e-16
6.222,-0.005682414474053488,-4.444417313799365e-17,9.813837644278387,-2.2641795704629258e-15,0.28951029167790804,-6.314233474533019e-16,9.170857471993137e-16,0.6809517002575618,4.747562849734248e-16
6.224,-0.0055896882680990245,-4.439984161808045e-17,9.813848756795927,-2.261919313982527e-15,0.2847857121734963,-6.386621371159073e-16,9.119486550998615e-16,0.6815212716665111,4.737824865603986e-16
6.226,-0.0054968026170847395,-4.4920836180239054e-17,9.813859706889154,-2.288466849384084e-15,0.2800530245035628,-6.2717364898447335e-16,9.067670373836904e-16,0.6820813777008747,4.728229641346615e-16
6.228,-0.00540376016913946,-4.520988745524498e-17,9.813870493310947,-2.3031985365917307e-15,0.27531236341297466,-6.106325515822179e-16,9.015728240974414e-16,0.6826320024137892,4.718908454690415e-16
6.23,-0.005310563576801819,-4.542684589845913e-17,9.813881114833201,-2.3142546972669516e-15,0.2705638638736114,-6.028807540268398e-16,8.96359178389059e-16,0.6831731301283323,4.709635991817042e-16
6.232,-0.00521721549732046,-4.522305186289169e-17,9.813891570245984,-2.303873917344018e-15,0.2658076610805227,-5.963018687069492e-16,8.91167151702859e-16,0.6837047454379728,4.700383216431416e-16
6.234,-0.005123718592385806,-4.483047970856588e-17,9.813901858358577,-2.2838736188844824e-15,0.2610438904480783,-5.959633796102024e-16,8.860059031610407e-16,0.6842268332070098,4.690990467449897e-16
6.236,-0.005030075527417743,-4.4743062038171494e-17,9.81391197799965,-2.2794213818060616e-15,0.2562726876061131,-5.919386373615395e-16,8.80850423489733e-16,0.6847393785710018,4.681554081061024e-16
6.238,-0.004936288972713143,-4.388693790399161e-17,9.813921928016496,-2.23580670984822e-15,0.2514941883960659,-5.814358007172731e-16,8.757897185831236e-16,0.6852423669371891,4.672242824865929e-16
6.24,-0.004842361602518608,-4.356813625680331e-17,9.81393170727597,-2.2195672151170248e-15,0.24670852886711125,-5.723380034987708e-16,8.707668642000554e-16,0.6857357839849126,4.663022093783021e-16
6.242,-0.004748296095153037,-4.336544744100285e-17,9.813941314664302,-2.2092427990343702e-15,0.2419158452722865,-5.657912163964586e-16,8.657659575094869e-16,0.6862196156660183,4.653827372887665e-16
6.244,-0.004654095132634595,-4.293140990014819e-17,9.813950749087603,-2.1871328627144278e-15,0.23711627406461197,-5.541557527077989e-16,8.608190072290735e-16,0.6866938482052601,4.644791649906743e-16
6.246,-0.004559761401380591,-4.31503663174023e-17,9.813960009471337,-2.198290599899114e-15,0.23230995189320636,-5.465013517155456e-16,8.558530538278918e-16,0.6871584681006885,4.63581333131019e-16
6.248,-0.004465297591483619,-4.271697196992352e-17,9.813969094760733,-2.1762133637428516e-15,0.22749701559939633,-5.348733058102012e-16,8.509411851749579e-16,0.6876134621240376,4.626996543179205e-16
6.25,-0.00437070639686965,-4.236664640063018e-17,9.813978003921239,-2.1583632233229062e-15,0.22267760221281996,-5.458851698416366e-16,8.460378510087543e-16,0.6880588173211029,4.617756688737168e-16
6.252,-0.0042759905148832544,-4.209050363320832e-17,9.813986735938315,-2.1442946144236534e-15,0.21785184894752582,-5.481368342501801e-16,8.411499338475204e-16,0.6884945210121047,4.608321531384777e-16
6.2540000000000004,-0.004181152646739683,-4.219459797392432e-17,9.813995289817417,-2.149600924852858e-15,0.21301989319806622,-5.3797516173758e-16,8.362591815061733e-16,0.688920560792057,4.599013688908996e-16
6.256,-0.00408619549709055,-4.225814725472338e-17,9.814003664584417,-2.1528438509570798e-15,0.20818187253558532,-5.165045002522467e-16,8.313884532705909e-16,0.6893369245311127,4.590127517583179e-16
6.258,-0.0039911217740096205,-4.186672874808388e-17,9.814011859285666,-2.1329027991762855e-15,0.2033379247039021,-5.162171745628614e-16,8.265493181815682e-16,0.6897436003749158,4.581115489761425e-16
6.26,-0.0038959341890398846,-4.143487708847481e-17,9.814019872987823,-2.1109040967525086e-15,0.19848818761558945,-5.04614533375752e-16,8.217646491192248e-16,0.6901405767449339,4.572272324405161e-16
6.2620000000000005,-0.003800635457145596,-4.1003309643620126e-17,9.814027704778182,-2.0889198381950484e-15,0.19363279934804645,-4.930165428069122e-16,8.170345249120226e-16,0.6905278423387897,4.563599445325837e-16
6.264,-0.003705228296305485,-4.091812805491851e-17,9.814035353764858,-2.0845815646585977e-15,0.18877189813956838,-4.891062015454373e-16,8.123110518034998e-16,0.690905386130585,4.554898787234475e-16
6.266,-0.0036097154276069077,-4.083305514645731e-17,9.814042819076853,-2.0802488367376697e-15,0.18390562238540978,-4.852042385855569e-16,8.075942839551897e-16,0.6912731973712087,4.546171295680079e-16
6.268,-0.0035140995753355497,-4.028689494882529e-17,9.814050099864005,-2.052426771026204e-15,0.17903411063384536,-4.710575636638014e-16,8.029482498091928e-16,0.6916312655886505,4.537684272294854e-16
6.2700000000000005,-0.0034183834667755875,-4.0241764435251043e-17,9.814057195296936,-2.0501270134986823e-15,0.17415750158222418,-4.784947919725409e-16,7.982862553915751e-16,0.6919795805882932,4.528878578224491e-16
6.272,-0.003322569831944122,-3.946893892930515e-17,9.81406410456783,-2.010752489087501e-15,0.16927593407302147,-4.906279984209632e-16,7.936747206046836e-16,0.6923181324532056,4.519633259135294e-16
6.274,-0.0032266614038469754,-3.926896507257573e-17,9.814070826889745,-2.000566450816445e-15,0.16438954708988565,-4.841931023445819e-16,7.89086125479293e-16,0.6926469115444236,4.510431875312491e-16
6.276,-0.003130660918308159,-3.8993200599444046e-17,9.814077361496999,-1.9865176846212965e-15,0.1594984797536812,-4.865214484917653e-16,7.8451373649519485e-16,0.6929659085012266,4.501047900882417e-16
6.2780000000000005,-0.0030345711136998688,-3.787453044256195e-17,9.81408370764546,-1.9295249982042967e-15,0.1546028713185275,-4.909558608605041e-16,7.800400229929121e-16,0.6932751142413993,4.491427861968933e-16
6.28,-0.0029383947308945224,-3.7062149878545656e-17,9.81408986461253,-1.888137592623072e-15,0.14970286116783443,-4.917741639581225e-16,7.756398678043711e-16,0.6935745199614977,4.481667152124285e-16
6.282,-0.002842134513354466,-3.655616215066897e-17,9.814095831696974,-1.8623606422955794e-15,0.14479858881033336,-4.889814202314139e-16,7.712881389886005e-16,0.6938641171370955,4.471860985922248e-16
6.284,-0.0027457932070511504,-3.582013787361422e-17,9.81410160821918,-1.8248647577007345e-15,0.13989019387610604,-4.810507279551003e-16,7.67016915137987e-16,0.6941438975230223,4.462144370008049e-16
6.2860000000000005,-0.0026493735604322666,-3.5850809894376093e-17,9.814107193521206,-1.82642890261965e-15,0.13497781611260884,-4.798031334677475e-16,7.627370405127119e-16,0.6944138531536085,4.452344650833121e-16
6.288,-0.0025528783237680486,-3.534502003962545e-17,9.814112586967212,-1.8006621252192118e-15,0.13006159538069378,-4.770245464480047e-16,7.58505803744786e-16,0.6946739763429032,4.442502807209367e-16
6.29,-0.0024563102499781664,-3.503085266917866e-17,9.814117787942706,-1.7846587510504652e-15,0.12514167165062662,-4.680729058418454e-16,7.543140517408275e-16,0.6949242596848978,4.432780779341705e-16
6.292,-0.002359672093848353,-3.441025156487645e-17,9.814122795855582,-1.753043032640338e-15,0.12021818499810165,-4.627296215028879e-16,7.501870868798057e-16,0.6951646960537357,4.42308590443511e-16
6.2940000000000005,-0.002262966612215145,-3.424943019966091e-17,9.814127610135444,-1.744850522308064e-15,0.11529127560025391,-4.676918948056542e-16,7.46060952401814e-16,0.6953952786039146,4.413150953258015e-16
6.296,-0.0021661965639871994,-3.420345735584061e-17,9.814132230234012,-1.7425090002465042e-15,0.11036108373166775,-4.752374841035047e-16,7.419196948993517e-16,0.6956160007704817,4.402909592204952e-16
6.298,-0.0020693647099143675,-3.381276057813796e-17,9.81413665562513,-1.722605783593528e-15,0.10542774976038319,-4.750609622656527e-16,7.378113949916325e-16,0.6958268562692211,4.3925640217930203e-16
6.3,-0.0019724738122821606,-3.3268121980085235e-17,9.8141408858049,-1.6948580016499072e-15,0.10049141414390006,-4.923892273137318e-16,7.337225728409667e-16,0.6960278390968322,4.3816591869673796e-16
6.3020000000000005,-0.0018755266357279865,-3.31841031514957e-17,9.814144920291305,-1.6905796009691945e-15,0.09555221742517808,-4.886318011692565e-16,7.296415826435674e-16,0.696218943531101,4.370745606809248e-16
6.304,-0.0017785259455820324,-3.3177238374193156e-17,9.814148758625283,-1.6902327497647297e-15,0.09061030022863613,-4.761335529180038e-16,7.255752554258358e-16,0.6964001641310623,4.3600522537915626e-16
6.306,-0.0016814745095947714,-3.270940308528766e-17,9.814152400369494,-1.6663990149217434e-15,0.08566580325614784,-4.847297720199681e-16,7.21535373754472e-16,0.6965714957371557,4.3490303510669065e-16
6.308,-0.0015843750965496284,-3.243349907467146e-17,9.814155845109093,-1.652344201838011e-15,0.08071886728303648,-4.871637987738553e-16,7.175127567529427e-16,0.6967329334713708,4.337841624836735e-16
6.3100000000000005,-0.001487230476797663,-3.2464396371613495e-17,9.814159092451938,-1.6539202726962339e-15,0.07576963315406618,-4.860175526409012e-16,7.134822069481642e-16,0.6968844727373892,4.3265804995990587e-16
6.312,-0.0013900434217735125,-3.25327379287148e-17,9.814162142028154,-1.657403227343808e-15,0.07081824177943268,-4.962073870369899e-16,7.094210053265686e-16,0.6970261092207113,4.3149523415628977e-16
6.314,-0.001292816704483002,-3.194991023116235e-17,9.814164993490369,-1.6277116188778194e-15,0.06586483413075059,-5.022472387944401e-16,7.054025176531955e-16,0.6971578388887824,4.303066432119994e-16
6.316,-0.0011955530986611507,-3.1866062347102764e-17,9.814167646513958,-1.6234421165637395e-15,0.06090955123704017,-4.985443024102657e-16,7.013922937004381e-16,0.6972796579911056,4.291178034545268e-16
6.3180000000000005,-0.0010982553794116612,-3.193422014499711e-17,9.814170100796847,-1.626916029034218e-15,0.05595253418071219,-5.087592462137445e-16,6.973516062790437e-16,0.6973915630593502,4.278925109430409e-16
6.32,-0.0010009263230221777,-3.188760350869499e-17,9.814172356059283,-1.6245428239018059e-15,0.05099392409355125,-5.164003568162531e-16,6.932965313024167e-16,0.6974935509074489,4.266375831845751e-16
6.322,-0.0009035687058895903,-3.161154489243749e-17,9.814174412044771,-1.6104806502585109e-15,0.04603386215269715,-5.188845041754643e-16,6.892591648053544e-16,0.6975856186316891,4.2536658505856126e-16
6.324,-0.0008061853063381363,-3.1335469945125514e-17,9.81417626851882,-1.5964177078782768e-15,0.04107248957662566,-5.213761089783047e-16,6.852395754201614e-16,0.6976677636107961,4.240796094838507e-16
6.3260000000000005,-0.0007087789025561619,-3.148100661938795e-17,9.814177925270197,-1.6038345856589176e-15,0.036109947621127944,-5.22878786144398e-16,6.811965404379121e-16,0.6977399835060071,4.2277934791210045e-16
6.328,-0.0006113522739097377,-3.109022876790363e-17,9.814179382110176,-1.5839281060072218e-15,0.031146377575288774,-5.22802255550253e-16,6.771874353978497e-16,0.6978022762611374,4.214700343541896e-16
6.33,-0.0005139081998670747,-3.089174497648374e-17,9.814180638872944,-1.5738185703706556e-15,0.026181920757463728,-5.165713621534003e-16,6.732030711087818e-16,0.6978546401026409,4.2016784733555063e-16
6.332,-0.0004164494609932845,-3.0345661460382875e-17,9.814181695415268,-1.5459994528581923e-15,0.021216718511255797,-5.3400013742953675e-16,6.692392661001708e-16,0.697897073539657,4.1881114410192587e-16
6.3340000000000005,-0.00031897883803644334,-3.037649061260113e-17,9.814182551616778,-1.5475726299380858e-15,0.016250912201491143,-5.329522921792851e-16,6.65268306737539e-16,0.6979295753640575,4.1744826451155776e-16
6.336,-0.00022149911175350923,-2.990799871558071e-17,9.814183207380065,-1.5237069710544887e-15,0.011284643210194976,-5.41650942021141e-16,6.613248033906338e-16,0.6979521446504764,4.1605387971603726e-16
6.338,-0.00012401306379761223,-2.9554134539525227e-17,9.814183662630374,-1.5056813170898142e-15,0.006318052932564586,-5.529411427352214e-16,6.573928104523138e-16,0.6979647807563416,4.1462133743613424e-16
6.34,-2.652347526854726e-05,-2.9544197239562026e-17,9.814183917316011,-1.505177726299354e-15,0.0013512827729452994,-5.71990950504778e-16,6.534243487156391e-16,0.6979674833218874,4.1313049447199743e-16
6.3420000000000005,7.096687182706063e-05,-2.846165996770657e-17,9.814183971407754,-1.4500289463267966e-15,-0.0036155258591963214,-5.878667495024385e-16,6.495341179421095e-16,0.6979602522701691,4.1158975073406253e-16
6.344,0.00016845519627395333,-2.856633848457558e-17,9.814183824899661,-1.4553650954814362e-15,-0.00858223155329875,-6.09515998283102e-16,6.455915491403853e-16,0.6979430878070627,4.0998415031059855e-16
6.346,0.00026593871602553776,-2.851939801315681e-17,9.814183477808097,-1.4529768179753131e-15,-0.013548692901730181,-6.172601115937265e-16,6.416355071670125e-16,0.6979159904212612,4.0835010914603075e-16
6.348,0.00036341465013212115,-2.9164097304571067e-17,9.814182930173004,-1.485825099357842e-15,-0.018514768503816316,-6.091120819349334e-16,6.376222669100569e-16,0.6978789608842578,4.067292301804465e-16
6.3500000000000005,0.0004608802171741644,-2.980876684192455e-17,9.814182182056577,-1.5186718184106998e-15,-0.02348031696986582,-6.009712986399574e-16,6.335519082698054e-16,0.6978320002503268,4.0512161486004377e-16
6.352,0.0005583326361175978,-2.979881089730485e-17,9.814181233543811,-1.5181682693826878e-15,-0.028445196925194732,-6.200679731049153e-16,6.294455418093021e-16,0.6977751098564904,4.0345629247062393e-16
6.354,0.0006557691266895205,-3.02511244412189e-17,9.814180084743018,-1.5412153373776123e-15,-0.03340926701415301,-6.181035392725588e-16,6.252914844635535e-16,0.6977082913224879,4.0178836197150517e-16
6.356,0.0007531869086987442,-3.039645439586794e-17,9.814178735784918,-1.548622759923189e-15,-0.03837238590414819,-6.197256777996471e-16,6.211150962410405e-16,0.6976315465507172,4.001085893489639e-16
6.3580000000000005,0.0008505832025527127,-3.023482259119234e-17,9.814177186822999,-1.5403916965515796e-15,-0.04333441228966949,-6.249355971926349e-16,6.169417350139691e-16,0.6975448777261911,3.9840773808128637e-16
6.36,0.000947955229505304,-3.068706697279188e-17,9.814175438033871,-1.5634353423108377e-15,-0.04829520489631131,-6.229932378607295e-16,6.127209381361052e-16,0.697448287316475,3.9670460158454396e-16
6.362,0.0010453002114250154,-3.060296257458601e-17,9.814173489616746,-1.5591537105496085e-15,-0.05325462248479458,-6.194746863086841e-16,6.085100928480146e-16,0.6973417780716059,3.9500342042142994e-16
6.364,0.0011426153705800246,-3.017469708185974e-17,9.814171341793202,-1.537337737881614e-15,-0.05821252385498897,-6.082187007468756e-16,6.043573201806048e-16,0.6972253530240275,3.933245013338317e-16
6.3660000000000005,0.0012398979306187385,-2.9706138454110846e-17,9.814168994808067,-1.5134701382634263e-15,-0.0631687678499326,-6.170470311056962e-16,6.002331657006586e-16,0.6970990154884954,3.9161556370599586e-16
6.368,0.0013371451160866243,-2.985137158013615e-17,9.814166448928606,-1.5208728581853035e-15,-0.0681232133598515,-6.187168916295268e-16,5.960871773615913e-16,0.6969627690619867,3.8989540945196563e-16
6.37,0.0014343541523835768,-3.007396844269252e-17,9.81416370444493,-1.5322164224508523e-15,-0.07307571932617565,-6.116475082871473e-16,5.919262016914226e-16,0.6968166176235944,3.8818696155107745e-16
6.372,0.0015315222657044103,-2.983498527002376e-17,9.814160761669104,-1.5200455767729447e-15,-0.07802614474555696,-6.256667636772649e-16,5.877620662666077e-16,0.69666056533442,3.864353493003183e-16
6.3740000000000006,0.0016286466839119385,-3.0209732672994633e-17,9.814157620936601,-1.539141910247862e-15,-0.08297434867388208,-6.325198256180095e-16,5.835443403500406e-16,0.6964946166374535,3.8465940068210745e-16
6.376,0.0017257246364446033,-3.024015385827633e-17,9.81415428260524,-1.540695346381373e-15,-0.08792019023028685,-6.316413951808756e-16,5.793211487646333e-16,0.6963187762574455,3.8287941192274184e-16
6.378,0.0018227533529344697,-2.996376341339237e-17,9.814150747054846,-1.5266180545067157e-15,-0.0928635286011663,-6.343618936138388e-16,5.75117832465811e-16,0.696133049200777,3.8108612856364537e-16
6.38,0.0019197300655857674,-2.9380620208009193e-17,9.814147014688206,-1.4969130696748557e-15,-0.09780422304418415,-6.406843187499304e-16,5.7095972413403e-16,0.6959374407553126,3.7927028623007367e-16
6.382000000000001,0.0020166520077156136,-2.983252805361851e-17,9.8141430859306,-1.519939934869686e-15,-0.10274213289227951,-6.388146236891926e-16,5.667551506993794e-16,0.6957319564902508,3.7745336617379883e-16
6.384,0.002113516413808192,-3.013042227402358e-17,9.814138961229066,-1.5351221963824347e-15,-0.10767711755767255,-6.544500044119369e-16,5.624906788554737e-16,0.6955166022559678,3.7558990378061665e-16
6.386,0.0022103205206001064,-3.027561884137294e-17,9.814134641053514,-1.5425236128151837e-15,-0.1126090365358662,-6.561893505592626e-16,5.582051919958816e-16,0.6952913841838483,3.737162535098518e-16
6.388,0.0023070615667517558,-3.0229064828590653e-17,9.814130125896238,-1.5401567010232247e-15,-0.11753774940964794,-6.641111628036258e-16,5.539080200931383e-16,0.6950563086861116,3.7181645259667884e-16
6.390000000000001,0.0024037367918445796,-3.002949691753105e-17,9.814125416271086,-1.5299925969317227e-15,-0.12246311585308578,-6.581409066714134e-16,5.496380325941952e-16,0.6948113824556296,3.699268120194832e-16
6.392,0.0025003434380952427,-2.975313319600248e-17,9.814120512714458,-1.5159170519338765e-15,-0.12738499563552536,-6.609319763443259e-16,5.453885379653318e-16,0.6945566124657364,3.6802464159108375e-16
6.394,0.0025968787490748824,-2.936180439011134e-17,9.814115415784592,-1.4959840792843205e-15,-0.13230324862558102,-6.611599744575269e-16,5.411756196239117e-16,0.6942920059700289,3.6611673753712243e-16
6.396,0.002693339971806985,-2.9506939687362313e-17,9.814110126062577,-1.5033825923908456e-15,-0.13721773479512636,-6.629371169228713e-16,5.369421349454054e-16,0.6940175705021612,3.641991974893208e-16
6.398000000000001,0.002789724353652545,-2.942202484684544e-17,9.814104644150124,-1.4990600447221051e-15,-0.1421283142232808,-6.595780722433929e-16,5.327201763485836e-16,0.693733313875629,3.6228551851063967e-16
6.4,0.0028860291454062548,-2.922197587675278e-17,9.814098970671978,-1.4888713577385036e-15,-0.1470348471003927,-6.536572068624939e-16,5.285258252247876e-16,0.6934392441835471,3.6038248343443236e-16
6.402,0.0029822515999100574,-2.955833984716208e-17,9.81409310627412,-1.506011566075603e-15,-0.15193719373202075,-6.492719896977954e-16,5.243019605666156e-16,0.6931353697984217,3.5848622278518995e-16
6.404,0.0030783889723098312,-2.970334755986454e-17,9.814087051624583,-1.5134036892883856e-15,-0.15683521454291102,-6.510783736481648e-16,5.200578936452435e-16,0.6928216993719075,3.565807759575553e-16
6.406,0.003174438519989664,-2.969412314189054e-17,9.814080807412624,-1.5129359241743506e-15,-0.1617287700809708,-6.390003568365515e-16,5.158324918972875e-16,0.692498241834566,3.547023616239158e-16
6.408,0.0032703975032477572,-3.037563578405902e-17,9.81407437434952,-1.547661779801598e-15,-0.16661772102123842,-6.42333448333863e-16,5.115298902440803e-16,0.6921650063956073,3.5281106548017723e-16
6.41,0.0033662631846240743,-3.040536062184178e-17,9.814067753167638,-1.5491802315076745e-15,-0.17150192816985085,-6.415958114470488e-16,5.072233700536571e-16,0.6918220025426305,3.5091761605573504e-16
6.412,0.0034620328302263914,-3.020457653818878e-17,9.814060944621586,-1.5389539921385078e-15,-0.17638125246800596,-6.357366709513132e-16,5.029449991161724e-16,0.6914692400413521,3.490354389074785e-16
6.414,0.003557703707636861,-2.992803732636031e-17,9.814053949486091,-1.52486977410513e-15,-0.18125555499592233,-6.386464394310035e-16,4.986880603360217e-16,0.6911067289353308,3.4714188221352956e-16
6.416,0.0036532730884468734,-3.0033080806747197e-17,9.814046768558317,-1.5302239240733262e-15,-0.18612469697679432,-6.291749955780659e-16,4.944342565599092e-16,0.6907344795456751,3.452692079628258e-16
6.418,0.003748738246547312,-3.010249117084489e-17,9.814039402655757,-1.5337664366124387e-15,-0.19098853978074234,-6.397923783423925e-16,4.9015409419971485e-16,0.6903525024707583,3.4336542028783654e-16
6.42,0.0038440964588559723,-2.978585372110737e-17,9.814031852617159,-1.5176372080149515e-15,-0.19584694492876148,-6.314154300510008e-16,4.859184049741921e-16,0.6899608085859085,3.414799263537307e-16
6.422,0.00393934500608939,-3.016142154626107e-17,9.814024119302818,-1.5367771092166043e-15,-0.2006997740966621,-6.384057483004491e-16,4.816313757037782e-16,0.6895594090431052,3.3957300260112917e-16
6.424,0.004034481171298232,-3.0306213965534534e-17,9.814016203593132,-1.5441586437844502e-15,-0.20554688911901006,-6.402847779353985e-16,4.7732508001048e-16,0.6891483152706568,3.3765805883237177e-16
6.426,0.004129502241117855,-3.0260671606897536e-17,9.814008106389611,-1.541844443915428e-15,-0.21038815199305905,-6.483772581182803e-16,4.730087859965301e-16,0.6887275389728784,3.3571913988880884e-16
6.428,0.0042244055056226415,-3.0215269308298743e-17,9.813999828614424,-1.5395374806277891e-15,-0.21522342488268006,-6.564789977394491e-16,4.686825912394822e-16,0.6882970921297598,3.337563744713794e-16
6.43,0.004319188257864148,-3.0740422910038564e-17,9.813991371209987,-1.5662950105110909e-15,-0.22005257012228643,-6.459580605098291e-16,4.643191195479121e-16,0.6878569869966182,3.3181813974906204e-16
6.432,0.004413847795209591,-3.050513681773655e-17,9.813982735140005,-1.5543154356330355e-15,-0.22487545022075273,-6.602913626622095e-16,4.599550933721109e-16,0.6874072361037582,3.2984023345364484e-16
6.434,0.004508381417785756,-2.9923219665240676e-17,9.81397392138755,-1.5246741705832745e-15,-0.2296919278653288,-6.669824401125282e-16,4.556385144204822e-16,0.6869478522561064,3.278425745719692e-16
6.436,0.004602786429846795,-3.0299516732825086e-17,9.813964930956667,-1.5438519280664937e-15,-0.23450186592555025,-6.740036252481861e-16,4.512713257445625e-16,0.6864788485328521,3.2582445637466287e-16
6.438,0.004697060139283948,-2.999105689021893e-17,9.813955764871112,-1.5281467738752892e-15,-0.23930512745714197,-6.9714019219969e-16,4.468970296155357e-16,0.6860002382870747,3.237443821282688e-16
6.44,0.004791199857676176,-2.9483478860174486e-17,9.813946424174816,-1.502291037676978e-15,-0.24410157570591756,-6.951100893693828e-16,4.4257727788104125e-16,0.6855120351453589,3.2166755278716303e-16
6.442,0.004885202900237751,-2.8902128003048856e-17,9.813936909931291,-1.4726788664377604e-15,-0.24889107411167236,-7.018654449295905e-16,4.383052948634826e-16,0.6850142530074143,3.1957137024521547e-16
6.444,0.0049790665868298944,-2.916315220701912e-17,9.813927223224347,-1.4859834737042215e-15,-0.25367348631207187,-7.063576109943161e-16,4.339990633203121e-16,0.6845069060456729,3.174618196522452e-16
6.446,0.00507278824063917,-2.9656085319065135e-17,9.813917365156929,-1.511104793449409e-15,-0.2584486761465342,-7.159392242228684e-16,4.296267834632855e-16,0.6839900087048886,3.1532593953212845e-16
6.448,0.0051663651892353,-2.9917303585854013e-17,9.813907336851639,-1.524419507361544e-15,-0.2632165076601064,-7.204412638705526e-16,4.252205021492388e-16,0.6834635757017257,3.1317702191764457e-16
6.45,0.005259794764993053,-2.9830552899587466e-17,9.813897139451006,-1.5200038959160907e-15,-0.26797684510733544,-7.173312106985015e-16,4.2082819367880467e-16,0.6829276220243404,3.1103484704191125e-16
6.452,0.005353074303341643,-2.9554763685750816e-17,9.813886774115835,-1.5059587955192278e-15,-0.2727295529561331,-7.204690226796078e-16,4.164590392481478e-16,0.682382162931952,3.0888342332780596e-16
6.454,0.005446201145271168,-2.893066606787838e-17,9.813876242027046,-1.4741658991130793e-15,-0.27747449589163453,-7.160124967277706e-16,4.1216096085575626e-16,0.6818272139544114,3.067424236257506e-16
6.456,0.005539172635294243,-2.8843534829328016e-17,9.81386554438375,-1.4697308340802337e-15,-0.2822115388200511,-7.129318447473024e-16,4.078770742674132e-16,0.6812627908917551,3.0460839430589714e-16
6.458,0.005631986122831556,-2.8596105185996463e-17,9.813854682404365,-1.457124836286605e-15,-0.2869405468725162,-6.96018003889583e-16,4.0364621017757126e-16,0.6806889098137601,3.0251704145694e-16
6.46,0.005724638961589257,-2.801551150672081e-17,9.813843657325748,-1.427551431091115e-15,-0.29166138540892556,-7.029249812962179e-16,3.9946375509238424e-16,0.6801055870594827,3.004071253326611e-16
6.462,0.0058171285104311465,-2.834880805983247e-17,9.81383247040364,-1.4445360644959482e-15,-0.29637392002177054,-6.986779607736189e-16,3.952547432628395e-16,0.6795128392367945,2.9830746598211094e-16
6.464,0.00590945213256866,-2.814465227273987e-17,9.813821122912037,-1.4341378991723564e-15,-0.30107801653996485,-6.931090852575226e-16,3.910761527641125e-16,0.6789106832219093,2.962215752872886e-16
6.466,0.006001607195829983,-2.7680771188338833e-17,9.81380961614303,-1.4105116346538049e-15,-0.3057735410326641,-7.025931088283288e-16,3.869302211277322e-16,0.6782991361589037,2.9411086602489327e-16
6.468,0.006093591073751625,-2.778062654203031e-17,9.813797951407468,-1.415601214761385e-15,-0.3104603598130797,-6.933085716972267e-16,3.827898700127972e-16,0.6776782154592259,2.9202366801272053e-16
6.47,0.006185401143614655,-2.788011592725309e-17,9.813786130033328,-1.4206720928671878e-15,-0.31513833944228486,-6.840304258401944e-16,3.7865517919465817e-16,0.6770479388012067,2.8996006004428845e-16
6.472,0.006277034788811697,-2.7487552071043498e-17,9.813774153367127,-1.400676599381251e-15,-0.3198073467330134,-6.847751305589467e-16,3.745602219788397e-16,0.6764083241295459,2.8789441030562515e-16
6.474,0.00636848939748802,-2.6978286584006478e-17,9.813762022772984,-1.3747344530438004e-15,-0.32446724875345156,-6.830175834520853e-16,3.7052097660777236e-16,0.6757593896548125,2.8583321882406917e-16
6.476,0.006459762362239552,-2.5977704270505314e-17,9.813749739631803,-1.3237634872043813e-15,-0.3291179128310239,-6.913102177037957e-16,3.6657144271463736e-16,0.6751011538529166,2.8375078478149734e-16
6.478,0.006550851082391063,-2.5888997294040542e-17,9.81373730534309,-1.3192478450688298e-15,-0.3337592065561689,-6.883341594680091e-16,3.62636838105162e-16,0.6744336354645903,2.816760668890669e-16
6.48,0.00664175296148084,-2.5028910373824354e-17,9.813724721322718,-1.275428983115075e-15,-0.33839099778611087,-6.790942793944595e-16,3.5880582142077677e-16,0.6737568534948504,2.796251574154523e-16
6.482,0.0067324654084108815,-2.451919650372429e-17,9.81371198900353,-1.2494637217767815e-15,-0.3430131546486202,-6.774032678904178e-16,3.550306423996478e-16,0.6730708272124589,2.7757876166268483e-16
6.484,0.006822985838439877,-2.438257946198951e-17,9.813699109835945,-1.2425030015911344e-15,-0.3476255455457694,-6.631534293795762e-16,3.5129335489950624e-16,0.672375576149373,2.755690603751983e-16
6.486,0.0069133116712398746,-2.4596519157930704e-17,9.813686085286268,-1.2534053958268785e-15,-0.35222803915767875,-6.564261658366761e-16,3.4754627470670406e-16,0.6716711201001897,2.735768859826959e-16
6.488,0.00700344033307676,-2.4086242451587852e-17,9.813672916838073,-1.2274112525250062e-15,-0.35682050444625624,-6.547852191616302e-16,3.4385515280903223e-16,0.6709574791215852,2.715893164419429e-16
6.49,0.007093369255372295,-2.387914226328933e-17,9.813659605990878,-1.216862326171937e-15,-0.36140281065892704,-6.493626470776503e-16,3.401951477609725e-16,0.670234673531736,2.696160696643145e-16
6.492,0.007183095875859635,-2.329988782142357e-17,9.813646154260871,-1.1873568921366538e-15,-0.3659748273323573,-6.565548623147567e-16,3.3658422199367236e-16,0.66950272390975,2.676250153577437e-16
6.494,0.007272617637265277,-2.3209725386448646e-17,9.813632563179633,-1.1827667172175108e-15,-0.37053642429616834,-6.536494447864048e-16,3.3298861191371233e-16,0.6687616510950731,2.6564199815781893e-16
6.496,0.0073619319890383395,-2.2816408406824108e-17,9.81361883429517,-1.1627323454013559e-15,-0.37508747167664236,-6.545689522909943e-16,3.2943321418807953e-16,0.6680114761869009,2.6365734074704976e-16
6.498,0.007451036386067145,-2.2608496973205847e-17,9.813604969170838,-1.1521418950751795e-15,-0.37962783990042026,-6.491900936893315e-16,3.259091338597308e-16,0.6672522205435738,2.6168715627208854e-16
6.5,0.007539928289871156,-2.2450109999942985e-17,9.813590969385881,-1.1440789756417622e-15,-0.3841573996981906,-6.551151602414743e-16,3.223935585187024e-16,0.6664839057819729,2.5970273977152775e-16
6.502,0.0076286051675182875,-2.214154462793466e-17,9.813576836534423,-1.1283513704656437e-15,-0.3886760221083711,-6.271740119360312e-16,3.1895512979942063e-16,0.6657065537769006,2.577903163043921e-16
6.5040000000000004,0.007717064492524628,-2.1865425326003212e-17,9.813562572225958,-1.114288946476399e-15,-0.3931835784807784,-6.306354587582593e-16,3.1554114014385745e-16,0.6649201866604615,2.5587001705321576e-16
6.506,0.007805303745051617,-2.152243977332985e-17,9.813548178085187,-1.0968231953771376e-15,-0.39767994048029254,-6.429182707447955e-16,3.121446538263557e-16,0.6641248268214295,2.539195186328792e-16
6.508,0.007893320411196392,-2.1062119671875677e-17,9.813533655751323,-1.0733783192584857e-15,-0.40216498009051016,-6.527364680607589e-16,3.0878160478415397e-16,0.6633204969046118,2.51945189515356e-16
6.51,0.007981111983357714,-2.1810992637184166e-17,9.813519006878044,-1.111535720253743e-15,-0.40663856961738915,-6.471285274123778e-16,3.053530115456256e-16,0.6625072198102034,2.4998631720338837e-16
6.5120000000000005,0.00806867596114813,-2.1719465391004414e-17,9.813504233134001,-1.1068757826319744e-15,-0.41110058169288455,-6.442986788837115e-16,3.0194023701210145e-16,0.6616850186931347,2.480359616329946e-16
6.514,0.008156009849430212,-2.187759110130772e-17,9.813489336201018,-1.1149294011582378e-15,-0.4155508892785745,-6.263179301011832e-16,2.985414807547731e-16,0.6608539169624175,2.461325896134421e-16
6.516,0.00824311116156995,-2.165422074939843e-17,9.813474317776437,-1.1035593101790516e-15,-0.4199893656692777,-6.4113756988172465e-16,2.9514460138031125e-16,0.6600139382804675,2.441931617172766e-16
6.518,0.008329977415939105,-2.126045178955048e-17,9.813459179570064,-1.0835016098916252e-15,-0.4244158844966604,-6.42220258698328e-16,2.917884152908219e-16,0.6591651065624399,2.422525656562973e-16
6.5200000000000005,0.008416606138282212,-2.1103205658435675e-17,9.813443923305783,-1.075496938119115e-15,-0.4288303197328344,-6.482431608301021e-16,2.8844122758501414e-16,0.6583074459755477,2.4029837764104757e-16
6.522,0.008502994861917301,-2.070949890302224e-17,9.81342855072159,-1.055442365568181e-15,-0.43323254569394515,-6.493562314592254e-16,2.8513481147990245e-16,0.6574409809383691,2.3834309361995015e-16
6.524,0.008589141126236655,-2.0315788561099044e-17,9.813413063567918,-1.0353875680641524e-15,-0.43762243704374953,-6.504845030167454e-16,2.8186919113254924e-16,0.656565736120155,2.363867262062632e-16
6.526,0.008675042477391592,-1.9976352049011225e-17,9.813397463608155,-1.018103004465475e-15,-0.4419998687971861,-6.629060473389633e-16,2.786214902749882e-16,0.6556817364401283,2.3440083216433024e-16
6.5280000000000005,0.008760696469813034,-2.005713572759688e-17,9.813381752619478,-1.0222284127090603e-15,-0.4463647163239317,-6.738704410688019e-16,2.7535126709285015e-16,0.6547890070667699,2.323892222401772e-16
6.53,0.008846100664107404,-2.002835442969809e-17,9.813365932390907,-1.0207613352290955e-15,-0.45071685535195033,-6.6228779999220365e-16,2.721044256335342e-16,0.6538875734171075,2.3040885639099645e-16
6.532,0.008931252628049613,-1.969016166979322e-17,9.813350004723894,-1.0035402770396203e-15,-0.45505616197103205,-6.747512328409839e-16,2.6887563788372363e-16,0.6529774611559858,2.283991901511885e-16
6.534,0.009016149936790896,-1.9534404774246882e-17,9.813333971432263,-9.956116482263353e-16,-0.45938251263632,-6.808415151606814e-16,2.656561871867898e-16,0.6520586961953427,2.2637638160934355e-16
6.5360000000000005,0.009100790173895312,-1.895941879596113e-17,9.813317834342588,-9.663235465605014e-16,-0.4636957841718279,-6.8845322412749e-16,2.6248655088764146e-16,0.6511313046934665,2.2433667828630817e-16
6.538,0.009185170928597053,-1.8804184198186063e-17,9.813301595292028,-9.58421565391082e-16,-0.4679958537739478,-6.945624638236203e-16,2.593263318225024e-16,0.6501953130542519,2.222839353462579e-16
6.54,0.00926928979887709,-1.9011631131175055e-17,9.813285256130214,-9.689926741661438e-16,-0.4722825990149453,-6.878796704787581e-16,2.5615812061421134e-16,0.6492507479264509,2.2025038975324907e-16
6.542,0.00935314438974455,-1.8618370968638354e-17,9.81326881871786,-9.489606758463139e-16,-0.476555897846446,-6.891460084727507e-16,2.530310789483218e-16,0.64829763620291,2.1821613020758809e-16
6.5440000000000005,0.009436732313726104,-1.8763628031745174e-17,9.813252284926792,-9.563673068748162e-16,-0.48081562860291005,-6.913014179884345e-16,2.4988904376222274e-16,0.6473360050198089,2.161789993757932e-16
6.546,0.00952005119136512,-1.8728406185231464e-17,9.813235656639954,-9.545814072304231e-16,-0.4850616700050963,-6.998731419183424e-16,2.4674079018778656e-16,0.6463658817558839,2.1412301972183777e-16
6.548,0.009603098651161268,-1.8574156783099248e-17,9.81321893575137,-9.467297391415102e-16,-0.4892939011635152,-7.060295742826903e-16,2.4360220238117507e-16,0.6453872940316507,2.1205435234838233e-16
6.55,0.0096858723287081,-1.8958775873428214e-17,9.813202124164924,-9.663348060051476e-16,-0.4935122015818706,-7.130268959250068e-16,2.4041721355999445e-16,0.6444002697086182,2.0997102043269578e-16
6.5520000000000005,0.009768369868061733,-1.940394512605224e-17,9.813185223795315,-9.890207358014814e-16,-0.4977164511604901,-7.111753311758432e-16,2.371930816145393e-16,0.6434048368884944,2.0789531410742227e-16
6.554,0.009850588921140435,-1.942998469299092e-17,9.813168236567288,-9.90352064462348e-16,-0.5019065301997447,-7.109267910710521e-16,2.339701766346616e-16,0.6424010239123845,2.05823326688533e-16
6.556,0.00993252714770776,-1.9336175103148033e-17,9.813151164415352,-9.855756207876488e-16,-0.5060823194034577,-7.082741988600066e-16,2.3076435893442467e-16,0.6413888593599898,2.0376113055391136e-16
6.558,0.010014182215908995,-1.9362028861017196e-17,9.813134009283802,-9.868974679525902e-16,-0.510243699882299,-7.080353049275587e-16,2.275598658174457e-16,0.640368372048786,2.0170276270860482e-16
6.5600000000000005,0.0100955518014203,-1.9267852793959558e-17,9.8131167731261,-9.821022989012046e-16,-0.5143905531571724,-7.053988517745327e-16,2.243725494981973e-16,0.6393395910332094,1.9965426834777962e-16
6.562,0.010176633589138895,-1.935209185720283e-17,9.813099457905532,-9.863944058198034e-16,-0.5185227611625869,-6.963172782577004e-16,2.2119383928602423e-16,0.6383025456038262,1.9763175693351166e-16
6.564,0.010257425271374743,-1.9559584713752297e-17,9.813082065593797,-9.96978284761426e-16,-0.5226402062500196,-7.097378650186639e-16,2.1797780760421996e-16,0.6372572652865,1.955792749633406e-16
6.566,0.010337924549085109,-1.9464964954498915e-17,9.81306459817157,-9.921604800109942e-16,-0.5267427711912642,-7.071257133901882e-16,2.147791198094523e-16,0.6362037798415496,1.9353684592469759e-16
6.5680000000000005,0.010418129131616105,-1.9370137999407656e-17,9.813047057628065,-9.873320806075302e-16,-0.5308303391817697,-7.04521693566748e-16,2.115978095132883e-16,0.6351421192629048,1.915044945013342e-16
6.57,0.010498036737235594,-1.9458757771228278e-17,9.813029445961178,-9.918580309987812e-16,-0.5349027938439646,-7.155554528016063e-16,2.0839512655590824e-16,0.6340723137772483,1.8944842029927962e-16
6.572,0.01057764509192527,-1.9902672094244562e-17,9.813011765176233,-1.0144803332772848e-15,-0.5389600192305718,-7.136353288187311e-16,2.0515405873571028e-16,0.6329943938431579,1.874009288822791e-16
6.574,0.010656951931007796,-2.0169320010354997e-17,9.812994017286996,-1.0280739882440093e-15,-0.5430018998279081,-7.181913412051699e-16,2.0188323857358546e-16,0.6319083901502383,1.8534607666370628e-16
6.5760000000000005,0.01073595499798774,-2.049230489609444e-17,9.812976204314527,-1.0445334083222591e-15,-0.5470283205591748,-7.138814507123836e-16,1.98590004300778e-16,0.630814333618248,1.8330595968200773e-16
6.578,0.01081465204562182,-2.051760213209147e-17,9.812958328287637,-1.0458270341603698e-15,-0.5510391667877323,-7.136900700419408e-16,1.9529871010873496e-16,0.6297122553962188,1.812704549694778e-16
6.58,0.010893040835185275,-2.0421930599277802e-17,9.812940391242119,-1.0409556117052201e-15,-0.5550343243203656,-7.111356482893008e-16,1.9202516834910603e-16,0.6286021868615687,1.7924546917070544e-16
6.582,0.010971119136177876,-2.0326048399184876e-17,9.812922395220252,-1.0360734166188223e-15,-0.5590136794105337,-7.085896028537292e-16,1.8876940753645722e-16,0.6274841596192079,1.7723102156254552e-16
6.5840000000000005,0.011048884728590558,-2.0296383088215332e-17,9.812904342272189,-1.0345714744046907e-15,-0.56297711876161,-7.17282746847028e-16,1.8550841111522247e-16,0.6263582055006394,1.751994102952445e-16
6.586,0.011126335399526788,-1.9606927395126364e-17,9.81288623445316,-9.99449383941838e-16,-0.5669245295301067,-7.230693807818313e-16,1.823137044818705e-16,0.6252243565630533,1.7315787284737835e-16
6.588,0.011203468947016404,-1.9510795602761765e-17,9.812868073826007,-9.945543818193522e-16,-0.5708557993288875,-7.205482620376085e-16,1.791368664320152e-16,0.6240826450884136,1.7112692874576576e-16
6.59,0.011280283176700046,-1.9603690586631175e-17,9.812849862458535,-9.992987330493327e-16,-0.5747708162303685,-7.316095448746019e-16,1.7593911212044262e-16,0.6229331035825418,1.6907317939949235e-16
6.5920000000000005,0.011356775903760052,-1.9978218577798672e-17,9.812831602424552,-1.0183793665569599e-15,-0.5786694687697038,-7.183885468857094e-16,1.7272675150702493e-16,0.6217757647741835,1.6705653621548608e-16
6.594,0.011432944953642554,-1.9950311010812445e-17,9.812813295804165,-1.016967136432888e-15,-0.5825516459479597,-7.271125796238398e-16,1.6950931937283661e-16,0.6206106616140871,1.6502305561523758e-16
6.596,0.011508788159807715,-1.9505417916827034e-17,9.812794944681837,-9.943090345206133e-16,-0.5864172372352743,-7.377082894158203e-16,1.663267296345287e-16,0.6194378272740562,1.6296822141696398e-16
6.598,0.01158430336538796,-1.9774159321710537e-17,9.812776551147332,-1.0080098410390383e-15,-0.5902661325740047,-7.422314125345139e-16,1.6311503161283934e-16,0.6182572951460127,1.6090705150550776e-16
6.6000000000000005,0.011659488423589437,-1.9869613239834912e-17,9.812758117295722,-1.0128849160731024e-15,-0.5940982223818615,-7.533040957366533e-16,1.5988266892773996e-16,0.6170690988410411,1.5882360030542375e-16
6.602,0.011739550104831409,-2.048663907915091e-17,9.81301783842826,-1.0442951630243508e-15,-0.5981618548729848,-7.446947099339914e-16,1.566045607281845e-16,0.6158727752739762,1.5676617838117511e-16
6.604,0.011824176311232115,-2.0269385874578476e-17,9.81329265045468,-1.0331969066121772e-15,-0.6024569143512827,-7.398997915131224e-16,1.5336026851158996e-16,0.61466786159105,1.5472539450384294e-16
6.606,0.011913365375938234,-2.0490824012031108e-17,9.813582521952206,-1.0444600849202493e-15,-0.606983278531682,-7.532723880986255e-16,1.5007941807556871e-16,0.6134538951830736,1.5265675824456924e-16
6.6080000000000005,0.012007115539834246,-2.0224433556672627e-17,9.813887419775329,-1.0308616265030593e-15,-0.6117408185436111,-7.573768330208598e-16,1.468248704804698e-16,0.6122304136986056,1.5058298374821954e-16
6.61,0.012105424953730903,-1.9664356810445848e-17,9.814207309061157,-1.0023030154773048e-15,-0.6167293989346684,-7.65758589020934e-16,1.436205499838762e-16,0.6109969550571207,1.484935785681166e-16
6.612,0.012208291676611971,-1.9522243952598965e-17,9.814542153232411,-9.950369127558645e-16,-0.6219488776744798,-7.721843081207713e-16,1.4042665389309977e-16,0.6097530574621596,1.463933082016577e-16
6.614,0.012315713675574713,-1.9552595329584724e-17,9.814891914001603,-9.965517602297832e-16,-0.6273991061587411,-7.720216399987823e-16,1.372348693678151e-16,0.6084982594144843,1.442982640084387e-16
6.6160000000000005,0.012427688826506689,-1.965783597344805e-17,9.81525655137615,-1.001887190643007e-15,-0.6330799292134508,-7.830524668920951e-16,1.3402200528080452e-16,0.6072320997252124,1.421812007278867e-16
6.618,0.012544214912431961,-1.9641500342953616e-17,9.815636023661884,-1.0010265560620149e-15,-0.6389911850993265,-7.917856675077979e-16,1.3080375984726705e-16,0.6059541175289509,1.4004779874300986e-16
6.62,0.012665289624743004,-1.9919867959410365e-17,9.816030287468893,-1.015173302686112e-15,-0.6451327055164118,-7.962003324723729e-16,1.275562037948564e-16,0.6046638522969193,1.3790865188661857e-16
6.622,0.012790910562046065,-2.0246241876098656e-17,9.816439297715775,-1.0317569993740229e-15,-0.6515043156088667,-7.917052255275052e-16,1.2428684780875877e-16,0.6033608438500591,1.3578550215098087e-16
6.6240000000000006,0.012921075229236578,-1.9986480526276225e-17,9.816863007634407,-1.0184900964508762e-15,-0.6581058339699465,-7.958809420897386e-16,1.210434593722864e-16,0.6020446323721378,1.336573145668969e-16
6.626,0.013055781039216008,-1.965044747908646e-17,9.81730136877666,-1.00133109781214e-15,-0.664937072647167,-7.888864018067615e-16,1.178491897973376e-16,0.6007147584228405,1.3155118541341895e-16
6.628,0.01319502531078598,-1.9730608245396657e-17,9.817754331018607,-1.0053668275640977e-15,-0.6719978371476555,-7.798181530409257e-16,1.1466444835966818e-16,0.5993707629508528,1.2947211024763064e-16
6.63,0.013338805268636733,-1.9888764903084532e-17,9.818221842566505,-1.0133803250083026e-15,-0.6792879264436895,-7.819262966311973e-16,1.1146600615713048e-16,0.5980121873069292,1.2739304664058084e-16
6.632000000000001,0.013487118043471469,-1.992386857419291e-17,9.818703849962978,-1.0151239553805547e-15,-0.6868071329784189,-7.817686917336705e-16,1.0826955706167203e-16,0.5966385732569512,1.253195535937401e-16
6.634,0.013639960671836704,-2.0127767745854222e-17,9.81920029809322,-1.025456649673881e-15,-0.6945552426717768,-7.749618763912055e-16,1.0506699572658349e-16,0.59524946299498,1.2326776724585827e-16
6.636,0.013797330094881488,-1.9995630145207527e-17,9.81971113019069,-1.0186858957532994e-15,-0.7025320349265741,-7.814690365183974e-16,1.0187452357406522e-16,0.5938443991562835,1.212055801076128e-16
6.638,0.01395922315964171,-2.0367416480473844e-17,9.820236287844617,-1.0375578633912358e-15,-0.7107372826347804,-7.67992232061641e-16,9.86679130221624e-17,0.5924229248303654,1.1918130263128325e-16
6.640000000000001,0.014125636616015846,-2.015561392948954e-17,9.820775711004938,-1.0267206495648654e-15,-0.7191707521839908,-7.633592426923543e-16,9.549463812903535e-17,0.5909845835739714,1.171736267217692e-16
6.642,0.014296567119507664,-2.0192503643427437e-17,9.821329337991154,-1.0285473427026943e-15,-0.7278322034640767,-7.632212543545713e-16,9.232335844330236e-17,0.5895289194240838,1.1517176532528333e-16
6.644,0.014472011228243709,-2.00631913429353e-17,9.821897105497689,-1.0219166618725979e-15,-0.736721389874023,-7.69772699798012e-16,8.916211597638756e-17,0.5880554769109102,1.1315971032551357e-16
6.646,0.014651965404499201,-1.9851915063546855e-17,9.822478948602328,-1.0111050163938887e-15,-0.7458380583289489,-7.651848795050221e-16,8.603420922596063e-17,0.5865638010708457,1.1116431318648109e-16
6.648000000000001,0.014836426012860393,-1.955826003929709e-17,9.823074800772648,-9.961136823644943e-16,-0.7551819492673131,-7.784587326089024e-16,8.292430451675397e-17,0.5850534374594307,1.0914273444542785e-16
6.65,0.015025389320689087,-1.9556443399369684e-17,9.823684593874233,-9.95973597721189e-16,-0.7647527966583059,-7.872688415362989e-16,7.980879031023891e-17,0.58352393216429,1.071058344597173e-16
6.652,0.015212911768951898,-1.99244666415037e-17,9.823625141520766,-1.014708179426222e-15,-0.774301870691464,-7.737425005938447e-16,7.66795548634884e-17,0.5819753287323919,1.0510733338738734e-16
6.654,0.015399997880663818,-2.0126505079142403e-17,9.823565084804278,-1.0249997455568192e-15,-0.7838288994941975,-7.669298588437234e-16,7.354465794230764e-17,0.5804076712544537,1.0313127292360239e-16
6.656000000000001,0.015586642311333776,-2.0163511990931467e-17,9.823504430564578,-1.0268968660550675e-15,-0.7933336118215724,-7.668446881100532e-16,7.041212341478657e-17,0.5788210043636819,1.011616948926341e-16
6.658,0.015772839729058852,-2.0489776730425466e-17,9.82344318570902,-1.0435132455552177e-15,-0.8028157370640332,-7.622372340384457e-16,6.725852253442313e-17,0.577215373234503,9.920956810650811e-17
6.66,0.015958584816359256,-2.094104890149547e-17,9.823381357212803,-1.0664943153387044e-15,-0.812275005255108,-7.598213200670265e-16,6.406836388719623e-17,0.5755908235812797,9.726984897655092e-17
6.662,0.01614387226883629,-2.110324909156459e-17,9.823318952117166,-1.0747658624513987e-15,-0.8217111470790935,-7.61954578198963e-16,6.086527495441134e-17,0.5739474016570073,9.533188473412913e-17
6.664,0.01632869679665827,-2.1139825045090517e-17,9.823255977529422,-1.0766415671910659e-15,-0.8311238938787243,-7.619093808380934e-16,5.766498097201618e-17,0.572285154251991,9.340103244841527e-17
6.666,0.01651305312270246,-2.159043080346084e-17,9.823192440620959,-1.0995894066347e-15,-0.8405129776628205,-7.594690190077365e-16,5.442853020467442e-17,0.5706041286925254,9.148316993440626e-17
6.668,0.016696935985263117,-2.1626793402863143e-17,9.823128348627955,-1.1014545161701258e-15,-0.8498781311139176,-7.594442507664848e-16,5.119508111283711e-17,0.5689043728395377,8.95727293214358e-17
6.67,0.016880340136745886,-2.1375447168273187e-17,9.823063708849697,-1.0886791149734962e-15,-0.8592190875958795,-7.640386147358711e-16,4.7988093918061345e-17,0.5671859350872295,8.76588690076594e-17
6.672,0.0170632603435239,-2.1285524695626957e-17,9.82299852864748,-1.0841144189442946e-15,-0.8685355811614873,-7.618740515096939e-16,4.479985089122946e-17,0.5654488643616952,8.575773098379294e-17
6.674,0.01724569138669807,-2.106890699137588e-17,9.82293281544425,-1.0730988381859075e-15,-0.8778273465600129,-7.575711116295358e-16,4.164599927312432e-17,0.5636932101195328,8.387445461881648e-17
6.676,0.017427628062967493,-2.1265122697821652e-17,9.822866576724138,-1.0830947495426582e-15,-0.88709411924477,-7.507892599497466e-16,3.8487669856657704e-17,0.5619190223464339,8.201498885621013e-17
6.678,0.0176090651831613,-2.130089323045508e-17,9.822799820030628,-1.0849298387954982e-15,-0.8963356353806463,-7.508146568196182e-16,3.533264549310258e-17,0.5601263515557608,8.016335864786978e-17
6.68,0.01778999757348565,-2.1463451707025557e-17,9.822732552966349,-1.0932207306217787e-15,-0.9055516318516155,-7.529861164036966e-16,3.2165414632641836e-17,0.5583152487871059,7.831464762548742e-17
6.682,0.017970420074814086,-2.1277002618825867e-17,9.822664783191733,-1.083732376438163e-15,-0.9147418462682284,-7.398209158703556e-16,2.9040739462283486e-17,0.5564857656048446,7.650511522657529e-17
6.684,0.018150327544501188,-2.1408170099701562e-17,9.822596518425113,-1.0904337661780724e-15,-0.9239060169750829,-7.509515361766803e-16,2.5896005733369675e-17,0.5546379540966602,7.467760692336271e-17
6.686,0.018329714854761647,-2.1474303832735925e-17,9.822527766440789,-1.093806372302825e-15,-0.9330438830582746,-7.4206284204654535e-16,2.276281764791641e-17,0.5527718668720638,7.287939636025022e-17
6.688,0.018508576893129458,-2.119469934908668e-17,9.822458535068321,-1.0796008806537392e-15,-0.9421551843528241,-7.558250508573767e-16,1.964840633838883e-17,0.5508875570608978,7.105733437053966e-17
6.69,0.018686908563858573,-2.123029029406395e-17,9.822388832192411,-1.0814271883611391e-15,-0.9512396614500854,-7.55909115023897e-16,1.6537679713013464e-17,0.5489850783118202,6.924368706196821e-17
6.692,0.018864704786439646,-2.1549983851550376e-17,9.822318665751009,-1.0977110720893692e-15,-0.9602970557051306,-7.51241021019488e-16,1.3407603734333046e-17,0.5470644847907817,6.744973447355116e-17
6.694,0.01904196049670137,-2.130150043813316e-17,9.822248043734982,-1.0850814565817716e-15,-0.9693271092441145,-7.561205950662954e-16,1.0304414418424282e-17,0.5451258311794771,6.565322291621952e-17
6.696,0.01921867064734517,-2.1080905758624384e-17,9.822176974187453,-1.0738627132051947e-15,-0.9783295649716156,-7.520636006020522e-16,7.236185997657469e-18,0.5431691726737914,6.38751230962517e-17
6.698,0.01939483020609334,-2.098799335281553e-17,9.82210546520167,-1.0691455697544923e-15,-0.9873041665779573,-7.501074904061203e-16,4.187372135378735e-18,0.5411945649822311,6.211056615006047e-17
6.7,0.019570434158813654,-2.1151456437245016e-17,9.822033524921881,-1.0774835175227962e-15,-0.9962506585465042,-7.523100214630354e-16,1.126910600744233e-18,0.5392020643243333,6.034995298716183e-17
6.702,0.01974547750717015,-2.1186626433235458e-17,9.821961161540926,-1.0792886551391553e-15,-1.005168786160937,-7.524504617302467e-16,-1.9295827301351855e-18,0.5371917274290688,5.859822551154059e-17
6.704,0.01991995526942869,-2.1093128983301137e-17,9.821888383299676,-1.0745417392557342e-15,-1.0140582955125053,-7.505425826416886e-16,-4.966524052117269e-18,0.5351636115332241,5.686023826181139e-17
6.706,0.02009386248123146,-2.056480856303578e-17,9.821815198486473,-1.04767126446189e-15,-1.0229189335072557,-7.604345796893972e-16,-7.953632347335064e-18,0.5331177743797716,5.510859326398288e-17
6.708,0.020267194196030403,-2.0705647536667095e-17,9.821741615436403,-1.0548670871955743e-15,-1.0317504478732382,-7.716144209328992e-16,-1.0960411546962768e-17,0.5310542742162304,5.3340432744803344e-17
6.71,0.02043994548268202,-2.087042642912352e-17,9.821667642528773,-1.063272631284995e-15,-1.0405525871676886,-7.738269703810411e-16,-1.39785768932404e-17,0.5289731697929994,5.157675338394101e-17
6.712,0.02061211142948416,-2.1208736468347784e-17,9.821593288188517,-1.0804958169179105e-15,-1.049325100784188,-7.6012727653035e-16,-1.7007116869874838e-17,0.5268745203616937,4.985454299684453e-17
6.714,0.02078368714129386,-2.1243922286260563e-17,9.82151856088342,-1.0823021223027316e-15,-1.058067738959796,-7.603212775069467e-16,-2.0031424695226845e-17,0.52475838567345,4.814171178775445e-17
6.716,0.020954667740123334,-2.1279078034869058e-17,9.821443469123444,-1.0841069542646587e-15,-1.0667802527821633,-7.605241440392849e-16,-2.3051463825390363e-17,0.5226248259772304,4.6438336186629916e-17
6.718,0.02112504836684259,-2.1593574361316388e-17,9.821368021460659,-1.1001275534659212e-15,-1.0754623941966186,-7.557747872883696e-16,-2.6089918429203123e-17,0.5204739020181035,4.475596273764201e-17
6.72,0.021294824179978633,-2.1758368501293634e-17,9.821292226487497,-1.10853458864824e-15,-1.0841139160132298,-7.579948513905524e-16,-2.9139523889049255e-17,0.5183056750355176,4.3078648407386614e-17
6.722,0.0214639903552456,-2.1923373003011933e-17,9.821216092835437,-1.1169525175280786e-15,-1.0927345719138424,-7.602162642595252e-16,-3.220022274010321e-17,0.516120206761556,4.140653321412191e-17
6.724,0.02163254208806542,-2.20885908333703e-17,9.821139629175377,-1.1253814908127846e-15,-1.1013241164590926,-7.624389671705766e-16,-3.527195932534922e-17,0.5139175594191793,3.9739756302837324e-17
6.726,0.021800474590683017,-2.2106641531694628e-17,9.821062844214918,-1.1263260049549569e-15,-1.1098823050953948,-7.716656006213374e-16,-3.834757868721439e-17,0.5116977957204517,3.806237405966287e-17
6.728,0.021967783095401927,-2.201151846381981e-17,9.82098574669915,-1.121496641977997e-15,-1.1184088941619048,-7.699530706428689e-16,-4.1403144364315606e-17,0.50946097886476,3.639959434166161e-17
6.73,0.022134462851364667,-2.2323734193930936e-17,9.820908345407751,-1.1374020312512112e-15,-1.1269036408974569,-7.6515877564553e-16,-4.4476678642542314e-17,0.5072071725370096,3.475855766779142e-17
6.732,0.022300509128274193,-2.2373610550650892e-17,9.820830649156019,-1.1399469006266047e-15,-1.1353663034474748,-7.564505439542596e-16,-4.753714323452613e-17,0.504936440905815,3.314828835596299e-17
6.734,0.02246591721372404,-2.253935273879883e-17,9.820752666792275,-1.1484032027170723e-15,-1.1437966408708586,-7.586782254374843e-16,-5.0608491936722164e-17,0.5026488486216697,3.1543853178761234e-17
6.736,0.02263068241406696,-2.2574149240991743e-17,9.820674407197288,-1.1501906241104198e-15,-1.1521944131468438,-7.589696667918574e-16,-5.3675204771177624e-17,0.5003444608151075,2.9949782442987285e-17
6.738,0.0227948000551228,-2.2884112317473204e-17,9.820595879283587,-1.1659817943860956e-15,-1.1605593811818358,-7.541429880793237e-16,-5.675966940826904e-17,0.4980233430948457,2.837784573453003e-17
6.74,0.022958265482624363,-2.3061909680543948e-17,9.820517091994603,-1.1750418357738464e-15,-1.1688913068162157,-7.47387320172058e-16,-5.98463523334938e-17,0.49568556154592286,2.6832520789960968e-17
6.742,0.023127354699805203,-2.3218452621004255e-17,9.821032861439605,-1.1829695230401203e-15,-1.1774384101490807,-7.586130153611024e-16,-6.295240799248367e-17,0.49333068581386,2.5273064328437943e-17
6.744,0.02330071330759509,-2.3122986126726012e-17,9.821561172245174,-1.1780506726877881e-15,-1.1862004478352346,-7.570551604071416e-16,-6.603825835020639e-17,0.4909582860309013,2.3728678478802526e-17
6.746,0.023478337603306088,-2.343284126573516e-17,9.82210196398565,-1.1937601972594734e-15,-1.1951771704100747,-7.522248120661509e-16,-6.914164948053051e-17,0.4885679328282464,2.220690005744146e-17
6.748,0.023660223785971546,-2.360997596083624e-17,9.822655174806728,-1.2027084427858134e-15,-1.2043683222966945,-7.455098362600023e-16,-7.224706465994769e-17,0.4861591973482782,2.0712130224481627e-17
6.75,0.023846367958754833,-2.363843452840555e-17,9.823220741433982,-1.2041061699956077e-15,-1.2137736418131613,-7.549045414072824e-16,-7.535641467802469e-17,0.4837316512567761,1.9208060708015943e-17
6.752,0.024036766127289333,-2.3947213846355744e-17,9.823798599179325,-1.219752589240417e-15,-1.2233928611799665,-7.500833110109022e-16,-7.848312880095759e-17,0.48128486675510834,1.7727016143780743e-17
6.7540000000000004,0.024231414199275214,-2.4249323478850337e-17,9.824388681948378,-1.2350673427139131e-15,-1.2332257065276508,-7.542553945775739e-16,-8.163589529390503e-17,0.4788184165924151,1.624889928832727e-17
6.756,0.024430307984167676,-2.4286255903161752e-17,9.824990922248066,-1.2368793393498623e-15,-1.2432718979046014,-7.547275857514054e-16,-8.478376626890161e-17,0.4763318740777765,1.4782249601840265e-17
6.758,0.0246334431934514,-2.445640296276934e-17,9.825605251194531,-1.245471044022423e-15,-1.2535311492850223,-7.570665836267368e-16,-8.79421645449445e-17,0.47382481309235425,1.3323037051769053e-17
6.76,0.024840815439535646,-2.4493660276860656e-17,9.8262315985207,-1.24729607264284e-15,-1.2640031685770798,-7.575858464559993e-16,-9.109561496139775e-17,0.4712968081015338,1.1875532310050287e-17
6.7620000000000005,0.02505242023634402,-2.4664488695469665e-17,9.8268698925847,-1.2559180885518029e-15,-1.2746876576312185,-7.599551206199023e-16,-9.425953236948662e-17,0.46874743416703635,1.0435761827790072e-17
6.764,0.02526825299729696,-2.4833765108905663e-17,9.827520060377264,-1.264470286676295e-15,-1.28558431224865,-7.713308417895585e-16,-9.744277096960698e-17,0.4661762669590176,8.983774046769121e-18
6.766,0.0254883090370992,-2.5275556156162037e-17,9.828182027531057,-1.2868538914286779e-15,-1.2966928221900154,-7.593658234230453e-16,-1.0064935667592008e-16,0.4635828827681525,7.572094388329314e-18
6.768,0.025712583568784808,-2.5179299591550577e-17,9.82885571832793,-1.2818761511936701e-15,-1.3080128711842174,-7.581890292717715e-16,-1.0383542208265989e-16,0.4609668585177005,6.176728917165041e-18
6.7700000000000005,0.025941071706014007,-2.52163990560519e-17,9.829541055708859,-1.2836716789419804e-15,-1.3195441369374266,-7.498466232219758e-16,-1.0700740818044823e-16,0.4583277717755481,4.813792658631531e-18
6.772,0.026166699575210117,-2.5384548115985193e-17,9.829417523613317,-1.2922410034868266e-15,-1.331037833824299,-7.432966504696552e-16,-1.1018072128903571e-16,0.4556656976799971,3.479347619099079e-18
6.774,0.02639157500548217,-2.5152971391178178e-17,9.829293323975369,-1.2804941134144652e-15,-1.342493634607085,-7.494231821569167e-16,-1.133271956746448e-16,0.4529807120238208,2.145224505355531e-18
6.776,0.02661569160553956,-2.5319722152503257e-17,9.82916847093952,-1.2889924546559342e-15,-1.353911213126987,-7.428807898341791e-16,-1.1647495013319783e-16,0.45027289125211356,8.397017884120591e-19
6.7780000000000005,0.02683904300792861,-2.5359061438026035e-17,9.829042978724807,-1.2910317155015446e-15,-1.3652902443134456,-7.525717812270704e-16,-1.1962677650746019e-16,0.4475423124601018,-4.731704057792525e-19
6.78,0.027061622868608914,-2.5384347811148076e-17,9.828916861622938,-1.2923193179995053e-15,-1.3766304041933952,-7.353071018177316e-16,-1.2275525484997612e-16,0.4447890533909584,-1.7334876916282156e-18
6.782,0.02728342486771762,-2.5548317400313322e-17,9.828790133996911,-1.3006764455724084e-15,-1.3879313699004867,-7.287752462147953e-16,-1.2588495946528775e-16,0.44201319243358567,-2.965034935699934e-18
6.784,0.027504442709034738,-2.5575846403353448e-17,9.828662810279102,-1.3020903492794868e-15,-1.3991928196842816,-7.20526850298008e-16,-1.2900047754330032e-16,0.43921480862038664,-4.1639634003446444e-18
6.7860000000000005,0.027724670120785166,-2.5602084006719085e-17,9.828534904969827,-1.3034384749740173e-15,-1.4104144329194106,-7.122918810424027e-16,-1.321018196265973e-16,0.4363939816250073,-5.330285731362735e-18
6.788,0.027944100855161746,-2.550013524757048e-17,9.82840643263546,-1.2982756722445825e-15,-1.421595890114704,-7.113581382149999e-16,-1.351828858439265e-16,0.4335507917600776,-6.4800987761270325e-18
6.79,0.028162728689804073,-2.540784694104131e-17,9.828277407907358,-1.2936171268666297e-15,-1.4327368729222865,-7.194338821734452e-16,-1.3825303186898368e-16,0.4306853199749162,-7.633195525785276e-18
6.792,0.0283805474265737,-2.5714381895298454e-17,9.828147845479556,-1.309242814600066e-15,-1.4438370641466411,-7.235818295265575e-16,-1.413491142696892e-16,0.427797647853233,-8.780763589140643e-18
6.7940000000000005,0.028597550891596324,-2.56243811271791e-17,9.828017760106984,-1.3047011283179978e-15,-1.4548961477536406,-7.317017612124082e-16,-1.4443434676243511e-16,0.4248878576107977,-9.931378921140915e-18
6.796,0.028813732937158054,-2.5919639136725156e-17,9.827887166604668,-1.3197407623198315e-15,-1.465913808879545,-7.268481926424462e-16,-1.4753609085816427e-16,0.4219560320931065,-1.1056425527832644e-17
6.798,0.029029087440542778,-2.5708563590188456e-17,9.827756079845365,-1.309050456258362e-15,-1.4768897338399656,-7.423482712812595e-16,-1.5062117063485103e-16,0.41900225477302194,-1.220042540411047e-17
6.8,0.02924360830342687,-2.6110703562318568e-17,9.827624514757547,-1.3295041302048935e-15,-1.487823610138797,-7.211507019372232e-16,-1.5371911429553562e-16,0.4160266097483917,-1.3282906579498081e-17
6.8020000000000005,0.029457289454688063,-2.616105574856473e-17,9.827492486324886,-1.3321063211547923e-15,-1.4987151264771121,-7.309832635447958e-16,-1.568218357499325e-16,0.4130291817396569,-1.4371670743852934e-17
6.804,0.029670124847416712,-2.61963077842033e-17,9.827360009583144,-1.3339270170678418e-15,-1.5095639727620278,-7.318475224237425e-16,-1.5991982373794648e-16,0.4100100560874419,-1.5446997571358815e-17
6.806,0.029882108461622536,-2.6333666767119728e-17,9.827227099619577,-1.3409180565522462e-15,-1.5203698401155314,-7.163711578444955e-16,-1.630092928014724e-16,0.40696931875012315,-1.6473201303948052e-17
6.808,0.030093234302935645,-2.6230743538391906e-17,9.827093771570597,-1.3357061286280532e-15,-1.5311324208832757,-7.156678805917108e-16,-1.66078787185382e-16,0.4039070563013767,-1.7482481220606888e-17
6.8100000000000005,0.03030349640335306,-2.612768815846034e-17,9.826960040620275,-1.3304873792233831e-15,-1.541851408643338,-7.149876916819551e-16,-1.691283779163275e-16,0.4008233559277217,-1.8474870720339904e-17
6.812,0.030512888820690698,-2.6141656383586262e-17,9.826825921998319,-1.3312113136008275e-15,-1.5525264982149438,-7.069264063510609e-16,-1.7216378497928585e-16,0.3977183054260308,-1.9434323376695403e-17
6.814,0.030721405640619537,-2.6270536470240925e-17,9.826691430979153,-1.3377704579408014e-15,-1.5631573856671566,-6.914645795154246e-16,-1.751906544273657e-16,0.39459199320103555,-2.0344796702156573e-17
6.816,0.030929040973837196,-2.6258488172163955e-17,9.826556582878913,-1.3371562706696487e-15,-1.573743768327529,-6.74460647237801e-16,-1.7819364573392148e-16,0.3914445082628054,-2.120301339406388e-17
6.8180000000000005,0.031135788958940758,-2.6291285295581492e-17,9.826421393054803,-1.338852035222054e-15,-1.5842853447907228,-6.754063415432702e-16,-1.8119243794178493e-16,0.38827594022421563,-2.204784965192318e-17
6.82,0.03134164376168602,-2.6274341181877856e-17,9.826285876903041,-1.3379882799247188e-15,-1.594781814927088,-6.584329794467184e-16,-1.8416736517198886e-16,0.3850863792983942,-2.2840575853074337e-17
6.822,0.03154659957404604,-2.616764451015822e-17,9.826150049856592,-1.3325835195746164e-15,-1.6052328798912094,-6.578904345578599e-16,-1.8712292831706509e-16,0.38187591629615325,-2.361672159422551e-17
6.824,0.031750650615882225,-2.6311737253573964e-17,9.826013927384075,-1.3399304795716706e-15,-1.615638242130413,-6.514068008974625e-16,-1.9007994743558781e-16,0.3786446426234087,-2.436345124682951e-17
6.8260000000000005,0.03195379113464769,-2.6732999282386837e-17,9.825877524987783,-1.3613863617652937e-15,-1.62599760539324,-6.478968463916322e-16,-1.930691196620253e-16,0.37539265027856583,-2.5087066740643e-17
6.828,0.03215601540524071,-2.6625499125807638e-17,9.825740858201854,-1.3559408242546546e-15,-1.6363106747378795,-6.474227695546144e-16,-1.9603911924713734e-16,0.37212003184991277,-2.5794015462431252e-17
6.83,0.03235731772969208,-2.6766617530180888e-17,9.825603942590257,-1.3631367718194048e-15,-1.6465771565405665,-6.409423441857811e-16,-1.9901063542555685e-16,0.3688268805129786,-2.6471374090152346e-17
6.832,0.03255769243942419,-2.6906562103136607e-17,9.825466793745878,-1.370273056726945e-15,-1.6567967585039411,-6.344628421117289e-16,-2.019837018475742e-16,0.365513290027877,-2.711910614210353e-17
6.8340000000000005,0.032757133892266754,-2.6723301769147947e-17,9.825329427287528,-1.3609994786393718e-15,-1.6669691896653713,-6.505149207747836e-16,-2.0494282370380992e-16,0.3621793547366421,-2.778542151097829e-17
6.836,0.03295563647521593,-2.7215058002469863e-17,9.825191858859167,-1.3860165656773481e-15,-1.6770941604052356,-6.304219641556427e-16,-2.0792913728805441e-16,0.3588251695605392,-2.8392887540227384e-17
6.838,0.03315319460334054,-2.714102065868357e-17,9.825054104127664,-1.3822889957561896e-15,-1.68717138245517,-6.390033269698529e-16,-2.1090691133097682e-16,0.3554508299973664,-2.900272521215918e-17
6.84,0.0333498027200676,-2.699836983516647e-17,9.824916178781043,-1.3750685326211445e-15,-1.6972005689062746,-6.46904630809735e-16,-2.1386860618898828e-16,0.3520564321187263,-2.961341918882251e-17
6.8420000000000005,0.03354545529736486,-2.7064325542586124e-17,9.824778098526739,-1.3784386037992632e-15,-1.7071814342172822,-6.397351725780485e-16,-2.168243470748961e-16,0.34864207256730384,-3.019281430147699e-17
6.844,0.03374014683633053,-2.705857110002073e-17,9.824639879089922,-1.3781579530827722e-15,-1.717113694222688,-6.318856764423516e-16,-2.197665328654363e-16,0.3452078485541009,-3.073947743439651e-17
6.846,0.03393387186692154,-2.6879247776761093e-17,9.824501536211645,-1.3690555979037195e-15,-1.7269970661408394,-6.309360881139311e-16,-2.226826732955387e-16,0.3417538578556822,-3.126811934636761e-17
6.848,0.03412662494785934,-2.7052480387293098e-17,9.824363085646892,-1.3779017399919612e-15,-1.7368312685819878,-6.333841750187334e-16,-2.256111654712966e-16,0.3382801988113761,-3.1785920865095045e-17
6.8500000000000005,0.03431840066709979,-2.7325862538221048e-17,9.82422454316292,-1.3918319594176779e-15,-1.7466160215563,-6.2824259695878645e-16,-2.285568857551152e-16,0.3347869703204862,-3.2276677128341316e-17
6.852,0.03450919364159066,-2.7555525296750555e-17,9.824085924537357,-1.4035216613397592e-15,-1.756351046481829,-6.141716037215725e-16,-2.315093188602045e-16,0.3312742718394741,-3.2721417780734706e-17
6.854,0.034698998518034596,-2.7462473318969956e-17,9.823947245556612,-1.3988414026969098e-15,-1.7660360661924457,-6.311620614427377e-16,-2.344572692314781e-16,0.32774220337912363,-3.318581104124445e-17
6.856,0.034887809973363826,-2.7637003761682378e-17,9.823808522014161,-1.4077544964901843e-15,-1.7756708049457297,-6.335934116282664e-16,-2.3741788934445137e-16,0.32419086550169285,-3.363896455654103e-17
6.8580000000000005,0.03507562271290032,-2.7599096959838204e-17,9.82366976970813,-1.405851936630826e-15,-1.7852549884308215,-6.340989131756057e-16,-2.4036830471730796e-16,0.320620359318056,-3.4076747907424813e-17
6.86,0.03526243147268948,-2.784551668958413e-17,9.823531004440206,-1.4184255392380784e-15,-1.7947883437762295,-6.371541658729546e-16,-2.433392223135654e-16,0.3170307864848221,-3.450445773300836e-17
6.862,0.03544823101842631,-2.7879124212967804e-17,9.823392242013442,-1.4201642321044588e-15,-1.8042705995576014,-6.383172711971945e-16,-2.463077664216999e-16,0.31342224920143935,-3.491801344083412e-17
6.864,0.03563301614568859,-2.8055411941533756e-17,9.823253498230512,-1.4291675700999926e-15,-1.8137014858054505,-6.407284488997821e-16,-2.4928933512210864e-16,0.309794850207283,-3.5319961679492775e-17
6.8660000000000005,0.03581678168061542,-2.801827374282346e-17,9.823114788892058,-1.4273043879030156e-15,-1.823080734012843,-6.412954106413672e-16,-2.5226107321021585e-16,0.3061486927787389,-3.570636515470403e-17
6.868,0.03599952248007421,-2.8214590630576833e-17,9.822976129794911,-1.437312395110311e-15,-1.8324080771430409,-6.35421742756795e-16,-2.5524276177239575e-16,0.3024838807262522,-3.6063671434733196e-17
6.87,0.036181233430194304,-2.824875885209521e-17,9.822837536729823,-1.439079923143169e-15,-1.8416832496371054,-6.366177408553288e-16,-2.582224892259408e-16,0.2988005183913808,-3.640664978512971e-17
6.872,0.036361909448336505,-2.8283180288065534e-17,9.8226990254802,-1.4408603812642739e-15,-1.8509059874214588,-6.378215970176776e-16,-2.6120036662031627e-16,0.29509871064381726,-3.673527222302226e-17
6.8740000000000006,0.03654154548319388,-2.85327410783551e-17,9.822560611820325,-1.4535953892231566e-15,-1.8600760279154007,-6.40787184692637e-16,-2.641994359489788e-16,0.2913785628784071,-3.705313100337648e-17
6.876,0.03672013651281336,-2.8409750568712356e-17,9.822422311512916,-1.447376548955359e-15,-1.8691931100385855,-6.491313104688338e-16,-2.6718504272273583e-16,0.2876401810121494,-3.737137699231968e-17
6.878,0.03689767754786377,-2.851731693457449e-17,9.822284140308303,-1.452881711322105e-15,-1.878256974218455,-6.509281424841083e-16,-2.7017675904930943e-16,0.28388367148117366,-3.7676294481723184e-17
6.88,0.03707416362894067,-2.8781310315004197e-17,9.82214611394171,-1.4663364448302943e-15,-1.887267362397628,-6.455684251520719e-16,-2.7318639970564584e-16,0.28010914123772096,-3.795288409381275e-17
6.882000000000001,0.037249589828050045,-2.857909250508177e-17,9.822008248132008,-1.4560992692985672e-15,-1.896224018041248,-6.617095865823214e-16,-2.76179057301199e-16,0.27631669774708656,-3.824584789687132e-17
6.884,0.03742395124854658,-2.862625552943149e-17,9.821870558579718,-1.458513009295135e-15,-1.9051266861442868,-6.546724325435827e-16,-2.7916683907318733e-16,0.27250644898456905,-3.85069574816559e-17
6.886,0.03759724302498135,-2.8735255832014965e-17,9.821733060965279,-1.464091504030041e-15,-1.9139751132388056,-6.564678971361178e-16,-2.821611998849648e-16,0.26867850343239297,-3.8754533568565676e-17
6.888,0.037769460324247994,-2.900424947935486e-17,9.821595770947452,-1.4777852502633904e-15,-1.9227690474011685,-6.427565712772994e-16,-2.85169966562975e-16,0.26483297007661577,-3.895633709960981e-17
6.890000000000001,0.03794059834355634,-2.9034299080490333e-17,9.821458704161035,-1.479359666541094e-15,-1.9315082382592172,-6.523112132172472e-16,-2.881817554784361e-16,0.2609699584040377,-3.916054206603854e-17
6.892,0.03811065231306321,-2.9149212438790147e-17,9.821321876215691,-1.4852234475578534e-15,-1.9401924369994001,-6.458156224556253e-16,-2.9119659383636903e-16,0.2570895783990644,-3.933384921235087e-17
6.894,0.03827961749349251,-2.9117974520252996e-17,9.821185302693552,-1.4836446243733146e-15,-1.9488213963738532,-6.382957883586135e-16,-2.9419929258297136e-16,0.25319194054059874,-3.9474150362127636e-17
6.896,0.03844748917951879,-2.900983430558476e-17,9.821048999148264,-1.478165654112483e-15,-1.9573948707074422,-6.38574141406151e-16,-2.9718631321742006e-16,0.24927715579887258,-3.95975987728517e-17
6.898000000000001,0.0386142626952064,-2.9046859263278977e-17,9.820912981102056,-1.4800790358577107e-15,-1.9659126159047546,-6.398652654830095e-16,-3.0017307614087105e-16,0.24534533563230831,-3.9706279444740604e-17
6.9,0.03877993339958019,-2.915766389228259e-17,9.820777264045347,-1.4857169453512955e-15,-1.9743743894570513,-6.250722120735369e-16,-3.03159144575321e-16,0.24139659198432553,-3.97670097191902e-17
6.902,0.038944496681843965,-2.9265294340471104e-17,9.820641863433735,-1.4911930667397218e-15,-1.9827799504491699,-6.102767938967535e-16,-3.0614456686751553e-16,0.23743103728017126,-3.97798132942559e-17
6.904,0.03910794796416672,-2.9230251940397296e-17,9.820506794686914,-1.4894526327394399e-15,-1.9911290595663835,-6.193994698941996e-16,-3.091267620452132e-16,0.23344878442370318,-3.979391667087541e-17
6.906000000000001,0.039270282701929116,-2.94124489523992e-17,9.820372073186984,-1.4987590633736306e-15,-1.9994214791012155,-6.216412525610579e-16,-3.121245486716545e-16,0.22944994679419806,-3.9795087170588096e-17
6.908,0.03943149638243115,-2.966804369767417e-17,9.820237714276276,-1.5118036405471736e-15,-2.0076569729602047,-6.2432931422284e-16,-3.1514568298135873e-16,0.22543463824308788,-3.9784119918850464e-17
6.91,0.039591584525539236,-2.963242560692395e-17,9.820103733255852,-1.5100175410761803e-15,-2.0158353066706294,-6.252008531507129e-16,-3.1815975653129185e-16,0.2214029730907542,-3.9757213471675834e-17
6.912,0.039750542683738566,-2.981609032234757e-17,9.81997014538368,-1.5193991168055466e-15,-2.0239562473871815,-6.274090486526755e-16,-3.211898150055543e-16,0.21735506612325375,-3.9717053568349124e-17
6.914,0.03990836644383311,-2.977280980611966e-17,9.819836965873249,-1.5172059793444067e-15,-2.032019563898596,-6.200191776315795e-16,-3.2420860558771824e-16,0.21329103258905324,-3.9643941507918246e-17
6.916,0.04006505142358496,-2.9664211527530737e-17,9.81970420989113,-1.5117027844526692e-15,-2.0400250266342344,-6.205014543714302e-16,-3.2721315798793933e-16,0.20921098819575817,-3.955402908874325e-17
6.918,0.040220593275012595,-2.9691474415493143e-17,9.819571892555876,-1.5131019786600199e-15,-2.0479724076706205,-6.135548508196419e-16,-3.3021429111876363e-16,0.20511504910679365,-3.943213956870078e-17
6.92,0.04037498768353287,-2.970524085183046e-17,9.819440028936123,-1.5137967492117113e-15,-2.0558614807379287,-5.983306165230099e-16,-3.332074500109079e-16,0.20100333193812692,-3.926138976512746e-17
6.922,0.04052823036658881,-2.954853180536392e-17,9.819308634048603,-1.5058764888217934e-15,-2.063692021226426,-6.150320323706692e-16,-3.3618868716638844e-16,0.19687595375492586,-3.910698123716537e-17
6.924,0.040680317076633665,-2.970459755170868e-17,9.819177722857003,-1.513818350360283e-15,-2.071463806192867,-6.006064081816113e-16,-3.39177299884688e-16,0.19273303206824288,-3.890538519824016e-17
6.926,0.040831243598342226,-2.9930875573322723e-17,9.819047310269635,-1.5253361620142273e-15,-2.0791766143668435,-5.865556965891303e-16,-3.4218096701739826e-16,0.18857468483164624,-3.865733847009509e-17
6.928,0.04098100575013608,-3.002400895682307e-17,9.818917411138079,-1.5300896313754757e-15,-2.0868302261570792,-5.800087360613618e-16,-3.451893709658909e-16,0.18440103043788506,-3.837808957838176e-17
6.93,0.041129599384311266,-3.0078791596766203e-17,9.818788040255498,-1.53292396924844e-15,-2.0944244236576863,-5.896368018163021e-16,-3.482048925541682e-16,0.18021218771550715,-3.810050174911999e-17
6.932,0.04127702038665926,-3.024379767215783e-17,9.818659212354852,-1.5413380814673178e-15,-2.1019589906543663,-5.83442413942281e-16,-3.512329684248752e-16,0.17600827592547516,-3.779232222689998e-17
6.934,0.04142326467694901,-3.026003507244407e-17,9.818530942107266,-1.5421748080624206e-15,-2.1094337126305667,-5.765316828860823e-16,-3.5425844571430886e-16,0.1717894147577785,-3.74520671227757e-17
6.936,0.041568328209245164,-3.0149454915228225e-17,9.818403244120447,-1.5365692560904787e-15,-2.1168483767735897,-5.772046154262095e-16,-3.572713154092528e-16,0.16755572432801152,-3.7095151249108556e-17
6.938,0.04171220697071143,-3.0112854432144284e-17,9.818276132936758,-1.5347316236039817e-15,-2.1242027719806487,-5.782310660792315e-16,-3.6027937823502127e-16,0.16330732517397314,-3.6722300652692365e-17
6.94,0.04185489698311051,-3.0469915936367536e-17,9.818149623031834,-1.5529103885178749e-15,-2.1314966888648796,-5.647056226736579e-16,-3.633180616159771e-16,0.15904433825221292,-3.6303945095352925e-17
6.942,0.041996394301849094,-3.040662347508163e-17,9.81802372881273,-1.5496956320023068e-15,-2.138729919761303,-5.574929025673356e-16,-3.6634696090990045e-16,0.15476688493460972,-3.5852833850266385e-17
6.944,0.04213669501774486,-3.0637446066803924e-17,9.81789846461659,-1.5614616881620559e-15,-2.1459022587327348,-5.515322002838357e-16,-3.6939670276837566e-16,0.15047508700489737,-3.5371469986307244e-17
6.946,0.04227579525430447,-3.051748679242609e-17,9.817773844708537,-1.5553951893138157e-15,-2.15301350157565,-5.603962233409847e-16,-3.724363121273135e-16,0.14616906665521004,-3.48897984950558e-17
6.948,0.04241369117064919,-3.04875361623596e-17,9.817649883280515,-1.5538781942895097e-15,-2.1600634458259966,-5.533671560644698e-16,-3.754702872260494e-16,0.1418489464825937,-3.437568651491553e-17
6.95,0.04255037895960756,-3.0365002029438407e-17,9.817526594449367,-1.5476978083947608e-15,-2.16705189076496,-5.703702464207853e-16,-3.7849634798773377e-16,0.13751484948552783,-3.3877693053816795e-17
6.952,0.042685854849400906,-3.0551677658864524e-17,9.817403992255429,-1.557232530118436e-15,-2.1739786374246775,-5.722871285225588e-16,-3.8154167346969517e-16,0.13316689906040433,-3.336527623916424e-17
6.954,0.042820115102002454,-3.051932220481542e-17,9.817282090660749,-1.5555925808718414e-15,-2.180843488593901,-5.652817971433174e-16,-3.845816883321257e-16,0.12880521899804084,-3.2820378149799564e-17
6.956,0.04295315601450178,-3.0780488486313175e-17,9.817160903547597,-1.5689217020741111e-15,-2.187646248823617,-5.674211231590319e-16,-3.8764894146173746e-16,0.1244299334801249,-3.226137932835861e-17
6.958,0.04308497391873578,-3.093080490082021e-17,9.817040444716934,-1.5766043861906875e-15,-2.1943867244326025,-5.691591784815034e-16,-3.907321574850902e-16,0.12004116707570961,-3.1687346781846423e-17
6.96,0.04321556518131864,-3.1042511841848366e-17,9.816920727886684,-1.5822846895397743e-15,-2.201064723512948,-5.545547646921364e-16,-3.938235924851913e-16,0.11563904473763824,-3.1065285758338456e-17
6.962,0.04334492620373398,-3.1043783534505404e-17,9.816801766690348,-1.5823749921049047e-15,-2.2076800559355156,-5.558002701949828e-16,-3.969161055882443e-16,0.11122369179901603,-3.042708623044523e-17
6.964,0.0434730534223422,-3.114971787342247e-17,9.816683574675311,-1.5877608462527796e-15,-2.214232533355355,-5.411766926694196e-16,-4.0001696048418773e-16,0.10679523396961527,-2.974077244789186e-17
6.966,0.043599943309031164,-3.115041370421515e-17,9.816566165301408,-1.587821508028172e-15,-2.2207219692170623,-5.424277365459807e-16,-4.031192711547135e-16,0.10235379733231438,-2.903824953399406e-17
6.968,0.043725592370255306,-3.1151439405975373e-17,9.816449551939298,-1.5878988318643253e-15,-2.227148178760095,-5.436811902589868e-16,-4.062232216549438e-16,0.09789950833948675,-2.8319488122216175e-17
6.97,0.043849997147922815,-3.1219642450824194e-17,9.816333747868985,-1.591380053405631e-15,-2.2335109790240297,-5.370321031072418e-16,-4.0933425320293163e-16,0.09343249380943747,-2.7568564016039384e-17
6.972,0.0439731542199131,-3.1304185399780085e-17,9.816218766278409,-1.595729664866653e-15,-2.2398101888537734,-5.465773575216848e-16,-4.1245735617906275e-16,0.08895288092274956,-2.6817944432547234e-17
6.974,0.04409506019781828,-3.1316556350448334e-17,9.816104620261664,-1.5964027212134434e-15,-2.2460456289047173,-5.559355463440772e-16,-4.155851462161858e-16,0.0844607972186972,-2.6067175768522445e-17
6.976,0.044215711729716056,-3.126365504387543e-17,9.815991322817785,-1.5937324366464913e-15,-2.2522171216478464,-5.570690296135266e-16,-4.1870958977758844e-16,0.07995637059160193,-2.529971097902065e-17
6.978,0.044335105499587746,-3.1248351443812836e-17,9.81587888684921,-1.5929772661971883e-15,-2.2583244913747924,-5.582907373972919e-16,-4.21834689877716e-16,0.07543972928717455,-2.4515707394770594e-17
6.98,0.044453238225457437,-3.1316513152978945e-17,9.815767325160156,-1.596437352510685e-15,-2.2643675642028356,-5.435542135685628e-16,-4.249666939158002e-16,0.0709110018989002,-2.3683120258640053e-17
6.982,0.044570106662324194,-3.140673798611152e-17,9.815656650455342,-1.6010943432908129e-15,-2.2703461680798562,-5.611093945122335e-16,-4.281128821983547e-16,0.06637031736434147,-2.2866632497941216e-17
6.984,0.0446857076006596,-3.146555635940979e-17,9.81554687533849,-1.6041331239636302e-15,-2.2762601327892313,-5.705303415414019e-16,-4.3126883271556893e-16,0.06181780496148496,-2.204984182254869e-17
6.986,0.04480003786546105,-3.152673911423753e-17,9.815438012310782,-1.6072923231478726e-15,-2.2821092899546835,-5.799446976754677e-16,-4.34434794195205e-16,0.05725359430507238,-2.123265522173856e-17
6.988,0.04491309431895896,-3.156923941094334e-17,9.815330073769626,-1.6094628703310196e-15,-2.287893473045073,-5.73209202806939e-16,-4.3760702238473714e-16,0.0526778153428685,-2.0382653366500726e-17
6.99,0.045024873858242165,-3.15939477954835e-17,9.81522307200708,-1.610745267088676e-15,-2.2936125173791373,-5.744993933354799e-16,-4.4078485877693723e-16,0.04809059835203019,-1.951586384694973e-17
6.992,0.045135373416942015,-3.1637680672673015e-17,9.81511701920856,-1.6129966996847978e-15,-2.2992662601301834,-5.758108911839126e-16,-4.439704054400297e-16,0.043492073935319765,-1.8632273820535037e-17
6.994,0.045244589963796655,-3.167113563338961e-17,9.815011927451366,-1.6146872744997542e-15,-2.3048545403307203,-5.610055695577837e-16,-4.471613751555556e-16,0.03888237301743913,-1.769956730049038e-17
6.996,0.0453525205056205,-3.1805061330150556e-17,9.81490780870341,-1.6215517931800249e-15,-2.3103771988770427,-5.704487884989682e-16,-4.503703513849097e-16,0.034261626841256526,-1.6766206409859354e-17
6.998,0.04545916208181827,-3.1783748608940046e-17,9.814804674821726,-1.620489010967488e-15,-2.315834078533761,-5.716829964332004e-16,-4.53580969444421e-16,0.0296299669641925,-1.5815688699630544e-17
7.0,0.045564511770761346,-3.1865599438944243e-17,9.814702537551218,-1.624681746163655e-15,-2.321225023938278,-5.730010284145088e-16,-4.568039131827734e-16,0.02498752525427396,-1.4848124424554907e-17
7.002,0.04566856668635305,-3.187149040413422e-17,9.814601408523304,-1.624985800796842e-15,-2.326549881605212,-5.66212478333677e-16,-4.600312054721667e-16,0.020334433886522257,-1.384723247457958e-17
7.0040000000000004,0.0457713239781061,-3.199544741627598e-17,9.814501299254566,-1.6313233331516711e-15,-2.3318084999307644,-5.67530948316993e-16,-4.632755250552667e-16,0.01567082533917322,-1.2829157684425102e-17
7.006,0.045872780832362514,-3.204064166061562e-17,9.814402221145441,-1.6336292964013286e-15,-2.3370007291970407,-5.607565601061688e-16,-4.6652876309349155e-16,0.010996832389875026,-1.1777626901495779e-17
7.008,0.04597293447146732,-3.206174566420161e-17,9.814304185478965,-1.6347265325009891e-15,-2.3421264215763076,-5.620104353299405e-16,-4.697889644451546e-16,0.006312588111958029,-1.070863617982698e-17
7.01,0.04607178215344103,-3.202480358456502e-17,9.814207203419423,-1.6328851877961148e-15,-2.347185431135205,-5.712914890512574e-16,-4.730504901107092e-16,0.0016182258706025647,-9.638194659405139e-18
7.0120000000000005,0.046169321176055544,-3.208144134791722e-17,9.814111286011135,-1.635811320068497e-15,-2.3521776138389012,-5.805788535096419e-16,-4.763228994637077e-16,-0.003086120681181725,-8.566260208345149e-18
7.014,0.046265548868647095,-3.2162752679460345e-17,9.81401644417716,-1.6399564789264417e-15,-2.35710282755519,-5.737718478115057e-16,-4.796088309752869e-16,-0.007800317605750993,-7.460561210676251e-18
7.016,0.04636046260031024,-3.2241933315139395e-17,9.81392268871808,-1.6440118447092753e-15,-2.3619609320585395,-5.749939449094018e-16,-4.829082717607979e-16,-0.012524230685170818,-6.337066428956671e-18
7.018,0.046454059775748666,-3.233806116700651e-17,9.813830030310749,-1.6488923968685526e-15,-2.3667517890340863,-5.601137542302114e-16,-4.862235319167097e-16,-0.01725772542500924,-5.163472679184425e-18
7.0200000000000005,0.04654633783682516,-3.2425887290648116e-17,9.813738479507082,-1.6533878285779611e-15,-2.37147526208157,-5.613056944349648e-16,-4.89553697198746e-16,-0.022000667057930412,-3.971826291611777e-18
7.022,0.04663729426144289,-3.250934587604456e-17,9.81364804673288,-1.657660578705586e-15,-2.3761312167192177,-5.6248589247233065e-16,-4.928985070414447e-16,-0.026752920547645147,-2.762006702843594e-18
7.024,0.04672692656428179,-3.252938361190839e-17,9.81355874228658,-1.658682845704786e-15,-2.380719520387573,-5.556536642859729e-16,-4.96252113076531e-16,-0.0315143505927813,-1.5178994233587142e-18
7.026,0.04681523229756007,-3.26317683949469e-17,9.813470576338158,-1.663900243919006e-15,-2.3852400424532703,-5.487439912923019e-16,-4.996232509159604e-16,-0.03628482163071957,-2.392546182978328e-19
7.0280000000000005,0.04690220904868275,-3.2706570290856486e-17,9.813383558927939,-1.667750555278004e-15,-2.3896926542127535,-5.57935180827286e-16,-5.030082843840006e-16,-0.04106419784139969,1.0418105162202775e-18
7.03,0.04698785444374026,-3.2821147501423696e-17,9.813297699965403,-1.6736272395017299e-15,-2.394077228895939,-5.670709994337878e-16,-5.064113086204499e-16,-0.04585234315129251,2.3255053199176956e-18
7.032,0.04707216614407611,-3.3191708829513966e-17,9.81321300922817,-1.6925072136304192e-15,-2.398393641669826,-5.597758990977095e-16,-5.098599604764656e-16,-0.05064912123714824,3.644903851154152e-18
7.034,0.04715514184945052,-3.3481705921472755e-17,9.813129496360764,-1.7073017869179986e-15,-2.4026417696420532,-5.605869981235853e-16,-5.133455726778836e-16,-0.055454395530001796,4.984006350862572e-18
7.0360000000000005,0.04723677929590786,-3.388395555995452e-17,9.813047170873562,-1.7278153910834693e-15,-2.4068214918643918,-5.611886997717886e-16,-5.16879819942762e-16,-0.06026802921895522,6.343468687471109e-18
7.038,0.047317076255800616,-3.426869850417921e-17,9.81296604214181,-1.747417589632974e-15,-2.410932689336192,-5.537065508983922e-16,-5.204621158519486e-16,-0.06508988525514117,7.739754982071526e-18
7.04,0.04739603053939534,-3.4651444952836784e-17,9.812886119404393,-1.7669179361835682e-15,-2.4149752450077724,-5.461695573304037e-16,-5.240926464376389e-16,-0.0699198263555934,9.173250501514577e-18
7.042,0.04747363999417098,-3.503404213655261e-17,9.812807411762828,-1.7864300321963664e-15,-2.4189490437837504,-5.466345490079617e-16,-5.27770663287597e-16,-0.0747577150071761,1.062818600987198e-17
7.0440000000000005,0.047549902504242625,-3.533881189180413e-17,9.812729928180298,-1.801957279028031e-15,-2.422853972526319,-5.391377562481684e-16,-5.314896632931467e-16,-0.07960341347046804,1.2120782592458343e-17
7.046,0.04762481599053603,-3.564156835759518e-17,9.812653677480654,-1.8173817518882364e-15,-2.4266899200584677,-5.315955540108501e-16,-5.352498414411342e-16,-0.08445678378371846,1.3651379755368722e-17
7.048,0.04769837841219016,-3.5923656779966156e-17,9.812578668347193,-1.8317529973037563e-15,-2.4304567771671506,-5.240502465687393e-16,-5.390494895324173e-16,-0.0893176877667531,1.5220230947159952e-17
7.05,0.04777058776420373,-3.627822961707685e-17,9.812504909322007,-1.8498170431567806e-15,-2.4341544366063905,-5.16282451742221e-16,-5.42896437298712e-16,-0.0941859870249143,1.6828047653871055e-17
7.0520000000000005,0.047841442080651775,-3.662121729814506e-17,9.812432408804598,-1.8673103193949164e-15,-2.4377827931003373,-5.165620107889987e-16,-5.467883963676797e-16,-0.09906154295300726,1.8458940958888304e-17
7.054,0.04791093943122482,-3.698544273808006e-17,9.812361175051358,-1.8859249518810057e-15,-2.441341743346261,-5.328930500341725e-16,-5.507245979819391e-16,-0.10394421673922577,2.0080902566980825e-17
7.056,0.04797907792362155,-3.7286127435210625e-17,9.812291216174312,-1.9012824561808234e-15,-2.4448311860174967,-5.412749901104035e-16,-5.547001692373369e-16,-0.10883386936913125,2.1710136342243372e-17
7.058,0.04804585570291531,-3.7594089481308906e-17,9.812222540140334,-1.9169908243529616e-15,-2.448251021766326,-5.415069095436728e-16,-5.587177361359812e-16,-0.1137303616295975,2.3363269525332377e-17
7.0600000000000005,0.048111270951802565,-3.793564913932985e-17,9.812155154770132,-1.934430621824788e-15,-2.451601153226807,-5.496803664922883e-16,-5.627791767817879e-16,-0.11863355411277099,2.5024566651804396e-17
7.062,0.04817532188933904,-3.8132893688471376e-17,9.812089067737588,-1.9444976610088016e-15,-2.4548814850175456,-5.501729797871651e-16,-5.668717262586379e-16,-0.12354330722003498,2.6709713807941907e-17
7.064,0.04823800677325418,-3.8515213979708364e-17,9.812024286568608,-1.9640138669670916e-15,-2.4580919237444125,-5.581164238888232e-16,-5.710126640144283e-16,-0.12845948116601455,2.840393152608554e-17
7.066,0.04829932389803537,-3.886083324913885e-17,9.811960818640417,-1.9816201502453933e-15,-2.4612323780032006,-5.499220034506778e-16,-5.752025490266961e-16,-0.1333819359825095,3.01400417262051e-17
7.0680000000000005,0.048359271596464914,-3.916712050949758e-17,9.811898671180609,-1.997222210807415e-15,-2.4643027583822272,-5.418074942454302e-16,-5.794378062146932e-16,-0.13831053152251796,3.191818670535022e-17
7.07,0.04841784823734563,-3.951966893922462e-17,9.811837851266603,-2.015241028527837e-15,-2.467302977464881,-5.578151762066169e-16,-5.837168886771192e-16,-0.14324512746420745,3.3689933671907274e-17
7.072,0.048475052228540205,-3.9908213478452006e-17,9.811778365824456,-2.03507366111711e-15,-2.47023294983211,-5.655208504802274e-16,-5.880458371746038e-16,-0.14818558331491796,3.547230251474382e-17
7.074,0.048530882015064725,-4.01877909010014e-17,9.811720221628255,-2.049354337386073e-15,-2.473092592064852,-5.736110864352763e-16,-5.924135761837439e-16,-0.1531317584151526,3.726476458724662e-17
7.0760000000000005,0.04858533607871607,-4.041596815080424e-17,9.811663425299539,-2.0609757326378386e-15,-2.475881822746413,-5.656068700922573e-16,-5.968199730874192e-16,-0.1580835119425943,3.9100122654809207e-17
7.078,0.04863841294039761,-4.064191950508075e-17,9.811607983306068,-2.0724833642234417e-15,-2.4786005624647807,-5.575631514124454e-16,-6.012652793551266e-16,-0.16304070291610454,4.097872887066323e-17
7.08,0.04869011115714139,-4.0902542717863927e-17,9.81155390196166,-2.085757130380169e-15,-2.4812487338148888,-5.493166652454222e-16,-6.057535679219959e-16,-0.1680031901997441,4.2901280178515595e-17
7.082,0.048740429325175416,-4.137080252406378e-17,9.811501187424868,-2.1096499111020295e-15,-2.48382626140082,-5.563777786447948e-16,-6.103012963070236e-16,-0.17297083250678266,4.4837052068317544e-17
7.0840000000000005,0.04878936607666029,-4.184091630779623e-17,9.811449845698977,-2.1336369448903916e-15,-2.4863330718379513,-5.6336587467756225e-16,-6.149088680141306e-16,-0.177943488403734,4.678652551376567e-17
7.086,0.048836920083023205,-4.1692253486954214e-17,9.811399882630608,-2.1260571850238187e-15,-2.488769093755044,-5.569424423514121e-16,-6.195182113712588e-16,-0.18292101631437221,4.877715396227384e-17
7.088,0.04888309005296976,-4.126247215854802e-17,9.811351303909484,-2.104215465135664e-15,-2.491134257796276,-5.764442456965315e-16,-6.240914797251356e-16,-0.18790327452376493,5.075617790932212e-17
7.09,0.04892787473275417,-4.09099430186308e-17,9.811304115067703,-2.086227735113639e-15,-2.4934284966232156,-5.628902204448973e-16,-6.286489810515512e-16,-0.1928901211823115,5.2790776773750947e-17
7.0920000000000005,0.04897127290636316,-4.052072360170932e-17,9.811258321479123,-2.0664110518486322e-15,-2.4956517449167395,-5.659277287824275e-16,-6.331810350211325e-16,-0.19788141430977663,5.48471298590637e-17
7.094,0.0490132833955903,-4.0293912622208947e-17,9.811213928358695,-2.054847933140313e-15,-2.4978039393788913,-5.599353182936528e-16,-6.377080222259773e-16,-0.20287701179933354,5.694363308494277e-17
7.096,0.04905390506076124,-4.029863345074634e-17,9.811170940761736,-2.055059981854732e-15,-2.4998850187346857,-5.444645092879222e-16,-6.422578594734266e-16,-0.20787677142161348,5.909977813263294e-17
7.098,0.049093136799242876,-3.993299587633226e-17,9.811129363583674,-2.0364025100798186e-15,-2.5018949237338495,-5.310553301772829e-16,-6.4679253895167805e-16,-0.21288055082874707,6.131149345180828e-17
7.1000000000000005,0.049130977546294474,-3.963674035161876e-17,9.81108920155931,-2.0212794047104546e-15,-2.5038335971525116,-5.172577587637441e-16,-6.513198532463497e-16,-0.2178882075584331,6.357963538063617e-17
7.102,0.049167426275363635,-3.938339033214401e-17,9.811050459262225,-2.008403637941161e-15,-2.505700983794831,-5.279098719747763e-16,-6.558339056407892e-16,-0.22289959903796908,6.585416273311873e-17
7.104,0.04920248199772326,-3.935178994073664e-17,9.81101314110436,-2.0068251743178467e-15,-2.507497030494568,-5.372486242895256e-16,-6.603579518934659e-16,-0.22791458258833724,6.813777370744242e-17
7.106,0.04923614376254637,-3.881813465563426e-17,9.810977251335416,-1.9796473347321634e-15,-2.5092216861165983,-5.414691345400571e-16,-6.648432652723574e-16,-0.232933015428247,7.044092501290204e-17
7.1080000000000005,0.049268410656783335,-3.850395586012602e-17,9.810942794042539,-1.9636508566622705e-15,-2.5108749015583682,-5.443549089896828e-16,-6.693130107535696e-16,-0.237954754678209,7.276626154059567e-17
7.11,0.04929928180552867,-3.84864818235784e-17,9.810909773149653,-1.9627286783860944e-15,-2.512456629751294,-5.287953352576625e-16,-6.738066092583359e-16,-0.2429796573646001,7.515183387055523e-17
7.112,0.04932875637169687,-3.8245731383218846e-17,9.810878192417134,-1.9504516257462633e-15,-2.5139668256620995,-5.229634107218941e-16,-6.782971044810201e-16,-0.2480075804237342,7.757777946518166e-17
7.114,0.04935683355659881,-3.7640613494914376e-17,9.810848055441248,-1.919610902297231e-15,-2.5154054462941002,-5.196161011697039e-16,-6.827464777687242e-16,-0.253038380705941,8.003894665716445e-17
7.1160000000000005,0.049383512598464296,-3.739667516925246e-17,9.810819365654142,-1.907170588566557e-15,-2.516772450688427,-5.138183568564693e-16,-6.871931363761225e-16,-0.2580719149796245,8.254036690093126e-17
7.118,0.04940879277494847,-3.6933999600406907e-17,9.810792126322772,-1.8835860728810145e-15,-2.5180677999251917,-5.095767429173112e-16,-6.916143498398773e-16,-0.26310803993536597,8.507883994850055e-17
7.12,0.049432673400122695,-3.7125462839386403e-17,9.810766340549323,-1.8933478367815594e-15,-2.519291457124596,-5.089630688475048e-16,-6.960752193613981e-16,-0.2681466121899794,8.76469698539966e-17
7.122,0.0494551538269401,-3.6732710692471976e-17,9.810742011270232,-1.8733249958714055e-15,-2.52044338744798,-5.042809327557543e-16,-7.005187441894124e-16,-0.27318748829061185,9.025332627896297e-17
7.1240000000000006,0.04947623344711127,-3.647436286533961e-17,9.810719141255856,-1.860128025101888e-15,-2.521523558098816,-4.90264441978951e-16,-7.049642309048507e-16,-0.27823052471881626,9.291736183480461e-17
7.126,0.04949591168871237,-3.606813250623176e-17,9.810697733110858,-1.839396732695781e-15,-2.522531938323639,-4.773699942315906e-16,-7.093965434338569e-16,-0.2832755778946422,9.563686012298817e-17
7.128,0.04951418801929286,-3.582469906434056e-17,9.810677789272995,-1.827000953785076e-15,-2.5234684994129277,-4.799547874968686e-16,-7.138238067191627e-16,-0.2883225041807234,9.837965054904079e-17
7.13,0.04953106194378387,-3.559480786591054e-17,9.810659312013485,-1.8153159410830082e-15,-2.5243332147019157,-4.908352591025809e-16,-7.182426908719916e-16,-0.2933711598863662,1.011284295972138e-16
7.132000000000001,0.04954653300474687,-3.528166104737511e-17,9.810642303436632,-1.79936809005113e-15,-2.5251260595713547,-4.940301485992003e-16,-7.226493816524377e-16,-0.2984214012716417,1.0389920982885275e-16
7.134,0.04956060078394531,-3.5024722521855256e-17,9.810626765479157,-1.7862621920553715e-15,-2.525847011448214,-4.883804768212211e-16,-7.27055252451742e-16,-0.3034730845514733,1.0671052375212311e-16
7.136,0.04957326490014058,-3.4605652724649815e-17,9.810612699910639,-1.7648751117052697e-15,-2.5264960498063234,-4.756735210628501e-16,-7.314485941218367e-16,-0.30852606589973597,1.0957724182388084e-16
7.138,0.04958452501098298,-3.4558570223037577e-17,9.810600108332746,-1.7624592622440454e-15,-2.5270731561669573,-4.682242643578599e-16,-7.358645386672576e-16,-0.3135802014533531,1.1248849809817913e-16
7.140000000000001,0.04959438081150269,-3.443810266191032e-17,9.81058899217949,-1.7563045643243333e-15,-2.527578314099361,-4.613818805717977e-16,-7.402956886239736e-16,-0.3186353473163801,1.1544323553561692e-16
7.142,0.04960283203546645,-3.3938002720324e-17,9.810579352716642,-1.7307886153587009e-15,-2.5280115092212183,-4.494183361536234e-16,-7.447071591852392e-16,-0.3236913595641161,1.1845235378571948e-16
7.144,0.04960987845427134,-3.362400346123136e-17,9.810571191041964,-1.7147956320451276e-15,-2.5283727291990625,-4.527501924346078e-16,-7.491081710910552e-16,-0.32874809424718837,1.2148363422319931e-16
7.146,0.04961551987719437,-3.361945309048649e-17,9.810564508085049,-1.7145878190451079e-15,-2.5286619637486245,-4.617674136536204e-16,-7.535265942474134e-16,-0.33380540739566356,1.2452511756464722e-16
7.148000000000001,0.04961975615227798,-3.394378883315089e-17,9.810559304606794,-1.7311121954946006e-15,-2.528879204635128,-4.592143634570923e-16,-7.580041261433341e-16,-0.3388631550231317,1.2760152691699857e-16
7.15,0.049622587165467635,-3.360358067734254e-17,9.810555581199731,-1.7137618635802455e-15,-2.5290244456735222,-4.543581160042334e-16,-7.624750402068526e-16,-0.34392119313082004,1.307179825497788e-16
7.152,0.04962401284018503,-3.32618622528579e-17,9.81055333828804,-1.6963343212875891e-15,-2.529097682728661,-4.495267476354042e-16,-7.669395451874902e-16,-0.3489793777116808,1.3387450653074228e-16
7.154,0.04962403313857555,-3.277799587939539e-17,9.810552576127098,-1.6716654264806326e-15,-2.5290989137154165,-4.460950124225923e-16,-7.7138249812396e-16,-0.3540375647545002,1.3706815297639955e-16
7.156000000000001,0.0496226480609967,-3.229300692675473e-17,9.810553294803585,-1.646939146397671e-15,-2.529028138598742,-4.4270707723470537e-16,-7.758040706285513e-16,-0.3590956102479907,1.4029881344197084e-16
7.158,0.04961985764564414,-3.194702143117098e-17,9.81055549423567,-1.62929346914475e-15,-2.5288853593936707,-4.3794983208882497e-16,-7.802197909381605e-16,-0.36415337018489774,1.4356944343824115e-16
7.16,0.04961566196874134,-3.1985421912488336e-17,9.81055917417291,-1.631249644311144e-15,-2.528670580165259,-4.3786724703632605e-16,-7.84665683816614e-16,-0.36921070056609495,1.4687020698567131e-16
7.162,0.04961006114414346,-3.199162771638381e-17,9.810564334196442,-1.6315872940324939e-15,-2.5283838070284705,-4.467071460414867e-16,-7.891318849946961e-16,-0.3742674574046852,1.501821634912229e-16
7.164000000000001,0.04960305532507148,-3.192138839856787e-17,9.81057097371835,-1.6279870059661493e-15,-2.528025048148004,-4.390834382379288e-16,-7.93623666649553e-16,-0.379323496730101,1.5354084919351305e-16
7.166,0.049594644701653756,-3.1709813566579693e-17,9.810579091982726,-1.6171870084458307e-15,-2.527594313738058,-4.3293508551763296e-16,-7.981259393030067e-16,-0.3843786745922025,1.5694332458189715e-16
7.168,0.0495848295028245,-3.135758957646711e-17,9.810588688064946,-1.5992223992139557e-15,-2.5270916160620414,-4.282998206553118e-16,-8.026235717740447e-16,-0.38943284706537196,1.6038646914774882e-16
7.17,0.04957360999481386,-3.1117100592320283e-17,9.810599760872448,-1.5869709885618869e-15,-2.5265169694322243,-4.3112807879340305e-16,-8.07122206285003e-16,-0.39448587025262155,1.6385424037409837e-16
7.172,0.04956098648316809,-3.0991807123080097e-17,9.81061230914398,-1.5806090353803653e-15,-2.525870390209331,-4.4138874915425117e-16,-8.116276101285814e-16,-0.3995376002896766,1.673305936749184e-16
7.174,0.04954695931001529,-3.102890559034113e-17,9.810626331450857,-1.5824964688300087e-15,-2.5251518968020723,-4.411058676860861e-16,-8.161653256667682e-16,-0.40458789334908307,1.7083853409713903e-16
7.176,0.04953152885719492,-3.092812046300242e-17,9.810641826195898,-1.577360348346893e-15,-2.524361509666624,-4.423764073587635e-16,-8.207203058987137e-16,-0.4096366056442941,1.7437489563256305e-16
7.178,0.04951469554307941,-3.0964763727566516e-17,9.810658791614857,-1.5792238971141322e-15,-2.523499251306043,-4.42034770886664e-16,-8.253082646037759e-16,-0.4146835934337705,1.7794340272217966e-16
7.18,0.04949645982467121,-3.0590113393841676e-17,9.810677225775756,-1.5601379608958767e-15,-2.522565146269626,-4.465233694230415e-16,-8.298833322086912e-16,-0.4197287130250653,1.8153362712314108e-16
7.182,0.04947682219737759,-3.062654361354708e-17,9.810697126579239,-1.5619899922671834e-15,-2.5215592211522133,-4.461223515827347e-16,-8.344919733399779e-16,-0.42477182077892384,1.8515638285707325e-16
7.184,0.049455783194444436,-3.051280904595642e-17,9.810718491759001,-1.5562154470975686e-15,-2.520481504593428,-4.563322346511785e-16,-8.391096100189617e-16,-0.4298127731133621,1.887885539467785e-16
7.186,0.049433343387179196,-2.989266697206124e-17,9.810741318881941,-1.5245809219949719e-15,-2.519332027276864,-4.462774921089992e-16,-8.437032381638438e-16,-0.434851426507766,1.9247471201468517e-16
7.188,0.04940950338432115,-2.9928132340744776e-17,9.810765605348779,-1.5263828388155564e-15,-2.5181108219292097,-4.457863285419999e-16,-8.483313244459799e-16,-0.439887637506969,1.9619395550718246e-16
7.19,0.049384263833485154,-3.0225702746520694e-17,9.810791348393645,-1.5415563285429605e-15,-2.5168179233193184,-4.508285782653209e-16,-8.530157681717687e-16,-0.4449212627253406,1.9993437806157297e-16
7.192,0.049357625420016316,-3.038259704307622e-17,9.810818545084881,-1.5495868688559166e-15,-2.5154533682572167,-4.665242448052642e-16,-8.577323207508084e-16,-0.4499521588508643,2.0367262211544442e-16
7.194,0.04932958886662675,-3.0019481601811786e-17,9.810847192325639,-1.5310651147244625e-15,-2.514017195593058,-4.621980130568896e-16,-8.624472723403107e-16,-0.45498018264922524,2.0745321075790897e-16
7.196,0.049300154934957874,-2.978938460565016e-17,9.810877286853422,-1.5193179331358412e-15,-2.5125094462160162,-4.56128205471135e-16,-8.67176292797919e-16,-0.46000519096787834,2.1128019545931312e-16
7.198,0.049269324424147776,-2.9691491700975433e-17,9.810908825241095,-1.5143036834141619e-15,-2.51093016305312,-4.48278517979833e-16,-8.719351098816691e-16,-0.4650270407401332,2.1515782731366516e-16
7.2,0.049237098171678095,-2.9189763698990114e-17,9.810941803896977,-1.4886994958849639e-15,-2.5092793910680333,-4.36834527684888e-16,-8.766866797022108e-16,-0.4700455889892187,2.1909439493534844e-16
7.202,0.04920347705172956,-2.922016579723711e-17,9.810976219065926,-1.4902186058182117e-15,-2.507557177259772,-4.2713795365091596e-16,-8.81484081544062e-16,-0.4750606928323599,2.2308629778621064e-16
7.204,0.04916846197814495,-2.938750622075271e-17,9.811012066828397,-1.4987566233763927e-15,-2.50576357066137,-4.335516367990884e-16,-8.8632532205545e-16,-0.48007220948484564,2.2709770813702333e-16
7.206,0.04913205390142128,-2.902017261147965e-17,9.8110493431023,-1.4800418765170262e-15,-2.503898622338479,-4.3835388418896136e-16,-8.911577502651013e-16,-0.4850799962640857,2.311323760083606e-16
7.208,0.049094253810713084,-2.877958439219502e-17,9.8110880436425,-1.4677591392272616e-15,-2.501962385387918,-4.3231494069507995e-16,-8.96005897399287e-16,-0.4900839105936857,2.3521489392279376e-16
7.21,0.04905506273278615,-2.80003285530449e-17,9.8111281640418,-1.4280210534858297e-15,-2.4999549149361586,-4.2486392337847033e-16,-9.008167765688277e-16,-0.4950838100074934,2.3934856667138844e-16
7.212,0.049014481731483706,-2.8019196668063105e-17,9.811169699731725,-1.428951099424445e-15,-2.497876268137759,-4.1501488626921233e-16,-9.05674815083459e-16,-0.5000795521536661,2.435390595769934e-16
7.214,0.04897251190995533,-2.7497836544557456e-17,9.811212645981866,-1.4023466984895666e-15,-2.4957265041737338,-4.038628401212932e-16,-9.105269681695867e-16,-0.5050709947987122,2.477896750774423e-16
7.216,0.04892915440809986,-2.7524021546993477e-17,9.811256997901735,-1.4036716017197476e-15,-2.4935056842498713,-4.0293682870518163e-16,-9.154183366558095e-16,-0.5100579958315529,2.5207733648538765e-16
7.218,0.04888441040461444,-2.79717823638864e-17,9.811302750440248,-1.4265103237272892e-15,-2.491213871594989,-4.1405191992066963e-16,-9.203788534752981e-16,-0.5150404132675555,2.5637482352567807e-16
7.22,0.048838281114528925,-2.7590298409987013e-17,9.811349898387643,-1.4070516590371601e-15,-2.4888511314591355,-4.100251327805257e-16,-9.253412546355937e-16,-0.5200181052525857,2.607171350704848e-16
7.222,0.04879076779157554,-2.748566599683301e-17,9.811398436374699,-1.4017139969151773e-15,-2.4864175311117305,-4.11001654506475e-16,-9.303284464043203e-16,-0.5249909300670407,2.650929452561781e-16
7.224,0.04874187172784339,-2.6822634277951895e-17,9.81144835887358,-1.3678952214849197e-15,-2.4839131398396526,-4.02077007771375e-16,-9.352952644372488e-16,-0.5299587461298852,2.695252635074565e-16
7.226,0.04869159425163705,-2.6458677489429936e-17,9.811499660199628,-1.3493521480398977e-15,-2.481338028945264,-4.0708923492867585e-16,-9.40256317335281e-16,-0.534921412002684,2.739818751445082e-16
7.228,0.04863993673051592,-2.6376764195871518e-17,9.811552334510285,-1.3451940866405527e-15,-2.4786922717443827,-4.1698959280363224e-16,-9.452347109194877e-16,-0.5398787863936263,2.784514574211833e-16
7.23,0.048586900568245994,-2.642564871470253e-17,9.811606375807502,-1.3476960619008709e-15,-2.4759759435641926,-4.248050415801712e-16,-9.502463641359702e-16,-0.5448307281615496,2.8293898018664006e-16
7.232,0.0485324872075692,-2.616685138524366e-17,9.811661777936793,-1.3344843458366871e-15,-2.4731891217411017,-4.1883061594914347e-16,-9.552768000436995e-16,-0.5497770963199576,2.874768734652628e-16
7.234,0.048476698128303575,-2.6090453155685322e-17,9.811718534589039,-1.3306065851571523e-15,-2.470331885618539,-4.286755855114626e-16,-9.603256856068192e-16,-0.5547177500410325,2.920282583342099e-16
7.236,0.04841953484770478,-2.53200259443716e-17,9.811776639300934,-1.2913435709430972e-15,-2.4674043165446946,-4.3118337833381614e-16,-9.653313613192644e-16,-0.5596525486596483,2.9661030232097516e-16
7.238,0.048360998920722764,-2.480371214411689e-17,9.811836085455681,-1.2650197158904572e-15,-2.464406497870207,-4.2949520159730967e-16,-9.703251094486742e-16,-0.5645813516773727,3.0123281662367616e-16
7.24,0.048301091940332164,-2.441309510332438e-17,9.811896866283302,-1.2450960784125487e-15,-2.461338514945786,-4.256951442247773e-16,-9.753227227571209e-16,-0.5695040187664672,3.059008992461644e-16
7.242,0.04823981553634393,-2.4021105929963412e-17,9.8119589748624,-1.2251026503347388e-15,-2.4582004551197856,-4.2191780031547195e-16,-9.803244170609343e-16,-0.5744204097738829,3.1061466505683667e-16
7.244,0.04817717137642674,-2.4203673202371387e-17,9.81202240412012,-1.2344097933562883e-15,-2.4549924077357157,-4.272956049349928e-16,-9.853773376628232e-16,-0.5793303847252509,3.1535257662992844e-16
7.246,0.048113161166088325,-2.4185662631864112e-17,9.81208714683292,-1.23345716555002e-15,-2.4517144641297004,-4.1696006827495394e-16,-9.90481915258414e-16,-0.5842338038288664,3.201525574783912e-16
7.248,0.0480477866472766,-2.3704714348766835e-17,9.812153195628365,-1.2089580562556904e-15,-2.448366717627875,-4.2439377475011154e-16,-9.955680433116267e-16,-0.589130527479668,3.249722809613632e-16
7.25,0.04798104960071026,-2.3474401012601936e-17,9.812220542984475,-1.1972196929348953e-15,-2.444949263543731,-4.2739301801755357e-16,-1.0006672479848403e-15,-0.5940204162632158,3.2982238916821803e-16
7.252,0.0479129518432142,-2.2953274251832002e-17,9.81228918123219,-1.1706517623889087e-15,-2.441462199175403,-4.259794817331823e-16,-1.0057560440081967e-15,-0.5989033309596581,3.347135985999895e-16
7.2540000000000004,0.04784349523021181,-2.264445590641291e-17,9.812359102554538,-1.1549403934699756e-15,-2.437905623802895,-4.4015531716498783e-16,-1.0108350194486442e-15,-0.6037791325476922,3.3960814858555376e-16
7.256,0.047772681653134086,-2.2539301273065203e-17,9.812430298989526,-1.149573990516417e-15,-2.4342796386852585,-4.408738142939619e-16,-1.0159434070553722e-15,-0.6086476822085283,3.445387032814927e-16
7.258,0.04770051304183465,-2.2236160681452803e-17,9.81250276242896,-1.1341518485910938e-15,-2.4305843470577075,-4.550707227304291e-16,-1.0210424796466582e-15,-0.6135088413298366,3.4947248277313213e-16
7.26,0.04762699136321924,-2.200934451026633e-17,9.812576484620687,-1.1225915754613048e-15,-2.4268198541286785,-4.580728457167037e-16,-1.0261556566688198e-15,-0.6183624715096976,3.5443677874690213e-16
7.2620000000000005,0.047552118620450834,-2.1487759509122515e-17,9.812651457169803,-1.0960013041680318e-15,-2.4229862670768374,-4.568536461075717e-16,-1.0312590848319903e-15,-0.6232084345605383,3.594420149867529e-16
7.264,0.047475896855769584,-2.1139804277587432e-17,9.812727671537694,-1.0782742906205563e-15,-2.4190836950480263,-4.622029266549321e-16,-1.036361263570158e-15,-0.6280465925130709,3.644720544611343e-16
7.266,0.04739832814652356,-2.0914062684696237e-17,9.812805119045867,-1.0667688946882189e-15,-2.4151122491521573,-4.652056912699842e-16,-1.0414781711687211e-15,-0.6328768076202167,3.6953273507749273e-16
7.268,0.04731941460875522,-2.0214586513512822e-17,9.812883790874114,-1.0310997025426143e-15,-2.411072042460048,-4.576185280078871e-16,-1.0465772416473236e-15,-0.6376989423610302,3.746503874356323e-16
7.2700000000000005,0.04723915839466475,-1.9810888819690988e-17,9.812963678063662,-1.0105116418896792e-15,-2.4069631900002038,-4.541603883891805e-16,-1.05168293236141e-15,-0.6425128594446136,3.7981489408052873e-16
7.272,0.047157561693829564,-1.964568457364141e-17,9.813044771517031,-1.002064057089362e-15,-2.402785808755542,-4.459068986060894e-16,-1.0568271599985372e-15,-0.647318421814027,3.8503853140556456e-16
7.274,0.04707462673311458,-1.959928478330927e-17,9.81312706199909,-9.997122228264541e-16,-2.3985400176600606,-4.553244953169752e-16,-1.0619958633968227e-15,-0.6521154926501882,3.9027733116994954e-16
7.276,0.0469903557760496,-1.9611730044853863e-17,9.813210540138757,-1.0003313932403866e-15,-2.3942259375954555,-4.534471223029959e-16,-1.0672124004824024e-15,-0.6569039353757673,3.9555988982734343e-16
7.2780000000000005,0.04690475112350434,-1.9322218389180032e-17,9.813295196429355,-9.8555598947127e-16,-2.3898436913876755,-4.476263209562401e-16,-1.0724525167988581e-15,-0.6616836136590806,4.0089651232709126e-16
7.28,0.04681781511223004,-1.9568859737441698e-17,9.813381021230738,-9.980955090679835e-16,-2.385393403803426,-4.4074634802438817e-16,-1.0777731052867318e-15,-0.6664543914179643,4.062903893899427e-16
7.282,0.0467295501171483,-1.95108460382538e-17,9.813468004768772,-9.951032415944474e-16,-2.3808752015466186,-4.299703250886805e-16,-1.0831499633728981e-15,-0.671216132823654,4.117520754880082e-16
7.284,0.04663995854888725,-1.963543289021724e-17,9.813556137138239,-1.0014293238754895e-15,-2.3762892132547626,-4.2546934340483007e-16,-1.0885925113329163e-15,-0.6759687023046524,4.1726616941936176e-16
7.2860000000000005,0.046549042855864364,-1.9337781213650315e-17,9.813645408302197,-9.862394283327856e-16,-2.371635569495303,-4.196807937496249e-16,-1.0940603425618572e-15,-0.6807119645505854,4.2283642179728605e-16
7.288,0.046456805522356426,-1.9109848375697192e-17,9.813735808094833,-9.746226080840103e-16,-2.3669144027619033,-4.226801525821748e-16,-1.0995468022983672e-15,-0.6854457845160544,4.284404993953883e-16
7.29,0.046363249069825585,-1.869310533144597e-17,9.81382732622129,-9.533715809901014e-16,-2.362125847470673,-4.1945345071832817e-16,-1.1050430478685433e-15,-0.6901700274244861,4.3409462337091247e-16
7.292,0.04626837605637135,-1.8886625877234245e-17,9.813919952259463,-9.632296303708184e-16,-2.3572700399563407,-4.235323852506704e-16,-1.1105996466048257e-15,-0.6948845587719651,4.397801653980934e-16
7.2940000000000005,0.04617218907664977,-1.8467955299827152e-17,9.814013675660998,-9.41880773061451e-16,-2.3523471184683733,-4.20352090005718e-16,-1.1161665838873004e-15,-0.6995892443310638,4.45516272963283e-16
7.296,0.04607469076136539,-1.8854531787809544e-17,9.814108485753088,-9.615881977944438e-16,-2.34735722316704,-4.30474841733234e-16,-1.1218039644477921e-15,-0.7042839501546667,4.512684912340702e-16
7.298,0.04597588377860795,-1.8662769268569437e-17,9.81420437173841,-9.517875344756805e-16,-2.342300496119422,-4.221341899100357e-16,-1.1274844226676122e-15,-0.7089685425797804,4.570855840173159e-16
7.3,0.04587577083222261,-1.9117819413333415e-17,9.814301322697688,-9.749291750855102e-16,-2.3371770812953656,-4.0942098745792263e-16,-1.1332821991913063e-15,-0.713642888231339,4.629798389521309e-16
7.3020000000000005,0.04577435466296187,-1.9342666396221037e-17,9.814399327589918,-9.863546649365072e-16,-2.3319871245633874,-4.018847061595268e-16,-1.1391659090057277e-15,-0.7183068540260081,4.689385052759894e-16
7.304,0.04567163804759922,-1.931065473590573e-17,9.814498375254423,-9.84732849122031e-16,-2.3267307736865184,-4.1092904764982305e-16,-1.1450810533670572e-15,-0.7229603071759644,4.749180506126977e-16
7.306,0.04556762379906587,-1.9505176465480587e-17,9.81459845441184,-9.946390008767963e-16,-2.3214081783180975,-4.146266169296729e-16,-1.1510602953161868e-15,-0.7276031151926811,4.809329380627345e-16
7.308,0.045462314767084955,-1.9476435306021158e-17,9.814699553664903,-9.931831977579154e-16,-2.3160194899975126,-4.2361774650635493e-16,-1.1570717423800517e-15,-0.7322351458906997,4.869692507608623e-16
7.3100000000000005,0.04535571383714032,-1.9672358107346133e-17,9.814801661500596,-1.0031598136772707e-15,-2.3105648621458843,-4.2720600224420113e-16,-1.1631481464023986e-15,-0.736856267391394,4.930417208226472e-16
7.312,0.04524782393083093,-2.0069592578423052e-17,9.814904766291,-1.0234050055943332e-15,-2.305044450061699,-4.3669493046534767e-16,-1.1692996840776579e-15,-0.7414663481267225,4.991348034224039e-16
7.314,0.04513864800675549,-1.9824928244887328e-17,9.815008856293865,-1.0109610057246677e-15,-2.2994584109163867,-4.510355786349219e-16,-1.17545211182916e-15,-0.7460652568429766,5.052354002802532e-16
7.316,0.04502818905819517,-2.0023526234895517e-17,9.815113919656,-1.021072420981607e-15,-2.2938069037498474,-4.544595815730916e-16,-1.1816706869163378e-15,-0.750652862604515,5.113732471666543e-16
7.3180000000000005,0.04491645011519907,-2.0252955464062952e-17,9.815219944412659,-1.0327018903714439e-15,-2.2880900894659226,-4.3509786921689985e-16,-1.1880016309507451e-15,-0.755229034797494,5.17611337269945e-16
7.32,0.04480343424356459,-1.941266676012969e-17,9.815326918489752,-9.898501457854941e-16,-2.2823081308278144,-4.2050391793118705e-16,-1.1943280787250775e-15,-0.7597936431335854,5.239374011208749e-16
7.322,0.0446891445452815,-1.792782111348454e-17,9.815434829704733,-9.14177821141972e-16,-2.2764611924534517,-4.1123054164015826e-16,-1.2005747712233399e-15,-0.764346557653684,5.303368717617678e-16
7.324,0.044573584157707735,-1.706085036282254e-17,9.815543665768832,-8.700211891173273e-16,-2.270549440810804,-4.1952275508206427e-16,-1.206771152136479e-15,-0.7688876487316101,5.367608447673843e-16
7.3260000000000005,0.044456756253773655,-1.6202950718781666e-17,9.815653414288064,-8.263018249846886e-16,-2.2645730442131407,-4.1652002240228154e-16,-1.2129397891052712e-15,-0.773416787077801,5.432404260935031e-16
7.328,0.044338664043205966,-1.5349386672397598e-17,9.815764062763506,-7.827787076696708e-16,-2.25853217281424,-4.0222075747611075e-16,-1.2191034586728656e-15,-0.7779338437429855,5.498072799839907e-16
7.33,0.044219310769857856,-1.4278289610442558e-17,9.815875598595177,-7.28188912605959e-16,-2.252426998603545,-3.9363966123830897e-16,-1.2252293092225118e-15,-0.7824386901218671,5.564455830409355e-16
7.332,0.04409869971443392,-1.2992022626069706e-17,9.815988009080804,-6.626532148064181e-16,-2.246257695401267,-3.9082866162468174e-16,-1.2312841693992546e-15,-0.7869311979567702,5.631389407542013e-16
7.3340000000000005,0.04397683419219067,-1.1281210779190493e-17,9.816101281419396,-5.75494480410668e-16,-2.2400244388534363,-3.8816176682737386e-16,-1.2372243584142456e-15,-0.7914112393413049,5.698864647396708e-16
7.336,0.043853717554540594,-9.779869624997571e-18,9.816215402711165,-4.989949116725407e-16,-2.2337274064269006,-3.7995252553153086e-16,-1.2430822759421037e-15,-0.7958786867240021,5.767034375026934e-16
7.338,0.04372935318808846,-8.489631051228483e-18,9.816330359959727,-4.332626015557252e-16,-2.2273667774042756,-3.77522343409674e-16,-1.2488676984065778e-15,-0.8003334129119467,5.835730502377915e-16
7.34,0.04360374451436222,-7.412851364548062e-18,9.81644614007405,-3.7841698489454497e-16,-2.2209427328788376,-3.8082012339977684e-16,-1.2545904644514518e-15,-0.8047752910743976,5.90478472717134e-16
7.3420000000000005,0.04347689499032725,-6.113151445460444e-18,9.816562729869085,-3.121810309282338e-16,-2.2144554557493694,-3.672745453216211e-16,-1.260262716949375e-15,-0.8092041947464008,5.974679767993348e-16
7.344,0.0433488081083766,-5.035639008172851e-18,9.816680116067273,-2.5730119650637274e-16,-2.207905130714952,-3.707759933943971e-16,-1.2658716143576841e-15,-0.8136199978323884,6.044920536345185e-16
7.346,0.043219487395918854,-3.535238260068788e-18,9.816798285300498,-1.8088460736521488e-16,-2.2012919442697076,-3.747003283679883e-16,-1.271372768946358e-15,-0.8180225746097683,6.115488338557111e-16
7.348,0.043088936415163204,-2.240178392432209e-18,9.816917224111682,-1.1491569586231025e-16,-2.19461608469749,-3.72908307355706e-16,-1.2767988606328327e-15,-0.8224117997325057,6.186543863530246e-16
7.3500000000000005,0.04295715876361683,-1.5712312199137513e-18,9.817036918955836,-8.082377777321104e-17,-2.1878777420665214,-3.649309577056744e-16,-1.282227011699334e-15,-0.8267875482346903,6.258267443447513e-16
7.352,0.04282415807356976,-2.5676420123210517e-19,9.817157356201932,-1.3845067503101327e-17,-2.1810771082239855,-3.5203271031830816e-16,-1.2876024552911453e-15,-0.831149695534094,6.330805253900779e-16
7.354,0.04268993801175025,8.592832562686329e-19,9.817278522134782,4.303889553809919e-17,-2.1742143767905615,-3.333247317068047e-16,-1.2929585704703608e-15,-0.8354981174357188,6.404331286092205e-16
7.356,0.04255450228033819,2.583589278939598e-18,9.817400402955506,1.3086065644222647e-16,-2.1672897431549147,-3.3261550445507667e-16,-1.2981939647782405e-15,-0.8398326901353311,6.47830827014697e-16
7.3580000000000005,0.04241785461526959,3.68568765278052e-18,9.817522984784656,1.870056438948777e-16,-2.1603034044681313,-3.2547855755984395e-16,-1.303386083762006e-15,-0.844153290222991,6.552923914243837e-16
7.36,0.042279998788033346,4.790018133465781e-18,9.817646253662101,2.432625856611073e-16,-2.1532555596381076,-3.184475358180676e-16,-1.3085345821839067e-15,-0.8484597946865589,6.628174008904892e-16
7.362,0.04214093860439583,5.844142096843716e-18,9.81777019554963,2.969121648277007e-16,-2.146146409323885,-3.342222379518569e-16,-1.3135926810330958e-15,-0.8527520809152043,6.703364367033773e-16
7.364,0.042000677903917705,6.5286365610760356e-18,9.817894796333139,3.3178638813634675e-16,-2.1389761559299396,-3.266386989184561e-16,-1.3186508226798558e-15,-0.857030026702893,6.779198770464836e-16
7.3660000000000005,0.04185922056120095,7.86392101270194e-18,9.818020041822692,3.998114572166047e-16,-2.131745003600417,-3.1466272478660876e-16,-1.3236530768309489e-15,-0.8612935102518668,6.855811725716502e-16
7.368,0.04171657048515076,8.975622375888513e-18,9.818145917754855,4.56437032529751e-16,-2.124453158213322,-3.0805861217344154e-16,-1.3286099175166701e-15,-0.8655424101761123,6.933037716626304e-16
7.37,0.04157273161817976,1.0705868923777266e-17,9.818272409795298,5.445454853950442e-16,-2.117100827374657,-3.0859569547231796e-16,-1.3334413736511218e-15,-0.8697766055048176,7.010651730477753e-16
7.372,0.04142770793771433,1.1663040915225498e-17,9.818399503538402,5.933346533081605e-16,-2.1096882204125107,-2.847303794058356e-16,-1.3382838387628823e-15,-0.8739959756858146,7.089407775008148e-16
7.3740000000000006,0.041281503454625224,1.3203535185632827e-17,9.818527184510796,6.717881530742159e-16,-2.1022155483711003,-2.79456870809078e-16,-1.3430341132341584e-15,-0.8782004005890119,7.168729106756702e-16
7.376,0.04113412221374624,1.4132689497023474e-17,9.818655438172083,7.191229389758428e-16,-2.0946830240047594,-2.6709757391018786e-16,-1.3477715131418988e-15,-0.8823897605098142,7.248835697767667e-16
7.378,0.04098556829443201,1.525572462460728e-17,9.818784249916115,7.763160442633503e-16,-2.0870908617718844,-2.6103630584946955e-16,-1.3524612679067746e-15,-0.8865639361725338,7.329529929924978e-16
7.38,0.04083584580898414,1.6191187543823744e-17,9.818913605073899,8.239687242763147e-16,-2.079439277828827,-2.4885347348566835e-16,-1.357137584968475e-15,-0.8907228087337822,7.411005078936482e-16
7.382000000000001,0.040684958903718815,1.7695655890041255e-17,9.819043488914353,9.0055534967768e-16,-2.0717284900237405,-2.5551699620166236e-16,-1.3616959152370249e-15,-0.8948662597858583,7.492658927883126e-16
7.384,0.04053291175891616,1.9386765715874997e-17,9.819173886645627,9.866306474934391e-16,-2.063958717890378,-2.686063308760489e-16,-1.3661001405884942e-15,-0.8989941713601137,7.574273344746295e-16
7.386,0.040379708587632734,2.065467627686367e-17,9.81930478341843,1.0511568648829156e-15,-2.0561301826418426,-2.805800480964523e-16,-1.3703948568858194e-15,-0.903106425930317,7.655870091852098e-16
7.388,0.04022535363691837,2.1969722083188272e-17,9.819436164325698,1.1181044766788026e-15,-2.0482431071642866,-2.813870479220366e-16,-1.37460254380271e-15,-0.9072029064159977,7.73779905458767e-16
7.390000000000001,0.04006985118724948,2.3151453242225545e-17,9.819568014405322,1.17829777441333e-15,-2.0402977160105693,-2.6470367833670776e-16,-1.3787811880680474e-15,-0.9112834961857785,7.820624186799202e-16
7.392,0.03991320555193756,2.404830985350101e-17,9.81970031864212,1.223950772507391e-15,-2.0322942353938624,-2.643483697476031e-16,-1.3829179882930548e-15,-0.9153480790606989,7.903813089082555e-16
7.394,0.03975542107778818,2.5064409841149103e-17,9.819833061968872,1.2756788140145024e-15,-2.024232893181209,-2.6162955775091866e-16,-1.387006614795721e-15,-0.9193965393175196,7.987439188124497e-16
7.396,0.039596502144045864,2.6438605910736707e-17,9.819966229269015,1.345652902971772e-15,-2.0161139188870374,-2.5169795910223675e-16,-1.3910292495254258e-15,-0.9234287616920213,8.071736644756061e-16
7.398000000000001,0.039436453164011454,2.763840417356573e-17,9.820099805376483,1.4067175263706213e-15,-2.007937543666626,-2.555951850928751e-16,-1.394966859536472e-15,-0.9274446313822816,8.156242475739057e-16
7.4,0.03927527858270974,2.853830132663742e-17,9.820233775079775,1.452518823641596e-15,-1.999704000309522,-2.555914523101125e-16,-1.3988597338127948e-15,-0.9314440340519471,8.241079657284365e-16
7.402,0.039112982878490854,2.9678898623426994e-17,9.820368123122199,1.51058330919031e-15,-1.9914135232329147,-2.50878590070231e-16,-1.40269561317709e-15,-0.93542685583349,8.326401252520509e-16
7.404,0.03894957056246895,3.111950929900133e-17,9.820502834203669,1.58391254495009e-15,-1.9830663484749604,-2.503669365172589e-16,-1.406432124897137e-15,-0.9393929833314437,8.412059877166964e-16
7.406000000000001,0.0387850461779653,3.268158747366514e-17,9.820637892983235,1.6634283898632133e-15,-1.9746627136880641,-2.476294760523126e-16,-1.4100622700599464e-15,-0.9433423036256401,8.498122451491104e-16
7.408,0.03861941430134941,3.400257739077993e-17,9.820773284079518,1.7306580078944856e-15,-1.9662028581321098,-2.4977385782895935e-16,-1.4135964581583884e-15,-0.9472747042744163,8.584414346061307e-16
7.41,0.03845267954060727,3.574175816163593e-17,9.820908992074422,1.8191726766250387e-15,-1.9576870226676533,-2.538866317418024e-16,-1.4169856328558938e-15,-0.9511900733178226,8.670856863177479e-16
7.412,0.038284846536360995,3.7132289827481105e-17,9.821045001513104,1.889960065491726e-15,-1.9491154497490613,-2.4508619185484717e-16,-1.4203005638968797e-15,-0.9550882992808057,8.757884724965715e-16
7.414000000000001,0.03811591996137764,3.8505242724671113e-17,9.821181296906465,1.9598110910280956e-15,-1.94048838341761,-2.56525487137467e-16,-1.423485251989205e-15,-0.9589692711763861,8.844789150432663e-16
7.416,0.037945904520839235,3.9826552885992725e-17,9.821317862732297,2.0270481371455644e-15,-1.9318060692945378,-2.5921477342401886e-16,-1.4265685140458007e-15,-0.9628328785088129,8.931860947195354e-16
7.418,0.03777480495083463,4.114786470636061e-17,9.821454683439072,2.094283145262989e-15,-1.9230687545740501,-2.6204130550332794e-16,-1.429548969286442e-15,-0.9666790112767187,9.019084718022736e-16
7.42,0.03760262602061992,4.2592316294143813e-17,9.821591743444372,2.1677892109916287e-15,-1.914276688016284,-2.6272155058804273e-16,-1.4324192826186617e-15,-0.9705075599762407,9.10652518360236e-16
7.422000000000001,0.037429372529976135,4.374426738509434e-17,9.821729027140032,2.226410809481293e-15,-1.9054301199402244,-2.5918820265708795e-16,-1.435220724942865e-15,-0.9743184156041467,9.194322749139568e-16
7.424,0.03725504931081414,4.4942210816212974e-17,9.821866518892003,2.287354861420719e-15,-1.8965293022165783,-2.646873990752318e-16,-1.437921289775904e-15,-0.9781114696609362,9.282147594759403e-16
7.426,0.03707966122702544,4.59285922649654e-17,9.822004203041438,2.3375567003537854e-15,-1.8875744882606027,-2.547268807866078e-16,-1.4405875593193782e-15,-0.9818866141539264,9.370544919593904e-16
7.428,0.03690321317299894,4.7417474764238614e-17,9.822142063909272,2.4132989683005776e-15,-1.8785659330248905,-2.649320353144831e-16,-1.4431074350328669e-15,-0.985643741600334,9.458781285157734e-16
7.43,0.036725710074836826,4.8364827710663115e-17,9.822280085795251,2.461472766985825e-15,-1.8695038929921122,-2.752520510761628e-16,-1.4455341430061123e-15,-0.9893827450303269,9.546836900919375e-16
7.432,0.03654715689010146,4.977126288911845e-17,9.822418252980656,2.533047256041629e-15,-1.8603886261677138,-2.679129191302776e-16,-1.4478734177949764e-15,-0.9931035179900781,9.63534282610759e-16
7.434,0.03636755860658347,5.142046759597348e-17,9.82255654973134,2.6169314797655157e-15,-1.8512203920725694,-2.8532349971941384e-16,-1.4500235581393043e-15,-0.9968059545447896,9.723380128068293e-16
7.436,0.03618692024364467,5.27409098586929e-17,9.822694960297376,2.6841034259246583e-15,-1.8419994517355944,-2.8940171740595083e-16,-1.4520572146347314e-15,-1.0004899492817134,9.811419871873778e-16
7.438,0.036005246851525285,5.335917252197638e-17,9.822833468915793,2.715544071280934e-15,-1.8327260676863133,-2.865957309222509e-16,-1.4540663406292902e-15,-1.0041553973131505,9.899707432768933e-16
7.44,0.035822543510732,5.4897345866666897e-17,9.822972059812884,2.7938191845315565e-15,-1.8234005039473853,-2.7769658123090777e-16,-1.455975816350069e-15,-1.0078021942794384,9.98846348073903e-16
7.442,0.03563881533231328,5.621823926513058e-17,9.823110717206,2.8610080192875642e-15,-1.814023026027087,-2.821987601554292e-16,-1.4577645132318423e-15,-1.011430236351921,1.0077176629358178e-15
7.444,0.03545406745836743,5.760102195054911e-17,9.823249425303707,2.9313810730036945e-15,-1.8045939009117549,-2.668105362376853e-16,-1.4594885965982936e-15,-1.0150394202359079,1.0166586234364667e-15
7.446,0.035268305060633054,5.835158971766625e-17,9.823388168309803,2.9695535876782893e-15,-1.795113397058181,-2.621775171823982e-16,-1.4611776893806397e-15,-1.0186296431736108,1.0256282442988174e-15
7.448,0.035081533341444704,5.881879128617919e-17,9.823526930423666,2.99331046063806e-15,-1.7855817843859731,-2.528948729460176e-16,-1.4628754198774795e-15,-1.0222008029470742,1.0346439798517013e-15
7.45,0.03489375753285806,5.985675947299195e-17,9.823665695842728,3.046099967615217e-15,-1.7759993342698672,-2.532024889659688e-16,-1.4644919547073075e-15,-1.02575279788108,1.0436686574841799e-15
7.452,0.03470498289714019,6.089521940308467e-17,9.823804448764113,3.0989128328374723e-15,-1.766366319532003,-2.5362603689480885e-16,-1.4660258215474533e-15,-1.0292855268460506,1.0527007921742535e-15
7.454,0.034515214726709154,6.183221967165327e-17,9.82394317338536,3.1465407678827454e-15,-1.756683014434156,-2.6520179079431955e-16,-1.4674490094109753e-15,-1.0327988892609183,1.0616958283375717e-15
7.456,0.03432445834279996,6.248520993666949e-17,9.824081853908718,3.179721148083694e-15,-1.7469496946699297,-2.720394860130158e-16,-1.4688046385810326e-15,-1.0362927850959989,1.0706706850209918e-15
7.458,0.03413271909678617,6.339508865280573e-17,9.824220474540546,3.225981937133378e-15,-1.7371666373569041,-2.748616687052201e-16,-1.47007876795498e-15,-1.0397671148758316,1.0796398448504369e-15
7.46,0.03394000236945427,6.417586759749191e-17,9.82435901949417,3.2656674464924e-15,-1.7273341210287494,-2.7982556117647803e-16,-1.4712759952772693e-15,-1.043221779682017,1.0885936339796658e-15
7.462,0.03374631357079938,6.562476279719625e-17,9.824497472991496,3.3393562590105158e-15,-1.7174524256272934,-2.8373468457410733e-16,-1.47233040288366e-15,-1.0466566811560294,1.0975347393610312e-15
7.464,0.03355165813960692,6.623405971922976e-17,9.824635819265394,3.370339109093514e-15,-1.7075218324945522,-2.729511384827357e-16,-1.4733771343600398e-15,-1.0500717215020225,1.10652080582905e-15
7.466,0.03335604154448557,6.684591274734994e-17,9.824774042559646,3.401450879639494e-15,-1.69754262436472,-2.6224716164493e-16,-1.4744155409579787e-15,-1.0534668034896073,1.1155514141214988e-15
7.468,0.03315946928207403,6.747856512893964e-17,9.824912127133553,3.433604836817146e-15,-1.6875150853561196,-2.606010446840562e-16,-1.4754113473997977e-15,-1.056841830456626,1.1245895967038878e-15
7.47,0.032961946878309334,6.881542233565014e-17,9.825050057261283,3.501566292794973e-15,-1.6774395009631138,-2.760916179706437e-16,-1.4762307485185944e-15,-1.0601967063119013,1.1335641810732483e-15
7.472,0.03276347988763639,6.998728268178656e-17,9.825187817234616,3.561156056342391e-15,-1.6673161580479763,-2.7573219199863535e-16,-1.4769448948647553e-15,-1.0635313355379725,1.1425379123757487e-15
7.474,0.03256407389277616,7.063620077712048e-17,9.825325391364885,3.594119178042447e-15,-1.6571453448327247,-2.833179609581887e-16,-1.4775770794007422e-15,-1.066845623193818,1.1514767497973404e-15
7.476,0.032363734504712305,7.137401312891727e-17,9.825462763984875,3.6316527170237785e-15,-1.6469273508909155,-2.620981087990137e-16,-1.4782216723761022e-15,-1.0701394749175543,1.1604991189132678e-15
7.478,0.03216246736311934,7.267972180697414e-17,9.825599919449626,3.698051969472297e-15,-1.6366624671393988,-2.602063487128072e-16,-1.4787501683274756e-15,-1.0734127969291254,1.1695243136680075e-15
7.48,0.03196027813487845,7.398630126737143e-17,9.825736842139897,3.7644935105022424e-15,-1.6263509858300356,-2.5845951283511714e-16,-1.4791605922628409e-15,-1.0766654960329718,1.1785503724115373e-15
7.482,0.031757172515714416,7.448168739482953e-17,9.825873516461785,3.789665271036722e-15,-1.6159932005413777,-2.503266239613152e-16,-1.4795582171308536e-15,-1.079897479620686,1.1876032879035448e-15
7.484,0.031553156228380175,7.566762163484869e-17,9.826009926850507,3.849946779625871e-15,-1.605589406170309,-2.597534857682319e-16,-1.4798060616571907e-15,-1.0831086556736464,1.196607525752932e-15
7.486,0.03134823502344375,7.713367687075668e-17,9.826146057770853,3.924457880578798e-15,-1.5951398989236503,-2.835236077865877e-16,-1.4798188614164836e-15,-1.0862989327656394,1.2054991974045225e-15
7.488,0.031142414679044883,7.845628299736297e-17,9.826281893719928,3.991679336018523e-15,-1.5846449763097235,-3.003376337371734e-16,-1.479634208521879e-15,-1.0894682200654617,1.21430485449241e-15
7.49,0.030935701000420757,7.963751550231616e-17,9.826417419227912,4.05171688784423e-15,-1.574104937129885,-3.1017208300054377e-16,-1.4792903894217065e-15,-1.092616427339507,1.2230519301099294e-15
7.492,0.030728099820236388,8.068457907554566e-17,9.826552618860344,4.104923198343482e-15,-1.5635200814700159,-3.2199351508622337e-16,-1.4787909753160999e-15,-1.095743464954335,1.2317294414174297e-15
7.494,0.030519616997514376,8.173420075755997e-17,9.82668747722068,4.158244461931504e-15,-1.5528907106919794,-3.4293093264365676e-16,-1.4780975142317398e-15,-1.0988492438792237,1.2402948451297489e-15
7.496,0.030310258419045777,8.26442786551315e-17,9.826821978950075,4.204475597831761e-15,-1.5422171274250405,-3.5683257345166863e-16,-1.477248655053705e-15,-1.1019336756887033,1.2487761234156368e-15
7.498,0.03010002999767014,8.327718196015108e-17,9.82695610873085,4.236652541647537e-15,-1.5314996355572497,-3.385215491498899e-16,-1.4763979558448226e-15,-1.1049966725650755,1.257314229002938e-15
7.5,0.02988893767290035,8.43190864725011e-17,9.827089851287951,4.2895916428776645e-15,-1.5207385402267914,-3.5084876089620555e-16,-1.47538120685456e-15,-1.1080381473009124,1.2657719492040842e-15
7.502,0.0296769874103191,8.549343931131763e-17,9.827223191390416,4.3492711154734715e-15,-1.5099341478132962,-3.615082549815262e-16,-1.4741889165886497e-15,-1.1110580133015417,1.2741541526276372e-15
7.5040000000000004,0.029464185202331183,8.653331352952072e-17,9.827356113852147,4.402117961342353e-15,-1.499086765929118,-3.6509979799641123e-16,-1.4728608615697779e-15,-1.1140561845875103,1.2824903469628863e-15
7.506,0.0292505370670888,8.690089735266142e-17,9.827488603535729,4.420745772882833e-15,-1.4881967034105759,-3.7768574841670253e-16,-1.4714268151697308e-15,-1.117032575797032,1.2907377829646436e-15
7.508,0.02903604904862167,8.713834046924008e-17,9.827620645352292,4.432776267234894e-15,-1.4772642703091614,-3.7412837485835364e-16,-1.4699642601611914e-15,-1.1199871021884216,1.2989683547053794e-15
7.51,0.028820727216849473,8.804691948127394e-17,9.827752224264179,4.47895101283166e-15,-1.466289777882711,-3.70866613334819e-16,-1.4684025248442149e-15,-1.1229196796425016,1.3071796239203781e-15
7.5120000000000005,0.02860457766659774,8.9081458755127e-17,9.827883325287306,4.531509182973687e-15,-1.4552735385865445,-3.8396107617709627e-16,-1.466658847042275e-15,-1.1258302246650047,1.315294202365438e-15
7.514,0.028387606518956776,8.984993528818201e-17,9.828013933490514,4.5705383776429465e-15,-1.444215866064569,-3.9165640961073106e-16,-1.4647802193163912e-15,-1.1287186543889454,1.3233345832832055e-15
7.516,0.02816981991999601,9.02253801859802e-17,9.828144033999537,4.589590003487523e-15,-1.433117075140349,-3.8664353515967142e-16,-1.4628584456534898e-15,-1.1315848865769804,1.3313584461634522e-15
7.518,0.027951224040672518,9.127205821674287e-17,9.82827361199774,4.642788538858027e-15,-1.421977481808144,-3.821485348488637e-16,-1.4608218210575213e-15,-1.1344288396237547,1.3393622190841243e-15
7.5200000000000005,0.0277318250766192,9.216634031962469e-17,9.82840265272868,4.688205088788983e-15,-1.4107974032239106,-3.974580092566701e-16,-1.4585989884393642e-15,-1.1372504325582187,1.3472502583278021e-15
7.522,0.027511629248890834,9.320447168844041e-17,9.828531141496054,4.74095377604587e-15,-1.3995771576962728,-4.022111185935033e-16,-1.4562179859940716e-15,-1.1400495850459371,1.3550700372018644e-15
7.524,0.02729064280267046,9.398083072634471e-17,9.828659063666926,4.7803923560859e-15,-1.3883170646774605,-4.014668897799259e-16,-1.4537272681433022e-15,-1.142826217391377,1.3628458877503101e-15
7.526,0.02706887200736885,9.489404110756536e-17,9.828786404672904,4.826794088593709e-15,-1.3770174447542134,-3.9916550488006924e-16,-1.4511180448807035e-15,-1.1455802505401749,1.3705837035279082e-15
7.5280000000000005,0.02684632315687363,9.539859832326923e-17,9.82891315001203,4.852399637442281e-15,-1.3656786196386548,-4.019621698267298e-16,-1.4484077146192216e-15,-1.1483116060813887,1.3782571751349886e-15
7.53,0.026623002569345022,9.580715699394138e-17,9.829039285249092,4.873155642508035e-15,-1.3543009121591303,-3.795508377319518e-16,-1.4457170158550512e-15,-1.151020206249732,1.3859882666245208e-15
7.532,0.026398916586353405,9.647865303368589e-17,9.82916479601955,4.907278497629886e-15,-1.3428846462510184,-3.629300814301395e-16,-1.4429934928868317e-15,-1.1537059739277842,1.39374882321287e-15
7.534,0.026174071573180857,9.701604568668337e-17,9.829289668029599,4.934576519886617e-15,-1.331430146947506,-3.4804351036636336e-16,-1.4402427414134492e-15,-1.1563688326481913,1.4015301053787827e-15
7.5360000000000005,0.025948473918786075,9.807211138217783e-17,9.829413887058374,4.9882422428829825e-15,-1.3199377403703363,-3.44736442216754e-16,-1.4373585755277018e-15,-1.1590087065958385,1.4092738384759917e-15
7.538,0.025722130035667146,9.909479305804979e-17,9.829537438958505,5.040185076280751e-15,-1.308407753720523,-3.595198869972633e-16,-1.4342593634390769e-15,-1.1616255206100117,1.4168874560722437e-15
7.54,0.025495046359291784,9.989487472360566e-17,9.829660309659362,5.0808350655455865e-15,-1.2968405152690325,-3.5070218591013403e-16,-1.4310739369896806e-15,-1.1642192001865383,1.4244871234319935e-15
7.542,0.02526722934771941,1.0067773181967246e-16,9.829782485167978,5.120596385064888e-15,-1.2852363543474414,-3.5097684680363167e-16,-1.4277605106665666e-15,-1.1667896714799044,1.432025595799567e-15
7.5440000000000005,0.025038685482513312,1.0122489667104287e-16,9.829903951570122,5.1483872832541196e-15,-1.2735956013385574,-3.365789165871726e-16,-1.4244102746124436e-15,-1.1693368613053627,1.4395762304018646e-15
7.546,0.02480942126722452,1.0210583758305636e-16,9.830024695032568,5.1931154306571656e-15,-1.2619185876670136,-3.534602695608265e-16,-1.4208405365355944e-15,-1.171860697141013,1.4469775392262852e-15
7.548,0.02457944322830974,1.0307062817381836e-16,9.830144701804285,5.242152912813214e-15,-1.2502056457898332,-3.3457722886795237e-16,-1.4172098714539326e-15,-1.1743611071298672,1.4544113068495819e-15
7.55,0.024348757914046892,1.0443080424999942e-16,9.830263958218131,5.311294265226608e-15,-1.2384571091869634,-3.2013602435090753e-16,-1.4134563612552747e-15,-1.1768380200818989,1.4618540612415662e-15
7.5520000000000005,0.024117371895012507,1.0493999938315779e-16,9.830382450692655,5.337128339915235e-15,-1.2266733123517806,-3.2407963698413466e-16,-1.4095769598745465e-15,-1.1792913654760637,1.4692088532590817e-15
7.554,0.023885291763659833,1.0584062949481865e-16,9.830500165733076,5.382866077709339e-15,-1.214854590781568,-3.3248751106226517e-16,-1.4055078327194592e-15,-1.1817210734623151,1.476449996519849e-15
7.556,0.02365252413399599,1.0704257563498943e-16,9.830617089933352,5.4439430378193574e-15,-1.2030012809679627,-3.290052429527149e-16,-1.4012737699134228e-15,-1.1841270748635866,1.483637750753718e-15
7.558,0.02341907564160728,1.078545461739571e-16,9.830733209977582,5.485189527454272e-15,-1.1911137203873754,-3.212536946784867e-16,-1.396933791805355e-15,-1.1865093011777665,1.4907932245564846e-15
7.5600000000000005,0.023184952943298587,1.0878046759642925e-16,9.830848512640976,5.5322219654775506e-15,-1.1791922474913834,-3.2107834309238404e-16,-1.3924373659388647e-15,-1.188867684579643,1.4978745842790795e-15
7.562,0.022950162716964595,1.1045969776199834e-16,9.830962984792194,5.61754576467867e-15,-1.1672372016970927,-3.3892229214363324e-16,-1.387615371896142e-15,-1.1912021579228422,1.5047824018523428e-15
7.564,0.022714711661543152,1.1174734470710854e-16,9.831076613394833,5.682957934727183e-15,-1.1552489233774754,-3.524537700297406e-16,-1.3825252887127443e-15,-1.1935126547417345,1.5115361052474765e-15
7.566,0.022478606496661335,1.1303362238921506e-16,9.831189385507608,5.748299618877974e-15,-1.1432277538516797,-3.661380315389162e-16,-1.3771629113998827e-15,-1.1957991092533287,1.5181314051768478e-15
7.5680000000000005,0.022241853962163383,1.1390809014377923e-16,9.831301288287765,5.792740686002588e-15,-1.1311740353753097,-3.410895432781528e-16,-1.371764603181149e-15,-1.1980614563591478,1.5247776835963205e-15
7.57,0.02200446081870311,1.1536299811632265e-16,9.83141230899104,5.866668282915067e-15,-1.1190881111306838,-3.4466244026131325e-16,-1.3661243454288295e-15,-1.200299631647077,1.5313171291351064e-15
7.572,0.02176643384667143,1.1670909258862857e-16,9.831522434973424,5.935069065082773e-15,-1.106970325217062,-3.4090339971980435e-16,-1.3602885182417763e-15,-1.2025135713932034,1.5377879040153048e-15
7.574,0.021527779846603146,1.1763650897213111e-16,9.831631653693114,5.982171488405565e-15,-1.0948210226408495,-3.4164468300996516e-16,-1.3542744701175501e-15,-1.2047032125636266,1.5441631668534974e-15
7.5760000000000005,0.021288505638611177,1.185966232754073e-16,9.831739952711828,6.030945875798041e-15,-1.0826405493057747,-3.3357136404613677e-16,-1.3481230234250348e-15,-1.2068684928162559,1.5504904497010698e-15
7.578,0.02104861806238789,1.2012561695743078e-16,9.831847319695642,6.108619199446629e-15,-1.0704292520030396,-3.542616171981393e-16,-1.341623033047759e-15,-1.2090093505025836,1.5566058928817265e-15
7.58,0.020808123977044346,1.2105328914126146e-16,9.831953742416825,6.155732699365324e-15,-1.0581874784014478,-3.554043164700007e-16,-1.3349353598449691e-15,-1.2111257246694425,1.5626165273137647e-15
7.582,0.020567030260676855,1.2198114104658477e-16,9.832059208755279,6.202854821062634e-15,-1.0459155770375042,-3.566818663040176e-16,-1.3280571755147065e-15,-1.2132175550607396,1.5685196006121641e-15
7.5840000000000005,0.020325343810412733,1.2266364920898239e-16,9.832163706699959,6.237506205833771e-15,-1.0336138973054934,-3.519691226013314e-16,-1.3210436605149118e-15,-1.2152847821191717,1.5743476298449524e-15
7.586,0.020083071541920017,1.234875126851498e-16,9.832267224349682,6.279347009153855e-15,-1.0212827894475307,-3.45978735305357e-16,-1.3138859752492994e-15,-1.2173273469879224,1.5801067152866677e-15
7.588,0.01984022038963751,1.2452023398644494e-16,9.832369749915166,6.331792997159642e-15,-1.0089226045435915,-3.5520700761272847e-16,-1.3064785934936902e-15,-1.2193451915123372,1.5857071991893504e-15
7.59,0.019596797306085545,1.2520474348478386e-16,9.832471271720433,6.3665450899191396e-15,-0.9965336945015149,-3.508614076428975e-16,-1.2989286126461643e-15,-1.2213382582415844,1.591225740940418e-15
7.5920000000000005,0.019352809262068504,1.2631252542221218e-16,9.832571778203077,6.422824945032761e-15,-0.9841164120469836,-3.4250919152312816e-16,-1.2912136613041934e-15,-1.2233064904302773,1.5966845385984978e-15
7.594,0.019108263245853685,1.2738282359030497e-16,9.832671257917125,6.477189229406572e-15,-0.9716711107134839,-3.43233315345912e-16,-1.2832860402986974e-15,-1.2252498320401055,1.6020289611886121e-15
7.596,0.018863166263982656,1.2824991362344016e-16,9.832769699532776,6.521234308231549e-15,-0.9591981448322376,-3.2896981287992363e-16,-1.275248220951209e-15,-1.2271682277414235,1.6073461812148952e-15
7.598,0.018617525339929664,1.2970456522807555e-16,9.83286709183924,6.595137195541645e-15,-0.9466978695221148,-3.348455277177153e-16,-1.2669267568880974e-15,-1.2290616229148243,1.6125155517370767e-15
7.6000000000000005,0.018371347514837044,1.3101764587329203e-16,9.832963423744332,6.661839295308367e-15,-0.9341706406795233,-3.42233566113757e-16,-1.2583249344597228e-15,-1.2309299636526985,1.617525543512629e-15
7.602,0.018124639846611057,1.3237146569682248e-16,9.833058684277457,6.730620633601991e-15,-0.9216168149682761,-3.408578088683232e-16,-1.2494858030141956e-15,-1.232773196760769,1.6224264852883402e-15
7.604,0.01787740941007776,1.3386711983187843e-16,9.833152862589454,6.80661447025245e-15,-0.9090367498094357,-3.3830911845348664e-16,-1.2403998502116591e-15,-1.2345912697596007,1.6272237844073313e-15
7.606,0.017629663296705456,1.3532084337640814e-16,9.833245947954747,6.880467336946214e-15,-0.8964308033711392,-3.4484589234981944e-16,-1.2310174133244783e-15,-1.2363841308861019,1.6318605049776748e-15
7.6080000000000005,0.017381408614214333,1.363369082753433e-16,9.833337929772249,6.932084786393333e-15,-0.8837993345583994,-3.3008037616990553e-16,-1.2215038864548119e-15,-1.238151729094995,1.636464878724055e-15
7.61,0.017132652486786082,1.3760518289283218e-16,9.833428797566075,6.996498030473894e-15,-0.871142703002887,-3.471756787258688e-16,-1.211648015904863e-15,-1.2398940140602661,1.640840629044206e-15
7.612,0.016883402054242325,1.3905806003489791e-16,9.833518540987857,7.0703063557350955e-15,-0.858461269052692,-3.5421063057852867e-16,-1.2014865780955373e-15,-1.2416109361766068,1.6450468183719768e-15
7.614,0.01663366447232395,1.4027157523620795e-16,9.833607149816718,7.131948943899754e-15,-0.8457553937620634,-3.5510215746421313e-16,-1.1910777803944723e-15,-1.243302446560817,1.6491194827007737e-15
7.6160000000000005,0.016383446912179966,1.4200768375641712e-16,9.833694613961523,7.220159597185154e-15,-0.8330254388811295,-3.5988344693557713e-16,-1.1803437605053193e-15,-1.244968497053205,1.6530327160444367e-15
7.618,0.01613275656050206,1.4213103346131578e-16,9.833780923461074,7.226370567563862e-15,-0.8202717668455983,-3.624778267997644e-16,-1.1694597976304645e-15,-1.246609040218952,1.656798645884329e-15
7.62,0.01588160061900412,1.42634227070337e-16,9.83386606848563,7.251891222276161e-15,-0.80749474076644,-3.702412484435108e-16,-1.1583551925089583e-15,-1.2482240293494677,1.6603836439150975e-15
7.622,0.01562998630389245,1.4294655993483133e-16,9.833950039338676,7.267720363625776e-15,-0.7946947244195461,-3.6287622922387957e-16,-1.1471386866318649e-15,-1.2498134184637195,1.6638821388654083e-15
7.6240000000000006,0.015377920846519899,1.434492105278668e-16,9.834032826456637,7.293214383988722e-15,-0.7818720822353741,-3.708896903358481e-16,-1.135697816738601e-15,-1.251377162309539,1.6671961403155389e-15
7.626,0.015125411492294294,1.4371473315813705e-16,9.834114420411206,7.306657490647547e-15,-0.7690271792885719,-3.726563489713454e-16,-1.1240931471916697e-15,-1.2529152163649138,1.670364271182569e-15
7.628,0.014872465501049259,1.4388644731504673e-16,9.834194811909931,7.315337508046555e-15,-0.7561603812875821,-3.669000891262913e-16,-1.1123793732294603e-15,-1.2544275368392501,1.6734342533357907e-15
7.63,0.014619090146454461,1.4396541383938394e-16,9.834273991797053,7.319308213324341e-15,-0.7432720545642313,-3.5361350620891435e-16,-1.1006121458474507e-15,-1.255914080674631,1.6764548519164058e-15
7.632000000000001,0.014365292715952993,1.4441762146656275e-16,9.834351951055295,7.342233394947913e-15,-0.7303625660632993,-3.71019753378051e-16,-1.088564869007299e-15,-1.257374805547026,1.6792277501365415e-15
7.634,0.014111080510573082,1.4459087587650107e-16,9.834428680805784,7.350993490950359e-15,-0.7174322833320719,-3.6560043811566234e-16,-1.0764053783020835e-15,-1.2588096698675115,1.6818998276688121e-15
7.636,0.013856460844618557,1.4509175648723339e-16,9.834504172310096,7.376401216899655e-15,-0.7044815745098769,-3.7436637735917696e-16,-1.0640120823017596e-15,-1.2602186327834441,1.6843784521220243e-15
7.638,0.013601441045106633,1.4517408009795878e-16,9.834578416970569,7.38054481738994e-15,-0.6915108083176011,-3.6151659453698305e-16,-1.0515617494655469e-15,-1.2616016541796309,1.686804778453692e-15
7.640000000000001,0.013346028452763559,1.4520608755337015e-16,9.834651406331604,7.382124762614646e-15,-0.6785203540471945,-3.5766051939286295e-16,-1.0390039247438868e-15,-1.2629586946794704,1.6891205410597226e-15
7.642,0.01309023041976598,1.4514756834703648e-16,9.834723132081077,7.379108167482535e-15,-0.6655105815511543,-3.4624942866716404e-16,-1.0263958349863592e-15,-1.2642897156460675,1.6913762514855665e-15
7.644,0.012834054311564369,1.4541418288596673e-16,9.83479358604972,7.392612758172238e-15,-0.6524818612319953,-3.490638116705805e-16,-1.0136151001253178e-15,-1.2655946791833437,1.693478297423497e-15
7.646,0.012577507505489915,1.456807438564125e-16,9.834862760213888,7.406115398946213e-15,-0.6394345640317043,-3.51995253614131e-16,-1.000660740284755e-15,-1.2668735481371063,1.6954257951052796e-15
7.648000000000001,0.012320597390557353,1.4566109712657936e-16,9.83493064669582,7.405066756915371e-15,-0.6263690614211785,-3.574504489769411e-16,-9.875455964073336e-16,-1.2681262860961162,1.697201848559967e-15
7.65,0.012063331367624386,1.4540858703693726e-16,9.834997237763714,7.392184655646498e-15,-0.6132857253896496,-3.5653574718083324e-16,-9.743341896599205e-16,-1.2693528573931172,1.6988494010377494e-15
7.652,0.011805716849204728,1.4504817345379318e-16,9.835062525833665,7.373807324009821e-15,-0.6001849284340922,-3.734661555552512e-16,-9.609228063810917e-16,-1.2705532271058526,1.7002484685675969e-15
7.654,0.011547761258545286,1.448672676175825e-16,9.835126503470342,7.364568216913295e-15,-0.5870670435486187,-3.7215675535968617e-16,-9.47410678317439e-16,-1.271727361058061,1.7015222383529112e-15
7.656000000000001,0.011289472030450831,1.4493512609232163e-16,9.83518916338738,7.367968286967184e-15,-0.5739324442138597,-3.85726451412808e-16,-9.33676288431431e-16,-1.2728752258204548,1.7025701221341324e-15
7.658,0.011030856610066309,1.4473786301897793e-16,9.835250498448639,7.357904413348042e-15,-0.5607815043863302,-3.763448369525274e-16,-9.198962373010334e-16,-1.2739967887116594,1.7035488320935793e-15
7.66,0.010771922453042926,1.44612998475246e-16,9.835310501668776,7.351522222753889e-15,-0.5476145984877828,-3.664775892765345e-16,-9.060678305875929e-16,-1.275092017799155,1.7044633065726249e-15
7.662,0.010512677025577233,1.4450461051628446e-16,9.83536916621388,7.345973991751467e-15,-0.5344321013945472,-3.649932099103679e-16,-8.921357244830223e-16,-1.276160881900182,1.7052574948093862e-15
7.664000000000001,0.010253127803680595,1.4453991099426756e-16,9.8354264854033,7.34773198351825e-15,-0.5212343884268569,-3.6244639908254773e-16,-8.780933215045415e-16,-1.2772033505826277,1.705939856810376e-15
7.666,0.00999328227334928,1.446472338170722e-16,9.83548245270876,7.353152492773612e-15,-0.5080218353381636,-3.5942715294632895e-16,-8.639375429079191e-16,-1.2782193941658946,1.7065149048034751e-15
7.668,0.009733147929742891,1.4465345459058786e-16,9.835537061756268,7.353442101942772e-15,-0.49479481830443905,-3.4054006862203926e-16,-8.497856015743512e-16,-1.2792089837217455,1.7070943909252978e-15
7.67,0.00947273227769374,1.446179694737674e-16,9.835590306326527,7.35160377414018e-15,-0.48155371391346374,-3.3889953940916697e-16,-8.355288645631389e-16,-1.2801720910751269,1.707560470746468e-15
7.672000000000001,0.009212042831340472,1.4464031687528504e-16,9.835642180355629,7.352710491725517e-15,-0.4682988991541065,-3.2851031527122007e-16,-8.212214363111821e-16,-1.2811086888049676,1.7079758255676554e-15
7.674,0.00895108711296988,1.4467719071029916e-16,9.83569267793568,7.354552590453043e-15,-0.4550307514055899,-3.265109732666802e-16,-8.068073173935209e-16,-1.282018750244969,1.7082835956361565e-15
7.676,0.008689872654263908,1.4439952841470278e-16,9.835741793315718,7.340412465836395e-15,-0.44174964842674647,-3.1034931837677564e-16,-7.924156265003679e-16,-1.2829022494843534,1.7085851795043308e-15
7.678,0.008428406994373638,1.446793519924981e-16,9.835789520902113,7.354600218788732e-15,-0.42845596834526256,-3.234192055971032e-16,-7.777941206527068e-16,-1.2837591613686086,1.7086766265700375e-15
7.68,0.008166697681742274,1.4464483506522789e-16,9.835835855259134,7.352815764398123e-15,-0.4151500896469135,-3.2231768498576116e-16,-7.630717122351384e-16,-1.2845894615002007,1.7086591361496186e-15
7.682,0.007904752271372661,1.4462325126556164e-16,9.83588079110999,7.351686418891284e-15,-0.40183239116478664,-3.2960604188605733e-16,-7.4819159089559245e-16,-1.2853931262392746,1.7084749147199615e-15
7.684,0.007642578326916727,1.4481725693800135e-16,9.83592432333692,7.361518232954618e-15,-0.38850325206849606,-3.353046458639235e-16,-7.331439525363903e-16,-1.28617013270432,1.7081366671035656e-15
7.686,0.007380183419040787,1.4478286349008437e-16,9.835966446982255,7.359743194550123e-15,-0.3751630518533867,-3.3452725323635396e-16,-7.179978552487427e-16,-1.2869204587728238,1.7076922215050274e-15
7.688,0.007117575125580977,1.4497659463000842e-16,9.836007157248297,7.369563184788027e-15,-0.36181217032972984,-3.404514888236214e-16,-7.026859643621659e-16,-1.2876440830819076,1.7070956405455345e-15
7.69,0.006854761031414025,1.4487029134238426e-16,9.83604644949915,7.364134603176735e-15,-0.3484509876119093,-3.4045217191732154e-16,-6.872812532243181e-16,-1.2883409850289265,1.706391216698289e-15
7.692,0.006591748727752478,1.451473863533312e-16,9.83608431925932,7.378191856059472e-15,-0.33507988410759887,-3.5432435203410842e-16,-6.716509805928367e-16,-1.2890111447720596,1.7054813587145535e-15
7.694,0.006328545812505304,1.4520792274967825e-16,9.836120762216455,7.381241535626328e-15,-0.32169924050693166,-3.6998756262100177e-16,-6.558062062091906e-16,-1.2896545432308781,1.7043547347693411e-15
7.696,0.006065159889726779,1.4517343365860861e-16,9.836155774219586,7.37946717139907e-15,-0.3083094377716613,-3.6975153359470806e-16,-6.398684673496089e-16,-1.290271162086884,1.7031278675002015e-15
7.698,0.005801598569485478,1.452831021303376e-16,9.836189351281591,7.385022103360231e-15,-0.2949108571243156,-3.6851065180394585e-16,-6.23832483006645e-16,-1.290860983784033,1.7018105408524836e-15
7.7,0.005537869467296286,1.4524871306817586e-16,9.836221489578387,7.383254893926339e-15,-0.28150388003734206,-3.6849130969649125e-16,-6.07706895016133e-16,-1.291423991529236,1.700396529852904e-15
7.702,0.005273980204435702,1.4505952102758892e-16,9.836252185449725,7.373621671385045e-15,-0.2680888882222477,-3.614049359419364e-16,-5.915593681372446e-16,-1.291960169292836,1.69893987771565e-15
7.704,0.005009938407013692,1.448705722316142e-16,9.836281435399941,7.364001739022185e-15,-0.2546662636187301,-3.5442441927424397e-16,-5.753920705526657e-16,-1.2924695018090622,1.6974428686948287e-15
7.706,0.004745751706374257,1.4489815596922008e-16,9.83630923609738,7.365389931252297e-15,-0.24123638838380396,-3.458926389408786e-16,-5.591968199111072e-16,-1.2929519745764706,1.6959198892540342e-15
7.708,0.004481427738681987,1.4493619374082564e-16,9.836335584376267,7.367308460819969e-15,-0.22779964488091953,-3.457539323583867e-16,-5.429166430477131e-16,-1.2934075738583506,1.6943127959800455e-15
7.71,0.00421697414408051,1.448400639166411e-16,9.836360477235774,7.362406049940471e-15,-0.21435641566907737,-3.551094962218667e-16,-5.265011928084515e-16,-1.2938362866831234,1.6925550698173356e-15
7.712,0.003952398567263593,1.448879803193929e-16,9.836383911840779,7.364827317711276e-15,-0.20090708349193548,-3.634725246050563e-16,-5.099453881966334e-16,-1.2942381008447015,1.6906566785369265e-15
7.714,0.003687708656794353,1.4508978656736022e-16,9.83640588552237,7.375070987994272e-15,-0.18745203126691207,-3.791309012592387e-16,-4.931847929979692e-16,-1.2946130049028435,1.6885669234577315e-15
7.716,0.0034229120650990374,1.4497364496795573e-16,9.83642639577795,7.369158300516498e-15,-0.1739916420742837,-3.722372548650693e-16,-4.764136585936903e-16,-1.2949609881834818,1.6864541380833467e-15
7.718,0.003158016447884382,1.4486720944157097e-16,9.836445440271762,7.363738574391486e-15,-0.16052629914627853,-3.73735159664072e-16,-4.595749496154271e-16,-1.2952820407790158,1.6842600617667203e-15
7.72,0.0028930294643561005,1.4504939170712376e-16,9.836463016835017,7.372991124074686e-15,-0.14705638585616437,-3.731519392270794e-16,-4.4265719076898604e-16,-1.2955761535486086,1.6820032611603449e-15
7.722,0.002627958776162842,1.44861368214862e-16,9.836479123465574,7.363427453303558e-15,-0.13358228570733388,-3.671240404909535e-16,-4.257398560784832e-16,-1.2958433181184337,1.679727205529195e-15
7.724,0.0023628141554210558,-7.876605424834942e-06,9.836502531307676,-0.0004003737294927083,-0.12010438232238667,2.1543787321839282e-05,-9.53963835880817e-07,-1.296083526881903,1.591907156277766e-07
7.726,0.002097604429291078,-2.3629362378794808e-05,9.836542009738986,-0.0012010941698437515,-0.10662305944766474,6.464111595784136e-05,-3.816855371241507e-06,-1.2962967729996808,6.37827438565493e-07
7.728,0.0018323358466179052,-4.725749548520706e-05,9.836597551466346,-0.002402114039384675,-0.09313870101964675,0.00012929871916848,-9.54411927658174e-06,-1.2964830503994489,1.5967398029144166e-06
7.73,0.0015670146602269064,-7.875990760793833e-05,9.83666914550456,-0.004003365784621623,-0.07965169124683778,0.00021552030761087717,-1.9091158298605405e-05,-1.2966423537754173,3.1968380885443975e-06
7.732,0.001301647129852146,-0.00011813517974365057,9.836756777177529,-0.006004761582866367,-0.0661624146916691,0.00032330656853375543,-3.341280813512359e-05,-1.2967746785875853,5.5986171642655136e-06
7.734,0.0010362395226843901,-0.00016538157108690192,9.8368604281246,-0.008406193356387875,-0.052671256352362944,0.0004526551660449982,-5.346281103581058e-05,-1.2968800210607645,8.961659151890657e-06
7.736,0.0007707981177840217,-0.00022049701926873098,9.836980076309034,-0.011207532798105949,-0.03917860174472389,0.0006035607424531861,-8.019328926156828e-05,-1.2969583781833647,1.344413591348394e-05
7.738,0.0005053292065624326,-0.00028347914076910265,9.837115696030677,-0.014408631408829213,-0.02568483698381514,0.0007760149206833622,-0.00011455421954022639,-1.2970097477059457,1.9202312467796273e-05
7.74,0.00023983909594615938,-0.0003543252315031817,9.837267257942031,-0.018009320546014215,-0.012190348865479298,0.0009700063077650051,-0.0001574929096575128,-1.2970341281395585,2.639005244313896e-05
7.742,-2.5665889877402037e-05,-0.0004330322675811586,9.837434729069075,-0.022009411483996943,0.0013044750523383507,0.001185520499388689,-0.0002099534783192261,-1.2970315187538826,3.515832667104105e-05
7.744,-0.00029117940641665285,-0.000519596906240428,9.837618072833465,-0.026408695485621546,0.014799246368502437,0.0014225400855258502,-0.0002728763394133291,-1.2970019195751763,4.5654726017979866e-05
7.746,-0.0005566950884388078,-0.000614015486949342,9.837817249080613,-0.031206943885165504,0.028293575757880867,0.001681044657104263,-0.00034719769178928644,-1.2969453313840487,5.8022979541283096e-05
7.748,-0.0008222065457315075,-0.0007162840326806932,9.838032214110289,-0.036403908182435475,0.0417870728908552,0.001961010813730065,-0.0004338490156564423,-1.2968617557131008,7.240247904004144e-05
7.75,-0.0010877073618074107,-0.0008263982513525105,9.838262920709823,-0.04199932014788254,0.05527934635319206,0.002262412172445315,-0.0005337565766836428,-1.2967511948444184,8.892781105259361e-05
7.752,-0.0013531910926185553,-0.0009443535374346061,9.838509318192404,-0.04799289193856099,0.06877000356631492,0.0025852193775084756,-0.000647840938858769,-1.2966136518069693,0.00010772829732898229
7.7540000000000004,-0.0016186512627385241,-0.0010701449737165426,9.83877135243625,-0.0543843162247311,0.08225865070801912,0.0029294001111830944,-0.0007770164871394486,-1.2964491303739338,0.00012892754477979702
7.756,-0.001884081364375234,-0.0012037673332363269,9.839048965930324,-0.06117326632688238,0.09574489263366624,0.0032949191055189134,-0.0009221909608951214,-1.2962576350599586,0.00015264300587221154
7.758,-0.002149474854804545,-0.0013452150813628582,9.83934209781945,-0.06835939636293145,0.10922833279790368,0.0036817381551073544,-0.0010842649991060294,-1.296039171118414,0.00017898555040993225
7.76,-0.0024148251543736343,-0.0014944823780315272,9.839650683955147,-0.07594234140532631,0.12270857317694674,0.004089816130792501,-0.001264131698246689,-1.2957937445386507,0.00020805904959634165
7.7620000000000005,-0.0026801256447561705,-0.0016515630801257732,9.83997465694743,-0.08392171764776801,0.13618521419146362,0.004519108994316276,-0.00146267618374029,-1.2955213620432915,0.00023995997323961814
7.764,-0.0029452623665782163,-0.001808505356069998,9.839955725887304,-0.09189674851835147,0.14965785463010658,0.004948033352619084,-0.0016798225396799417,-1.2952220311577851,0.00027461914320089893
7.766,-0.003210311084111961,-0.0019653529388095,9.839934950877824,-0.09986702844745443,0.16312609868796393,0.005376554194457348,-0.0019154879792510893,-1.29489576016166,0.0003119611312835584
7.768,-0.0034752638637396416,-0.00212209779730014,9.839912336133436,-0.1078321537123919,0.17658955071398597,0.00580463665908796,-0.0021695829664990975,-1.294542558090278,0.00035190437665630873
7.7700000000000005,-0.0037401127765872566,-0.0022787319403826892,9.839887886225641,-0.11579172258752414,0.19004781522492256,0.006232246048687804,-0.0024420113474208595,-1.2941624347367353,0.00039436131224286966
7.772,-0.004004849897259799,-0.0024352474197194443,9.839861606078896,-0.12374533549138894,0.20350049691926153,0.006659347840563032,-0.0027326704900222814,-1.293755400653872,0.00043923849972632385
7.774,-0.0042694673055971855,-0.0025916363326672362,9.839833500966334,-0.131692595130654,0.2169472006911631,0.007085907699134003,-0.0030414514329617738,-1.2933214671563902,0.0004864367727950495
7.776,-0.004533957086563678,-0.002747890825082326,9.839803576504625,-0.13963310664069634,0.23038753164439307,0.007511891487683206,-0.0033682390423800833,-1.2928606463231167,0.0005358513882375461
7.7780000000000005,-0.004798311330177718,-0.002904003094057278,9.83977183864994,-0.14756647772262177,0.2438210951062554,0.007937265279850503,-0.003712912176497838,-1.292372950999332,0.00058737218447522
7.78,-0.005062522132172287,-0.003059965390578723,9.839738293691614,-0.15549231877654857,0.2572474966415176,0.008361995370866598,-0.004075343857546367,-1.2918583947992117,0.0006408837471064316
7.782,-0.005326581594459867,-0.0032157700221119344,9.839702948247638,-0.1634102430309909,0.27066634206633655,0.008786048288509637,-0.0044554014505818135,-1.2913169921083627,0.0006962655810201494
7.784,-0.005590481825247906,-0.003371409355101817,9.83966580925856,-0.17131986666818377,0.2840772374621779,0.009209390803776044,-0.004852946848720163,-1.2907487580864268,0.000753392288625383
7.7860000000000005,-0.005854214939216895,-0.003526875817391438,9.839626883981905,-0.17922080894520664,0.2974797891897318,0.009631989941254845,-0.005267836664319443,-1.2901537086697725,0.0008121337537315631
7.788,-0.00611777305851513,-0.0036821619005536948,9.839586179986126,-0.18711269231076932,0.31087360390282304,0.010053812989194569,-0.005699922425626188,-1.2895318605742432,0.000872355330606146
7.79,-0.006381148312386564,-0.003837260162133007,9.839543705144136,-0.19499514251753755,0.3242582885623155,0.010474827509256261,-0.006149050778396209,-1.2888832312979674,0.000933918037728919
7.792,-0.006644332837347555,-0.003992163227800376,9.839499467627702,-0.20286778872988664,0.3376334504500098,0.01089500134594186,-0.006615063691993822,-1.288207839124216,0.0009966787557569045
7.7940000000000005,-0.00690731877862838,-0.004146863793406033,9.839453475899882,-0.2107302636269806,0.35099869718253296,0.01131430263569333,-0.007097798669470849,-1.2875057031243098,0.0010604904292110745
7.796,-0.007170098289210891,-0.004301354626952347,9.83940573870994,-0.2185822035010883,0.36435363672522153,0.011732699815654078,-0.00759708896112421,-1.2867768431605497,0.0011252022713938296
7.798,-0.007432663530613226,-0.004455628570451775,9.839356265085208,-0.22642324835105823,0.3776978774059944,0.012150161632087049,-0.008112763781031688,-1.2860212798891792,0.0011906599720471582
7.8,-0.0076950066739689404,-0.004609678541702984,9.839305064325256,-0.23425304197088476,0.39103102792921646,0.012566657148447041,-0.008644648526067163,-1.285239034763368,0.0012567059072631861
7.8020000000000005,-0.007957119898820864,-0.004763497535958508,9.839252145994642,-0.24207123203331046,0.4043526973895516,0.01298215575309955,-0.009192564996899848,-1.284430130036196,0.0013231793511622712
7.804,-0.008218995394818851,-0.004917078627498187,9.839197519916318,-0.2498774701684214,0.4176624952858054,0.01339662716668577,-0.009756331620488008,-1.2835945887636517,0.001389916688859869
7.806,-0.00848062536120775,-0.005070414971098452,9.83914119616449,-0.2576714120371995,0.43096003153475254,0.013810041449129132,-0.010335763673583655,-1.2827324348076075,0.0014567516302493686
7.808,-0.008742002007512628,-0.005223499803402554,9.839083185057678,-0.26545271740001425,0.4442449164849544,0.014222369006283708,-0.010930673506774104,-1.2818436928388044,0.0015235154241376424
7.8100000000000005,-0.009003117553886941,-0.0053763264441892104,9.839023497151773,-0.27322105018003867,0.4575167609305606,0.014633580596221538,-0.011540870768594698,-1.2809283883397944,0.0015900370722786426
7.812,-0.009263964230899369,-0.005528888297542629,9.838962143233204,-0.2809760785215907,0.47077517612509545,0.01504364733515949,-0.012166162629259717,-1.2799865476078707,0.0016561435428627718
7.814,-0.009524534280807906,-0.00568117885291774,9.838899134311879,-0.2887174748434098,0.4840197737952275,0.015452540703025819,-0.012806354003569467,-1.2790181977579482,0.00172165998303113
7.816,-0.009784819956473179,-0.005833191686106937,9.838834481614164,-0.2964449158868879,0.49725016615452383,0.015860232548668432,-0.013461247772566251,-1.2780233667254195,0.0017864099299980457
7.8180000000000005,-0.010044813523438556,-0.005984920460107521,9.838768196576211,-0.30415808275928446,0.5104659659171847,0.016266695094705325,-0.014130645003525589,-1.2770020832689433,0.001850215520379282
7.82,-0.010304507258255047,-0.006136358925891578,9.838700290837055,-0.3118566609719648,0.523666786311759,0.01667190094202102,-0.014814345167885752,-1.2759543769731947,0.0019128976973395914
7.822,-0.01056389345051878,-0.006287500923073969,9.838630776231955,-0.3195403404737085,0.5368522410948378,0.017075823073910257,-0.015512146356733918,-1.2748802782515443,0.001974276415188859
7.824,-0.01082296440211028,-0.006438340380484091,9.838559664785446,-0.32720881567914645,0.5500219445647309,0.017478434859875908,-0.01622384549348585,-1.2737798183486737,0.002034170841074069
7.8260000000000005,-0.011081712427868595,-0.006588871316645466,9.838486968705004,-0.33486178549238954,0.5631755115751149,0.017879710059080456,-0.01694923854341265,-1.2726530293431166,0.0020923995534314335
7.828,-0.011340129855891501,-0.006739087840157221,9.838412700374485,-0.342498953325922,0.5763125575486625,0.01827962282346131,-0.01768812071968811,-1.2714999441497283,0.0021487807368822933
7.83,-0.011598209027338768,-0.006888984149989008,9.83833687234784,-0.3501200271148412,0.5894326984906446,0.01867814770051221,-0.01844028668564769,-1.2703205965220656,0.0022031323732742865
7.832,-0.01185594229793363,-0.007038554535673033,9.838259497342591,-0.35772471932652855,0.6025355510025057,0.019075259635736377,-0.01920553075297072,-1.2691150210546855,0.0022552724285892205
7.8340000000000005,-0.012113322036626517,-0.007187793377424704,9.838180588234042,-0.3653127469658472,0.6156207322954153,0.019470933974779003,-0.01998364707551641,-1.2678832531853486,0.0023050190354583495
7.836,-0.01237034062753306,-0.007336695146153604,9.838100158048768,-0.3728838315759659,0.6286878602037896,0.019865146465244732,-0.020774429838564465,-1.2666253291971306,0.0023521906710453028
7.838,-0.012626990468577848,-0.007485254403418223,9.838018219959356,-0.38043769923491294,0.6417365531987826,0.020257873258210282,-0.021577673443231204,-1.2653412862204363,0.0023966063300772463
7.84,-0.01288326397301498,-0.007633465801265858,9.83793478727798,-0.3879740805479741,0.6547664304017496,0.020649090909433024,-0.022393172685851087,-1.2640311622349032,0.002438085692823488
7.8420000000000005,-0.013139153569245998,-0.007781324082026361,9.83784987345163,-0.3954927106360468,0.6677771115976776,0.02103877638027228,-0.023220722932135486,-1.262694996071214,0.002476449287842118
7.844,-0.013394651701552629,-0.007928824077986837,9.837763492055544,-0.40299332912007135,0.6807682172485837,0.021426907038323575,-0.024060120285937445,-1.2613328274127895,0.002511518649332867
7.846,-0.013649750829208163,-0.008075960711044546,9.837675656789354,-0.4104756801016641,0.6937393685068813,0.021813460657778547,-0.024911161752473977,-1.2599446967973764,0.0025431164689556566
7.848,-0.013904443427880775,-0.008222728992225824,9.837586381470585,-0.41793951214007796,0.7066901872287107,0.022198415419519335,-0.025773645395874137,-1.2585306456185306,0.002571066741991879
7.8500000000000005,-0.014158721989557144,-0.008369124021186426,9.837495680030543,-0.4253845782256196,0.7196202959872333,0.022581749910952062,-0.026647370490940687,-1.2570907161269664,0.0025951949077444533
7.852,-0.014412579022986538,-0.008515140985611184,9.83740356650915,-0.43281063574965783,0.7325293180858917,0.022963443125596006,-0.0275321376690336,-1.2556249514318187,0.0026153279840920806
7.854,-0.014666007053666164,-0.008660775160568592,9.837310055050551,-0.44021744647135674,0.7454168775716302,0.02334347446242943,-0.028427749057997994,-1.2541333955017675,0.0026312946961287217
7.856,-0.014918998623707935,-0.008806021907791527,9.837215159898522,-0.4476047764812684,0.7582825992480792,0.02372182372500567,-0.0293340084160799,-1.252616093166049,0.0026429255988385607
7.8580000000000005,-0.015171546293276439,-0.008950876674895324,9.837118895391841,-0.4549723961619255,0.7711261086886969,0.0240984711203516,-0.030250721259789597,-1.251073090115367,0.0026500531937731792
7.86,-0.015423642640052915,-0.009095334994554151,9.837021275960739,-0.46232008014556925,0.783947032249875,0.024473397257649104,-0.031177694985686004,-1.2495044329026561,0.002652512039711724
7.862,-0.015675280259396907,-0.009239392483611164,9.836922316122475,-0.4696476072691543,0.7967449970839993,0.024846583146719864,-0.03211473898607571,-1.247910168943756,0.002650138857303433
7.864,-0.015926451765071015,-0.009383044842140566,9.83682203047776,-0.4769547605267662,0.8095196311524703,0.02521801019631731,-0.03306166475863181,-1.2462903465179536,0.0026427726277046793
7.8660000000000005,-0.016177149789343037,-0.009526287852456364,9.836720433706846,-0.48424132701959643,0.8222705632386821,0.025587660212229274,-0.034018286009952194,-1.2446450147684056,0.0026302546852357894
7.868,-0.01642736698268976,-0.009669117378093582,9.836617540566508,-0.4915070979036044,0.8349974229609544,0.025955515395217787,-0.03498441875309428,-1.2429742237024546,0.0026124288041002425
7.87,-0.016677096015409454,-0.009811529362711312,9.836513365886058,-0.4987518683350143,0.8476998407854234,0.026321558338786993,-0.03595988139913089,-1.2412780241918233,0.002589141279216607
7.872,-0.016926329576044008,-0.00995351982900159,9.836407924564805,-0.5059754374137737,0.8603774480388858,0.026685772026799115,-0.036944494842787695,-1.2395564679726923,0.0025602410012289406
7.8740000000000006,-0.017175060373753936,-0.01009508487750592,9.836301231568338,-0.5131776081251171,0.8730298769215963,0.02704813983094631,-0.03793808254223365,-1.2378096076456717,0.0025255795257713657
7.876,-0.017423281136195623,-0.010236220685465265,9.836193301926595,-0.5203581872793616,0.885656760520021,0.02740864550808489,-0.03894047059310447,-1.2360374966756504,0.002485011137072468
7.878,-0.017670984612194296,-0.01037692350555399,9.836084150729992,-0.5275169854500704,0.8982577328195411,0.027767273197443904,-0.03995148779685219,-1.2342401893915425,0.002438392905995893
7.88,-0.017918163569976553,-0.010517189664668296,9.835973793127769,-0.5346538169107121,0.910832428717109,0.028124007417714786,-0.040970965723520394,-1.2324177409859238,0.0023855847426217957
7.882000000000001,-0.018164810798593223,-0.010657015562630469,9.835862244325243,-0.5417684995699426,0.9233804840338579,0.028478833064030207,-0.041998738769053696,-1.2305702075145557,0.0023264494434811116
7.884,-0.018410919107934465,-0.010796397670872475,9.83574951958105,-0.5488608549056344,0.9359015355276605,0.028831735404847958,-0.04303464420726051,-1.22869764589581,0.002260852733565157
7.886,-0.018656481328843455,-0.010935332531141803,9.83563563420573,-0.5559307078977767,0.9483952209056375,0.02918270007873447,-0.04407852223654925,-1.226800113909986,0.002188663303234583
7.888,-0.018901490313143032,-0.011073816754125318,9.835520603558987,-0.5629778869603634,0.9608611788366188,0.029531713091070527,-0.04513021602157113,-1.2248776701985307,0.0021097528401638165
7.890000000000001,-0.019145938934549633,-0.011211847018106617,9.835404443048223,-0.5700022238723859,0.9732990489635507,0.02987876081067775,-0.046189571729902776,-1.2229303742631503,0.0020239960564568432
7.892,-0.019389820088295373,-0.011349420067568533,9.835287168126284,-0.5770035537080441,0.9857084719158538,0.030223829966377735,-0.04725643856391066,-1.2209582864648387,0.0019312707110794778
7.894,-0.01963312669146644,-0.011486532711825065,9.835168794290295,-0.5839817147662865,0.9980890893217309,0.03056690764348896,-0.04833066878794034,-1.2189614680227996,0.0018314576277533128
7.896,-0.01987585168367989,-0.01162318182358732,9.83504933707928,-0.5909365484997804,1.0104405438204178,0.030907981280275193,-0.049412117750980554,-1.2169399810132826,0.0017244407084635585
7.898000000000001,-0.020117988026791878,-0.011759364337574678,9.834928812073374,-0.5978678994434253,1.0227624790743886,0.031247038664338922,-0.05050064390495127,-1.2148938883683258,0.0016101069427327192
7.9,-0.020359528705603314,-0.01189507724907924,9.834807234891962,-0.6047756151424977,1.0350545397815027,0.03158406792898383,-0.05159610881877089,-1.2128232538744113,0.0014883464128157974
7.902,-0.02060046672746152,-0.012030317612556421,9.834684621192686,-0.6116595460805324,1.0473163716871023,0.03191905754953933,-0.052698377188357896,-1.210728142171041,0.001359052294975218
7.904,-0.020840795123030276,-0.012165082540177508,9.834560986669864,-0.6185195456070277,1.059547621596053,0.03225199633966108,-0.05380731684272213,-1.208608618749221,0.001222120856991825
7.906000000000001,-0.02108050694671393,-0.012299369200405058,9.83443634705346,-0.6253554698650656,1.0717479373847354,0.03258287344760949,-0.05492279874630577,-1.2064647499498713,0.0010774514520727723
7.908,-0.02131959527608318,-0.012433174816573411,9.834310718108181,-0.6321671777189323,1.0839169680129792,0.032911678352515045,-0.05604469699772987,-1.2042966029621596,0.0009249465093140199
7.91,-0.02155805321284232,-0.012566496665433441,9.834184115632105,-0.6389545306818186,1.0960543635359454,0.033238400860634953,-0.057172888825105087,-1.2021042458217541,0.000764511520876717
7.912,-0.021795873882837213,-0.012699332075750011,9.834056555456057,-0.6457173928436819,1.1081597751159502,0.03356303110160319,-0.05830725457806347,-1.199887747409003,0.0005960550260354272
7.914000000000001,-0.022033050436045087,-0.012831678426876575,9.833928053442673,-0.6524556307993407,1.1202328550342415,0.03388555952468891,-0.05944767771666914,-1.1976471774470545,0.00041948859225573657
7.916,-0.02226957604718205,-0.012963533147325013,9.83379862548537,-0.6591691135768742,1.1322732567027123,0.03420597689505506,-0.06059404479736008,-1.1953826064998945,0.00023472679345580154
7.918,-0.022505443915644463,-0.013094893713361769,9.833668287507765,-0.6658577125663969,1.1442806346755654,0.03452427429003041,-0.06174624545607727,-1.1930941059703268,4.168718560642145e-05
7.92,-0.022740647265861558,-0.013225757647622974,9.83353705546295,-0.6725213014492647,1.1562546446609216,0.03484044309539913,-0.06290417238873083,-1.190781748097891,-0.00015970972017896853
7.922000000000001,-0.022975179347505925,-0.013356122517707375,9.833404945332717,-0.6791597561277818,1.1681949435323689,0.03515447500170785,-0.06406772132915323,-1.18844560595671,-0.0003695404869148165
7.924,-0.023209033435671156,-0.01348598593479887,9.833271973126953,-0.6857729546554602,1.1801011893404647,0.03546636200059905,-0.06523679102468583,-1.1860857534532927,-0.0005878787832282492
7.926,-0.023442202831403858,-0.013615345552294322,9.833138154882958,-0.6923607771678837,1.1919730413241707,0.03577609638116591,-0.06641128320954234,-1.1837022653242644,-0.0008147954169140665
7.928,-0.023674680861137,-0.013744199064470011,9.833003506665186,-0.6989231058142342,1.2038101599222446,0.03608367072634838,-0.06759110257609209,-1.1812952171340545,-0.001050358370418355
7.930000000000001,-0.02390646087806836,-0.013872544205112178,9.832868044564206,-0.7054598246895194,1.2156122067845694,0.036389077909355416,-0.06877615674419815,-1.1788646852725302,-0.0012946328381146907
7.932,-0.0241375362609082,-0.01400037874621822,9.832731784696739,-0.7119708197675488,1.2273788447834242,0.036692311090124274,-0.06996635622874645,-1.1764107469525689,-0.0015476812652379136
7.934,-0.024367900415189325,-0.01412770049667425,9.83259474320485,-0.7184559788347016,1.239109738024708,0.036993363711827376,-0.07116161440549741,-1.1739334802075958,-0.001809563388344345
7.936,-0.02459754677393855,-0.014254507300922967,9.832456936255092,-0.7249151914245208,1.250804551859102,0.03729222949741268,-0.07236184747538602,-1.1714329638890684,-0.00208033627717306
7.938,-0.024826468796415035,-0.014380797037753051,9.832318380038839,-0.7313483487531693,1.2624629528931766,0.03758890244619706,-0.07356697442739553,-1.168909277663915,-0.0023600543777835604
7.94,-0.02505465996936307,-0.014506567618993202,9.832179090771243,-0.7377553436557807,1.274084609000442,0.03788337683050236,-0.07477691700012318,-1.1663625020119315,-0.00264876955685175
7.942,-0.025282113806516016,-0.014631816988299656,9.832039084691239,-0.7441360705237346,1.2856691893323446,0.038175647192342066,-0.07599159964215609,-1.163792718223138,-0.002946531147008232
7.944,-0.025508823849504925,-0.0147565431199016,9.831898378060666,-0.7504904252428826,1.29721636432921,0.03846570834015822,-0.0772109494713665,-1.1612000083950926,-0.0032533859931080386
7.946,-0.02573478366790427,-0.014880744017412711,9.831756987163978,-0.7568183051327486,1.3087258057311224,0.0387535553456172,-0.07843489623323896,-1.1585844554301743,-0.0035693784993235432
7.948,-0.0259599868589504,-0.015004417712644852,9.831614928308001,-0.7631196088867253,1.3201971865887547,0.039039183540449385,-0.0796633722583274,-1.1559461430328133,-0.003894550676959323
7.95,-0.026184427048443037,-0.015127562264451222,9.83147221782121,-0.769394236513289,1.3316301812741436,0.03932258851335457,-0.08089631241894923,-1.1532851557067063,-0.004228942192887245
7.952,-0.026408097890234128,-0.015250175757573481,9.831328872053597,-0.7756420892782444,1.3430244654914014,0.03960376610695848,-0.08213365408520673,-1.1506015787519812,-0.004572590418508371
7.954,-0.026630993067049413,-0.015372256301506598,9.831184907375894,-0.7818630696480185,1.3543797162873774,0.0398827124148321,-0.08337533708043193,-1.1478954982623395,-0.004925530479149601
7.956,-0.02685310629090365,-0.015493802029405673,9.831040340179133,-0.7880570812340179,1.365695612062267,0.04015942377856263,-0.08462130363614023,-1.145167001122161,-0.0052877953038093966
7.958,-0.02707443130166487,-0.015614811097029002,9.830895186874798,-0.7942240287380504,1.3769718325801534,0.040433896784893064,-0.08587149834658007,-1.1424161750035806,-0.00565941567516634
7.96,-0.027294961869368084,-0.015735281681634572,9.830749463893484,-0.8003638178988363,1.3882080589795063,0.040706128262913865,-0.08712586812295518,-1.1396431083635374,-0.0060404202797754965
7.962,-0.02751469179287236,-0.01585521198096934,9.830603187685039,-0.8064763554395982,1.3994039737836157,0.04097611528132222,-0.0883843621474003,-1.1368478904407924,-0.006430835758372917
7.964,-0.02773361490109183,-0.015974600212239704,9.830456374717624,-0.8125615490167484,1.4105592609109723,0.04124385514573764,-0.08964693182677927,-1.13403061125292,-0.006830686756220046
7.966,-0.027951725052770104,-0.01609344461109627,9.83030904147737,-0.8186193071696714,1.4216736056855959,0.04150934539608114,-0.09091353074637659,-1.1311913615932772,-0.00723999597341836
7.968,-0.0281690161361019,-0.016211743430702225,9.830161204468117,-0.8246495392716027,1.4327466948473015,0.04177258380401455,-0.0921841146235475,-1.128330233027939,-0.007658784215130302
7.97,-0.028385482069802404,-0.016329494940765854,9.830012880210415,-0.8306521554816084,1.4437782165619153,0.04203356837044542,-0.09345864126138821,-1.1254473178926205,-0.008087070441646358
7.972,-0.02860111680301758,-0.01644669742656016,9.829864085241104,-0.83662706669766,1.4547678604314283,0.04229229732308443,-0.09473707050248324,-1.1225427092895588,-0.008524871818241143
7.974,-0.028815914315107438,-0.016563349188089105,9.829714836112894,-0.8425741845108073,1.4657153175041016,0.04254876911407729,-0.0960193641827887,-1.1196165010843944,-0.008972203764763438
7.976,-0.02902986861679757,-0.016679448539117847,9.829565149393282,-0.8484934211604409,1.4766202802845103,0.042802982417685376,-0.09730548608569745,-1.116668787903008,-0.009429080004912162
7.978,-0.029242973748609735,-0.016794993806409947,9.82941504166478,-0.854384689490644,1.4874824427435351,0.04305493612803313,-0.09859540189633886,-1.113699665128344,-0.009895512615149458
7.98,-0.02945522378379639,-0.01690998332872487,9.829264529522844,-0.860247902907623,1.4983015003282927,0.04330462935691687,-0.09988907915615751,-1.1107092288972202,-0.010371512073206069
7.982,-0.02966661282519123,-0.01702441545618741,9.829113629576895,-0.8660829753382165,1.5090771499720173,0.043552061431670674,-0.1011864872178109,-1.1076975760971035,-0.01085708730614088
7.984,-0.02987713500787148,-0.017138288549316483,9.828962358448333,-0.8718898211894677,1.5198090901038792,0.043797231893090705,-0.10248759720042747,-1.1046648043628708,-0.011352245737913434
7.986,-0.030086784498480235,-0.017251600978320847,9.828810732770219,-0.8776683553092581,1.5304970206587547,0.04404014049342547,-0.10379238194526197,-1.1016110120735565,-0.011856993336435574
7.988,-0.03029555549625762,-0.017364351122279714,9.828658769186116,-0.883418492947987,1.5411406430869303,0.04428078719441231,-0.10510081597177806,-1.0985362983490619,-0.012371334660070451
7.99,-0.030503442230348732,-0.01747653736853272,9.82850648435071,-0.8891401497212932,1.5517396603637625,0.044519172165382426,-0.1064128754341936,-1.0954407630468672,-0.012895272903547235
7.992,-0.03071043896439729,-0.017588158111756763,9.828353894926769,-0.8948332415738018,1.5622937769992729,0.04475529578141613,-0.10772853807851471,-1.0923245067587062,-0.013428809943264992
7.994,-0.030916539993250947,-0.017699211753415295,9.828201017586046,-0.9004976847438871,1.5728026990476858,0.04498915862155978,-0.10904778320008492,-1.089187630807236,-0.013971946381961085
7.996,-0.03112173964346976,-0.017809696701073185,9.828047869008286,-0.906133395729442,1.5832661341169196,0.045220761467086534,-0.11037059160167227,-1.0860302372426747,-0.014524681592721403
7.998,-0.03132603227583086,-0.01791961136758924,9.827894465879048,-0.911740291254635,1.5936837913780133,0.04545010529982629,-0.1116969455521185,-1.0828524288394314,-0.015087013762310758
8.0,-0.03152941228310979,-0.018028954170644068,9.827740824890164,-0.9173182882376478,1.604055381574498,0.04567719130053449,-0.11302682874556585,-1.0796543090927093,-0.0156589399338072
8.002,-0.031731874091036616,-0.0181377235319998,9.827586962738149,-0.9228673037593772,1.614380617031713,0.04590202084732509,-0.11436022626128228,-1.0764359822150973,-0.016240456048521958
8.004,-0.03193341215823331,-0.01824591787698704,9.827432896123657,-0.9283872550330852,1.6246592116660643,0.04612459551414699,-0.11569712452409751,-1.0731975531331406,-0.01683155698719228
8.006,-0.03213402097778939,-0.018353535633752915,9.827278641749423,-0.9338780593749862,1.6348908809942333,0.04634491706931165,-0.11703751126546501,-1.0699391274838865,-0.017432236610433863
8.008000000000001,-0.03233369507506012,-0.018460575232885745,9.827124216320687,-0.9393396341757574,1.6450753421423143,0.04656298747407295,-0.11838137548516035,-1.0666608116114202,-0.018042487798442038
8.01,-0.03253242900928477,-0.018567035106767216,9.826969636543344,-0.944771896872952,1.6552123138549102,0.046778808881254574,-0.11972870741362766,-1.063362712563383,-0.018662302489933218
8.012,-0.03273021737406978,-0.018672913688974002,9.826814919122665,-0.9501747649243053,1.6653015165041627,0.046992383633922274,-0.12107949847498034,-1.060044938087464,-0.019291671720318402
8.014,-0.03292705479635494,-0.01877820941387942,9.826660080762798,-0.9555481557819167,1.675342672098726,0.047203714264102914,-0.12243374125066381,-1.056707596627876,-0.01993058565910377
8.016,-0.03312293593744453,-0.018882920716083162,9.82650513816532,-0.9608919868672914,1.6853355042926892,0.04741280349155058,-0.12379142944378586,-1.053350797321819,-0.020579033646512538
8.018,-0.0333178554928546,-0.018987046029911858,9.826350108028013,-0.9662061755472262,1.695279738394434,0.04761965422255271,-0.12515255784411855,-1.049974649995915,-0.0212370042293254
8.02,-0.03351180819207844,-0.01909058378905415,9.826195007044209,-0.9714906391105247,1.7051751013754375,0.047824269548783216,-0.12651712229377396,-1.0465792651626313,-0.021904485195937972
8.022,-0.03370478880020222,-0.01919353242589944,9.826039851900507,-0.9767452947455255,1.7150213218790202,0.04802665274619389,-0.12788511965355517,-1.0431647540166806,-0.022581463610633727
8.024000000000001,-0.033896792115607255,-0.019295890371339885,9.825884659277097,-0.9819700595184278,1.724818130229034,0.048226807273948624,-0.12925654776998452,-1.0397312284314062,-0.02326792584707234
8.026,-0.034087812972785514,-0.01939765605418481,9.825729445844965,-0.9871648503523969,1.7345652584384914,0.04842473677339443,-0.13063140544300494,-1.0362788009551396,-0.023963857620996832
8.028,-0.0342778462403297,-0.019498827900809257,9.825574228265848,-0.992329584007436,1.7442624402181381,0.04862044506707186,-0.13200969239435692,-1.0328075848075458,-0.02466924402215845
8.03,-0.03446688682258614,-0.019599404334719406,9.825419023190088,-0.9974641770610091,1.7539094109849678,0.04881393615776475,-0.13339140923662582,-1.0293176938759472,-0.025384069545465238
8.032,-0.034654929658870515,-0.019699383776256962,9.82526384725591,-1.0025685458893947,1.7635059078706767,0.049005214227584415,-0.13477655744295622,-1.0258092427116248,-0.02610831812135749
8.034,-0.03484196972400788,-0.019798764642158184,9.825108717087833,-1.0076426066497615,1.7730516697300636,0.04919428363708478,-0.13616513931742988,-1.0222823465261004,-0.026841973145414057
8.036,-0.0350280020279401,-0.019897545345234358,9.824953649295608,-1.0126862752629429,1.782546437149363,0.04938114892442014,-0.13755715796610204,-1.0187371211873988,-0.027585017507195993
8.038,-0.03521302161678008,-0.01999572429402452,9.824798660472384,-1.017699467396903,1.7919899524545313,0.049565814804525266,-0.1389526172686895,-1.0151736832162863,-0.028337433618333487
8.040000000000001,-0.03539702357214036,-0.020093299892493255,9.824643767193786,-1.0226820984508698,1.8013819597194618,0.049748286168335154,-0.14035152185090524,-1.0115921497824905,-0.02909920343986233
8.042,-0.03558000301215891,-0.02019027053960548,9.824488986015902,-1.0276340835401305,1.8107222047741505,0.049928568082032054,-0.1417538770574324,-1.0079926387008986,-0.02987030850881814
8.044,-0.035761955090703346,-0.020286634629209155,9.824334333474702,-1.0325553374814636,1.8200104352127928,0.05010666578632361,-0.14315968892552908,-1.004375268427732,-0.03065072996409498
8.046,-0.03594287499716842,-0.020382390549649188,9.824179826084308,-1.037445774779201,1.8292464004018307,0.05028258469574398,-0.14456896415925682,-1.000740158056699,-0.03144044857157858
8.048,-0.03612275795890785,-0.02047753668343305,9.824025480334756,-1.0423053096119026,1.8384298514879307,0.050456330397991134,-0.1459817101043252,-0.9970874273151259,-0.032239444748560324
8.05,-0.036301599237690496,-0.020572071407123527,9.823871312692244,-1.0471338558196268,1.8475605414059086,0.05062790865328337,-0.14739793472354087,-0.9934171965600648,-0.03304769858744373
8.052,-0.036479394133583476,-0.0206659930909055,9.823717339595706,-1.051931326891786,1.8566382248865887,0.05079732539374249,-0.14881764657285507,-0.9897295867743784,-0.033865189878751166
8.054,-0.036656137982785886,-0.020759300098474542,9.823563577456659,-1.0566976359555706,1.8656626584646057,0.05096458672280657,-0.15024085477799792,-0.9860247195628,-0.034691898133440924
8.056000000000001,-0.0368318261582079,-0.020851990786720453,9.823410042657125,-1.0614326957649298,1.8746336004861464,0.0511296989146538,-0.1516675690116895,-0.9823027171479697,-0.035527802604545584
8.058,-0.03700645406981007,-0.020944063505631383,9.823256751548499,-1.0661364186900955,1.8835508111166261,0.0512926684136662,-0.15309779947142055,-0.9785637023664513,-0.03637288230814044
8.06,-0.03718001716437325,-0.02103551659795616,9.823103720449891,-1.0708087167076301,1.8924140523483077,0.05145350183389463,-0.15453155685778655,-0.9748077986647141,-0.03722711604365373
8.062,-0.03735251092656,-0.021126348398987027,9.822950965645852,-1.0754495013909973,1.9012230880078569,0.05161220595856386,-0.1559688523533719,-0.9710351300951018,-0.038090482413528734
8.064,-0.037523930877854106,-0.021216557236531097,9.822798503386075,-1.0800586839016275,1.9099776837638363,0.051768787739578825,-0.15740969760216722,-0.9672458213117653,-0.038962959842248686
8.066,-0.037694272577255994,-0.021306141430544767,9.822646349882932,-1.0846361749804816,1.9186776071341385,0.05192325429706557,-0.15885410468951297,-0.9634399975665806,-0.03984452659473535
8.068,-0.03786353162110778,-0.021395099293145203,9.822494521310519,-1.089181884940084,1.927322627493356,0.05207561291891638,-0.16030208612255586,-0.9596177847050285,-0.04073516079413188
8.07,-0.03803170364397879,-0.021483429128211773,9.822343033802186,-1.0936957236570277,1.9359125160800859,0.05222587106036014,-0.16175365481120754,-0.9557793091620576,-0.04163484043898258
8.072000000000001,-0.03819878431771606,-0.021571129231480746,9.822191903449934,-1.0981776005649302,1.944447046004177,0.05237403634354443,-0.16320882404959655,-0.9519246979579163,-0.042543543419818336
8.074,-0.038364769352078554,-0.02165819789024126,9.822041146302318,-1.10262742464783,1.952925992253907,0.05252011655713462,-0.1646676074979991,-0.9480540786939603,-0.043461247535160376
8.076,-0.03852965449511103,-0.02174463338322752,9.82189077836276,-1.1070451044340164,1.961349131703104,0.05266411965592532,-0.16613001916523845,-0.9441675795484253,-0.044387930506953985
8.078,-0.038693435532611176,-0.021830433980593478,9.82174081558836,-1.111430547990277,1.9697162431181972,0.052806053760467764,-0.16759607339154403,-0.9402653292721831,-0.045323569995441175
8.08,-0.03885610828919095,-0.0219155979435125,9.821591273887307,-1.1157836629165545,1.978027107165208,0.0529459271567021,-0.1690657848318545,-0.936347457184459,-0.046268143613486155
8.082,-0.03901766862636258,-0.02200012352454528,9.821442169119322,-1.1201043563409987,1.9862815064166728,0.05308374829561391,-0.17053916843955746,-0.9324140931685255,-0.047221628940362546
8.084,-0.039178112445978464,-0.02208400896695617,9.821293517091082,-1.1243925349154107,1.9944792253585073,0.05321952579288847,-0.17201623945065336,-0.928465367667368,-0.048184003535014015
8.086,-0.039337435686895184,-0.022167252505058688,9.82114533355707,-1.1286481048110606,2.002620050396798,0.05335326842858534,-0.17349701336833148,-0.9245014116793184,-0.04915524494879976
8.088000000000001,-0.03949563432735026,-0.022249852363969702,9.820997634216832,-1.1328709717148735,2.0107037698645365,0.05348498514681399,-0.17498150594794745,-0.9205223567536571,-0.050135330737735205
8.09,-0.03965270438350377,-0.022331806759467,9.82085043471369,-1.1370610408259734,2.01873017402828,0.05361468505542344,-0.17646973318239204,-0.91652833498619,-0.0511242384742387
8.092,-0.03980864191127065,-0.022413113898024917,9.820703750632653,-1.1412182168525777,2.026699055094752,0.05374237742569754,-0.17796171128783936,-0.9125194790147921,-0.05212194575839475
8.094,-0.0399634430051945,-0.022493771976599852,9.820557597499016,-1.1453424040092262,2.0346102072173764,0.05386807169205998,-0.1794574566898647,-0.9084959220149186,-0.05312843022874457
8.096,-0.04011710379795552,-0.022573779182772813,9.82041199077719,-1.1494335060143457,2.042463426502739,0.05399177745177797,-0.18095698600991816,-0.9044577976950865,-0.05414366957261475
8.098,-0.040269620462355604,-0.02265313369443267,9.820266945868113,-1.1534914260881342,2.050258511016992,0.054113504464683215,-0.182460316052149,-0.9004052402923267,-0.05516764153599337
8.1,-0.040420989209933644,-0.022731833680011415,9.820122478108399,-1.1575160669507574,2.0579952607921843,0.05423326265288564,-0.18396746379056378,-0.8963383845675958,-0.05620032393296411
8.102,-0.04057120629150557,-0.0228098772981824,9.819978602768343,-1.1615073308208523,2.0656734778325196,0.05435106210050289,-0.18547844635651345,-0.8922573658011674,-0.0572416946547089
8.104000000000001,-0.04072026799728867,-0.02288726269789254,9.819835335049987,-1.165465119414328,2.073292966120563,0.05446691305338691,-0.18699328102649526,-0.888162319787979,-0.05829173167808819
8.106,-0.04086817065682702,-0.022963988018525172,9.819692690086372,-1.1693893339434547,2.080853531623362,0.054580825918849496,-0.18851198521026058,-0.8840533828329512,-0.05935041307380921
8.108,-0.041014910639184166,-0.02304005138951437,9.819550682938715,-1.173279875116238,2.0883549822985104,0.05469281126540604,-0.19003457643922106,-0.879930691746278,-0.060417717014190374
8.11,-0.041160484352853466,-0.02311545093070999,9.819409328596056,-1.1771366431360635,2.095797128100135,0.05480287982249776,-0.191561072355137,-0.8757943838386679,-0.061493621780533705
8.112,-0.041304888246620486,-0.0231901847518875,9.81926864197199,-1.180959537701615,2.1031797809848203,0.054911042480242145,-0.19309149069908704,-0.8716445969165701,-0.06257810577011184
8.114,-0.04144811880838262,-0.023264250953282772,9.81912863790474,-1.1847484580070493,2.11050275491746,0.05501731028915868,-0.19462584930070087,-0.8674814692773493,-0.06367114750277998
8.116,-0.041590172565690864,-0.02333764762523116,9.818989331154725,-1.1885033027424279,2.1177658658770397,0.055121694459911885,-0.19616416606765225,-0.8633051397044342,-0.0647727256272217
8.118,-0.04173104608720468,-0.02341037284806069,9.81885073640194,-1.1922239700943982,2.1249689318623455,0.05522420636305114,-0.197706458975399,-0.8591157474624314,-0.06588281892683691
8.120000000000001,-0.04187073598014557,-0.023482424692425563,9.818712868246358,-1.195910357747112,2.132111772897611,0.05532485752873795,-0.19925274605716256,-0.8549134322921943,-0.06700140632528025
8.122,-0.04200923889226882,-0.023553801219318715,9.818575741205334,-1.1995623628833876,2.139194211038078,0.05542365964649032,-0.2008030453941383,-0.8506983344058664,-0.06812846689165944
8.124,-0.04214655151201274,-0.023624500479515365,9.818439369710827,-1.2031798821860953,2.146216070375506,0.05552062456490625,-0.20235737510592705,-0.8464705944818794,-0.06926397984539971
8.126,-0.04228267056743373,-0.023694520514331407,9.81830376810995,-1.2067628118397724,2.1531771770435926,0.05561576429140369,-0.20391575334118076,-0.8422303536599224,-0.07040792456078425
8.128,-0.042417592826791584,-0.02376385935515679,9.818168950661638,-1.2103110475324559,2.1600773592233287,0.05570909099193588,-0.20547819826845043,-0.8379777535358623,-0.07156028057117754
8.13,-0.04255131509923071,-0.02383251502364736,9.818034931535859,-1.213824484457732,2.166916447148284,0.05580061699073213,-0.20704472806723515,-0.8337129361566434,-0.07272102757293841
8.132,-0.04268383423349409,-0.023900485531774707,9.81790172481227,-1.2173030173169888,2.173694273109812,0.05589035476999604,-0.20861536091921196,-0.8294360440151246,-0.07389014542903287
8.134,-0.04281514711967915,-0.023967768881668183,9.817769344477284,-1.2207465403218838,2.1804106714621905,0.05597831696964184,-0.21019011499965481,-0.8251472200449061,-0.07506761417235047
8.136000000000001,-0.04294525068774391,-0.02403436306590012,9.817637804424066,-1.2241549471970015,2.187065478627682,0.056064516386989394,-0.2117690084690187,-0.8208466076150932,-0.07625341400873353
8.138,-0.04307414190878944,-0.024100266067419107,9.817507118450143,-1.227528131182714,2.193658533101521,0.056148965976477894,-0.2133520594646939,-0.8165343505250334,-0.07744752531972644
8.14,-0.04320181779382892,-0.02416547585955886,9.817377300256073,-1.2308659850382289,2.2001896754568318,0.05623167884936531,-0.21493928609291524,-0.8122105929990123,-0.07864992866504948
8.142,-0.04332827539512696,-0.02422999040609608,9.817248363443602,-1.2341684010448253,2.2066587483494646,0.05631266827341774,-0.21653070642082228,-0.807875479680906,-0.07986060478480642
8.144,-0.04345351180563739,-0.0242938076613739,9.817120321514597,-1.2374352710092762,2.2130655965227617,0.05639194767259992,-0.21812633846866267,-0.8035291556287956,-0.08107953460143036
8.146,-0.04357752415930438,-0.024356925570180765,9.81699318786873,-1.2406664862674455,2.2194100668122427,0.05646953062675464,-0.21972620020213204,-0.7991717663095401,-0.0823066992213749
8.148,-0.043700309630649414,-0.024419342067978356,9.816866975802808,-1.2438619376880649,2.225692008150226,0.05654543087127206,-0.22133030952484264,-0.7948034575933076,-0.08354207993655603
8.15,-0.043821865435300644,-0.024481055080908476,9.816741698508679,-1.2470215156766824,2.2319112715703504,0.056619662296762074,-0.2229386842709166,-0.7904243757480665,-0.08478565822555151
8.152000000000001,-0.04394218882942358,-0.024542062525994224,9.816617369072738,-1.2501451101797811,2.2380677102120496,0.05669223894870412,-0.22455134219769216,-0.7860346674340332,-0.08603741575456322
8.154,-0.04406127711113417,-0.024602362310735648,9.816494000472268,-1.2532326106890603,2.244161179324924,0.056763175027099044,-0.22616830097854335,-0.781634479698077,-0.08729733437814685
8.156,-0.04417912761891607,-0.024661952333778547,9.81637160557619,-1.2562839062458855,2.250191536273052,0.05683248488610804,-0.22778957819580123,-0.7772239599680846,-0.08856539613971627
8.158,-0.04429573773240758,-0.024720830484670442,9.816250197142825,-1.259298885445895,2.2561586405392107,0.05690018303368316,-0.22941519133377442,-0.77280325604728,-0.08984158327182593
8.16,-0.04441110487290878,-0.02477899464384925,9.816129787817626,-1.2622774364437648,2.2620623537290285,0.05696628413118632,-0.23104515777185897,-0.7683725161084985,-0.09112587819623832
8.162,-0.04452522650267543,-0.024836442682966142,9.816010390132778,-1.2652194469581288,2.267902539575056,0.05703080299300556,-0.2326794947777378,-0.7639318886884247,-0.09241826352377955
8.164,-0.04463810012493319,-0.02489317246488576,9.81589201650571,-1.2681248042766504,2.2736790639407514,0.05709375458614696,-0.2343182195006572,-0.7594815226817732,-0.09371872205398869
