sim_time,acc_x,acc_y,acc_z,gyro_x,gyro_y,gyro_z,roll_gt,pitch_gt,yaw_gt
0.002,-0.0588556318034169,-445.7091972300817,-70.92993477014939,-0.8062841034178361,-0.09621073716775536,0.47771863938372333,0.0,0.0,0.0
0.004,-0.0038946995693758097,0.03171587118082191,-0.003694278594017697,0.9350657522236399,0.4047190822460125,-0.19871107835552332,0.0,0.0,0.0
0.006,-0.0007245738281698229,0.05067233180882714,0.0028273022621289733,0.12805905988345925,-0.2513816106777233,-0.27408403936393094,0.0,0.0,0.0
0.008,0.012295050429698856,0.012632528446331604,-0.036898143742832214,-0.1675915832306321,-0.6950209331589376,-0.37685012351476455,0.0,0.0,0.0
0.01,-0.010007069993090355,0.020712485349129287,-0.0059060675014927615,-0.8728207605662524,0.06755760334709582,0.3615393890546897,0.0,0.0,0.0
0.012,-0.030209747704664815,0.0010334568677574654,0.012756412699198524,0.16298656045663085,0.5253179730067017,-0.27919511912484696,0.0,0.0,0.0
0.014,0.020455500390997087,-0.026390063070590764,-0.0036617852756420455,-0.3609215567729722,0.4809980169277915,-0.633866922076967,0.0,0.0,0.0
0.016,0.032974323294903296,0.003679418372458386,-0.0018685684691793093,-0.4021617468194241,0.0019107213219061521,0.38111841332463475,0.0,0.0,0.0
0.018,-0.0460573760389522,-0.022465701775138527,-0.046768859641431834,0.5698653711103043,-0.019882678286637753,0.13463115409497495,0.0,0.0,0.0
0.02,-0.022382827425815998,-0.0001957425010033734,-0.030804972014954628,0.682849710537077,0.521852087643886,0.4580205372908722,0.0,0.0,0.0
0.022,0.00945235214520978,0.013382426190299262,-0.028439436555078766,0.46431929370389025,-0.7731132138641644,0.809332184828017,0.0,0.0,0.0
0.024,-0.014990172637546447,0.023870845783821384,-0.04316479904101885,-0.22106132818413338,-0.717955480964755,-0.4781510013878837,0.0,0.0,0.0
0.026,0.021223996179998,0.0144982259866722,-0.013361774783883376,0.10376955878184889,-0.48377099436744314,0.5292723766568757,0.0,0.0,0.0
0.028,-0.0028673094488734967,0.008039036176245287,0.04036968167013341,-0.22611489706442542,-0.7137614482707687,-0.13723406992916026,0.0,0.0,0.0
0.03,0.018135915891258104,-0.001711752972752088,0.007057009747659033,-0.021437775270838916,0.1398352760380747,0.13850575858132982,0.0,0.0,0.0
0.032,0.00906914568249198,-0.013578103580896894,0.054197914437219,0.3257639672568896,0.4942566160551068,0.5070848858546947,0.0,0.0,0.0
0.034,-0.04655534996159488,-0.023310992497659756,-0.03244038184085647,-0.39672670259998954,0.30077217962764136,0.3733806742444092,0.0,0.0,0.0
0.036,-0.02204626762596714,0.008198355024236052,-0.07988635543633708,1.1509019800485603,0.16102903698709814,-0.18392847613380411,0.0,0.0,0.0
0.038,0.050033844422441166,-0.02078038771056344,-0.008156689026345747,0.10470719349586659,-0.1824146091940684,0.21138766422981736,0.0,0.0,0.0
0.04,0.012339765532411517,-0.009784781731393145,-0.0002026068461163915,0.33980355000832546,0.7657198426921815,-0.15689886774013104,0.0,0.0,0.0
0.042,0.06727055851863786,-0.04724545179112736,-0.017119249724248053,0.06780605571861205,0.02576312252855559,0.9787800645958602,0.0,0.0,0.0
0.044,0.007743394455278805,0.03269904715150336,-0.0038012979044750074,0.4393508324062499,-0.7876341636393326,1.4335142753885546,0.0,0.0,0.0
0.046,-0.010559634641120768,0.0035755159779422632,0.031643294836550526,-0.9663826098373789,0.1923815141041604,-0.6567129142488314,0.0,0.0,0.0
0.048,0.021101852112597325,0.012109911830566278,293.2151665872355,-0.333870267640176,0.4419835350926872,-0.00043783652130480134,0.0,0.0,0.0
0.05,-0.012203583612582057,-0.005776835384230759,0.03026919682165005,0.09670217703712873,0.19675499573209906,0.0699823055614127,0.0,0.0,0.0
0.052,0.02537004834597451,-0.04426406308344427,0.02547595459390099,-0.393863659417096,-0.15570229921129147,0.22263045043022875,0.0,0.0,0.0
0.054,-0.026816913186126397,0.03121549253601659,0.02132836153849711,1.1280259697497612,0.9127924541198754,0.018495162201367,0.0,0.0,0.0
0.056,0.014777488406658393,0.027758550651612608,-0.020509384056336934,0.3046210083859225,-0.8386217146798869,0.9424206126832863,0.0,0.0,0.0
0.058,0.02589787625366493,-0.024641576802075356,0.007181560997545569,-0.421037632450647,-0.14552800790840748,-0.39515461760045434,0.0,0.0,0.0
0.06,0.0036797632397060753,0.02598089943682226,-0.006961254768109267,-0.25026658519436723,-0.019706492863649026,-0.28419547842663956,0.0,0.0,0.0
0.062,0.06601954724393792,0.033558114371717455,0.011312957487526558,-0.6781991269249926,-0.04042882701299446,-0.16837423123586423,0.0,0.0,0.0
0.064,0.028841520482034817,-0.027514288867604427,-0.02145440504936829,-0.1904817816234856,0.7606061324800985,-0.8493426068739072,0.0,0.0,0.0
0.066,-0.014394117625822326,-0.0026361579217987824,0.02361783072057215,-0.5362804382139239,-0.2057968831254998,0.6102955895631836,0.0,0.0,0.0
0.068,0.0043024861954807005,-0.010573592043645849,0.05740309981329469,-0.31215397793513366,0.5432636035317887,-0.665050128577199,0.0,0.0,0.0
0.07,0.007560529294167773,0.019984441494958875,0.03215524947785524,-0.6154787375913418,0.3910723930738407,-0.03992476893624071,0.0,0.0,0.0
0.072,-0.012317893290745972,-0.012744566898046629,0.01625276348774949,1.181929795841194,0.035379916624152526,-0.3648289059054134,0.0,0.0,0.0
0.074,0.0032314899159332604,0.025376475175125642,83.86207334802364,0.6334598312927818,-0.27079524361026225,-0.3898562855071117,0.0,0.0,0.0
0.076,0.01366132640379981,0.06857738049216221,0.900900811883755,0.2651955816763216,-0.2602402847135586,-0.4580975285087766,0.0,0.0,0.0
0.078,0.01822555462286627,0.006426259628017415,7.488668226981502,-0.7747901737961643,0.3401793734662374,-0.370658712274521,0.0,0.0,0.0
0.08,0.027840497801745887,-0.08912754880240913,8.931932185712663,0.02403518147946688,0.602268726767904,-1.0164800412433472,0.0,0.0,0.0
0.082,0.06707556779315683,0.0196015328783392,9.308541522465031,0.7654555042977618,-0.17443342261965317,0.9110563411599704,0.0,0.0,0.0
0.084,0.03155891710848038,0.018785728084042372,9.422749160399507,0.05620376964774511,0.1927801947135919,-0.046475023079972005,0.0,0.0,0.0
0.086,0.024984822867630718,0.04015792188062416,9.525588477366195,-0.37565120165948485,-0.214155410598142,0.033643911989894075,0.0,0.0,0.0
0.088,0.015336880609177131,-0.023202297911506402,9.62376944386352,0.16994375895721472,-0.042186348632410164,-0.557970647316232,0.0,0.0,0.0
0.09,0.029928302281060557,-0.026040722428765026,9.638037709458604,0.07051119771571483,0.9220362733112416,1.2878596129453406,0.0,0.0,0.0
0.092,0.02826031232447367,0.020991258719702106,9.667298314833747,-0.20735161638988484,0.5002842780297349,-0.7632485243599069,0.0,0.0,0.0
0.094,7.204029944105062e-05,0.0176764820742456,9.702367878952028,-0.6120646393238734,-0.27282041195301954,-0.4147951207131261,0.0,0.0,0.0
0.096,0.02517071368282979,0.019066288036687043,9.743620788320804,-0.9948989288724684,0.2085299361595988,-0.09346681419062026,0.0,0.0,0.0
0.098,0.059500098977708846,-0.008626054998265966,9.721307078008651,-0.2913738229120431,0.13419126535419135,-0.31592391581749457,0.0,0.0,0.0
0.1,-0.006370091046085963,0.056785345793331755,9.772583595048957,0.368108041545088,0.31149080863532896,-0.8789252123858352,0.0,0.0,0.0
0.102,0.07482409367160367,0.00015115245110900854,9.746546865187975,0.1502284956514849,0.007730092453172776,-0.10013936183554821,0.0,0.0,0.0
0.104,-0.06062968483429921,0.03851669017678918,9.798405505540279,-1.5658541442186178,0.16589354888588076,0.4120323197118497,0.0,0.0,0.0
0.106,-0.05145872095362112,0.07929592011994928,9.790854259649127,0.5511323305386835,-0.2655659480493452,-0.11522241817046139,0.0,0.0,0.0
0.108,0.010087345715497907,0.017486466135369437,9.748359849830049,-0.4921889958109231,-0.7760161162555836,0.45556217359609574,0.0,0.0,0.0
0.11,-0.011034011368374614,-0.037856946490509906,9.800973702495247,0.14422487970446626,-0.6317262654572439,-0.372816651969604,0.0,0.0,0.0
0.112,-0.001812983696716578,-0.03716738097298844,9.788499609171966,0.266506420740294,0.11747698572564386,-0.10166272695357163,0.0,0.0,0.0
0.114,-0.02551824898805331,-0.016224547442423933,9.785817586114453,-0.5275438589725613,0.3775354887953903,-0.5646751060373408,0.0,0.0,0.0
0.116,-0.039423793255106976,0.019040982471130657,9.826570931404369,-0.06568799802860337,-0.1910048680577799,0.844990640576221,0.0,0.0,0.0
0.118,-0.05777414328232293,0.006923561620934976,9.783861944736657,0.15388456401210465,-0.2816504542872439,-1.2746561457077419,0.0,0.0,0.0
0.12,-0.03615455939321546,-0.009430467126622313,9.781095093619582,0.2612588342720083,-0.13998369719820697,-0.2645574067065437,0.0,0.0,0.0
0.122,0.022842317948467104,-0.03541658636829568,9.820267801597591,0.9036593369996564,0.349971250232967,0.23293606543993325,0.0,0.0,0.0
0.124,0.03589289277419981,-0.004067415481747873,9.824416806861723,0.6357750137034032,-0.17344895787833234,-0.37916864218021734,0.0,0.0,0.0
0.126,0.017876523038223888,-0.003801852689176098,9.791238189089485,-0.1081288747972092,-0.03239884706493986,0.5209140072423064,0.0,0.0,0.0
0.128,-0.0010246910189454085,0.03777252229546975,9.753566452553686,0.9478235660307968,-0.7636294442328684,0.21930688287951716,0.0,0.0,0.0
0.13,-0.024209631192912407,-0.03432580555918148,9.847706599572232,-0.1838329206233024,-0.47430261662487005,-0.3943253548263003,0.0,0.0,0.0
0.132,0.021115417797927503,0.007468450109414824,9.783359166002386,-0.6136295510737838,-0.12345541286810342,-0.4367064700081793,0.0,0.0,0.0
0.134,-0.04497660887057874,0.014842140316122368,9.84155353841638,-0.39815331964696987,0.1875466279357746,0.5114921084469253,0.0,0.0,0.0
0.136,0.04505464390603406,0.03694805379117443,9.764432287421426,-0.335716408066977,1.2893220726453074,0.039479195025117916,0.0,0.0,0.0
0.138,0.014102261961777643,0.024422023401325044,9.862963456973468,0.3506692510333243,-0.153778604071871,0.027128460825979785,0.0,0.0,0.0
0.14,0.046136470299772185,-0.07040860794880312,9.89050413714334,0.11413941396058555,-0.8136966355504303,0.6116510200276811,0.0,0.0,0.0
0.142,-0.029123836930943087,0.030288588610819553,9.823913113226233,-0.6124394959759243,-0.15467057017881886,-1.0114023806323478,0.0,0.0,0.0
0.144,0.0006836452077097079,0.015196639165617452,9.758039144152946,-0.15668708740975112,-0.600394928338655,-0.4340661331556817,0.0,0.0,0.0
0.146,0.040817309561470054,0.00366292999140156,9.862220056003455,0.17038796343053317,0.1964929132705688,-1.0221877997410052,0.0,0.0,0.0
0.148,0.025905742123047925,-0.056667914066572796,9.782217907275859,-0.48524435866703075,-0.465977123942978,-0.35055322303417613,0.0,0.0,0.0
0.15,0.02069987864441456,0.07242711567449192,9.814111093951325,-0.14320045581418453,0.6311019850467809,-0.1149714176634377,0.0,0.0,0.0
0.152,0.017307233984747043,0.045652126915528245,9.84534996185644,-0.14623445339576893,0.8206264405710957,-0.18114977549725195,0.0,0.0,0.0
0.154,-0.004973008028637286,-0.003153478611018612,9.814925238021702,-0.45121017553092013,-0.27652800250372056,-0.6850658990492189,0.0,0.0,0.0
0.156,-0.03917063108414542,-0.04246727235782435,9.73112250893027,-0.11892903083507013,-0.0735157983022584,-0.8002984039043443,0.0,0.0,0.0
0.158,-0.026470717007621124,-0.02463375852505701,9.79383233070515,-0.07033107533117819,-0.18548649022349936,0.4736223745855037,0.0,0.0,0.0
0.16,0.040154857772866766,0.012976278473049963,9.783212648691821,-0.5008373366876812,-0.6117810653477359,0.1775968453338318,0.0,0.0,0.0
0.162,0.0017308913472084617,0.051773980446542085,9.82903405058913,0.04206332022703708,-1.2174726102551072,0.11399248298523122,0.0,0.0,0.0
0.164,-0.02129657293754949,0.029927787178751254,9.784137391115092,-0.4525431860850149,0.21026750514229778,0.3080309641042441,0.0,0.0,0.0
0.166,0.04312332621665593,-0.03300384773101469,9.770032212759373,-0.11294738100156382,0.2893735203561919,-1.0648466724633316,0.0,0.0,0.0
0.168,-0.05205004488070497,-0.0066271497054917,9.82434520359293,-0.4147835255506496,0.26581906006052836,-0.7867556304175993,0.0,0.0,0.0
0.17,0.026174246552627043,0.021554782502796566,9.818727813366827,0.1962405424832741,-0.1298829642736263,-0.16230633146902115,0.0,0.0,0.0
0.172,0.007183283332020659,-0.046435568292982385,9.762199893196595,0.2597761689339293,-0.10725671409491157,0.34117051427901973,0.0,0.0,0.0
0.174,0.024519518637417696,0.0068642811394305486,9.78635758111868,0.31493456612528,-0.2521128122677243,-0.2075994832300777,0.0,0.0,0.0
0.176,0.004898017163336278,0.024765596737315494,9.833435052504932,-0.9155709090829627,0.2531767522026371,-0.334857275495846,0.0,0.0,0.0
0.178,0.023679895746528505,0.0027650623920860737,9.846865054825612,-0.37811178342498025,0.7036385723915107,-0.67974867644725,0.0,0.0,0.0
0.18,0.032406666933932037,-0.007630267881489113,9.84959220186341,0.5113289031148723,0.2180928858586949,1.030069689373441,0.0,0.0,0.0
0.182,0.020594688900708872,-0.009662770032304252,9.756643985191404,-0.0558019471932161,0.7097788682892672,0.18123525671472276,0.0,0.0,0.0
0.184,-0.016273675437392818,0.03326284274538067,9.809628472458916,0.3901962405654641,0.19787869419829426,-0.8019181055509738,0.0,0.0,0.0
0.186,0.022953058607677605,0.04375052878875511,9.82289072362704,1.0577006490074534,0.2213888210111699,0.018854343498452008,0.0,0.0,0.0
0.188,-0.01546987973092236,0.00015191328553409593,9.8219698699693,0.5313667041058715,-0.5706683548482295,-0.01785530340191679,0.0,0.0,0.0
0.19,0.01825893591052491,0.004886490112781106,9.766888852938502,-0.44625024650887857,0.33971507145652236,0.2903481606998386,0.0,0.0,0.0
0.192,0.07830434889686001,-0.04813584693406243,9.744680689632094,0.5168442904362937,-1.3707381592404246,0.7427815354920813,0.0,0.0,0.0
0.194,0.04800365388615989,0.031572766889708975,9.853722457367404,0.005898373274853574,0.5693639160737223,0.6071083826844931,0.0,0.0,0.0
0.196,-0.04786936536681144,0.01744778880346112,9.800696256563036,-0.01799033313228001,0.7963725935717978,0.24114809208631655,0.0,0.0,0.0
0.198,-0.005436396065340714,0.022569371831545386,9.752048980566148,-0.35725412985908445,0.20972596042927724,0.27346696250721175,0.0,0.0,0.0
0.2,-0.019453906999891316,-0.015396407241767662,9.795796398798291,0.054860469401416964,-0.03107092960806044,-0.40489958251875546,0.0,0.0,0.0
0.202,-0.03747107086226607,0.08729697783113154,9.811877647898143,-0.1261300486243803,0.6696276436094742,0.49601704600208096,0.0,0.0,0.0
0.204,0.02760202503339118,-0.0071891822192361515,9.827293531502953,-0.3427701597772205,0.21068526863914824,-0.07528811586291619,0.0,0.0,0.0
0.206,-0.03712316602302364,-0.05593755702207155,9.811061080769477,-0.16015788276659848,0.258531134611422,1.1883537765095584,0.0,0.0,0.0
0.208,-0.017917620562246037,-0.005424281820640507,9.79913011522437,-0.1353678632805265,0.08582232289814608,0.1459406953815166,0.0,0.0,0.0
0.21,0.017749798496457674,0.00018781413234023034,9.778230563740706,-0.19365781289441375,0.26472674938330115,0.010023104477620542,0.0,0.0,0.0
0.212,0.004864892446144037,0.01792348253075258,9.83122402794831,0.5405281587316978,0.5149800892409232,0.18873572270208472,0.0,0.0,0.0
0.214,0.041171019190724766,0.010660180074941733,9.75307965446427,-0.51730795001946,0.062223120386702746,0.7720027629337979,0.0,0.0,0.0
0.216,0.00553600967881078,0.015054141728131435,9.800118975768347,-0.06931701434324213,-0.5592019982702261,-0.010758996125297456,0.0,0.0,0.0
0.218,0.033595868958927806,-0.04965142019473387,9.787073210734155,-0.25027222897123463,0.17624419688513,0.2684094989732642,0.0,0.0,0.0
0.22,0.026353252527040023,-0.03293474906438782,9.806747668405597,-0.561913812731325,0.19559217898277972,-0.44888124980468663,0.0,0.0,0.0
0.222,0.007740483195846762,0.008153706407783536,9.786742630575306,0.1020775702189507,0.33205283490009974,0.3166126131775786,0.0,0.0,0.0
0.224,0.02890748970395156,0.025042602188590352,9.786866261205933,0.668673088708435,0.8582798321072035,-0.2632225380561852,0.0,0.0,0.0
0.226,0.04911065536004473,0.017401576534297726,9.781205350828046,0.21751879379988237,0.0176553624122756,0.18696256418808344,0.0,0.0,0.0
0.228,-0.030143863606498313,0.00392499705845888,9.798340376219096,-0.9408844536730914,0.025257648582737595,-0.08879631587887643,0.0,0.0,0.0
0.23,0.025688293651692142,-0.005291370849433235,9.835982822187237,-0.4824284793022016,1.0304335179084658,-0.02756631089602451,0.0,0.0,0.0
0.232,0.029365593457948886,-0.012640028038482656,9.803749001839734,0.05869640308333202,-0.21532932152280274,-0.42818258519614244,0.0,0.0,0.0
0.234,0.007950070244846919,0.011083025350189374,9.879562307440873,0.4410529072990307,-0.4099595288685905,-0.6992775854168721,0.0,0.0,0.0
0.236,-0.004126286269347236,0.07872837150729874,9.806930505342171,0.3386963734537095,-0.11737177776885326,0.4345531063002932,0.0,0.0,0.0
0.238,-0.041438206441943064,-0.047711548189382676,9.85454745586779,0.9386831806694436,0.484878160638088,0.13251298015784285,0.0,0.0,0.0
0.24,-0.01936710297812896,0.038395721968401214,9.803960968191603,-0.13620786004759794,-0.6074754948341008,-0.4231396835927169,0.0,0.0,0.0
0.242,0.002345921449660302,-0.05816554901844134,9.810124810818003,0.286131919572761,-0.43742137369923323,-0.09471312625026321,0.0,0.0,0.0
0.244,0.020154350022105784,0.0019987448696674823,9.783495799176745,-0.1047170666738049,0.11442159874116394,0.8650880273839242,0.0,0.0,0.0
0.246,-0.0022865056447145815,-0.03241634583131028,9.807225138741902,0.35703495133029034,-0.23674374199459408,-0.2017532760374773,0.0,0.0,0.0
0.248,-0.00758118468519622,-0.03098281347173007,9.787883177744229,0.2377660777828362,0.18037934768836966,-0.47871731141267243,0.0,0.0,0.0
0.25,0.05110098150427134,-0.015623477456101856,9.83689077767012,0.26552736908227026,0.16341455133139257,-0.1948051068948211,0.0,0.0,0.0
0.252,-0.006196254228734067,0.009683202071605692,9.794511509681108,-0.7473709516873303,-0.2552697054645382,-0.2427799100447166,0.0,0.0,0.0
0.254,0.0013042262183167808,0.04409941434383198,9.776714500224628,-0.3705132810652007,0.09109777846647212,-0.06594882498457279,0.0,0.0,0.0
0.256,-0.0016981891746543792,0.006963124981570994,9.857207567475335,-0.3712307616475653,0.22433691346245377,-0.07845667912129425,0.0,0.0,0.0
0.258,0.010777944688381577,-0.012449222959963842,9.865090700565673,0.029675040943760413,-0.4215999845043925,0.04142485811907304,0.0,0.0,0.0
0.26,-0.001887853564012457,0.011746995771824587,9.819346629985283,0.4302225662816422,-0.7073521448559953,-0.5122945715543648,0.0,0.0,0.0
0.262,-0.058789350219320156,-0.03728621678572243,9.768077939185726,1.5978172633581822,0.00650447449158905,0.12720758218335038,0.0,0.0,0.0
0.264,-0.044040797036498845,0.02987925629136738,9.791375533502562,0.11029211539787798,-0.19631798624604677,-0.21115140272798277,0.0,0.0,0.0
0.266,-0.05339667240294592,-0.0173302298246403,9.742573693153746,0.29298368689934173,-0.4314100263526627,-0.11806460976126598,0.0,0.0,0.0
0.268,-0.008259802835828167,-0.015366699923120945,9.783062549548768,0.24872540814228133,-0.2091720921803072,-0.07478679434249107,0.0,0.0,0.0
0.27,0.05915072329536195,0.02112731509694859,9.797413835307516,-0.8293402243624619,0.16146410566719016,-0.3314198684294889,0.0,0.0,0.0
0.272,0.018636652405855377,-0.0038250093702840563,9.825086915924661,0.5949679945320435,0.6213773234351401,0.17460996845476323,0.0,0.0,0.0
0.274,-0.032753802599890934,0.0006317455079741775,9.801164937669782,0.787866874533681,-0.5487950524921942,-0.3230411348949378,0.0,0.0,0.0
0.276,0.020815669965429256,-0.008834656610868779,9.776024887757332,-0.22767517213326754,0.5779139489529017,-0.6131238864980713,0.0,0.0,0.0
0.278,0.0033167677265279858,-0.034177255770095394,9.822465390005256,0.041172428145237354,0.4177316167297581,0.25953524650989596,0.0,0.0,0.0
0.28,-0.03240513801838721,-0.05007786685543619,9.796457275321018,-0.18238432519904846,-0.38232544329943385,0.593032006729726,0.0,0.0,0.0
0.282,0.0035728891241097044,0.014463009238817642,9.787616312199551,-0.39196930001865027,0.48854053211699683,-0.5435956278615199,0.0,0.0,0.0
0.284,0.021766780644035307,-0.00804928020318597,9.886605787444402,-0.3755844054388956,0.5886679995082741,-0.41047063061241956,0.0,0.0,0.0
0.286,0.015363914934553928,-0.010478874673109621,9.792596350362619,-0.23072980920777397,-0.3571678735133713,-0.00786110509322278,0.0,0.0,0.0
0.288,0.017361556293536022,-0.00505999582054609,9.82253078152766,-0.1708380087698574,-0.7173908202575878,-0.1617728138477283,0.0,0.0,0.0
0.29,0.030677570650582596,-0.0036873991788270834,9.775983863384106,-0.5842014812244484,-0.18750793881302355,0.06864934645663448,0.0,0.0,0.0
0.292,-0.001165921275714577,0.008382926545153883,9.81364537639053,-0.25846507887077863,0.2808223599042499,-0.24304992258909075,0.0,0.0,0.0
0.294,0.04546091220766008,-0.028188284724568,9.82573568918873,0.6598966960358434,-0.4519091809324981,0.02225201684538998,0.0,0.0,0.0
0.296,-0.001503064405101506,-0.0008388693437704731,9.779292984216134,-0.19251067270239366,0.6516078929485467,-0.41368041343668244,0.0,0.0,0.0
0.298,-0.012139434524880277,0.0325353227388805,9.828312435219257,-0.6318169892946621,0.23392167287543703,-0.24818631834395913,0.0,0.0,0.0
0.3,0.0036950775882474305,0.04870701934985316,9.835513288666686,0.6680352242618264,0.16631945856845942,-0.16784894574390574,0.0,0.0,0.0
0.302,0.010900813342421338,-0.07296806171982317,9.772669068845385,-0.05188894938262682,0.5451805489493186,0.2071154698752538,0.0,0.0,0.0
0.304,-0.0004600125147484579,0.032552340546229415,9.828791901381999,0.026560444991172556,0.6554546951393718,-0.5542939717687653,0.0,0.0,0.0
0.306,-0.0035795884565129137,0.015645121210066077,9.764283743646537,0.5641683364610056,0.5521453780846753,0.07727508431821832,0.0,0.0,0.0
0.308,0.03474110278562951,0.01943064631364925,9.81399756647811,-0.054464789124915626,0.4628304158363742,-0.3017323811908353,0.0,0.0,0.0
0.31,-0.028501837044433563,-0.006238156604893624,9.752573785992217,0.5077949747949497,-0.4165989337667021,-0.8630206624137525,0.0,0.0,0.0
0.312,-0.027288305617152654,-0.07432610100470245,9.8380860043795,-0.11104231951561797,0.12839615839553098,0.06611649403546321,0.0,0.0,0.0
0.314,-0.016834997824227056,0.00454851144453781,9.767535352682708,1.0965171142857657,0.30887072163385737,-0.07401117967744374,0.0,0.0,0.0
0.316,0.004084757588789467,0.0558937579993158,9.759944953489992,-0.31579112472465537,0.024470745899532086,0.5214431313605974,0.0,0.0,0.0
0.318,-0.028339847207463218,0.014953150552600995,9.810582153444098,0.5541967125456605,-0.004469887749453451,0.21027724633294853,0.0,0.0,0.0
0.32,-0.0144637053847007,0.01989128771121599,9.7934911034741,0.6590191245618261,-0.09017150488612567,0.7484570116207406,0.0,0.0,0.0
0.322,-0.037931182533428365,0.036456974995628985,9.79487540175508,-0.44298445859091495,0.2875229462747139,-0.42466812042713475,0.0,0.0,0.0
0.324,0.05630328074053733,0.01200081951049304,9.802033973743413,0.43815090391392075,-0.15705966299419732,0.11104917778269283,0.0,0.0,0.0
0.326,-0.017767908086872147,0.037776012065522,9.808726359178914,-0.4977514310404591,0.27498013247383946,0.33167752571472486,0.0,0.0,0.0
0.328,-0.010840335305798589,-0.0021724534764238426,9.816208496303398,-0.7062876089506336,0.5017888441595694,-0.18774153841173896,0.0,0.0,0.0
0.33,0.045606914788418836,-0.016089059694637538,9.873188693742446,0.3274056168948289,-0.19515666447023838,0.281498257160601,0.0,0.0,0.0
0.332,0.030251117323435824,0.004642219357748434,9.838940840545481,-0.22011775150585247,0.16113486278229283,0.23997895269386196,0.0,0.0,0.0
0.334,-0.04596360335719551,-0.013178061493951822,9.861448629713072,0.02994881168975427,0.2973514507279791,0.15958787165356741,0.0,0.0,0.0
0.336,-0.0383229114025122,0.02105370250006874,9.789185980755708,0.4642555942441371,0.42750114315805093,-0.00729278154839752,0.0,0.0,0.0
0.338,0.046157708021075494,-0.01691335795879184,9.773067932627635,0.40029349237445333,-0.760422874495496,0.7928709982568565,0.0,0.0,0.0
0.34,0.04551485836156125,0.019329407341819822,9.777379697407582,0.2836128646399412,0.6746209388129423,0.2774782448766748,0.0,0.0,0.0
0.342,-0.004473782851597802,0.04077842593181061,9.796355653854578,0.18522325922547261,0.4050617623616037,0.6865686502732123,0.0,0.0,0.0
0.344,0.03509702548725153,0.004678747753589747,9.79849235173097,0.07416616257474772,0.44477775405677766,-0.3757002428941765,0.0,0.0,0.0
0.346,-0.020708409103491587,-0.022846412243080285,9.849878903468229,0.3033244506995726,-0.25154509107577494,0.4749794445297895,0.0,0.0,0.0
0.348,0.045325352025562676,-0.01587158394974144,9.807050586024893,-0.09101406067463137,0.18209072565207143,0.06838140945612355,0.0,0.0,0.0
0.35,0.06832661759467816,-0.008162003775635638,9.782527174871205,0.4917062475817997,-0.418449787930201,-0.01737004514521345,0.0,0.0,0.0
0.352,0.026050653448095918,-0.07356677308006104,9.849579761852544,-0.0990972412185565,0.22596029885379318,0.31839531658145953,0.0,0.0,0.0
0.354,0.03300967874192583,0.029495172384405476,9.78817219271877,-0.2835442847473438,-0.08696980550364365,-0.8033177726468868,0.0,0.0,0.0
0.356,-0.07878964705699586,0.03369231676154235,9.816158824887502,0.041771521983727855,-0.4230247956402409,0.04633541719578478,0.0,0.0,0.0
0.358,0.01570405957706202,0.003192777480265757,9.876118382493784,-0.10475601193509612,0.1492019920002876,0.4054518105057012,0.0,0.0,0.0
0.36,0.04452271125283016,-0.029541049782881256,9.749001032444855,-0.0024051176538827054,0.5627973841395822,0.2501969970227733,0.0,0.0,0.0
0.362,0.016592729063136278,-0.022528414157332186,9.842461722094662,0.19725809501809485,-1.0057988429045528,0.1163196417292226,0.0,0.0,0.0
0.364,0.012750817668913441,-0.03383320298307482,9.800093298651111,1.1874131162769603,-0.21463301023629192,0.5205654383131831,0.0,0.0,0.0
0.366,-0.02888673106360703,-0.035223124559555695,9.782438136675395,-0.7976095715980078,0.185442157228771,-0.014782473978843993,0.0,0.0,0.0
0.368,-0.01838452031773721,0.06458799887171336,9.846342934560369,0.19151598816734738,-0.12758138513936576,0.9633235552638102,0.0,0.0,0.0
0.37,-0.004098137475372011,-0.029451975652056768,9.806176511138988,0.46423528585489227,0.01845743977518085,-0.5578424129743044,0.0,0.0,0.0
0.372,-0.008747808377424074,-0.042503567705539126,9.798893308946479,-0.23239998309089255,-0.0228566475595343,1.0831365186055764,0.0,0.0,0.0
0.374,0.028818111522748532,-0.013995980270624611,9.845005495107992,-0.6734693364653844,-1.7257063451614127,-0.28761544155327495,0.0,0.0,0.0
0.376,0.027016827213274263,0.016877184940892867,9.80842602099658,0.8097468013411713,0.051946409398811615,-0.30326276863237855,0.0,0.0,0.0
0.378,-0.017272847926902916,-0.01114508646140487,9.788891917597647,0.18360822724141465,0.7558805238985526,-0.31771873938086714,0.0,0.0,0.0
0.38,0.013055674947440452,-0.021895072382579973,9.819656093238102,0.14022033594343675,-0.019440864106734734,0.5619234528079922,0.0,0.0,0.0
0.382,-0.018152697743981948,-0.024234630658695105,9.779188862771383,0.054972720255392585,-0.8790025881233535,-0.2618686527644207,0.0,0.0,0.0
0.384,0.008833354537038677,0.006829481277667791,9.7862521656815,-0.2451524791218158,0.24976336476395047,0.5917755318078333,0.0,0.0,0.0
0.386,-0.007704643421877118,-0.011356646475027118,9.814657297880917,-0.38429269120712506,0.557556844361522,0.047741482556726375,0.0,0.0,0.0
0.388,0.034198062590926497,-0.0394644450448643,9.819053300636021,-0.8343922209498669,0.02612388505962691,-0.2736476902563064,0.0,0.0,0.0
0.39,-0.008691310709497458,0.03367847787126675,9.83853879962072,-0.07753425278607287,0.26582584533467013,-0.5850047336573058,0.0,0.0,0.0
0.392,-0.03814442704392526,0.027962803564126292,9.813820970886885,0.6865658033722777,0.47385313171207294,-0.1984572210988503,0.0,0.0,0.0
0.394,-0.03854868973543342,0.006537186758798634,9.859046120461068,-0.21947327676855177,0.34841012024210727,-0.138502115486751,0.0,0.0,0.0
0.396,-0.027835758960078644,-0.037774392877644176,9.78428527162959,-0.2501388302572317,0.08821776035260266,-0.03360247938979675,0.0,0.0,0.0
0.398,0.018063444546041203,-0.0722599847393969,9.76736599842034,-1.294267010163414,-0.3519328411149894,-0.7258222416840892,0.0,0.0,0.0
0.4,-0.0635937627241308,-0.053253116832734364,9.764720834402068,0.6936251685836754,-0.46001025465662737,-0.7138080732072065,0.0,0.0,0.0
0.402,-0.011666694335466691,0.06184309655185596,9.774948444584036,0.345592045545775,0.608842006335148,0.10856108440506468,0.0,0.0,0.0
0.404,0.020596681050886217,0.041513981575510145,9.824609185889463,0.1012831261615913,0.1437550546372585,0.39609134003290464,0.0,0.0,0.0
0.406,-0.028376843413284083,-0.024128616133864324,9.79730401750438,-0.32140884154436916,0.6138308278382497,-1.2025142349922506,0.0,0.0,0.0
0.408,-0.01594123831066946,0.003944713748283709,9.832318746549848,0.47485132720174417,-0.8471321790381017,-0.149955979797623,0.0,0.0,0.0
0.41,-0.02464193837814214,0.011186781215278729,9.856181150862785,0.1179140432702577,-0.4317703589447031,-0.1437144712454628,0.0,0.0,0.0
0.412,0.02932299826183115,-0.015442185249763462,9.848839224033574,-0.08763653026375766,0.10707233335299428,0.33342753811677756,0.0,0.0,0.0
0.414,-0.019609844529279476,0.05486442874185318,9.728382443773185,-0.4962084104983598,-0.27313590665697457,0.13706385057123568,0.0,0.0,0.0
0.416,0.011667355598733163,0.024162293322148466,9.798465832442435,1.4171686198175182,-0.8265997375657299,0.6801724050595729,0.0,0.0,0.0
0.418,-0.009663294669056226,0.014192588474458354,9.825718831392784,0.49066226154090153,-0.27805583657370436,-0.5620894987916955,0.0,0.0,0.0
0.42,0.009186436975841475,-0.011790194889884456,9.810772743850379,0.5309980046400734,0.5663179820560612,-0.2255447709246501,0.0,0.0,0.0
0.422,-0.01193299445124634,-0.04089250193504854,9.816932362483447,-0.45446850318968374,-0.1283769617871906,-0.8216135705896374,0.0,0.0,0.0
0.424,0.023351057785597925,0.0015459204917851852,9.754651280642411,-0.33112424137266105,0.43717378489638753,-0.1464841502104575,0.0,0.0,0.0
0.426,0.029835832910076594,-0.009836479484269082,9.82611711744502,0.8350629230033021,0.3299141560395011,-0.1920027462582747,0.0,0.0,0.0
0.428,-0.0712271670402106,0.01881618352577941,9.846362569508704,0.5111090302399512,-0.6905843851646778,-0.3561665564716488,0.0,0.0,0.0
0.43,0.04998996765739732,-0.0029565337063595792,9.737099002253471,-0.36752219478791986,0.2369509494686456,0.19698497737425383,0.0,0.0,0.0
0.432,0.024795419576483645,0.024068966928830142,9.79890384743638,0.026872258823051484,0.16322064900738317,0.12397854910491292,0.0,0.0,0.0
0.434,0.03303137488412368,-0.0013124198804278604,9.82620512279205,-0.41066698525491807,0.49495401233753317,-0.5876786730421719,0.0,0.0,0.0
0.436,-0.002945444547713784,-0.047638799834277865,9.785829984653176,-0.8834089613591491,-0.6417779919237321,-0.4131149464393228,0.0,0.0,0.0
0.438,-0.006704272251972907,-0.0002172290648481026,9.84484518474269,0.4138557150528807,0.7144225594110895,-0.14228487406860316,0.0,0.0,0.0
0.44,-0.018698298533968302,-0.0327927609913658,9.801296518556402,-0.5173629943340787,0.2249031220737239,-0.7687684730647117,0.0,0.0,0.0
0.442,0.020065176529274652,-0.0377688008838085,9.839699065897484,0.47123828630643577,0.9373760039057085,0.6670091356315165,0.0,0.0,0.0
0.444,0.03510702244020628,-0.01922177485636875,9.786873956052299,0.6658238827130346,-0.08696699317814725,0.11125802301806685,0.0,0.0,0.0
0.446,0.037265087550167955,-0.0010979287627048448,9.811195038443373,0.552287844622923,0.39160823543633894,-0.6397299031165513,0.0,0.0,0.0
0.448,-0.00705131437504395,-0.056103593220506655,9.79669887993654,0.47063575503875593,0.06137373750675593,0.15918415842242153,0.0,0.0,0.0
0.45,-0.005077407169224186,-0.06410909951256183,9.827186307729738,0.41261867116615547,1.139146855129032,-0.46860778672209275,0.0,0.0,0.0
0.452,0.0075064573111303535,0.014289674619389754,9.86239880929208,-0.10093830880461362,0.3938361958298547,-0.3598998401519234,0.0,0.0,0.0
0.454,0.016120347233357236,-0.011393466982677765,9.844053429162425,0.17946862820824672,0.5785897531269311,-0.3839037770568122,0.0,0.0,0.0
0.456,-0.0147710877988729,0.0010688896546471826,9.801676394004932,0.5554575840197004,0.2947876286406723,-1.1448380327612089,0.0,0.0,0.0
0.458,0.016384167872778632,0.07614070560762398,9.861318402016005,0.003690331138025064,-0.7746907164134323,-0.060598759598516426,0.0,0.0,0.0
0.46,-0.0061113054311505875,-0.053097647056705596,9.801213812408436,-0.9621412576188427,0.1075237698852314,-1.0176119354224593,0.0,0.0,0.0
0.462,-0.025212723764826493,0.041921953489434734,9.803662456506212,-0.06690847800494268,-0.24037918254944246,-0.32953973151606375,0.0,0.0,0.0
0.464,-0.055147119058879604,0.015647505021005818,9.809923871423372,0.020917847495176056,-0.2774234889059484,-0.6788622919751685,0.0,0.0,0.0
0.466,-0.017130712682618003,-0.007583418151457601,9.80625508708148,0.07578963987183014,-0.2564601995499196,-0.5007141063594134,0.0,0.0,0.0
0.468,0.027167537979205066,-0.009900669171121892,9.770115093904524,0.18311892351405987,-0.08020344928657741,-0.020306317830899655,0.0,0.0,0.0
0.47,0.07566739893491133,-0.00379272460531346,9.833967335104095,-0.34913026919163775,-0.1645462554364074,-0.06432830347153923,0.0,0.0,0.0
0.472,0.04033083774776521,0.05279410079846179,9.778359239845056,0.47540121654171685,0.4077141164843022,-0.361527606508036,0.0,0.0,0.0
0.474,9.866289963434132e-05,-0.01826439518209466,9.907046492440175,0.12328599657748995,-0.5069504960304544,-0.0931618568399769,0.0,0.0,0.0
0.476,0.006838781630893417,-0.033869432903842075,9.799748672987757,0.06136853413173913,0.5092180270753167,0.01012570671124349,0.0,0.0,0.0
0.478,0.02947913555419556,-0.012184142423380505,9.80308071871962,-0.04184976806626872,0.6718911240400401,0.2721690699423359,0.0,0.0,0.0
0.48,0.010826000695729518,0.022786667620767333,9.794129468908062,-0.7790513146702069,0.562031663028731,-0.9225184111174215,0.0,0.0,0.0
0.482,0.03526037978569281,0.0036469282200481323,9.795427602924331,-1.1260466768160222,-0.5856029074053297,-0.060142948155648066,0.0,0.0,0.0
0.484,0.02016882141058933,0.02929787725289163,9.819624658973101,-0.41195050648437553,-1.0590127390020156,0.7346610174332809,0.0,0.0,0.0
0.486,0.007568736501830322,-0.032264030976827215,9.772276065110168,0.02356543510578874,-0.5017012459119945,-0.025939958981668093,0.0,0.0,0.0
0.488,0.037819977299221465,0.008237598679950175,9.795252727374985,0.6329054674840764,0.2925957595655648,0.18819878712432195,0.0,0.0,0.0
0.49,-0.014708803147879588,-0.03665821314904133,9.779024877888437,0.08824073114428045,-0.12776372049603052,1.0786495313655948,0.0,0.0,0.0
0.492,0.009075622544066738,-0.02221865801408562,9.820720226303877,0.9914725903629319,0.4687988240415605,0.041156199112992085,0.0,0.0,0.0
0.494,-0.032991032348170884,0.05314502140375134,9.778400388627373,-0.11643545381459802,-0.33377981378723415,0.7399120509821181,0.0,0.0,0.0
0.496,0.005941360640624943,-0.07636067013499802,9.8583249197612,-0.7083438297523111,0.7631288503424665,-0.4247241211848593,0.0,0.0,0.0
0.498,-0.047965286042091465,-0.014158978801534501,9.789080646461231,0.8778132654981172,-0.16660283822404168,0.033118555533411885,0.0,0.0,0.0
0.5,0.01537603672015298,-0.010568897125089906,9.82527457600545,0.15656261285590947,0.15774885153216325,0.17477770895008368,0.0,0.0,0.0
0.502,0.011858156736817099,-0.010636064834019177,9.809409326055032,0.1532048996008006,0.13000037924679303,0.10115146486186433,0.0,0.0,0.0
0.504,0.025851332885540496,0.0236813103995758,9.7652615403709,0.10234024866831863,0.8182712425269562,-0.4380106185838699,0.0,0.0,0.0
0.506,-0.017201621882596,-0.017936256490576973,9.776567375717981,0.31743446745854703,-0.3088868927227814,0.13122020689494152,0.0,0.0,0.0
0.508,-0.03086909107308175,-0.006080792800382871,9.847200862967446,-0.5985097332928078,0.2338227998021509,-0.6389612963358559,0.0,0.0,0.0
0.51,0.009101989649756096,-0.02001751269297968,9.854295781112455,-0.11776882716801954,0.9187360146303888,-0.28179264969098866,0.0,0.0,0.0
0.512,0.07717439365914784,0.003765592480221796,9.781939157245533,-0.2516928769298089,0.15712148054446548,0.8676647966027461,0.0,0.0,0.0
0.514,0.05151754859170781,0.03374679082682889,9.811328482688408,0.014175421023019519,-0.5962748299368139,-0.23208507046035867,0.0,0.0,0.0
0.516,0.022304092640466747,0.025218448243551097,9.826287767238457,-0.2522933840272987,-0.5723594566228323,0.3013366636007963,0.0,0.0,0.0
0.518,-0.025489598965125513,-0.07502578116749359,9.780029166954339,-0.6106269751214012,-0.3003130727839666,-0.1307982766497606,0.0,0.0,0.0
0.52,0.006099400560778364,0.03696664997566397,9.7991034534032,0.408701263370586,-0.21819608180275984,0.15545727059343784,0.0,0.0,0.0
0.522,0.009817315112422417,-0.007560645280569334,9.806092894695164,0.17728625046686855,0.11262114533214972,-0.057775532993506865,0.0,0.0,0.0
0.524,-0.017251464930776263,0.0060828615700879015,9.798405574068688,0.7949322252688372,-0.517010151099308,-0.788396896684349,0.0,0.0,0.0
0.526,-0.0019298522505621077,0.016669088865034848,9.822888406954268,-0.5065380946555552,0.46677241684477294,0.8321419071331396,0.0,0.0,0.0
0.528,-0.013549524468468141,0.015699678778516926,9.80012865956828,0.3714412534631518,-0.4088650125240343,0.6850312875739755,0.0,0.0,0.0
0.53,-0.01572394322208081,0.0019622480710657676,9.854641427618253,0.3614680646432077,0.40239281311107733,-0.22492749116767252,0.0,0.0,0.0
0.532,-0.002827386024916944,0.007750843569055494,9.802124857670888,0.336588381403991,0.46418479379608185,0.8394015208851957,0.0,0.0,0.0
0.534,-0.031182048412024363,0.03117022202417475,9.838349535659164,-0.008891978562691227,-0.2987303765325386,-0.27720281415645187,0.0,0.0,0.0
0.536,-0.014274162619899571,0.01796403043012931,9.812857798887848,0.14080555807862055,-0.27046258027614967,0.7452012164514523,0.0,0.0,0.0
0.538,0.07983599298464722,-0.06262379615600933,9.808091617005262,-0.1410758136665878,0.5087087828930507,-0.14162001181795505,0.0,0.0,0.0
0.54,-0.01680229517072887,-0.017268331395027637,9.802622067975616,0.2611637381218535,0.07196626159127684,-0.10412725595477232,0.0,0.0,0.0
0.542,-0.05612924531571927,0.056297890168088095,9.78922818830697,-0.5267205164083943,-1.0221383375880866,-1.0758056276399568,0.0,0.0,0.0
0.544,0.01738726719806347,0.01021056304777218,9.785588263659129,0.5713533801054544,0.49114995242757725,-1.0333570198751822,0.0,0.0,0.0
0.546,-0.010142872210188008,-0.04654475735702094,9.841503279997324,0.13718751630307585,0.7465813359320036,-0.48847105374353395,0.0,0.0,0.0
0.548,0.01498589412414259,-0.03855109762018193,9.872503438173137,0.014177645784742772,0.8108089504198317,0.5427093290190411,0.0,0.0,0.0
0.55,-0.06768028269967069,-0.017800123148006677,9.7980880932011,-0.20893344792962737,-0.2901845361760233,0.24862186918018986,0.0,0.0,0.0
0.552,0.0236980837409012,0.016884543531721048,9.829441860100786,-0.04952057157539256,0.08618964538900485,0.608416215338885,0.0,0.0,0.0
0.554,-0.01036498996942291,-0.01571684080395879,9.80876091519568,-0.04701883375511166,0.061749941753915065,0.4697772334549653,0.0,0.0,0.0
0.556,0.08128593219579791,0.02825950470089783,9.843067407282115,-0.7789588157362316,-0.19473524566545528,-0.3794256592320517,0.0,0.0,0.0
0.558,-0.010211775030936626,-0.0281384842289029,9.791875178590708,0.13597026786685038,-0.20862338631699498,0.5793298031649958,0.0,0.0,0.0
0.56,0.01273282147873638,-0.008082927159213708,9.825917301893407,-0.4761457425086549,0.13360087636005052,0.12586328951811426,0.0,0.0,0.0
0.562,0.029807618325610404,0.0012240947192551533,9.743471346286068,0.6071733277543353,-0.21309019753060549,-0.051812338420366436,0.0,0.0,0.0
0.5640000000000001,-0.08854600429841221,-0.005715670847956319,9.83756080585327,0.2450830140978959,-0.6412526148879238,-0.7649055880720586,0.0,0.0,0.0
0.5660000000000001,-0.05900986057797231,0.08181696302769703,9.811519298734266,0.15242037749933646,0.03035744366824901,-0.32789353798878207,0.0,0.0,0.0
0.5680000000000001,-0.014188845835587624,0.0109428754654145,9.802733376033917,-0.6200447055367689,0.20451010367366387,0.98629784483886,0.0,0.0,0.0
0.5700000000000001,0.014500925847629532,-0.0007216537570489369,9.810426558800495,-0.3371138940862729,0.5420066369643757,-0.046381071193448614,0.0,0.0,0.0
0.5720000000000001,-0.0029301755157142826,0.004278832898814444,9.783423748006978,-0.44118899639600484,-0.6120685930228775,-0.2349688429701444,0.0,0.0,0.0
0.5740000000000001,-0.02347900823981836,0.012026519529668675,9.766346606895745,0.6084359815001764,1.1451755318470365,-0.39533613886307417,0.0,0.0,0.0
0.5760000000000001,0.007329839398840143,0.026152443780746572,9.779027151738486,0.7618045428191529,0.23947203713434845,0.46694835505533433,0.0,0.0,0.0
0.578,-0.015096652755391557,0.0026195902957206942,9.81516266156935,0.07534059527830708,-0.5536588625164519,-1.3282249112293905,0.0,0.0,0.0
0.58,0.04383779615593036,0.0030765816076814526,9.816408112499289,-0.4928896277012221,0.09771512403065555,0.2790262878555105,0.0,0.0,0.0
0.582,0.0014260565963143449,0.0013098480040949739,9.825970925192104,0.34055238550998146,-0.2756143563105682,0.09733450675681274,0.0,0.0,0.0
0.584,-0.0450392464986245,-0.013786159311695984,9.827771108121619,0.046169012403264875,0.11469843048214343,0.39450536627676885,0.0,0.0,0.0
0.586,0.011747106843620729,-0.03196847735673667,9.804007784128155,0.05467807598747453,-0.7753345469349096,-0.12056205416511274,0.0,0.0,0.0
0.588,-0.023095908348165387,-0.039846386048774975,9.81987758654186,-0.30458676260182643,0.6422648673972721,-0.6506726864830499,0.0,0.0,0.0
0.59,0.05318189853618866,0.025766149600210776,9.80814618212519,-0.420761863876243,-0.8258517021690113,-0.4389070143055601,0.0,0.0,0.0
0.592,0.0323427531190158,-0.03145279326932938,9.81828281350531,0.22561153927604347,-0.700169641228108,-0.40201223854345947,0.0,0.0,0.0
0.594,0.02717411489359129,-0.017160752088669826,9.833429605246407,0.3056464836873686,0.10968904479040306,-0.32451585427652346,0.0,0.0,0.0
0.596,-0.014214475071421604,0.00203737059216098,9.833514193089117,0.21720052018656968,-0.833920974492488,-0.0012391852025942936,0.0,0.0,0.0
0.598,-0.03387422315081626,-0.010741555780595295,9.81182674469396,-0.07869988231036033,0.06642273424750243,0.9435586022353826,0.0,0.0,0.0
0.6,-0.08746343250821097,-0.0028847655424933077,9.83645143108735,0.38858803553399823,0.5404113329155656,-0.41196490053374796,0.0,0.0,0.0
0.602,0.025730960255140205,0.022207408461119283,9.801009532724827,-0.22651804810262655,0.8006199017546723,0.4141274286421676,0.0,0.0,0.0
0.604,-0.04085489796524643,0.029013892586455023,9.817867718202498,0.6621056185992636,0.5527664569913802,-0.5922595721315929,0.0,0.0,0.0
0.606,0.036476974988643274,-0.004880545227803916,9.82182336493197,0.06270234861614207,0.16322640802786517,0.6702591797214305,0.0,0.0,0.0
0.608,-0.02073057662154242,-0.027699408025491163,9.762325475872386,-0.5079376944912666,-0.5883125019653602,-0.7241236810264566,0.0,0.0,0.0
0.61,0.029416918365697178,0.0580263887093533,9.770265279575817,0.29942564146355877,-0.5154218914048531,-1.2105146588369942,0.0,0.0,0.0
0.612,0.06963787522301035,-0.03321282798885534,9.837766407866068,0.23785316499603523,0.4426413223422516,0.13130819752294276,0.0,0.0,0.0
0.614,0.0029861393911701398,-0.06438401982946848,9.793971236438205,0.26635013959092224,-0.2164914755206438,-0.7414174167078484,0.0,0.0,0.0
0.616,-0.0021429987984477273,0.027869194845598563,9.830043033141923,-0.5183979276129066,-0.7030753087126088,-0.43775717706346473,0.0,0.0,0.0
0.618,0.007778791767420685,0.06500237230094548,9.798125455020939,-0.1969813778813515,-0.10473640808213677,0.3138981672493674,0.0,0.0,0.0
0.62,0.004081637751182731,0.018613289037352897,9.815531575726007,0.22078539088302157,-0.27496812222425776,0.5921211114596474,0.0,0.0,0.0
0.622,-0.03573627110017538,0.017106487994876258,9.813214062165178,0.1954018576579259,-0.3188572608049118,-0.6747824478201125,0.0,0.0,0.0
0.624,0.0007913160111943052,0.03163348437825132,9.761243872292969,0.11413150544149554,-0.20802296099318393,-0.7880523152757933,0.0,0.0,0.0
0.626,-0.05213914346971964,-0.018974101993701892,9.838613708460848,0.38421747077240137,-0.6990832204281647,0.06054583307769358,0.0,0.0,0.0
0.628,-0.03624222456263535,0.017502578714763174,9.846127446294215,-0.20627698907385222,-0.6126404478608827,0.9114111638384884,0.0,0.0,0.0
0.63,0.04446713866561231,-0.00900444258538595,9.790372687986263,0.729917612965986,-0.8121919617203306,0.5543163332094938,0.0,0.0,0.0
0.632,0.006628837619081772,-0.004223392019675778,9.838370316538372,-0.18820700729629858,0.4008389276993971,0.07052971394131925,0.0,0.0,0.0
0.634,-0.03136888140942798,0.03068668467249635,9.772004646681326,0.023935312857844213,-0.40359138127108485,-0.25910037325734925,0.0,0.0,0.0
0.636,0.05779552961639117,0.024837299799184098,9.858548683725845,0.5025820357259431,-0.3930067081716819,0.44380224909320265,0.0,0.0,0.0
0.638,-0.01128817933602918,0.007762183555434231,9.83702889197031,-0.5578151536018559,0.19753760155167235,-0.3647176426831047,0.0,0.0,0.0
0.64,0.03986599986604127,-0.004940100786444919,9.844690589210991,0.25488160431848084,0.10461448084832373,0.14147734635093015,0.0,0.0,0.0
0.642,-0.06285523358733941,0.02644059185861121,9.826545918763545,0.05494907595369203,-0.6245727263951443,0.6382693137465624,0.0,0.0,0.0
0.644,0.07546630079680626,0.005029442362637497,9.737416956951444,0.6568322907433991,-0.15969318127733048,-0.11610816124105194,0.0,0.0,0.0
0.646,0.043047134194967154,-0.020216846986612233,9.790384260206656,-0.040343836922649506,-0.3367472564093343,-0.7035151805235844,0.0,0.0,0.0
0.648,-0.03336316418108621,0.0312584556886073,9.828607241086923,0.054409081483845,-0.10270422073067578,-0.23695677637373358,0.0,0.0,0.0
0.65,0.06687235903381408,-0.012250093951288408,9.787241503087829,-0.8624938653213922,-0.325011957153464,-1.2419781143470758,0.0,0.0,0.0
0.652,-0.0289030753107196,-0.03409588257083009,9.783446829377137,0.5790533274166391,-0.45815507894497964,-0.4029506725402473,0.0,0.0,0.0
0.654,-0.03718845823843875,0.013055908795871703,9.843612458736839,0.5414539518220315,0.006582697714256641,-0.0827309394490689,0.0,0.0,0.0
0.656,-0.007573915248246302,0.028357999658109027,9.833630634375396,-0.33744864842962935,-0.15787947195651228,0.3137437359866973,0.0,0.0,0.0
0.658,-0.002946105068043761,-0.004958487750407766,9.809459241260813,0.12978669093597137,-1.0592752185343044,-0.3675643740278147,0.0,0.0,0.0
0.66,-0.0006144579072705006,0.0057264375954964334,9.829202593287814,0.33595340712259286,-0.3602801442507284,0.16969710043920028,0.0,0.0,0.0
0.662,-0.013065356161023056,-0.01907769566065306,9.843840150116211,0.26339545402396936,-0.7756180512495369,-0.5953420367366028,0.0,0.0,0.0
0.664,0.03380477478865208,0.062443741916685044,9.833346883690005,0.7041407285138601,0.24704495269213603,0.30841572838233433,0.0,0.0,0.0
0.666,0.0014727518476192222,-0.010317102684051718,9.808774637911258,0.9108231138478254,-0.11470820941009159,0.180055671320859,0.0,0.0,0.0
0.668,-0.04801615750152948,0.03934115966620731,9.78424995411963,0.08606753434449808,-0.21470246034119614,0.15159707647423445,0.0,0.0,0.0
0.67,-0.0025907469647159895,-0.012484115293432537,9.789620152991798,0.19338432429133035,-0.20937374243118476,-0.23879945518605397,0.0,0.0,0.0
0.672,0.027085974846533044,-0.035126940357273144,9.76583689107405,-0.1000575809991719,0.241589161279413,-0.48299177642444874,0.0,0.0,0.0
0.674,0.025808519600638295,-0.015225920693791885,9.81795337441125,-0.6227520856823235,0.16181058986772923,-0.5674309546060796,0.0,0.0,0.0
0.676,0.00970229023778277,-0.037154748663200794,9.793697457738846,0.2609088518770996,0.34637857749636036,-0.0918965423332989,0.0,0.0,0.0
0.678,-0.006084732962800382,0.004677913531417292,9.805864488927021,-0.07805576187785654,0.15453256922533748,-0.30937828329232714,0.0,0.0,0.0
0.68,-0.004267854189534395,-0.0037762632624296724,9.780901353391117,-0.4470556351109617,-0.3614880963778907,-0.3625840757072401,0.0,0.0,0.0
0.682,0.020270562262256347,0.017458823105436436,9.813181613255376,0.3147567761470547,-0.7396092517305328,-0.21054174917131693,0.0,0.0,0.0
0.684,-0.01007353523088368,-0.061528001579242035,9.817195636157033,0.06992137743034281,0.6238151730325154,-0.04285325585723944,0.0,0.0,0.0
0.686,-0.04071069857352687,0.020827884553181995,9.758738948580449,0.24235455595592706,-0.02505674372058839,0.4524830271430188,0.0,0.0,0.0
0.6880000000000001,-0.009637351305139461,0.01387244378385433,9.808970774218164,-0.9976783926143277,0.33252988684093593,0.5967442213820511,0.0,0.0,0.0
0.6900000000000001,0.004243524747745533,-0.04326580462155347,9.821133716433078,0.46271750483435786,0.15123777182646336,0.46574604122357743,0.0,0.0,0.0
0.6920000000000001,-0.05802784135685916,-0.004817227510177215,9.834169465888376,0.25107025772219477,0.3241283148128724,-0.6944161790066786,0.0,0.0,0.0
0.6940000000000001,0.04406752254825008,0.00043391372232121837,9.80872591201906,0.031585669389596394,0.24548763201109294,-0.350168030452564,0.0,0.0,0.0
0.6960000000000001,0.03224936858715649,-0.0050801563511392745,9.827213657372203,-0.02697939115133757,-0.17245254701330495,0.09213168233402423,0.0,0.0,0.0
0.6980000000000001,0.012797945669598505,-0.002496849829996834,9.82609823532092,-0.45104095567076885,-0.7218791908889478,0.5022853346791246,0.0,0.0,0.0
0.7000000000000001,0.006008347172989249,0.025317109099717735,9.792206471942434,0.815517568361918,-0.4589276460106908,-0.20931254096694202,0.0,0.0,0.0
0.7020000000000001,-0.036332031970375024,0.01331813531615058,9.790843281608579,-0.48118810755602176,-0.5258748662491826,-0.8216892191923691,0.0,0.0,0.0
0.704,0.034034438477020014,0.05728425929316671,9.834234688641414,0.23538040781356,0.12018884946362055,-1.190839911734437,0.0,0.0,0.0
0.706,-0.05723310338113822,0.015177591806950937,9.789809668503548,-0.22471698703243842,-0.1882377930701209,-0.1535474533057679,0.0,0.0,0.0
0.708,-0.001054225436459719,0.058410314145798184,9.786420604344613,0.128070774098676,0.673039956048962,0.32092097454712293,0.0,0.0,0.0
0.71,-0.03625456200791169,-0.02489634792591871,9.801045007908064,-0.2946355459217918,-0.29980586176850205,0.27515303389753093,0.0,0.0,0.0
0.712,-0.021363331609386225,0.010028304835927595,9.778546385580146,0.26869163875499985,-0.1315173169769655,0.20971617176581833,0.0,0.0,0.0
0.714,0.002922348965714467,-0.004036094609395529,9.79704296015372,0.1441300416916712,0.09342464078798886,0.2934778181127732,0.0,0.0,0.0
0.716,-0.00658353545294209,0.029514666737771686,9.825250258182912,0.5580872058407104,-0.8099544331765639,0.7758108347539948,0.0,0.0,0.0
0.718,0.061411384440062146,0.0012599715020576584,9.800400850189247,0.38923786984072134,-1.2400933104503744,0.43190697800892325,0.0,0.0,0.0
0.72,-0.005032711659821318,-0.04200939248659241,9.865756679135334,0.2339483141819735,0.2655231389160103,0.6627406679025998,0.0,0.0,0.0
0.722,-0.004569628067670798,-0.03397784979684149,9.80792166978523,-0.04448145804155305,-0.5095382021908005,0.46002791243716695,0.0,0.0,0.0
0.724,-0.0422930462284196,0.016161055083620163,9.82026416208814,-0.4453466667496982,0.6276076464677232,0.3048766284125365,0.0,0.0,0.0
0.726,-0.06688312454011033,-0.07482931754451493,9.848252500514597,-0.051644605111590025,0.03939420556709227,0.007485783658648185,0.0,0.0,0.0
0.728,-0.043826666063337634,0.003153358754770125,9.793295673887217,0.16530424042294517,-0.11786689620911601,0.5818711529548056,0.0,0.0,0.0
0.73,-0.02467201167353818,0.02017876310745736,9.809648460655445,0.07087254234244038,0.20606424804256185,-0.7099309501200423,0.0,0.0,0.0
0.732,0.05790188421581637,-0.025243326307704293,9.811098771229576,0.48698353324170784,-0.30650581500827456,0.13408739828313365,0.0,0.0,0.0
0.734,0.016238315104053172,0.008361336013253243,9.814021339737451,0.4126423874508039,0.16160561630601739,0.05462481376503935,0.0,0.0,0.0
0.736,-0.04732258319912247,0.040065404226913695,9.767618358697742,-0.8943563027062095,-0.2744009159086037,-0.0007860085452441042,0.0,0.0,0.0
0.738,-0.0038426186926119777,0.07297513016669714,9.783934016079357,0.1935648312273594,-0.5589808641727926,0.436621984001048,0.0,0.0,0.0
0.74,-0.03743011821773507,0.019144706508416855,9.79641663643907,-0.028189964284950776,-0.13266967744500496,0.9390097271769096,0.0,0.0,0.0
0.742,0.023267614027696667,0.021102089906861743,9.765268330760213,-0.14144201223413316,0.2886403658465914,0.010360312239768509,0.0,0.0,0.0
0.744,0.009973582541397753,0.01558851410894155,9.759104253462022,0.143923100813506,0.8522561541874707,0.43632737787720866,0.0,0.0,0.0
0.746,-0.03178197416569447,-0.029482737188930797,9.802591023680511,-0.48124398417588415,-0.4422014432768905,-0.09881851652411759,0.0,0.0,0.0
0.748,-0.029793431193542632,0.014818119635212445,9.818287027833815,0.261640991689404,-0.3350425027714673,0.3965003881495771,0.0,0.0,0.0
0.75,0.04453279183564475,-0.004189001701145251,9.847348827228977,0.4513665269778726,0.5469693310411681,-0.1115183701190693,0.0,0.0,0.0
0.752,0.013175094959945705,0.023613062398093482,9.813915875936772,-0.09275832197978388,0.8420639072893478,0.41476569262025664,0.0,0.0,0.0
0.754,0.017487514026306036,-0.04364364682588069,9.794350841033134,-0.37881486044217344,1.0097787415963009,0.5245873145441099,0.0,0.0,0.0
0.756,0.01669232734427181,0.05168796016652801,9.836038940726471,0.010001388059832922,-0.1458460196744284,0.7342727496941203,0.0,0.0,0.0
0.758,0.002506019501227001,-0.004563405077964316,9.838900207231362,1.0465199713453925,-0.25539976778391227,0.2743420067952397,0.0,0.0,0.0
0.76,-0.023191188532971124,0.008363829676282235,9.809437154599955,0.053144789277947926,-0.7273085443813744,0.4427110545897223,0.0,0.0,0.0
0.762,0.029314625270788944,0.08492487172518919,9.795675757690647,-0.35512981416925715,0.15487183359632312,-0.12717793214864537,0.0,0.0,0.0
0.764,-0.006219093364961471,0.02666150760163161,9.838066127659602,-0.1967115233507628,-0.8942368436785904,-0.3127550501478771,0.0,0.0,0.0
0.766,-0.011749839860276565,-0.003910078348995991,9.791851322807197,-0.04348405298063876,-0.14266511105083768,0.6471557487357515,0.0,0.0,0.0
0.768,-0.025819625774377034,0.0016617941434839965,9.785393157793507,-0.34728100382452926,1.058662922782104,0.1454356294180004,0.0,0.0,0.0
0.77,0.06185340621899341,0.002892011404036814,9.817197839303057,-0.35841232628601066,-0.11074576964810932,0.030251440939306963,0.0,0.0,0.0
0.772,0.02925633758919434,-0.04521530266087751,9.798575381690684,0.4340124377341754,0.59249126472959,0.2070723160079958,0.0,0.0,0.0
0.774,-0.018925598511487583,0.0048355407051456295,9.810998470257957,0.197868331735558,-0.4815050952885869,-0.5743307784922659,0.0,0.0,0.0
0.776,-0.030209611358317894,0.006299682755675832,9.795892690006218,-0.03661653602373029,1.2116006512684687,0.33091098194187185,0.0,0.0,0.0
0.778,0.015473931261683867,-0.04561815722912634,9.806624388539786,0.7805763763675015,-0.5593874370471917,0.60673589209042,0.0,0.0,0.0
0.78,-0.03133891293829724,0.0057493822664095,9.775316306635746,-0.17293213663552703,-0.26669794619282583,0.27548813689344404,0.0,0.0,0.0
0.782,0.01437573449396348,0.05165641369592261,9.758881818233448,0.2935429285891348,-0.49675949989328333,0.7786663863599471,0.0,0.0,0.0
0.784,-0.02369262801031802,0.011733243954284147,9.838282026564492,-0.7307727579738603,0.739830464475662,0.05876101469695668,0.0,0.0,0.0
0.786,-0.026890486494411944,0.031240899827621484,9.810624555658402,-0.4144627687074383,-0.05073097144475168,0.9932433083009057,0.0,0.0,0.0
0.788,0.0514621245536713,-0.02341358791964816,9.839637145544065,0.46088452134277497,0.7732393314168562,0.8691231334877499,0.0,0.0,0.0
0.79,-0.028873152131918888,-0.009319787808997998,9.799168972968316,-1.1811017965915471,0.045399597189709574,0.4503051155926294,0.0,0.0,0.0
0.792,0.027198161967768506,-0.007257050933907291,9.788042691567874,0.10780286317782367,-0.5824436268370248,-1.4404686150780326,0.0,0.0,0.0
0.794,0.011433197223240961,0.006958569726325395,9.811582335787296,-0.5981164221315589,0.034407821415247716,1.0902745306953636,0.0,0.0,0.0
0.796,0.02962465970907677,-0.06404518814498021,9.791212441057537,-0.027418365894380695,0.10683539703653044,0.33140564163440556,0.0,0.0,0.0
0.798,-0.006123143904591437,-0.0359191639537613,9.786648549122656,-0.03851112945687372,-1.0544597571482186,0.3624292549461643,0.0,0.0,0.0
0.8,-0.024465516448961076,-0.0481071082766339,9.787115328251515,-0.3059710488557695,-0.26513835628579274,-0.7135095235366473,0.0,0.0,0.0
0.802,0.021615509204587192,0.004500945974061363,9.862869752826015,-0.55253127398429,-0.2944466050157397,0.03483635440344134,0.0,0.0,0.0
0.804,0.021399913721493947,-0.02692004725598867,9.77401812080582,0.0047877178200867706,-0.06799113812757958,0.03031940080223278,0.0,0.0,0.0
0.806,0.019556610795672915,-0.01269747895039004,9.785490686784112,-0.5830021029145687,0.13040704309242554,-0.24471173417169642,0.0,0.0,0.0
0.808,-0.06360690806354219,-0.013958357909113723,9.831809407197566,0.7752767067153227,0.38277963319018404,0.08246037733399947,0.0,0.0,0.0
0.81,-0.014873785563796128,0.008536540628061822,9.794577333712878,-0.07911297849141419,-1.9489278949305877,-0.015521296493116633,0.0,0.0,0.0
0.812,-0.03194236448510662,0.027990693440293583,9.87779653172506,0.17354558711815266,-0.46629692572769527,0.28189167190825853,0.0,0.0,0.0
0.8140000000000001,0.029581859660671846,0.009390469003445355,9.839225173164474,-0.6869735615768933,0.5111243471542379,-0.29030333745715026,0.0,0.0,0.0
0.8160000000000001,0.01315370641574558,-0.02729482204279355,9.82790621834845,-0.7718197388735832,0.21300748879376372,-0.6196194931087255,0.0,0.0,0.0
0.8180000000000001,0.01913862914396493,-0.022014668674276344,9.763412000694307,-0.04817404294075129,0.14810191209026266,0.20440401490879725,0.0,0.0,0.0
0.8200000000000001,-0.04402578617258185,-0.031762625378081936,9.79734633578665,0.46357080336659734,-0.21509998205437966,1.0317831881258692,0.0,0.0,0.0
0.8220000000000001,-0.03261334694960287,0.02465983680378494,9.786833497584482,0.6892848399701178,1.427324704764795,-0.27416936300580674,0.0,0.0,0.0
0.8240000000000001,-0.012562003767404979,0.022667108545357726,9.808387270444022,0.1830982199034153,-0.46980531517895285,-0.1620217632684613,0.0,0.0,0.0
0.8260000000000001,-0.04169249641333036,-0.016575208983894467,9.780774615780107,0.0651717349374477,0.1482557361629284,-0.46016276581921023,0.0,0.0,0.0
0.8280000000000001,0.00546767781297641,-0.019878162911883282,9.760842315999783,0.13560139709039332,-1.0570874711085123,-0.013187277231849497,0.0,0.0,0.0
0.8300000000000001,-0.020332949240490512,-0.000281916613884354,9.805761483680328,0.15720056930880655,-0.05948359969319123,-0.03131524059143155,0.0,0.0,0.0
0.8320000000000001,0.00564281670433661,0.10377462735913758,9.839765737581294,-0.20122403049701573,-0.3269716520473935,-0.051239257688579926,0.0,0.0,0.0
0.834,-0.03770490409065302,0.01788872835322777,9.82457953589242,-0.14281900300048705,0.04490637027070253,0.2863342999906042,0.0,0.0,0.0
0.836,-0.009958782610580343,0.016797257287139003,9.80384299110742,0.5694122401740813,0.7908342345204449,0.49179806362650075,0.0,0.0,0.0
0.838,-0.027460877970261005,-0.018826431205095834,9.821168545760912,0.19164609669723506,1.3705649761060708,-0.05198682466706967,0.0,0.0,0.0
0.84,0.041776251841351,0.008297936389547053,9.828248752356883,0.45828629807463617,-0.0367396404259657,-0.02553973400900484,0.0,0.0,0.0
0.842,0.0007524096968661812,-0.004167958168516797,9.764393444573274,-0.7792005821090092,0.13966949802712697,-0.4992392878671788,0.0,0.0,0.0
0.844,0.002244053971024931,-0.051831436512034694,9.815289558065988,-0.12031530200466994,-0.3193342935212351,0.7828521418072629,0.0,0.0,0.0
0.846,0.053516154655849156,0.04016335402676212,9.80850443879856,-0.2869042370760711,0.05952829912632946,0.6084960287595484,0.0,0.0,0.0
0.848,0.013521783135008123,-0.008778124582836989,9.783653439549166,-0.41844142985333177,-0.3744810368605627,0.1753896036266182,0.0,0.0,0.0
0.85,0.06240212891092709,-0.026584848717762913,9.79193099986169,0.3111447378459436,0.05703670114643394,-0.32620859558674986,0.0,0.0,0.0
0.852,0.03181967024188102,0.018941373750611123,9.81145044069757,0.13780245627815643,0.36160036691428654,0.08184874764000444,0.0,0.0,0.0
0.854,-0.012048985963751176,-0.08147550175295853,9.818743849510355,0.08725313163905411,0.4497376610880529,0.24958652507788867,0.0,0.0,0.0
0.856,-0.013054570844910157,-0.023331926500551475,9.798966701944009,-0.1472716705409514,-0.2696922438068241,0.04572318561468001,0.0,0.0,0.0
0.858,-0.03745633734635202,-0.016724398023057047,9.768038427708401,0.04633292881139342,0.38196919688686726,-0.968651619982179,0.0,0.0,0.0
0.86,0.00026068752784226404,0.03706314075670302,9.81112563720933,-0.3860641621198979,-0.06339363770428992,0.19200489387850975,0.0,0.0,0.0
0.862,-0.011185457643596778,-0.006377959452743286,9.812648984266778,-0.6816210736386077,-0.5426913100001541,0.1898803530823847,0.0,0.0,0.0
0.864,0.019265165038537868,-0.009793363121256086,9.828123288963031,0.5917036816113075,0.33832711414369065,-0.2643048514529207,0.0,0.0,0.0
0.866,0.009233881524238348,0.03192757421918486,9.84253428076512,-0.8374432897063072,0.42532723353298746,-0.34205452617243914,0.0,0.0,0.0
0.868,0.013473609849510002,0.007993026220480327,9.816534735797092,-0.3445059954336224,-0.11721186721990616,1.3758464768188614,0.0,0.0,0.0
0.87,-0.024686892012725694,-0.06155527098002771,9.804612656333735,0.2624921575864177,-0.8052322846253317,-1.200103989340521,0.0,0.0,0.0
0.872,0.038748426879764326,0.029962950404055663,9.809225978597551,0.2420418270899154,-0.24963586104389276,-0.21453810956056693,0.0,0.0,0.0
0.874,-0.011583991121101454,0.0015389626772261287,9.83768967348022,0.8225144694458582,0.10660540240804471,0.540721671111445,0.0,0.0,0.0
0.876,0.03963768760749531,-0.0743803471814455,9.817053227790266,-0.735780985948061,-0.08672087125519133,0.16512865358106057,0.0,0.0,0.0
0.878,0.02043771346439498,0.008415457269283536,9.77669108806678,-0.1419443875673789,0.1447060332073626,-1.050365161299485,0.0,0.0,0.0
0.88,-0.027935664260882138,-0.004642704866377696,9.808179245554323,0.9717385892343415,-0.07168784273420171,-0.16746257323284433,0.0,0.0,0.0
0.882,-0.004789258045537119,-0.023684847892766623,9.77860658226941,0.35460367121465847,0.00038595446540824556,0.10100930631380092,0.0,0.0,0.0
0.884,-0.023477798024690234,0.018842870459959155,9.83065020942931,0.018338035114034458,-1.7848161480498639,-0.7473906182741661,0.0,0.0,0.0
0.886,0.012232066653880264,0.0271126291494841,9.771654268850295,-0.6096457967956229,-0.5894386393029252,-0.6654035222972778,0.0,0.0,0.0
0.888,-0.006333788339898081,0.022081903176531678,9.774491653411163,-0.7250260922829935,-0.569106117953453,0.3684577313221401,0.0,0.0,0.0
0.89,-0.023234190381229952,-0.03473331286570405,9.81613121384287,-0.7911111238262193,0.18246544286457403,0.3893775752994715,0.0,0.0,0.0
0.892,-0.05993964949142438,0.006641227847724835,9.81740872156134,-0.5646123713234211,-0.08565946524467674,-0.2507631965226481,0.0,0.0,0.0
0.894,-0.0016734380281938708,-0.0026723474549544585,9.831443482983682,0.1492136878968542,0.009500543499473955,0.021023038846851135,0.0,0.0,0.0
0.896,0.02334337971727268,0.016434389631338645,9.821194972415444,-0.5757775680192414,-0.054865262586941695,0.7235747327698141,0.0,0.0,0.0
0.898,-0.004326993227643126,-0.05826530275721448,9.830299186915063,-0.1915935900607585,0.7323893201293193,0.6328127408269452,0.0,0.0,0.0
0.9,-0.004795121936742607,-0.014599333704211619,9.769941941324886,0.3077388389133688,-0.6080465020061631,0.5903036967279092,0.0,0.0,0.0
0.902,-0.018411357671158247,0.04776886708281644,9.792696268867433,-0.13818528294345223,-0.23135519934416202,0.2502058804356971,0.0,0.0,0.0
0.904,0.0445923206680632,-0.011855793561131598,9.847456842396701,-0.09749500096480555,0.7590084501249837,-0.4967670939202609,0.0,0.0,0.0
0.906,-0.004741718991588706,0.015482274983772573,9.815894596999417,-1.1327881946720244,-0.08988397845558828,-0.8174153800292304,0.0,0.0,0.0
0.908,0.03992626400466259,0.01670068565602899,9.807284953513207,-0.16557078145295215,-0.4276353771981442,0.3134514651472705,0.0,0.0,0.0
0.91,0.015428186998379893,0.01472716981557504,9.818146739719928,-0.43147465539902147,-0.4197993015300095,0.15469603489021602,0.0,0.0,0.0
0.912,-0.008632810914748087,-0.013221248045335192,9.828715706363433,-0.44212961705521775,-0.10565526112411702,0.9135534226932912,0.0,0.0,0.0
0.914,0.033494707992237666,-0.00418622828896873,9.810995359801378,-1.036437578058371,0.11384436454384775,0.1244279183082744,0.0,0.0,0.0
0.916,0.013284066314129948,0.07792918483577489,9.786008402123787,0.21241684593426616,0.04798912684487065,-0.01576755162121896,0.0,0.0,0.0
0.918,-0.045992620078493376,-0.05959819323117447,9.765698890337774,-0.33842271010783254,0.5166108965112153,0.6092404742508176,0.0,0.0,0.0
0.92,-0.020143683967589286,-0.05157219761848013,9.828492440336419,0.2129683612826374,0.2005257632178747,-0.208365516444907,0.0,0.0,0.0
0.922,0.034850697733053694,0.028523495052558606,9.793784864451029,0.7427604016641648,-0.020741244598943193,0.3611093769467735,0.0,0.0,0.0
0.924,0.0004119145315061162,-0.024367462409774145,9.836872351868017,-0.5815009597096871,-0.40753034781840575,0.06813167989483443,0.0,0.0,0.0
0.926,0.04392711531626576,0.03514383667763235,9.82538415260646,0.2848631993816169,0.2581592370431888,0.1781887705098666,0.0,0.0,0.0
0.928,-0.01533775461670562,-0.0037296228735279,9.810034400400047,0.8935179822739049,-0.3617322643599373,-0.40917819300132646,0.0,0.0,0.0
0.93,-0.005025036180139772,-0.0287535928985319,9.778829444969407,-0.6964663852802376,0.8467766649109144,-0.32687029686001273,0.0,0.0,0.0
0.932,-0.014390985652847979,-0.008059701721516419,9.805771905953657,-0.06701865249945668,-0.40117866055368745,0.7546965321301906,0.0,0.0,0.0
0.934,-0.0037663640179882605,-0.03144724265748269,9.879581760084577,-0.14986522159065052,0.038068198329216874,-0.9827512192813666,0.0,0.0,0.0
0.936,-0.004395062544672943,0.03167148760215398,9.776005921532114,-0.27816961458203404,0.4602423905940337,0.241361217112719,0.0,0.0,0.0
0.938,0.005738975538385043,-0.010850458042712601,9.871712148223315,0.10844966353130879,-0.0374134584238546,-0.5920570394283965,0.0,0.0,0.0
0.94,-0.07771484769810406,-0.002654919610976179,9.771621917119287,-0.21454316997586112,-0.5149607503588094,0.19044174605954875,0.0,0.0,0.0
0.942,0.012588069646523314,0.09635903856806147,9.759242848335015,0.2581486423066826,0.6317896882182494,0.28154074077907776,0.0,0.0,0.0
0.944,-0.0026012444398741973,-0.013165050840267447,9.786004388505692,0.13277981639559575,-0.02974961183287305,0.37793958144248996,0.0,0.0,0.0
0.946,-0.025636706800773044,0.020097480303900152,9.797935113226123,0.13973977792577147,1.2725957394253724,-1.7218673564066742,0.0,0.0,0.0
0.948,-0.027030985374341763,-0.011234521980456748,9.833977161644304,0.07539626275085264,-0.7264956254441471,-1.0826912341499786,0.0,0.0,0.0
0.95,0.011699072220760496,-0.009145867504070775,9.831659047113897,0.1290877177383613,-0.9644013407557546,0.6667412967226497,0.0,0.0,0.0
0.952,0.08132643657745386,-0.018243317116538333,9.78577856412967,-0.034862699815557854,-0.005788119067023393,-0.13015756473878579,0.0,0.0,0.0
0.954,-0.018099526248261173,0.04264665956570849,9.766938652762546,0.8368062015955049,0.29987715610440835,-0.017562814063510165,0.0,0.0,0.0
0.956,0.01960369975070359,-0.04994237397302125,9.853372361971077,-0.37286830164271345,0.004364752700082734,-0.9255896475917432,0.0,0.0,0.0
0.958,-0.03039478170561221,0.012908588166570808,9.821136143765905,0.7215317061395615,-0.45791928687645306,0.2387759437321328,0.0,0.0,0.0
0.96,-0.03174806270321086,0.036321472831326064,9.806361958074737,-0.059979159475161005,0.744817903771892,0.495816137399273,0.0,0.0,0.0
0.962,0.0027414824394540994,0.014703978841583648,9.782236749934837,0.2799234958681456,-0.6799641959330169,0.17118731035750384,0.0,0.0,0.0
0.964,0.0002801018673030648,0.06362926261397632,9.828228740602052,-0.10235016310945241,-0.10466535394895331,-0.17522333666611808,0.0,0.0,0.0
0.966,0.04967193472058914,-0.010282491140217145,9.857804995863951,-0.2341163523080307,1.2558604575862031,0.4274466477959618,0.0,0.0,0.0
0.968,-0.026127633756365717,0.023578647042987323,9.771712892698071,-0.24932526171587316,0.4837832862523824,-0.07091172704554434,0.0,0.0,0.0
0.97,-0.002902598905095385,-0.028739754034625142,9.810284758761172,0.30150074832728857,-0.6887884729720061,0.19724715476114765,0.0,0.0,0.0
0.972,0.026248857317045442,0.051487135814962705,9.807421332058894,0.339323647490778,0.15601976955509794,0.353640455970989,0.0,0.0,0.0
0.974,0.010646011139233786,-0.058489975867465904,9.80910076856431,0.3271881282269268,-0.7186257214878741,-0.6695906520162976,0.0,0.0,0.0
0.976,0.022772494930974184,0.017235065059801387,9.819157705373673,0.09953522951701758,-0.3278035389339224,-0.38679740661714074,0.0,0.0,0.0
0.978,0.0369116231757878,-0.023341848379862543,9.846897195302839,0.031619961817809294,-0.2584501961435627,0.652789039854436,0.0,0.0,0.0
0.98,0.013267560594907317,-0.009291008513438613,9.793275458622121,-0.01260683198158088,-0.49268555226089567,-0.2637657776009244,0.0,0.0,0.0
0.982,0.048627408345189825,-0.029156077883492035,9.796161619054601,-0.16481564593803283,-0.7483404907464596,0.2465098725508802,0.0,0.0,0.0
0.984,0.011144030041639403,-0.002839028078420748,9.805291554413774,-0.6423648368859943,0.16368916738222866,0.15233125691404717,0.0,0.0,0.0
0.986,-0.005476655759938719,-0.007517857083837343,9.790900668144225,-0.3341778053984845,-0.49223456919588365,-0.022145504279547243,0.0,0.0,0.0
0.988,0.003130612647893919,0.014848536212685799,9.831492825174095,0.3929733293528282,-0.28956954427846876,0.2622593209402314,0.0,0.0,0.0
0.99,-0.013734673149431099,-0.003780860399990944,9.787466275294458,0.3918650350725998,0.3537436444439193,-0.39586512755415926,0.0,0.0,0.0
0.992,-0.03749145518370737,-0.019698945965946044,9.828203691575219,-0.11418457144356839,0.31108515709743434,-0.34223678897880155,0.0,0.0,0.0
0.994,-0.0040154836196100606,-0.009703238980916315,9.807035943635626,-1.41977854807315,0.040739510614830034,-0.5149791097839421,0.0,0.0,0.0
0.996,0.0025366994923753487,-0.017762270834617757,9.825215549720552,0.35289703227191727,-0.8551323443486768,0.44966243708842707,0.0,0.0,0.0
0.998,-0.009927834158322872,0.013220553876759885,9.86298772429977,-0.5851628410014234,-0.5075111985828316,-0.039306747379741,0.0,0.0,0.0
1.0,0.012679392026164776,0.011251845765582871,9.842948507282948,0.1763630498119558,0.3950128371613991,0.4180373966798111,0.0,0.0,0.0
1.002,0.012259483731823638,-0.01642199724657304,9.842107058259321,0.19258082121552916,-0.034623900537520735,-0.17330232050838912,0.0,0.0,0.0
1.004,-0.008164322403629978,0.04323285902645508,9.80151318920957,-0.15309957890940076,-1.2961284682694902,0.004326653770238158,0.0,0.0,0.0
1.006,0.026350557875255896,0.004470172165274161,9.75614437744145,0.6059733173868526,-0.7621600294958603,0.129888268147239,0.0,0.0,0.0
1.008,-0.010622219311719392,-0.006342686347872007,9.851922954565737,0.20306684804912092,-0.6169174231658505,-0.054478201961914316,0.0,0.0,0.0
1.01,-0.009956800836060258,-0.0510991980805574,9.796228317727232,-0.19568031215577245,0.3099537319665461,0.4230260859933474,0.0,0.0,0.0
1.012,-0.0021826555089420247,-0.03611901247287415,9.83375708231652,-0.5244358287638182,-0.015853327466704276,0.365084796016466,0.0,0.0,0.0
1.014,0.0069244860422156395,0.014294104673278664,9.809052995677096,-0.26806137693830684,-0.00032398778271100145,-0.001639112567260734,0.0,0.0,0.0
1.016,-0.0331208969586287,0.03639855681741532,9.814571050092967,0.1082488431903287,-0.29359667702628894,0.11506397553528838,0.0,0.0,0.0
1.018,-0.024137399625128196,0.03225985081605781,9.808429590091274,0.2323758243146126,0.5600023090224278,-0.13130670459848864,0.0,0.0,0.0
1.02,-0.010431547819767599,0.04608797905850322,9.784607301867007,0.14012643560655957,1.0063851921046574,0.4501248004692357,0.0,0.0,0.0
1.022,-0.06099570953000154,0.00950246868339305,9.844610744419722,0.6139949758408866,-0.01722893063708649,0.1990290748392563,0.0,0.0,0.0
1.024,0.005695792226983384,-0.03661100864815147,9.758497224462127,-0.3821009633520654,-0.7889448475146558,0.39953739306960057,0.0,0.0,0.0
1.026,-0.023597198101831175,-0.006370100193647728,9.78750362138693,-0.8978110170566523,-0.0809334627295698,-0.2702095196478999,0.0,0.0,0.0
1.028,0.022621318805266497,-0.025280384617606372,9.81402304376006,0.47335122304335736,0.10149879826804249,0.5059188231294925,0.0,0.0,0.0
1.03,-0.009592893227273924,0.01255121569265802,9.785818519194063,0.27878455551248865,0.2544785673196988,-0.23428085355576114,0.0,0.0,0.0
1.032,0.06023480323148373,-0.022374014889783838,9.752280841241474,0.18121966208295537,0.05034794809222103,0.2270381756665249,0.0,0.0,0.0
1.034,0.0061514844333142955,-0.011292676080917653,9.783788393013602,-0.06654221329619302,-0.2617368812179707,-0.5000671355037815,0.0,0.0,0.0
1.036,-0.03295368504292526,0.050108313098661206,9.755793280100532,-0.16461077980722508,-1.027907398365876,-0.40201631798659443,0.0,0.0,0.0
1.038,0.007771217982075196,0.04143148267338151,9.817861675760094,-0.26902155858275223,0.46787775937525816,-0.1958580872379487,0.0,0.0,0.0
1.04,0.038927824465520774,0.03845169622815816,9.812759676386168,-0.4566058136121149,0.5774755324288714,0.0962589124172114,0.0,0.0,0.0
1.042,-0.040567660622641,0.047830685101623915,9.824591923645045,-0.2159968052582503,0.3371320058640903,-0.5007870084796774,0.0,0.0,0.0
1.044,0.030329327259259912,0.03951238072459166,9.874034572534653,0.07481501385971341,-0.5944405085878973,0.4338946449821889,0.0,0.0,0.0
1.046,-0.00669683700069173,0.006717280792987956,9.854895413128338,0.47372238868392486,0.4488987309308532,-0.1744669015647005,0.0,0.0,0.0
1.048,0.013577161439949187,0.03277791366589495,9.841176448464864,0.4271332021130143,0.9638507485628186,-0.5560792124035744,0.0,0.0,0.0
1.05,-0.010809783966323741,0.017120441903147255,9.800589131513622,-0.5107346921577526,-0.7307360337175574,0.1438506969256499,0.0,0.0,0.0
1.052,-0.015224418063851726,0.02018438956289598,9.848627215941672,-0.8960298084048391,0.43265872530413335,-1.0152317128513884,0.0,0.0,0.0
1.054,-0.02766834540811921,0.006966281505387327,9.78314544824603,0.5709831374831247,-0.5283668327018056,-0.33015899943096305,0.0,0.0,0.0
1.056,-0.006679098403872509,0.03580310277279067,9.804635983644829,-1.0191888507614644,0.0066348542564076025,0.988525673332647,0.0,0.0,0.0
1.058,-0.02857113597828053,-0.027234128498015882,9.888033478230653,0.49233576317650757,-0.4111610225963475,-0.6602486368981418,0.0,0.0,0.0
1.06,-0.036558223815424076,0.05313267918864061,9.776604796420235,0.8011067604314518,0.41074610927448163,0.1767867928067731,0.0,0.0,0.0
1.062,-0.03769556698656921,-0.05055751346546025,9.803894352461956,-0.022578513506817912,-0.28020636401934773,0.052792308129615995,0.0,0.0,0.0
1.064,-0.022330653463133107,0.030035486465806838,9.776128445485158,0.7433926609349034,-0.26880946664837696,0.006206549998280675,0.0,0.0,0.0
1.066,0.024274901216263814,-0.040889056572419466,9.8395224187897,-0.5948351552190168,-0.5932472021238318,0.26245649874980165,0.0,0.0,0.0
1.068,-0.03652571067018962,-0.029834273297505823,9.784970127645998,-0.1553424380989635,0.6072223142481075,-0.08966628262009521,0.0,0.0,0.0
1.07,0.025752271148964022,0.03736789348708394,9.822653488743716,0.840845265942968,0.15040926693718512,0.323951792840226,0.0,0.0,0.0
1.072,0.007692200399205757,0.008950854892707296,9.819956748233318,0.6667688250785189,-0.1416148114014171,-0.09036045328403308,0.0,0.0,0.0
1.074,0.014070530776527129,-0.03394466652501422,9.822505784923003,0.7126190065301705,-0.09638444205098691,-0.03515737472224865,0.0,0.0,0.0
1.076,0.01563651017110906,0.011411928592625504,9.77928658724597,0.24543577200958352,0.05660808654302985,0.041899751485216935,0.0,0.0,0.0
1.078,-0.018592207436064195,-0.017402882460747764,9.824418976529525,-0.15605888751776023,-0.5638691005029915,0.005151000371384638,0.0,0.0,0.0
1.08,0.046981896538937064,-0.008361421532854628,9.783806535020926,-0.12936283794867826,0.18283247089484048,0.4109496879790355,0.0,0.0,0.0
1.082,-0.005472587191896079,-0.03006205870398281,9.853845185871732,0.16544135217021344,-0.37413030439409845,0.14401820989900738,0.0,0.0,0.0
1.084,0.027295571913326395,0.0091474888215457,9.794538788022479,-0.5806225983108979,0.7861366233042584,0.5347061360103487,0.0,0.0,0.0
1.086,-0.05841768310293956,-0.012106207388231604,9.816053702990981,-0.04749275302645258,-0.30717264775514636,1.0735914309981958,0.0,0.0,0.0
1.088,-0.03974190417289509,0.012285622388043647,9.829695300779594,0.8722009704868077,-1.1206747780887805,-0.11887440108757175,0.0,0.0,0.0
1.09,-0.01447792847237175,-0.016053466723165686,9.799011556005295,0.02736733478853486,0.23955275876360352,0.6100229785396312,0.0,0.0,0.0
1.092,-0.045573482956959545,0.03367930736410469,9.81426265740975,-0.893402788447777,-0.10636398213813422,0.7382169917490926,0.0,0.0,0.0
1.094,-0.06796478718651854,0.01894340838224303,9.80768704447226,-0.08760424015759143,0.12180930115303051,0.03206430024318136,0.0,0.0,0.0
1.096,0.01654386226983342,-0.026737417447733402,9.791394291870459,-0.09194293611292155,-0.04936565528557213,-0.23693465814888678,0.0,0.0,0.0
1.098,0.006279981588177518,0.04959507371646027,9.787016440511744,0.14883572492459335,0.3293808609661682,0.6614646629969246,0.0,0.0,0.0
1.1,0.039580997645834295,-0.04014268360333272,9.842481188246037,0.5971889119138645,0.3877019041908825,0.3634856492060163,0.0,0.0,0.0
1.102,0.011150765467822699,0.02262211026456211,9.80843430393151,-0.4240772139630196,-0.04865071297819874,-0.15805089995065683,0.0,0.0,0.0
1.104,0.01925515183243798,0.030504240187574232,9.787171830935508,0.11435640903058786,-0.1378713964428912,-0.21054369314405577,0.0,0.0,0.0
1.106,0.03413383641345375,0.004319384810930849,9.800842086927517,-0.5848010919791142,0.8410099355351636,-0.1318242564361541,0.0,0.0,0.0
1.108,-0.0696424313017888,-0.01521677145682518,9.815638368297334,0.6381464986788316,-0.17334749668765265,0.028040534682219634,0.0,0.0,0.0
1.11,-0.009405451516049454,-0.008645421113535725,9.807727264885512,0.8012095322064835,-0.40283096832062354,0.12963990413144363,0.0,0.0,0.0
1.112,0.07476883264930806,0.015166557692087038,9.844428882190773,-0.7159516187712625,0.28233979685551125,-0.642280694490495,0.0,0.0,0.0
1.114,-0.0019353065219945562,0.02886606230099501,9.817321007238384,0.18726160502956052,-0.09365926972349548,0.029554153932650182,0.0,0.0,0.0
1.116,-0.03417748613204028,0.01113135906060241,9.824969311676767,0.37019360050814465,0.6080240082264509,0.21670079832882846,0.0,0.0,0.0
1.118,0.028867110487403425,-0.03431740665313363,9.839458523731551,-0.04298479061193365,0.24085453213663469,0.21418431694403406,0.0,0.0,0.0
1.12,0.008803993451185588,-0.043410283601291316,9.727319154168033,-0.20905518663928666,0.17915769913347662,0.4537734374524055,0.0,0.0,0.0
1.122,-0.04952581984740725,0.019638239292239373,9.831916319560333,-0.46957417827127373,-0.4454375982155498,-0.2259027879685631,0.0,0.0,0.0
1.124,-0.03606946368936371,0.002437575742218411,9.795773506498533,-0.059342007245570455,0.2869412616089629,0.2309998008103068,0.0,0.0,0.0
1.126,0.050832096171880455,0.02668247812628321,9.781333658444602,-0.10452368765544788,-0.27808531050020074,0.42458204895137297,0.0,0.0,0.0
1.128,0.025645151232600298,0.010023186305400228,9.896422240563698,-0.18132788178551307,0.47792331134501365,0.20771341327953155,0.0,0.0,0.0
1.13,0.028721903670244603,-0.02834993999358939,9.835598056235186,0.32625442740946653,-0.8232678574377619,0.7486202372825225,0.0,0.0,0.0
1.132,0.07337555192212546,-0.0017654774481331158,9.821273883961046,0.37520250908784675,1.1385370226732257,0.3034159779316285,0.0,0.0,0.0
1.134,-0.0015498718394777514,0.00035630015215210037,9.864865767397793,-0.31572886791351534,0.19073656271216774,0.5308792708802103,0.0,0.0,0.0
1.136,0.006926539366514871,-0.004826158407563339,9.849434065567593,0.2201410407850391,0.12085839690943716,-0.5264007164336364,0.0,0.0,0.0
1.138,-0.024845171904533968,-0.014491432915280263,9.792322639300332,0.3228278153437861,-0.2208834585527338,0.2998037080918658,0.0,0.0,0.0
1.14,0.05196983083375717,-0.0018206252206662474,9.817585145866206,-0.1731211994134685,0.28032533461813675,-0.25999504422543496,0.0,0.0,0.0
1.142,0.0030905061411067515,-0.015478467995381526,9.823196773155697,-1.3371039852843807,0.20055794148750983,-0.2359271932952063,0.0,0.0,0.0
1.144,-0.005973004110486535,0.011307391145302851,9.83814966304196,-1.117510759787853,-0.5491267683708239,0.6664938454470181,0.0,0.0,0.0
1.146,0.04701350780179066,-0.031457585410419805,9.832805486264915,0.36239332499460214,-0.653829903048977,-0.08031616415326652,0.0,0.0,0.0
1.148,0.03477678864843878,-0.021681543934361083,9.827991879195679,0.11479755951820383,-0.5387761977919522,-0.27662706863428654,0.0,0.0,0.0
1.15,-0.009511365008722654,0.02574341981508749,9.828257366514825,0.31029140324403504,-0.9093977194876866,-0.18654680542117785,0.0,0.0,0.0
1.152,-0.03529143838497268,0.012587234235450377,9.831780855321776,0.0007835918434875673,0.8359181244831517,0.517746855615101,0.0,0.0,0.0
1.154,-0.012521722653037316,0.027056409708897736,9.78724204528068,0.8138786873212357,0.15278890050302563,0.48279786810880965,0.0,0.0,0.0
1.156,-0.008626889179298602,0.021444123538485772,9.829527225375873,0.17012147214364992,-0.20908704778599382,-0.919475436405474,0.0,0.0,0.0
1.158,-0.005648533088888634,0.01196252489112808,9.796921389994912,0.09349818483567973,0.1516136304027171,0.1922636350215439,0.0,0.0,0.0
1.16,0.007946386740026307,0.0467261439458033,9.869040382044114,-0.27460060603189174,0.6343290443925265,-0.18465159600539824,0.0,0.0,0.0
1.162,-0.05627157080938476,-0.02344586610901059,9.755037071834332,-0.323560471666185,-0.7226481126649607,-0.7386914158396108,0.0,0.0,0.0
1.164,0.014611446431853815,0.020480478073724887,9.792813596943272,-0.555398335188423,0.40448065129933686,0.05710397290172745,0.0,0.0,0.0
1.166,0.007903726291678738,-0.037029697319842785,9.79505075932976,-0.2280676023716927,-0.3717100906377722,-0.5083417562732754,0.0,0.0,0.0
1.168,0.05792203758589765,0.025689324910540025,9.81487944240441,0.6664659723248492,-0.41817951641942414,-0.7250370136812472,0.0,0.0,0.0
1.17,0.0318040582205557,-0.006890651890223506,9.86555866606958,0.4183782517089518,-0.5835602673310097,0.6125335458316935,0.0,0.0,0.0
1.172,-0.022315558893622647,0.0142009216934944,9.760831928335081,-0.07680397315865765,1.1272036717198435,0.20233234336026823,0.0,0.0,0.0
1.174,0.02250022428335965,0.01657967688041308,9.77087202969374,-0.5275381649484585,-0.07187636508810961,-0.3638038844736628,0.0,0.0,0.0
1.176,-0.020377574186417124,-0.04546292918592038,9.842496434079598,-0.19057411228324353,0.651977387259522,1.1823986662021286,0.0,0.0,0.0
1.178,-0.03950940720480038,0.04817756507613587,9.801033321582707,0.4891001147678774,-0.644448515263893,0.5796285305406972,0.0,0.0,0.0
1.18,0.02259582060845816,-0.0016043698243479176,9.800725297763448,-0.16051959470595648,-0.2937267555116046,-0.18433672848517912,0.0,0.0,0.0
1.182,0.00895734548044181,-0.015230174812156296,9.792981694383725,-0.37093695449982833,-0.7104877722150275,0.0934838812500436,0.0,0.0,0.0
1.184,0.0651452967116848,0.05898366270953941,9.821192575135361,0.3880315023938265,0.4599411643247902,0.2969672327008003,0.0,0.0,0.0
1.186,0.001298531199800091,0.05103041763425455,9.806353072288449,-0.15220698102200564,-0.024470155383263872,-0.1347594933851517,0.0,0.0,0.0
1.188,-0.014766254686277505,0.006740266318579546,9.804696993439991,-0.24232001956092683,0.21274377151811563,-0.2112209497871069,0.0,0.0,0.0
1.19,0.021870768798274726,0.056365026467538215,9.795615850555368,-0.5711426345010479,-1.1519590451957786,-0.5250132809146062,0.0,0.0,0.0
1.192,-0.019179650595305738,-0.022410652729963853,9.813856881036827,-0.46979688746099263,0.2274258690513237,-0.287530660294064,0.0,0.0,0.0
1.194,0.03295920037613061,-0.02378235022292005,9.825692029917594,0.05236938986486246,0.03571701782207547,-0.09689538847651505,0.0,0.0,0.0
1.196,0.017527979576460767,-0.029964140268568227,9.820584292220548,0.8507926527401435,0.6038763409525885,-0.11909498709084634,0.0,0.0,0.0
1.198,-0.017073523268922135,-0.017437390389297314,9.833288259074404,0.17528465041208557,0.33599760403496476,-0.21765498759645252,0.0,0.0,0.0
1.2,0.01098432124798808,0.012771030100796454,9.799029126890458,0.8145504382252355,-0.16620156061474659,0.1969149857876551,0.0,0.0,0.0
1.202,-0.05290592511372019,0.004680612822446188,9.798181571887538,-0.02068003917681198,-0.7939585111502073,-0.22653446512240843,0.0,0.0,0.0
1.204,0.00175382869959542,0.013348859302630337,9.836737332851056,0.1070040101997772,0.40707871152314795,-0.3304255019183611,0.0,0.0,0.0
1.206,-0.018519960931386036,0.015968628265996362,9.833524836317352,0.406450994799282,-0.5286414161584386,0.8612746232516999,0.0,0.0,0.0
1.208,-0.04453396307969188,-0.03480534898998006,9.766775666757223,0.9100325910646813,-0.07225745411215805,0.9041701013239848,0.0,0.0,0.0
1.21,-0.038179222337855964,0.00373247517924107,9.861851854582497,0.07555707618537365,-0.3283915585203557,-0.5281301704013645,0.0,0.0,0.0
1.212,-0.013078847572851098,0.04783614234280484,9.818908050607643,0.13795921579914727,-0.03616116444897461,0.04164536672509415,0.0,0.0,0.0
1.214,-0.0399595073718432,-0.010442802601621785,9.834100565508429,-0.02242888256147732,0.09562215579175473,0.03561562208800434,0.0,0.0,0.0
1.216,-0.04807525023880405,-0.03170201073094927,9.809754092806305,-0.709411866691902,0.06911266703484585,0.009568923546207964,0.0,0.0,0.0
1.218,-0.05129912735157086,0.0003902349927437406,9.83188766146054,-0.34113900004181075,-0.5362605454871369,-0.6607341459702539,0.0,0.0,0.0
1.22,-0.015833023215005158,-0.0015585604330114848,9.795692854895838,-0.11901160794199694,-0.2719797133522619,-0.7152849088784661,0.0,0.0,0.0
1.222,0.044693561547859556,0.011023487550999316,9.816954000262404,0.16541315145331512,0.5475530998319523,0.24887534769022432,0.0,0.0,0.0
1.224,-0.01349087573747096,0.053643724907366706,9.833900362110185,0.050984394363233175,0.9350183267538519,0.07130635702566739,0.0,0.0,0.0
1.226,-0.022190359619699004,-0.00787042423326018,9.828570578428492,-1.1188639723811613,-0.4801877255387488,0.7934744252189556,0.0,0.0,0.0
1.228,-0.02877813961754603,-0.027983312629941953,9.811724293806332,0.7735011545499956,-0.01614970291896409,0.026530875511106153,0.0,0.0,0.0
1.23,0.010803934227559646,-0.011990162516707353,9.847218230185034,0.763255304545536,0.12417600542037541,-0.22647896502974024,0.0,0.0,0.0
1.232,0.016035129359061453,0.01091371411370918,9.788797235337958,-0.14495746258339343,-0.3940384905732463,-0.6456600593792812,0.0,0.0,0.0
1.234,-0.021910503261089894,-0.027162034897104514,9.84444484056898,-0.3165958715551237,-0.6036343295726214,-0.26441661083473866,0.0,0.0,0.0
1.236,-0.015283005009084638,-0.033252471415021086,9.804587075048651,-0.07914278587010454,-0.14494479702894417,0.798311381345389,0.0,0.0,0.0
1.238,-0.038424473135445926,0.0021858939709536625,9.800457132311411,0.3182481664372654,-0.006847626342262615,-0.2860036689496651,0.0,0.0,0.0
1.24,-0.007178260861590709,-0.03865781028409871,9.809255336703448,0.005078918238058389,0.42364276399484097,0.14048184713345416,0.0,0.0,0.0
1.242,0.0463885345033407,0.03485523981238756,9.789751303411677,-0.781143951115682,-0.39374044320564067,0.20122748757675446,0.0,0.0,0.0
1.244,-0.04994722931977525,0.004960123678602827,9.815730398181797,0.37435859352660233,0.43246215130988075,-0.23916026764232684,0.0,0.0,0.0
1.246,-0.03231824809085239,-0.006785537083013032,9.819871778562137,0.5806977289815893,-0.08828797035980991,0.08310326057181756,0.0,0.0,0.0
1.248,-0.0187415686222233,-0.02251152753225992,9.7883574262967,0.2359744406559196,-0.7942526297876676,0.21549559192732337,0.0,0.0,0.0
1.25,-0.011730074468894815,0.0298379052786617,9.822211181264132,0.32140273573095024,0.26414460361956826,-0.2242479613007769,0.0,0.0,0.0
1.252,0.00354828628475763,-0.05702658153197269,9.784230409838854,-0.10422433475100003,-0.2742245998025742,0.20556419638190734,0.0,0.0,0.0
1.254,-0.04222722215010923,-0.019429803632219043,9.773229738133184,-0.4786074750416597,0.9119770417060241,0.7005857410851302,0.0,0.0,0.0
1.256,0.026223199318351067,0.005384387534519614,9.808792507993381,0.3467304524676168,-0.07768308127650489,0.11296103634640829,0.0,0.0,0.0
1.258,-0.029701492312438415,0.020571444144141325,9.82152814779277,0.10442584353160296,-0.4557139108602205,-0.08146763581348346,0.0,0.0,0.0
1.26,0.0455904031211682,0.011704130493219408,9.809756288509439,-0.3928409461880637,0.3952209506170954,-1.437993430889475,0.0,0.0,0.0
1.262,-0.0424678721525108,0.01097106306151414,9.79486311011325,-0.11029455928517962,-0.1607696999961833,0.17588111767265308,0.0,0.0,0.0
1.264,0.002690190545856781,0.06407955170421921,9.820858878023447,0.6302084700384109,-0.5140461190653179,-0.27569577639734094,0.0,0.0,0.0
1.266,0.026240431202805038,0.005857769127890895,9.7597775289226,-0.6588552712906919,0.8483919564323541,-0.2289972317154554,0.0,0.0,0.0
1.268,-0.04945654377102637,0.015559171277559649,9.790199244732218,-0.23553459602063373,-0.19872764443976038,-0.24130449068986617,0.0,0.0,0.0
1.27,-0.00020647147154197732,-0.04028509762910895,9.83249740477265,-0.31933320527084236,-0.1633471815336474,-0.29232151722769745,0.0,0.0,0.0
1.272,-0.019551491000671557,-0.026913149133193412,9.848883050390706,0.2596714891623692,0.4107996437891848,-0.6167807079915649,0.0,0.0,0.0
1.274,0.07204020633873044,0.026878505735283473,9.823582820113264,0.5553405711951304,0.1264377186848207,0.0744830164335269,0.0,0.0,0.0
1.276,-0.012517431641859096,0.01451908386016003,9.83039972537893,0.7606677623355257,-0.48585371684782314,-0.4048815733495812,0.0,0.0,0.0
1.278,0.01413347865034015,0.04085165974411872,9.845836957883835,-0.31176833493330064,-0.376730242663664,0.06022829087470175,0.0,0.0,0.0
1.28,0.010926453566980411,-0.002324272930283917,9.728596531533597,-0.2769837250372671,-0.14430333194472694,0.2933732322942244,0.0,0.0,0.0
1.282,-0.016528348458390362,-0.026476634761623166,9.873981911297014,0.48317879478160747,1.2511035521316767,-0.04364216837140882,0.0,0.0,0.0
1.284,0.03007191378530476,-0.02857105278761221,9.817503823306227,-0.13891937013800668,0.5049228232994424,0.3556973043140309,0.0,0.0,0.0
1.286,-0.06768560547889622,-0.029400614125020364,9.822370018079791,-0.2881016115060405,0.4909717558275337,-0.23257647730660222,0.0,0.0,0.0
1.288,0.0410664858543293,-0.02488293140330888,9.855712680285881,-0.020351461274128773,0.8585162851381352,-0.625428153806311,0.0,0.0,0.0
1.29,-0.017602482257324102,-0.023091659240666553,9.905492027388801,0.741259472917093,0.1387444750994741,-0.7843771163470692,0.0,0.0,0.0
1.292,0.026500561451722016,-0.00782581261039378,9.821988099661034,0.06730937064809028,-1.5356127145707799,-0.8141802848441086,0.0,0.0,0.0
1.294,-0.01350549983201566,0.009577563895988727,9.839272357442178,-0.22717628829006128,-0.43552127225960535,0.9059577463461188,0.0,0.0,0.0
1.296,-0.02670389510249393,0.07405405320688808,9.805429451407427,-0.13176277897964422,0.15990283667601038,0.0016307224159273338,0.0,0.0,0.0
1.298,-0.029451746141913746,0.04277586069423903,9.84319247418078,-0.3175526987160641,-0.2742406877688889,0.5314161229181342,0.0,0.0,0.0
1.3,-0.05315646569399295,-0.014992183148724393,9.794464289179462,-0.8131920848994184,0.018452543866111847,0.11406336821839176,0.0,0.0,0.0
1.302,-0.02523569625628464,-0.044386769446682295,9.87133274238439,0.020375232081623257,0.40943293992587654,-0.5848849814398471,0.0,0.0,0.0
1.304,0.009851160497078617,0.0039045065535238317,9.817743057933018,-0.3325283029132298,0.5145167348059189,0.0025227581980423073,0.0,0.0,0.0
1.306,0.036722325682112165,0.018939716814718233,9.887662378177962,0.44799782815830297,0.319920637128269,-1.2553223023658595,0.0,0.0,0.0
1.308,0.029126274644677434,-0.004121284579076447,9.783705032479578,0.6337226433708822,-0.04842512749613505,1.0578407668137642,0.0,0.0,0.0
1.31,0.0011050525628704066,-0.0655324373925789,9.787317125623057,-0.03492714680321367,0.7523810370262538,-0.14777690125744872,0.0,0.0,0.0
1.312,-0.0046906042589915445,0.045567452414372704,9.806975621173633,0.4737840899846056,-0.009214769229195828,0.6398805688391919,0.0,0.0,0.0
1.314,-0.04449428867627668,0.006487155461325812,9.821818793044788,0.7622096878547824,-0.4816597864222357,0.7603268158979896,0.0,0.0,0.0
1.316,0.016735390923129236,0.020189817337171245,9.798247794262469,-0.1478401362797436,-1.0592301764513348,0.7194109801561535,0.0,0.0,0.0
1.318,-0.005207150526837894,-0.03000363132172441,9.826408223173367,0.04353905941763061,0.12414525895948901,-0.8215253813610603,0.0,0.0,0.0
1.32,0.011791807930147162,-0.07217351888053986,9.81100762194582,-0.5573140323427819,0.1061447561401602,0.31442597487703294,0.0,0.0,0.0
1.322,0.004638987823332799,-0.05879912810944611,9.826657318941272,0.04857970730464726,0.40242302780912803,-0.7022056254849677,0.0,0.0,0.0
1.324,0.03611322499930378,0.05434573937290946,9.781064270911735,-0.2754642922235596,-0.3237196726331376,-0.09204645190215364,0.0,0.0,0.0
1.326,0.0029542182285253174,-0.0011254342165464722,9.77856638239853,-0.29320734264390663,0.4164824313245356,0.13005972305254002,0.0,0.0,0.0
1.328,-0.061058498181031914,0.007140590344689645,9.780334666602911,0.46282828954434846,0.2129022262226035,-0.1925413141674727,0.0,0.0,0.0
1.33,-0.008550120320914135,-0.03974292109668241,9.801770652062565,0.004356045564398655,-0.08141805843688346,-0.17511116242218452,0.0,0.0,0.0
1.332,-0.0014784789207797806,0.02626498550329762,9.751973700795007,-0.2650399883398189,-0.48815773063283696,0.6586800190042811,0.0,0.0,0.0
1.334,-0.006744537200878955,-0.0022977818682235374,9.820298959622543,-0.5460495838180873,-0.4640793727589244,0.012516259571412976,0.0,0.0,0.0
1.336,0.10173356638021293,0.026273320796519926,9.826353899246262,0.5174284488176203,0.2057859755907603,-0.7622490365904822,0.0,0.0,0.0
1.338,0.02058552564418212,-0.0068812003450217235,9.708961596279886,0.5576344801321489,-0.10588166741117536,0.02394665649805613,0.0,0.0,0.0
1.34,-0.017277447930180833,0.0024129276795363643,9.818478850793536,0.09448531155841262,-1.1028473652036335,-0.09107358905181762,0.0,0.0,0.0
1.342,0.029974619676155667,-0.04266509414683205,9.770041389297003,0.46288327384846273,0.0674325047278036,0.045610186077633154,0.0,0.0,0.0
1.344,-0.004590361696090282,-0.005943287545914553,9.772886484225637,0.06988051020499941,0.25050869570105677,-0.7694115806937677,0.0,0.0,0.0
1.346,-0.0466858733222519,0.02090506456665744,9.807503994098324,0.39487584934618164,0.46943456667831274,-0.2587143197801392,0.0,0.0,0.0
1.348,-0.030409742860796833,-0.020250458473508,9.787559889680328,-0.011517228598435271,-0.2434159952634381,-0.3262736827638097,0.0,0.0,0.0
1.35,-0.06267596426439886,0.03456169467289899,9.749617836045948,-0.32093400543496425,0.15216966783209354,0.7328600679603164,0.0,0.0,0.0
1.352,-0.011492305095572261,-0.02076300939372705,9.81261913716311,0.4556911986265831,-0.5136774822186411,-0.19872855646563928,0.0,0.0,0.0
1.354,0.016898626574759382,-0.039621735292378904,9.790142057046973,0.14972360306113786,-0.46998690523484793,0.20085477840489108,0.0,0.0,0.0
1.356,-0.031051063148527243,0.015524020063285463,9.799775391623623,0.22550799942491412,0.9969324233927666,0.7901603093035533,0.0,0.0,0.0
1.358,0.024409443593429656,0.008153715218365049,9.8185906600864,0.38834395038543357,-0.20441173761220358,0.3778666824219359,0.0,0.0,0.0
1.36,-0.011772041957377834,0.041210605435255336,9.838955036748475,-0.2766485135484384,-0.04699294156262887,0.021476148614045783,0.0,0.0,0.0
1.362,0.025167724442025925,-0.013670752483914079,9.801299502353519,0.20510761407533162,0.5243990176292105,0.37823701421803396,0.0,0.0,0.0
1.364,-0.02883376485129342,-0.0071136305658857785,9.800488345448501,-0.33991318641816315,-0.02602312990716216,-0.4834342585444117,0.0,0.0,0.0
1.366,-0.036821941198018876,-0.019010470734827315,9.804223429543974,0.3581024946726075,-0.35446819806479724,0.9450988705201998,0.0,0.0,0.0
1.368,-0.02465640623292143,-0.06724321184208208,9.792084643842738,0.42423495744644807,0.0105342063237139,-0.0632647959917277,0.0,0.0,0.0
1.37,0.04872072881049563,-0.017773962629203402,9.795797165465313,0.18667956037170408,-0.6956269981060363,0.16773103750452975,0.0,0.0,0.0
1.372,-0.018938296505450335,0.004557135660781853,9.798290409516696,-0.5269877558453057,-0.2142532824382131,-0.7699118115596526,0.0,0.0,0.0
1.374,-0.02244393409119645,-0.011171624973122027,9.78841498887619,0.2205699596593756,0.3612766597588173,0.444839873287542,0.0,0.0,0.0
1.376,0.024264865139544525,0.0467934186288008,9.872525431730361,0.698536382402285,-0.6539804527669111,-0.11348289933473339,0.0,0.0,0.0
1.378,0.002069493412001922,-0.04974542223713034,9.771583942793171,0.0646449721082834,0.416100531390852,0.4483449171357753,0.0,0.0,0.0
1.38,0.042853288795148915,0.006286361533810529,9.729616852790034,-0.5750891944861871,-0.6840211455793593,-0.5139402882642965,0.0,0.0,0.0
1.382,-0.038007479713735505,0.0034830196148823832,9.825442462007537,-0.18628084142765383,-0.17511202513299642,0.31799738973885167,0.0,0.0,0.0
1.384,-0.042429774393362436,0.020721553894152735,9.773501501596455,0.11539298698829392,0.19784887691528247,0.14541252670292665,0.0,0.0,0.0
1.386,-0.003310770754161055,-0.005517351734674271,9.775390021399708,-0.06137700622120985,0.49749426465965363,-0.05322552023087653,0.0,0.0,0.0
1.388,-0.01357016772188766,-0.025995125870301523,9.80917354856425,0.40294499961556274,1.10033411136636,0.6420140640960972,0.0,0.0,0.0
1.39,0.025271798415980026,0.04181476199398521,9.765286077194908,0.402786996105572,-0.2682962668164046,-0.21619817870650385,0.0,0.0,0.0
1.392,-0.009026396626088562,-0.018805465220285436,9.83206328897389,1.2333543320278013,-0.42758528263918644,0.40406728586091595,0.0,0.0,0.0
1.394,0.0007923827067228732,-0.023968826353490284,9.833057572177616,0.21552635855366345,0.541792714861234,-0.05003525123515183,0.0,0.0,0.0
1.396,-0.00970940107797997,-0.025377217193930306,9.854584676315797,0.1622017280560618,-0.5902608733051187,-0.6023759585859482,0.0,0.0,0.0
1.398,0.011129847374416604,0.002961050807470878,9.851468884023538,0.3157554373854828,-0.2649868409674971,-0.21175305195545036,0.0,0.0,0.0
1.4,-0.018222180131313343,0.021857562016579093,9.800928736012875,-0.23885589592175155,0.18139214220522668,-0.693901805589274,0.0,0.0,0.0
1.402,-0.046226411002713165,-0.06000560903262626,9.852176809083716,0.12641953425567065,-0.9508068135572093,-0.22868452291174796,0.0,0.0,0.0
1.404,-0.008012976714277167,-0.04384549182486101,9.791610700623396,-0.1876918318901158,-0.3667811909027945,0.3653808065747906,0.0,0.0,0.0
1.406,-0.046339284827118535,0.05763657013871588,9.828687402554191,0.3168801743184325,0.6120492256396955,-0.5507663144129687,0.0,0.0,0.0
1.408,-0.043249706231655076,-0.02959329142382732,9.823416732475517,-0.08405770899797853,0.47458462699767756,-0.5045633161422514,0.0,0.0,0.0
1.41,0.05757407211254577,0.04440609314238901,9.821326415404457,-0.6188599765452718,-0.2810620556750665,0.02137354368578258,0.0,0.0,0.0
1.412,-0.025514474805908346,0.007391284619368198,9.827231491747062,0.32398900541453507,-0.19551333924131772,0.44510611769932934,0.0,0.0,0.0
1.414,0.04084326787665361,0.012372206441496367,9.807054236407884,-0.4572257271596193,-0.05699186326969591,0.8262226060487968,0.0,0.0,0.0
1.416,-0.03569082570208512,0.02841401547359269,9.809341920686975,-1.2686545762038912,1.4032941661120104,0.07270057654006834,0.0,0.0,0.0
1.418,0.035764655105246464,0.04400374574434877,9.80285476792949,-0.6011792662615311,0.05967384139277819,0.48073668191640534,0.0,0.0,0.0
1.42,-0.007667483924895403,0.03482801795847668,9.765797386001527,0.05873158457524602,0.30696256746247774,1.1566437146680966,0.0,0.0,0.0
1.422,0.009150666789151857,0.04659399533859322,9.830123182675823,0.30020505084500954,0.4571865017535459,0.05645649159189865,0.0,0.0,0.0
1.424,0.03174283958196066,0.0076545881335202135,9.819809313556746,-0.20136482076786993,0.25486873141630423,0.5876528395540179,0.0,0.0,0.0
1.426,-0.006576959588667139,0.013756929816319721,9.784980117470166,0.642070720218723,0.2961423800779766,0.2626905947320877,0.0,0.0,0.0
1.428,0.03509513046013761,-0.0032691762999852705,9.814888886425718,-0.37857688091360564,0.4665798065002126,-0.5998983812191762,0.0,0.0,0.0
1.43,0.02259100799316854,0.0002564028811935343,9.812347011047503,-0.3260342800871085,0.6001270848852107,0.10471056490742084,0.0,0.0,0.0
1.432,0.04027393075709486,0.01465893821207827,9.846225969074498,0.36875849419332285,-0.2962896124790037,-0.7728550216717655,0.0,0.0,0.0
1.434,0.021867160883176032,0.03498141329624188,9.778874235678643,-0.554058250365886,0.3088887709405707,-0.4055539491591509,0.0,0.0,0.0
1.436,-0.009561996638840902,-0.0032760463921852525,9.824589446312736,-0.853854688933674,0.06837558649508324,-0.17606022830457066,0.0,0.0,0.0
1.438,-0.04068701523507358,0.01618662946261975,9.822774403444482,0.9093731853079698,0.3843173323834472,0.43595025145201827,0.0,0.0,0.0
1.44,0.027647249951160913,0.0254359590626873,9.842002689579337,0.45740686648862877,-0.3214936224358741,0.08718444261582904,0.0,0.0,0.0
1.442,0.0333434543668641,-0.014105630531208608,9.798374745249774,0.1866751934007854,-0.23291597929853963,0.5259083509992791,0.0,0.0,0.0
1.444,0.022716511809972726,0.027267295413195784,9.835659371582551,0.6556213480878219,0.13680166731637505,0.4224379499613686,0.0,0.0,0.0
1.446,0.0001933200370375602,0.03283865440456229,9.809829457592805,-0.1131050855170571,0.5407128344708066,0.08139407107210428,0.0,0.0,0.0
1.448,0.00534532143747862,-0.0673409939296597,9.746798285759155,0.36908512544592614,0.03663066048031904,-0.2537020271766121,0.0,0.0,0.0
1.45,-0.006458437885299929,-0.01000380468278078,9.827520762497725,-0.7142645264202976,-0.19919764831001366,0.1881116014069509,0.0,0.0,0.0
1.452,0.02039239221066776,0.007916582061549793,9.751589928735171,-0.0640675576782369,0.1932586585786003,0.3393215573119792,0.0,0.0,0.0
1.454,-0.005410409875739611,0.03388891672872014,9.818251756922583,0.4660115804362717,0.15651224520718496,0.608403159096029,0.0,0.0,0.0
1.456,-0.0009067056324839703,0.07144467010394057,9.822899752688388,0.42339653590471693,0.9671379761299591,0.42669638968625706,0.0,0.0,0.0
1.458,-0.022291923607310384,0.002498020483563132,9.796078696565425,0.6160137738793553,0.01947478534115766,-0.01996679819644742,0.0,0.0,0.0
1.46,-0.02238676910617101,-0.056790970811691474,9.822002556734224,-0.43345584539288146,-0.27332916141221214,-0.15871040410318007,0.0,0.0,0.0
1.462,-0.031443409531532525,0.04408454044352855,9.839339301983022,-0.4348768528389041,-0.5125208632138769,0.265333235315164,0.0,0.0,0.0
1.464,-0.011642881251295098,-0.03647220692866189,9.819480799204436,-0.19017168805613924,-0.013224329604422902,-0.2565318098066383,0.0,0.0,0.0
1.466,-0.06953663405540383,-0.02882786550862397,9.807125823214182,-0.1323666658289904,0.24052627429068926,0.1706408322101399,0.0,0.0,0.0
1.468,-0.0104695565174858,0.014957002456253556,9.813035364408643,-0.16554560586774483,0.11557467405538964,-0.09447527953389992,0.0,0.0,0.0
1.47,-0.007210343724912259,0.012319362236040455,9.791893240208577,-0.497846462473507,1.32768893792505,-0.6099885685679126,0.0,0.0,0.0
1.472,-0.0742358788557768,-0.005698103768113232,9.805933797378101,-0.5738536812145187,0.15772436497216696,-0.3231885421184601,0.0,0.0,0.0
1.474,0.059241809470129254,-0.012329668536811642,9.796196544371762,0.22052811250580967,-0.9447562097150893,0.43791210777922845,0.0,0.0,0.0
1.476,-0.02733519752548798,0.032556819061181935,9.810379507627234,0.32255729353615137,0.1672164039976157,-0.19531806282107203,0.0,0.0,0.0
1.478,0.010147226229277228,-0.04625438821711075,9.784586031261039,-0.6491520285646546,0.8815296643130769,-0.15736122741642825,0.0,0.0,0.0
1.48,-0.003524174065974932,0.060741646668984926,9.844294971854282,0.21019081333887962,-0.48264189599364116,0.4613601626010936,0.0,0.0,0.0
1.482,-0.017524551426198486,-0.013318446378619094,9.815792439762932,0.30193921021238684,-0.8477344253245683,-0.1399625683941263,0.0,0.0,0.0
1.484,-0.009936016011975484,0.015513367793718558,9.77273346732939,-0.5818041376725764,0.03482762363170676,0.05251571905987416,0.0,0.0,0.0
1.486,0.05108379650463912,-0.0039076350440333685,9.811372641562393,-0.8797372564154736,-0.2680290253337809,-1.0718683064754333,0.0,0.0,0.0
1.488,-0.03282881208409425,0.01132939676950437,9.83848881776622,-0.04724960627073687,0.701620353433492,0.6066593742624024,0.0,0.0,0.0
1.49,-0.012089602317763846,-0.01175244660443799,9.773816566365213,0.5701267664030939,0.4939138756572831,0.32611756915321605,0.0,0.0,0.0
1.492,0.04414305078843329,0.036779922115544296,9.80059421763751,1.2085764735876128,0.7510132763393171,0.6708035040710367,0.0,0.0,0.0
1.494,-0.005592286967432357,0.012977230256973808,9.759014122035115,-0.9425021118303112,0.20991813454665453,-0.5048036996318882,0.0,0.0,0.0
1.496,-0.059882360009405465,-0.008676248680568278,9.769692650005549,0.35560860035375313,0.010181045441647722,0.02244776969568324,0.0,0.0,0.0
1.498,0.007241589048653065,-0.0541601920780316,9.821579400325417,0.50323389836686,-0.05140346457719539,-0.008719001748919744,0.0,0.0,0.0
1.5,-0.02168462453784224,-0.05330142759973865,9.825604068374577,0.12223195107171533,-0.19034755132079287,-0.3928872393655996,0.0,0.0,0.0
1.502,0.0028013937612289116,-0.02755995036311199,9.761536492531055,0.40064315857177224,-0.10212317772689314,-0.4266007873384738,0.0,0.0,0.0
1.504,-0.023082336482523932,-0.02378610095960422,9.849577042963983,0.34094432726374896,0.41010251812655124,0.13690752320240873,0.0,0.0,0.0
1.506,-0.01913311194404556,0.0009995766371920802,9.832639512912374,-0.216918482986311,0.7764870768700867,-0.018071467594742253,0.0,0.0,0.0
1.508,0.0018224446617721604,0.0002479846534065918,9.829962273387524,0.7124895140495745,-0.28643794949245416,0.1557085978220768,0.0,0.0,0.0
1.51,0.01110846615124417,-0.003937077233064359,9.80210413609304,0.3636874982472319,-0.30157932330634385,-0.09466982163953244,0.0,0.0,0.0
1.512,-0.008286523320281725,-0.03518252397414673,9.801522738356265,-0.46378672655919506,0.3630951368926958,-0.36248059646089575,0.0,0.0,0.0
1.514,0.02468803708446943,-0.015524126060640143,9.782959461426449,-0.8930276037004693,1.1169693776592444,-0.09690572925384786,0.0,0.0,0.0
1.516,-0.023570022625826786,-0.006135406044128892,9.805822407922347,0.5635075685880331,-0.7191055249554276,0.1934434573949922,0.0,0.0,0.0
1.518,-0.015009784254340823,-0.027710982429977642,9.7885435245099,-0.1711175993540326,-0.11932268495820784,0.15022770488924064,0.0,0.0,0.0
1.52,0.023632191186868982,-0.045591441681508485,9.812446256879088,0.31403268605016604,0.16561970574072407,0.8604957171248009,0.0,0.0,0.0
1.522,0.0186433905702201,-0.005361068862235144,9.830822472571166,0.9248767216012929,0.522408646653347,-0.4916892454082413,0.0,0.0,0.0
1.524,0.019543122802192236,-0.020951290943432118,9.847640529468583,0.28487713676949694,0.34997555059918684,-0.0231880357355556,0.0,0.0,0.0
1.526,0.047942334420164434,0.026648746144436943,9.75767509238879,0.19643213800594492,0.6322447107577776,0.7094892656560244,0.0,0.0,0.0
1.528,-0.06333900338277319,-0.041861551935701034,9.809250217659079,0.6045205121756713,0.5814741533235122,0.1102172453433204,0.0,0.0,0.0
1.53,-0.011496603927694169,0.01440034356242703,9.82888824288109,-0.2605757889513295,-0.0753691828235154,-0.6422634565987823,0.0,0.0,0.0
1.532,0.030916105805589504,0.027471819888397645,9.81142760247162,0.3745582533704554,-0.12372646068348882,0.2881658309169784,0.0,0.0,0.0
1.534,-0.012197676041465854,0.009114913116504008,9.825822794323836,0.6796468249217849,0.059221113265793865,0.3329681731613344,0.0,0.0,0.0
1.536,-0.027512602356866835,-0.015470952084084642,9.85332390767182,-0.14381370344141092,-0.4686984670721862,-0.19180704563903253,0.0,0.0,0.0
1.538,0.01476674238312171,0.023256495505570688,9.850526988155417,0.02201668341111744,-0.19903924812178217,0.6458639407704944,0.0,0.0,0.0
1.54,-0.04842762412180778,-0.012963990027522599,9.806725251409173,-0.22661455607645406,0.48321112680231226,0.5808461963388648,0.0,0.0,0.0
1.542,0.036732557512373996,0.05184273180721185,9.820822739277386,0.6112547320941144,-1.033275947425202,-0.6411589976346657,0.0,0.0,0.0
1.544,-0.05020766252878664,-0.007409103022527465,9.818426870013726,-0.12504494949461065,0.4631257353182095,0.2346708316579387,0.0,0.0,0.0
1.546,0.042322621101495775,0.02378374073501143,9.830391018191634,-0.7007225901755304,-0.10314383800156601,-0.7650952625249998,0.0,0.0,0.0
1.548,-0.009864727145683108,0.008796740958551782,9.780376553189665,0.09260723811903863,0.0812729216600504,0.07843850004638392,0.0,0.0,0.0
1.55,-0.0046055120660659105,0.012552541969564072,9.841396071883766,0.0474150691202781,-0.07039309992765612,-0.19291860105753475,0.0,0.0,0.0
1.552,-0.04775938437289942,0.004594452706386588,9.801544772666162,0.15934927929603002,-0.09066912096724918,-0.4784320990692324,0.0,0.0,0.0
1.554,-0.010239406767046431,-0.065049693068858,9.813773202047974,-0.11609711669524324,0.3433263477115401,-0.362380642051981,0.0,0.0,0.0
1.556,0.0279937886996498,0.03293642566451125,9.769497065914805,0.9352963888857869,-0.9960387233898417,-1.190359845279349,0.0,0.0,0.0
1.558,-0.009157592595998404,-0.03737463824048277,9.84681120469301,0.5452543942245711,0.021110820484203895,-0.6505529928841821,0.0,0.0,0.0
1.56,-0.04094278296466003,-0.04731369602875285,9.7743566567873,-0.33108249311947213,0.3550977472326645,1.4461941754774952,0.0,0.0,0.0
1.562,-0.025853898142523906,0.04723253780645739,9.80412368564681,0.5797992222854879,-0.6802629355606995,0.30163227285759214,0.0,0.0,0.0
1.564,-0.01735245453723626,0.06569073493480819,9.777040916059356,-0.8773088343743598,0.1972986424255467,0.07059039498302888,0.0,0.0,0.0
1.566,-0.020907240097564752,0.0038682342033413797,9.829536798016024,0.5770834894141351,0.4153795905306208,0.05189113844177643,0.0,0.0,0.0
1.568,-0.03053344535820328,-0.011784064717401238,9.850389857108503,-0.4930014337286575,-0.41977173557302555,0.24874147522667986,0.0,0.0,0.0
1.57,0.014676577056100966,0.013558850947769412,9.838389769132027,-0.747025915089343,-1.0722668749484374,-0.02507473986659134,0.0,0.0,0.0
1.572,0.024258223126202696,-0.03020645053320582,9.844414583838532,-0.47735191172570207,1.063328172764809,-0.13621851961993675,0.0,0.0,0.0
1.574,-0.024866040268312694,-0.009227164851767564,9.720975558903048,0.33406709839959603,0.515917411366299,0.17157833199019304,0.0,0.0,0.0
1.576,0.02931844003439183,-0.011692970058747617,9.80452040652468,0.5572077643177978,0.34202757277610935,-0.7660445419390345,0.0,0.0,0.0
1.578,0.025974198794809392,0.0038087299708572083,9.826310080943077,0.33731126962141267,0.776773160905472,-0.0019081646286122432,0.0,0.0,0.0
1.58,0.05330946724666532,-0.026936312450822036,9.802802255368569,0.7168059153163909,-0.4050904860997654,0.05100968205594308,0.0,0.0,0.0
1.582,-0.0018707074530857513,-0.04996844342250529,9.815502649825483,-0.12739417723735974,-0.41574738014038776,-0.6674748586668624,0.0,0.0,0.0
1.584,-0.02062843988226591,-0.016685848172039792,9.840914067391068,-0.42661423900886464,-0.18181475420387444,0.9303227313354246,0.0,0.0,0.0
1.586,-0.017712536578998597,0.03931784327456039,9.769933382116594,0.4645367864177687,-0.17063869922057526,-0.6968510570507562,0.0,0.0,0.0
1.588,0.022652544195823958,-0.022355969055555428,9.800542218689097,0.028823415105424237,-0.9653384975741013,0.7252719163713623,0.0,0.0,0.0
1.59,0.028111050926711494,-0.057454418405304866,9.834028113985354,-0.43387780338621174,-1.026696370921615,0.04457596998698299,0.0,0.0,0.0
1.592,-0.005405285532350367,-0.035481906736852926,9.814819968461585,0.6345244919862106,-0.9671914967447529,-0.06374606080595108,0.0,0.0,0.0
1.594,0.010754853177944715,0.026903080656955392,9.790918863828706,-0.7881817544299216,-0.4802600911752169,0.5143719702836845,0.0,0.0,0.0
1.596,0.0010951507051762278,0.03223221397629543,9.798138469451615,-0.1509269791818731,-0.635696692497628,-0.24516269892924084,0.0,0.0,0.0
1.598,0.01900578621885762,-0.04454140822427666,9.814078681875282,-0.31814374863635425,-0.2687256782240637,-0.8105202903807582,0.0,0.0,0.0
1.6,-0.03684704453400255,0.04945074420695943,9.82887536852187,-0.701017732669679,-0.15514337147875693,0.002933024866626063,0.0,0.0,0.0
1.602,-0.022646204221918858,-0.06341039727610079,9.830088001576716,-0.7115366705905319,0.044222942109595244,0.39884290878589634,0.0,0.0,0.0
1.604,0.04603086281459968,-0.01573414817859204,9.788388473781941,0.4780392949117991,0.007700297917043231,0.14408086185144486,0.0,0.0,0.0
1.606,-0.018438727699875937,-0.008589904113892233,9.831971724115776,-0.5698012566508168,0.6662948419948288,-0.037674610908360225,0.0,0.0,0.0
1.608,-0.03423198095178265,-0.01664291951762789,9.847054009330643,-0.14017713180776112,0.3102123769667879,-0.6992961271449118,0.0,0.0,0.0
1.61,-0.01408339854821949,0.028069736275125864,9.80947952000279,-0.28688538254893114,0.3763442388382677,-0.1345418904493185,0.0,0.0,0.0
1.612,-0.06079184557268763,0.009007284689559575,9.747574217243772,0.4668895080802569,-0.529126857803719,-0.07680125674344476,0.0,0.0,0.0
1.614,0.019985993089192217,0.031034963056515354,9.740898005202673,0.07316037898769473,0.8546911549402224,0.029201827341822716,0.0,0.0,0.0
1.616,0.005472209187133318,0.04210452184764826,9.800870032748472,0.22344822225017918,-0.7851878262234004,0.031589140166296194,0.0,0.0,0.0
1.618,0.041519929267079904,-0.016577885893186577,9.799344800294355,-0.2980325445991976,0.7028935379298963,-0.020137991096877382,0.0,0.0,0.0
1.62,0.029018211400438896,0.00034706296276425735,9.804025280905334,-0.4933218170677856,0.0994877830759169,0.06506477406599395,0.0,0.0,0.0
1.622,-0.05844453473594542,-0.011311417215682679,9.761704063169358,-0.3097853812735017,0.6478086686305358,0.14730208937976466,0.0,0.0,0.0
1.624,-0.04623332005676535,-0.014474200413994338,9.728302814825616,-1.8345357706880803,0.5832085497327497,-0.39681402833906815,0.0,0.0,0.0
1.626,-0.002695142813931481,0.030662042094626377,9.806259557931064,-0.7479003207491572,0.13192519066065223,0.5525856796336893,0.0,0.0,0.0
1.628,-0.007131919224531481,-0.03467759281917434,9.826370803219074,1.0229826012468761,0.27144342991109477,-0.2128565203162787,0.0,0.0,0.0
1.63,-0.025791977786318972,0.04425586060035453,9.785127031626105,0.14417853247404858,0.7011953480261407,-0.38222284441627347,0.0,0.0,0.0
1.632,-0.028858845671583064,0.03364515727063078,9.834960132416228,-0.5954038037729962,-0.30065302571101593,0.809761772857004,0.0,0.0,0.0
1.634,-0.0007181205458550057,0.014586583499712001,9.826101663999209,-0.11867904530428486,0.6588421377654478,0.7565882418296355,0.0,0.0,0.0
1.636,0.00642368176013926,0.0018011712828020887,9.813131937097225,0.5676745193910848,-0.29451976440268096,-0.09791850341647981,0.0,0.0,0.0
1.638,-0.010012571486820892,-0.05085874113740731,9.803619947493871,0.14944436391522342,0.15271976844405602,0.2128251228167104,0.0,0.0,0.0
1.64,0.005904439757469816,0.011659803072965495,9.824505644452362,0.05495221061079343,-0.2929742828285371,0.07651012365864356,0.0,0.0,0.0
1.642,-0.027945151333189863,0.013273061154146622,9.767676092000656,0.39964126487212603,-0.5378667382567969,0.23155418317458412,0.0,0.0,0.0
1.644,0.010182745397501055,-0.03358611555088489,9.840433652251503,-0.002832077898543271,0.8959775601033234,0.4289485777467638,0.0,0.0,0.0
1.646,0.024642109866798833,0.008223247450197063,9.8178030661625,-0.21959459678269105,1.1605814264013152,0.210555508912454,0.0,0.0,0.0
1.648,0.005591960475787328,-0.020434282875319655,9.73056948019934,-0.28396461435544534,0.15697736097859163,-0.150808083518944,0.0,0.0,0.0
1.65,-0.02135848259826011,0.0283261651943861,9.768545760690138,0.173157374138945,-0.21050818596679102,0.1834513165945669,0.0,0.0,0.0
1.652,0.020248447086396067,-0.025781218667180604,9.813448700690653,0.4714353442087952,0.4638759658017433,-0.5651867217733081,0.0,0.0,0.0
1.654,-0.019969843218287025,0.07191357770022402,9.822451195166606,0.8448435712766414,0.14569128026978215,0.0651433164837162,0.0,0.0,0.0
1.656,0.012316784409596397,0.014285616363026148,9.808962956611031,-0.2217885291598724,-0.021500926917611237,-0.20290379431033695,0.0,0.0,0.0
1.658,0.04095258787046511,0.021068720548151655,9.889420530452606,-1.0860787295457293,-0.1811612487034224,-0.4425978448346716,0.0,0.0,0.0
1.66,0.04271728374604548,0.015454483833115292,9.82718673912728,0.23488632311401533,-0.4513135868140605,-0.29887144222789996,0.0,0.0,0.0
1.662,0.031384077337176325,0.01580240619234138,9.837991046373148,-0.8201550052118671,-0.12700461506030702,-0.31318812886688174,0.0,0.0,0.0
1.664,-0.032819042030238756,-0.00135140387806632,9.780518781210409,0.1144527051842978,-0.10616174193183203,0.2185860604051818,0.0,0.0,0.0
1.666,0.003274577910622954,-0.07599100871415795,9.799505989844146,-0.4674799492390314,-0.7168686478132704,0.5392474778879099,0.0,0.0,0.0
1.668,0.010062102517583866,-0.036628512087489774,9.837114945894179,0.40744336200668496,0.14498352669311507,0.640117981770928,0.0,0.0,0.0
1.67,0.017828531795419742,-0.003793331877098683,9.762664034840263,0.1532905196099139,-0.7080577946814948,-0.5321789663672409,0.0,0.0,0.0
1.672,-0.0010536880004075248,0.03651717237271717,9.769273817199835,0.2615444690951519,0.2472040354852058,-0.3284018732156455,0.0,0.0,0.0
1.674,-0.007595510651552144,0.012550974383730736,9.7718054301947,-1.3192862091901487,-1.3525768300593195,0.7378552121356544,0.0,0.0,0.0
1.676,0.00646344563347655,-0.021863527588677427,9.808075689714824,-0.10401943023028719,0.015138466542460786,-0.3006860816316207,0.0,0.0,0.0
1.678,-0.022880148218912176,0.022803548727702988,9.832698756328329,-0.05176384697490926,-0.6053375429327934,-0.39777745514758406,0.0,0.0,0.0
1.68,0.009286461798145353,0.044663687009869016,9.858634352428354,0.21308445314735236,0.8461848856891002,0.22548882021623587,0.0,0.0,0.0
1.682,0.005818953347185445,-0.017861803692092677,9.802816346558087,0.06664178664376272,0.22708458321488736,0.8120282976481111,0.0,0.0,0.0
1.684,0.0010082262542217902,0.021709456118471665,9.807112113503415,-0.013061554489193423,0.008318517417814038,-0.28575480617301385,0.0,0.0,0.0
1.686,-0.07231414313897046,0.03392412510491308,9.852531611800746,-0.3201926721641591,0.25232031623870205,0.07367648494515291,0.0,0.0,0.0
1.688,-0.022533449938864813,0.0610590520487331,9.765177820315326,0.3803488736938733,0.4998009811635341,0.39409376756404074,0.0,0.0,0.0
1.69,0.03482178544981049,-0.01484025650940202,9.810322047078126,-0.08454286258007726,0.07977941023865072,0.07799642823228332,0.0,0.0,0.0
1.692,-0.0459678386869334,0.036268379861472494,9.803630529937923,0.7590862071713337,0.7984209934602243,-0.4430622977325505,0.0,0.0,0.0
1.694,-0.03967708792632029,0.001967101941586558,9.785029072605603,0.09031678007957762,-0.43568861844198825,-0.252254568035273,0.0,0.0,0.0
1.696,0.006967948210484622,-0.0281672880056538,9.755555586356623,-0.45841210930983334,-0.6264147281166298,-0.35735474806548145,0.0,0.0,0.0
1.698,0.038718438294510986,0.0385295572182048,9.836253476081014,0.20160167845848645,-0.7642374216080456,0.22053171356801513,0.0,0.0,0.0
1.7,0.052310820067498785,-0.021360922845310194,9.773265344811964,0.03117374720521144,0.8441331872223821,0.589710337925784,0.0,0.0,0.0
1.702,0.014881806880301057,0.07793495138189656,9.834976424662807,-0.3188626468391394,0.8232454183731749,-0.06963394645107909,0.0,0.0,0.0
1.704,0.030309590499255683,0.04766839710197355,9.806229648007347,-0.0345203660593781,0.7573423263756358,0.3982052076598805,0.0,0.0,0.0
1.706,0.03788813217789494,0.009587162604446652,9.794712536816782,0.1249550288823041,-0.2660666869256721,-0.08429749467557404,0.0,0.0,0.0
1.708,-0.07422103193184902,0.026886537936250968,9.788360640439935,-0.4954845563476304,-0.2657304831659781,-0.3329779315466435,0.0,0.0,0.0
1.71,0.0159007473135277,-0.024260969111189776,9.798544496688834,-0.11040346833830404,0.43926951630032934,-0.9600792797546766,0.0,0.0,0.0
1.712,-0.0027003903400348167,-0.01411675020330956,9.804406911021394,-0.11829016169680572,0.1606045525905984,-0.09436822910555,0.0,0.0,0.0
1.714,0.03279760886637026,-0.0019569207845377794,9.784130543183917,0.19847469254357555,0.46968865352859596,-0.5621919148317417,0.0,0.0,0.0
1.716,-0.0002506988596045738,-0.01982950044019169,9.806868544609037,-0.47154676860239864,0.4556748209058819,0.5049839212771398,0.0,0.0,0.0
1.718,-0.0008544712183715225,-0.009460595620109978,9.827343700581748,-0.39866549375766025,-0.632325352022328,-0.06521202257277989,0.0,0.0,0.0
1.72,-0.05833020037623695,0.01992309111079078,9.821738149179078,-0.07638914185174625,0.1678683844472127,0.17119033297967295,0.0,0.0,0.0
1.722,-0.0005930411286214747,-0.006198993066268524,9.790642667432897,0.06709608905064171,-0.520675141889883,0.7714339321237583,0.0,0.0,0.0
1.724,-0.06463541404529434,-0.024169159217956024,9.860154578571823,-0.1912668765041393,0.3602510690510828,-0.15515028784021442,0.0,0.0,0.0
1.726,0.01877917282601687,-0.028153182054959414,9.815079629521046,-0.181298964871757,-0.1921498886697625,-0.17636535783442045,0.0,0.0,0.0
1.728,0.049052443845753926,-0.0003910666845435902,9.829664535825096,0.1679000763220505,0.03227952112575266,0.05673196504424645,0.0,0.0,0.0
1.73,-0.0035198722208551287,-0.002707677566998644,9.846343014490154,0.012006978333438681,0.45983338290269327,-0.14543527688585925,0.0,0.0,0.0
1.732,0.04204370562374683,-0.025120452500991205,9.833789232764005,-0.33805088042384884,0.6940524629183932,-0.25678132564911393,0.0,0.0,0.0
1.734,0.05284797311934052,0.005890098367864745,9.770496701583722,1.2337766280654967,-0.24063792103990453,-0.9393454037269057,0.0,0.0,0.0
1.736,0.035713788959518024,-0.0009205656426941892,9.798578791522532,-0.13242760222170538,0.38103877563108557,0.7908751444304766,0.0,0.0,0.0
1.738,-0.017522595617906797,-0.020316820322049112,9.763788810403687,-0.1085676832140162,0.08378672104127469,0.41220115476710284,0.0,0.0,0.0
1.74,-0.05755999209701889,0.03721293096210905,9.827037344938951,0.5621901161137435,-0.6176195769690568,-0.4684281588894351,0.0,0.0,0.0
1.742,-0.008873672891058225,-0.05521214924386724,9.799248592446865,-0.26661959957376624,-0.03466968508387568,0.16894174184881666,0.0,0.0,0.0
1.744,0.009776059316366261,-0.05590447793159996,9.797144051785995,-0.2592577314359185,0.08252054074181284,-0.5637592255216303,0.0,0.0,0.0
1.746,0.012217540261410264,0.008922878114515791,9.854351987994116,0.31130965570638364,-0.16226018655105723,0.05748549135405499,0.0,0.0,0.0
1.748,-0.07716624618496111,0.054859914294031135,9.74776415296382,-0.6879051890073933,-1.455142962335243,0.6935556236853139,0.0,0.0,0.0
1.75,-0.0065607089978164945,-0.057461929956504953,9.841634117469855,-0.4050967923497074,0.3308066238816837,-0.11640151088343226,0.0,0.0,0.0
1.752,0.01791867169863239,-0.011842745512429137,9.794767563000935,0.7964712261555319,-0.16417897567161138,-0.00321343631768212,0.0,0.0,0.0
1.754,0.018235314306701413,-0.02224093991331043,9.83131109615643,-0.04359937169013553,0.17675743605307462,-0.06246006164073609,0.0,0.0,0.0
1.756,-0.007149441528499946,-0.0648047721176575,9.829260350695675,0.37896955701515994,-0.043425113164889284,-0.8014730724054758,0.0,0.0,0.0
1.758,-0.04862162268282838,-0.014643368249592949,9.76794716432545,0.8044824563790252,-0.22724270777399128,-0.01740030637472016,0.0,0.0,0.0
1.76,0.016268242171748944,0.00699916699081256,9.794468330972277,0.6629183866673872,0.16736587832840097,0.08429791445783637,0.0,0.0,0.0
1.762,0.016541462094657903,0.011651355330759994,9.782292391817244,0.3983556719807219,0.6326182857059358,-0.1994661360591455,0.0,0.0,0.0
1.764,0.0164879695429749,0.010753611677515285,9.806736154768025,0.26314848463216817,-0.44891716546947047,-1.203970523887351,0.0,0.0,0.0
1.766,0.01435966933799677,-0.05329273988702781,9.756020624625876,-0.36688299164881577,-0.573378845072802,-0.4927171722932432,0.0,0.0,0.0
1.768,0.0015527950775870002,0.0013721748366087607,9.814851695634106,0.39379654881839915,0.19201681994190328,-0.04938102720972829,0.0,0.0,0.0
1.77,0.05265005755743631,-0.03040917530935797,9.76266907642771,0.9689499162560772,0.005426679567007547,-0.17576857923218753,0.0,0.0,0.0
1.772,-0.01106243197467191,0.008149656858653263,9.835361307743092,0.8656108510860763,0.19816622796507305,-0.21937765937348,0.0,0.0,0.0
1.774,0.04205150125431082,0.025289913313419055,9.837023886834187,0.09322962800516386,0.6576774790744208,0.0004954562761323137,0.0,0.0,0.0
1.776,0.0019032790271366826,-0.016254299983799538,9.795817547049905,-0.5155415365481891,0.17710415019553108,-0.5918277321888389,0.0,0.0,0.0
1.778,0.013026443113848117,-0.05057418993418131,9.824383891906194,-0.18127422715968822,0.4115888278758564,0.8414811005797036,0.0,0.0,0.0
1.78,0.01713111963029677,-0.019931415244426782,9.783011024866028,0.13610168671116696,-0.8668375942367408,0.09467396358606694,0.0,0.0,0.0
1.782,0.018248870839748303,-0.00021106117323221594,9.779761997867805,0.6404982746898026,0.5441304242477926,0.5728977798601603,0.0,0.0,0.0
1.784,0.0027673148986083096,0.022580913596476956,9.815647397032746,-0.5267780036140609,-0.7381031205577561,0.06809945948958218,0.0,0.0,0.0
1.786,0.023863906370262727,-0.016737601934654987,9.818993704716524,-0.07813629842209426,0.19987198654718769,0.046638350623517684,0.0,0.0,0.0
1.788,0.017422368465532342,0.01656667708556541,9.80340497963055,-0.7012665163092281,-0.24463146907848987,-0.4628728658602737,0.0,0.0,0.0
1.79,0.0023919051402428657,0.05277939261396852,9.828655412206876,-0.1744688851182959,0.1621907590109962,0.7543421080369795,0.0,0.0,0.0
1.792,0.00594198073095522,-0.020148468098883387,9.77485589196786,-0.15316980976886443,-0.6469946896411284,-1.030987992836284,0.0,0.0,0.0
1.794,0.01477284985040229,0.04735769120008175,9.80164676362601,0.30814224334025747,0.34615421602225244,-0.8492010016199717,0.0,0.0,0.0
1.796,0.010607379023855178,-0.00945566955969744,9.742044885152755,-1.051851257643037,0.001553937565389415,-0.2577946333706361,0.0,0.0,0.0
1.798,-0.002285372405203952,-0.023595719841326995,9.781786811536486,0.008681834291737012,-0.5251381589156333,0.3987947423785905,0.0,0.0,0.0
1.8,0.0022842624813985855,-0.014407041672591984,9.813947143162736,-0.4077831422289911,0.9303037649064855,0.9045180147122205,0.0,0.0,0.0
1.802,0.01201202950573934,0.009345957422213206,9.830028540627747,1.6041844821685791,-0.03844730561653201,-0.10722511657341988,0.0,0.0,0.0
1.804,-0.026658063774517203,-0.012141161012547155,9.820381964738326,-1.3913955722895133,-0.8658992948556731,-0.3995834360196292,0.0,0.0,0.0
1.806,-0.013392486629636664,0.013216427274305028,9.83462311649488,0.09810860853091695,0.17146974321138908,0.21738309583080906,0.0,0.0,0.0
1.808,0.018078275510695487,-0.01565827608511312,9.789440828207987,-0.05481021778006376,0.19793628893791324,-0.2547917524028082,0.0,0.0,0.0
1.81,0.025046295230177696,-0.010324639746837656,9.824354450628183,0.3545106963331439,0.28858148449045207,-0.43877957262988787,0.0,0.0,0.0
1.812,-0.024914745916869728,0.03790769758410062,9.777475696129983,0.4565181765187063,-0.5068316864779232,0.8530972651959731,0.0,0.0,0.0
1.814,0.03214297362735824,-0.050495644657069995,9.823995776630433,-0.19662203445398865,0.9944324492428643,-0.2741135104479541,0.0,0.0,0.0
1.816,0.02408838808093515,0.0228474988780911,9.824745256551575,0.24050057874307598,-0.6912648364457458,1.1847244965154105,0.0,0.0,0.0
1.818,-0.002295288986361622,0.0072621875676658594,9.838735623733731,-0.13137053201210377,-0.4579032427286179,1.0299135718554508,0.0,0.0,0.0
1.82,-0.012171665317027926,-0.00843001741201064,9.771856038959843,-0.7270773696248434,0.24536319120963226,-0.0725530130934207,0.0,0.0,0.0
1.822,-0.008690048969682422,-0.0014900261432737002,9.802955926669007,-0.49418932492844847,-0.7283243967834075,-0.20926053861619845,0.0,0.0,0.0
1.824,0.04019860052121781,-0.03766507782929264,9.78678959222583,0.5064505732380832,0.04917804279782359,-0.30996461893499333,0.0,0.0,0.0
1.826,0.036781649832324674,-0.023611131711516648,9.809153816027516,-0.585534598661142,-0.2562788460346906,0.04816825126285162,0.0,0.0,0.0
1.828,0.02246940827802083,0.03536510789486209,9.803875000043444,0.4675131108500395,0.04884643936251707,0.3126884396460882,0.0,0.0,0.0
1.83,0.04100870791270368,-0.003421778236935732,9.838555690438344,-0.3875906634486693,-0.023761867134948798,0.05292530889029887,0.0,0.0,0.0
1.832,-0.03453638955469705,-0.06479267609084181,9.83590869697937,0.02021031163539044,0.39339968917025697,-0.18430406916509437,0.0,0.0,0.0
1.834,0.005094885214765123,-0.007403890672348324,9.745595296267181,0.009478847699317696,-0.2503932035020351,0.20055807620425753,0.0,0.0,0.0
1.836,-0.009436456177239403,-0.001355923556943461,9.818510453389262,0.216058793980445,0.38458377508102987,-0.5778205307760449,0.0,0.0,0.0
1.838,0.022079593532455873,-0.005621749166858933,9.765218154136997,0.725732397951283,-0.07611614179303548,-0.6706607904626687,0.0,0.0,0.0
1.84,0.005748175130686451,0.042403920466923456,9.836089242413978,0.557838217168051,-0.33458675105007535,1.0226528634170164,0.0,0.0,0.0
1.842,0.00781730135540251,0.06523754598281581,9.82655573107757,0.504491654160021,0.0692472736475534,0.46986662776811977,0.0,0.0,0.0
1.844,0.0031071740497790067,0.018919832895311926,9.806507213988848,-0.1684843294424203,-0.24813717322837772,0.5773596767449948,0.0,0.0,0.0
1.846,-0.008820979063136895,-0.008698068833155196,9.81734581960275,-0.22685521747498508,-0.2095431424323549,-0.09920693758086889,0.0,0.0,0.0
1.848,-0.012556214044732028,-0.00014225856352924034,9.778213497964233,0.3856125816356786,-0.18641802612411792,0.3490703112982698,0.0,0.0,0.0
1.85,-0.003929563281359887,0.03385367462530697,9.790608991461916,0.2765733921099142,-0.10820373983822469,0.13157789973549905,0.0,0.0,0.0
1.852,0.044645186079406554,0.0055469201103761885,9.860851017952738,0.8910021454700792,0.27416649740022875,-0.3959032470756801,0.0,0.0,0.0
1.854,-0.03534846124782517,-0.035948969959443605,9.78746592229271,1.0139973904649102,-0.23903146603984896,-0.8436187251725611,0.0,0.0,0.0
1.856,-0.005769904626693281,0.020001347512975855,9.79958896672242,0.5194136463046566,0.3673258323143032,-0.032445355191129524,0.0,0.0,0.0
1.858,0.020479719666261578,-0.019931200213734714,9.783978721081933,-0.1574838422869212,-0.9279687376691131,0.2518670066593085,0.0,0.0,0.0
1.86,-0.023770530161485056,-0.013521007709386745,9.755271151937496,-0.36225006872716065,-0.02637528443901935,1.27466159491918,0.0,0.0,0.0
1.862,-0.01840813643401623,0.014028894548424245,9.84273049764819,-0.29024373419840493,0.48952190346627944,-0.3131367765377179,0.0,0.0,0.0
1.864,0.0032335501670422285,-0.033348086349367465,9.802405462932336,-0.8018620383885682,-0.6295556381434063,0.06115459079941533,0.0,0.0,0.0
1.866,0.011750184834475605,-0.06260386993152811,9.82015280165828,-1.2125458488617926,-0.5445080104625116,-0.346591752771821,0.0,0.0,0.0
1.868,-0.0005365965384235877,0.007845551567580948,9.806127803842868,0.014131525893992091,0.8841599810825901,-0.5857511849742225,0.0,0.0,0.0
1.87,-0.001425637068282237,0.033886333133646473,9.797886999170098,-1.2166204348579701,-0.1452867734882779,1.477719473697791,0.0,0.0,0.0
1.872,-0.010860312939088802,0.03637735290907536,9.808075942988465,-0.11694230733291637,0.48536603175022364,0.10970228226013218,0.0,0.0,0.0
1.874,0.004851338806049167,-0.033363984403683815,9.848416564096096,0.693978503274616,0.03928894383504007,-0.058505960008738526,0.0,0.0,0.0
1.876,0.01423207651037884,-0.012312013075487863,9.821516409463563,-0.05376483936689102,0.32915966456258394,-0.12319592733171521,0.0,0.0,0.0
1.878,-0.04830974738666549,-0.005919809314875301,9.81243716579087,-0.6762447619689037,-0.26347239021479263,-0.2503520797422123,0.0,0.0,0.0
1.88,-0.02580586922356649,0.06919441970689658,9.840788036177782,0.20798384842758091,0.5309587670604221,-0.3933988174620229,0.0,0.0,0.0
1.882,0.00744234884366237,-0.0542484459276582,9.817180942145894,-0.566146252266969,0.8184532050454266,-0.195179416392605,0.0,0.0,0.0
1.884,0.017427272024653655,-0.020365076871827592,9.846097471848713,0.23496214894441592,0.852824049237548,-0.4143597918895616,0.0,0.0,0.0
1.886,-0.013976861032322667,-0.01233812685656029,9.829495563835831,-0.21830449607058725,-0.29277204722864586,0.2917183343598493,0.0,0.0,0.0
1.888,-0.024278362254069125,-0.047000603801361604,9.842896500086637,-0.010488552182257894,-0.22799588564424794,0.008409148910389068,0.0,0.0,0.0
1.89,-0.0014185724957775016,0.05610077154536548,9.803678187749172,-0.175771035445933,0.735590079055991,0.5503487018391738,0.0,0.0,0.0
1.892,0.060908684893044955,-0.039725999501787373,9.80577271796947,-1.1958120644581416,0.1273844262056228,0.891135132078876,0.0,0.0,0.0
1.894,0.008651166157414082,-0.03837565385426337,9.831923555274082,-0.5167721162255382,-0.2545329652792487,0.26351770137835145,0.0,0.0,0.0
1.896,-0.012922057762105919,-0.026340957610450435,9.82365524378074,0.3394124789731088,-0.08014687356543868,0.17872525275958276,0.0,0.0,0.0
1.898,-0.04450166811495312,0.018021347784193068,9.80329002832656,-0.1928461232639314,-0.3952480093681957,-0.8749446253019869,0.0,0.0,0.0
1.9,0.007893993854060893,0.013257649392271732,9.78410109140318,0.11550622936420422,-0.8747423363022644,-0.612817045945611,0.0,0.0,0.0
1.902,-0.023343894935714246,0.006146939795875772,9.759809612171505,0.042264398925213165,-0.2044989368595738,-1.2955745007478838,0.0,0.0,0.0
1.904,-0.00873933823427098,0.026430325284805663,9.822181887694514,-0.15281927851709268,0.36722362115253476,0.1725993501750046,0.0,0.0,0.0
1.906,0.01960779041674965,0.008396095058040207,9.809284999881642,0.09780709670886441,0.43522890177893786,0.07806743710140585,0.0,0.0,0.0
1.908,0.06715368307004822,-0.01916341640843172,9.839061270843288,-0.6927971542449415,0.5624398741694464,-0.038447080855935005,0.0,0.0,0.0
1.91,0.054114688666731234,0.024138767225916458,9.791801703062164,0.012128236835074377,0.33420560909167635,0.7169687805969137,0.0,0.0,0.0
1.912,0.058909491783027984,-0.04494919446387835,9.794475704322283,0.6442639914419919,0.4199212624442795,0.41993088390315003,0.0,0.0,0.0
1.914,0.0020026962877946588,0.018270497558428023,9.810042019654862,-0.3972640736053692,-0.668553442134066,-0.5616828467158369,0.0,0.0,0.0
1.916,-0.07225812566760016,-0.014637546560352325,9.81392584983981,0.0437783024659201,-1.1469812925644982,-0.08398022254035864,0.0,0.0,0.0
1.918,-0.001720713414500292,-0.02985632044723311,9.768008036924389,-0.11284873806357695,0.47164637408552823,0.6960534558350409,0.0,0.0,0.0
1.92,-0.00871443612922354,0.016494966815975152,9.791456767526745,0.889209777457011,0.33254961176076975,-0.5788636577859663,0.0,0.0,0.0
1.922,-0.004409940807739521,-0.01457326129842053,9.87327202081418,0.10487463022999173,0.3137872011103657,-0.060085511334003305,0.0,0.0,0.0
1.924,-0.007038699152462357,-0.008299355830112307,9.86168803279401,-0.4099058282620956,-0.7575375065927512,0.7167734938790405,0.0,0.0,0.0
1.926,-0.0027571828497680523,-0.01339848626106208,9.84170636189576,-0.497606409228546,-0.47904873213781324,-0.03766797950428267,0.0,0.0,0.0
1.928,-0.015040761641492687,0.02306748728317872,9.878365647072734,-0.17285916526463393,0.3951319085074733,0.05529402943973885,0.0,0.0,0.0
1.93,0.03305935868225361,0.006782276439858333,9.830591784511242,0.036996317760010174,-0.006219638292607229,0.3448074753219311,0.0,0.0,0.0
1.932,0.0171014607166966,0.0033920483347217984,9.834226212439283,0.308728126412315,0.4546426756435622,0.26655556178565654,0.0,0.0,0.0
1.934,-0.021481816038944966,0.01859817347707169,9.819385230202236,-0.5811314436584644,0.13296124341283302,-0.18577877292601086,0.0,0.0,0.0
1.936,0.02101456667581,-0.03229542966237175,9.818101605208957,0.30888362006774234,-0.31841846801424273,-0.4654048547032906,0.0,0.0,0.0
1.938,0.0371939147027666,0.02740624464810998,9.868791597295115,0.06125367649385947,-0.22702233998381313,0.09818849107796372,0.0,0.0,0.0
1.94,0.025060382210591727,0.0038408153131101537,9.801985281890842,0.22189298270370889,0.6821699621562599,-0.21257218508616835,0.0,0.0,0.0
1.942,0.015837331506566917,-0.009730537258948053,9.820071230305864,0.5447975665068223,0.5138440440883613,-0.17645377850415034,0.0,0.0,0.0
1.944,-0.015902094595633517,0.0019174277028368432,9.78191814422596,0.5366939142878826,-0.09341571339558341,0.09164236216507192,0.0,0.0,0.0
1.946,0.012859805565866375,-0.007898379826356576,9.841357214082661,-0.25640655659530454,0.010960503397967404,0.2365407150812247,0.0,0.0,0.0
1.948,0.024790836923675782,0.026572945796730193,9.798244686696997,-0.41639833414313887,-0.9841204515469596,0.06983194427737142,0.0,0.0,0.0
1.95,-0.05169299603981458,0.0023269824239471695,9.770376040673824,-0.17044998656297486,-0.1315913298320886,0.010857966500293914,0.0,0.0,0.0
1.952,0.0016128380126018411,-0.01554695589166406,9.804319295269467,0.039050777360862966,-0.4709736461920203,0.020602383690151525,0.0,0.0,0.0
1.954,-0.04586676455909521,0.06445977772291736,9.774165543714966,0.1603673328921327,-0.5108056660965065,0.015382321392742513,0.0,0.0,0.0
1.956,0.0028874353700107814,-0.04043625788437159,9.775848048468514,0.05471654843506373,0.08466968121526793,0.26405399930323514,0.0,0.0,0.0
1.958,-0.015084777204213059,-0.0011187106950791028,9.810429303362895,0.21778757545727082,0.04616606204089976,-0.14254734297042354,0.0,0.0,0.0
1.96,0.038284392804735806,-0.004995690027990419,9.7973085755036,-0.9651820813133211,0.06231788270233526,-0.13461817980793192,0.0,0.0,0.0
1.962,0.008083885621384635,-0.010055009872787082,9.807308944019592,-0.056622339291169894,-0.7129440169287381,0.010243420043909775,0.0,0.0,0.0
1.964,-0.01674896807530291,0.030155082457277355,9.784417986689512,1.1517717319580392,0.00422926393800534,-0.22788284367916914,0.0,0.0,0.0
1.966,-0.029907076934358155,0.03128274301915303,9.790044334368737,-0.6954139101863479,-0.8045994709024831,0.23013258082296922,0.0,0.0,0.0
1.968,0.023819309536428843,4.3495922829658484e-05,9.801747449746506,-0.45926500689578065,0.15332433217502872,0.40485871028172987,0.0,0.0,0.0
1.97,0.004052384636300049,-0.05745677220575175,9.810299939097094,1.3626691828641975,-0.3090932798802777,-0.9405882804448557,0.0,0.0,0.0
1.972,-0.023271089998097703,0.022865394572232238,9.813980724525399,-0.7729826832426853,-0.6005827537726899,0.6615684963253086,0.0,0.0,0.0
1.974,-0.017590618049937466,-0.01584658105130845,9.844656870764473,-0.6355698585519257,0.27755570637573734,0.9020285166651021,0.0,0.0,0.0
1.976,0.018034624926120735,-0.03329441635293311,9.80797755733881,0.0570628625568526,-0.21272509442565055,-0.31007080063439585,0.0,0.0,0.0
1.978,0.06255099558444605,0.0016937620180876392,9.77930211355657,-0.3323225192473482,-0.2247708204504398,-0.0008375816350000857,0.0,0.0,0.0
1.98,-0.015237297848934354,0.003363695034750551,9.764338437033123,1.3240368253928954,0.6562677229271182,0.12906714507540915,0.0,0.0,0.0
1.982,0.01603296521670752,0.07420367849937233,9.853678832685258,0.5566318936119417,-0.3412927399390407,-0.4194931527829763,0.0,0.0,0.0
1.984,-0.050730613323974494,-0.032786877817335344,9.790675006445358,-0.42199987717346027,1.0813305470177264,-0.781480809910186,0.0,0.0,0.0
1.986,-0.03788250104396602,-0.0085780322792688,9.745599566988503,0.10111151303876677,0.1570921823885958,-0.10004726350637536,0.0,0.0,0.0
1.988,0.0030823198673841797,0.005280874587339368,9.808606443825315,-1.0094532774134397,-1.4843956547873578,0.3719221245894676,0.0,0.0,0.0
1.99,0.01793763947469669,-0.03532659147123321,9.796404813715533,-0.4344557482042773,-0.2898666570736547,0.26323040967473527,0.0,0.0,0.0
1.992,0.03687233830014671,0.0022610365947029103,9.827148158432369,-0.30601838191005465,0.16562281633400788,1.1889793343815633,0.0,0.0,0.0
1.994,0.039546588890131566,-0.015373385190576419,9.830055813426927,0.60566616427021,0.01718807225376226,0.43294746989324556,0.0,0.0,0.0
1.996,0.0024371563077931827,0.020495962871920254,9.815307081902617,-0.183481518872817,0.7531937010450521,-0.15561468213437527,0.0,0.0,0.0
1.998,-0.03221676890638045,-0.034702952820818346,9.798371292872336,-0.4592580257196392,-0.1478610615418116,0.10615270494730902,0.0,0.0,0.0
2.0,0.01863996235373826,0.06778234140537831,9.818316023428455,-0.12621600134220395,0.9238352685988735,0.13939784119101395,0.0,0.0,0.0
2.002,0.03091658023868224,-0.007651670093404307,9.777866490756923,-0.16916354626437888,-0.01986786889473084,0.22726569929771606,0.0,0.0,0.0
2.004,0.04463065894558395,-0.034425982044834505,9.875392554774779,0.330392089414244,-0.011239640683479058,-0.05069931192907372,0.0,0.0,0.0
2.006,-0.0014953355430236822,-0.0030909194150108054,9.832484314250284,0.5589553653213032,-0.4220098347695656,0.43124958052567325,0.0,0.0,0.0
2.008,-0.038740122719458724,0.023239991343962478,9.762550417874724,0.1587777814255215,-0.6887310937908132,0.7437663926209728,0.0,0.0,0.0
2.01,-0.002701499270598046,-0.01026356933851057,9.793639230296117,-0.5021127750217871,-0.7397398063467886,-0.8571811732259162,0.0,0.0,0.0
2.012,0.04480213302970827,-0.018021275371579697,9.79041658825247,0.13825663161431018,0.1181833102553562,-0.07626100213558538,0.0,0.0,0.0
2.014,-0.008939877893438352,0.041205217255427085,9.804733389863118,-0.5167838040781109,0.29920335688712535,-0.4462284095959157,0.0,0.0,0.0
2.016,0.05620612686066495,0.027105479368159786,9.820178747379579,0.20682593232229535,-0.2903863113361343,0.22502030555774843,0.0,0.0,0.0
2.018,-0.031487459288400535,0.08188233946469559,9.755725084402725,-0.23920020916733084,-0.20992859099004396,0.10208894190827314,0.0,0.0,0.0
2.02,0.015870887684051628,-0.005321338596005725,9.788106935162224,0.23833789813976397,0.09955241723349803,-0.15438454160197096,0.0,0.0,0.0
2.022,-0.002163370568815313,0.0075766875120458314,9.809990895882994,0.07619191283090303,-0.2705382807329256,0.10071723825788192,0.0,0.0,0.0
2.024,0.012958040802333745,0.037091674456688054,9.81721247632096,0.742432202118875,-0.04095556175310166,-0.5143247846506532,0.0,0.0,0.0
2.026,0.04595785506434226,-0.021577430206077507,9.823124953905953,-0.20621114912238653,0.09031863713769431,0.8781126339558992,0.0,0.0,0.0
2.028,0.0231014204796685,0.06821833378998299,9.791977733710587,-0.7767166652592332,0.20958615979564385,0.18683329998823917,0.0,0.0,0.0
2.03,-0.04177131479934405,0.028257661092996034,9.824982411688021,-0.04803001065769246,-0.2275750485673798,-0.041025249612632375,0.0,0.0,0.0
2.032,-0.02523813862276019,-0.005082481711308709,9.845385166083778,-0.18652904181892044,1.1514839810494943,-0.6784729414121524,0.0,0.0,0.0
2.0340000000000003,-0.025476395978250337,-0.04527453226172039,9.794150788972699,0.022539603649232253,0.0520677822827587,0.5658726598195246,0.0,0.0,0.0
2.036,0.01324860925721105,0.008782316155713845,9.82327693706714,0.9845574008880495,-0.2231464527570159,1.119752199217139,0.0,0.0,0.0
2.0380000000000003,0.02167414485866773,-0.0007352072909583453,9.816188543400802,-0.09537873023532367,0.5970539862435542,0.8181966950556648,0.0,0.0,0.0
2.04,-0.020415127637564024,0.029675619485261998,9.7769612445476,0.7598068757031843,-0.47160135994716734,0.09830872650208611,0.0,0.0,0.0
2.0420000000000003,-0.025237942029797948,-0.03275305388412379,9.857062875253796,0.40918275746644434,0.1516673742477756,-0.31745363832392626,0.0,0.0,0.0
2.044,-0.051980483706246736,0.0652872189512208,9.901096575963566,-0.0068432045521215085,-0.10726717104655571,-0.2308455007779971,0.0,0.0,0.0
2.0460000000000003,-0.013790788681380057,0.032328988670634065,9.810178818058558,-0.1616689033839499,-0.07355384553565432,0.4323655975047539,0.0,0.0,0.0
2.048,-0.014352616653875843,-0.013917654163691145,9.85771760814705,0.06691034514662787,0.3749845725540543,-0.10836715336936484,0.0,0.0,0.0
2.05,-0.016490674570677214,0.00687773913170924,9.822057803976383,0.7011257976549725,0.3691906474247733,0.1274433072129382,0.0,0.0,0.0
2.052,-0.02985451023457177,-0.017939458000515187,9.83304672998429,0.3736533610681765,-1.0410242768588387,-0.1766655153487324,0.0,0.0,0.0
2.054,0.031133794366314315,-0.02644289653858765,9.892432518230773,0.0840491414028887,0.3363860889689834,0.06431224270908281,0.0,0.0,0.0
2.056,-0.020785292560029384,-0.03593070424579159,9.854230500658261,0.45821853740814183,-0.182098904369405,0.17639562329423117,0.0,0.0,0.0
2.058,-0.032156512190228304,-0.04550182362992156,9.863158375318967,-0.5745477257231206,0.3100650944908798,-0.33107550743455205,0.0,0.0,0.0
2.06,0.05100920438885237,-0.05254169747486432,9.862598363596799,0.5628302348523795,0.4759071522927222,0.11890174616597826,0.0,0.0,0.0
2.062,0.04058657188170321,-0.030295085040806927,9.911604950448258,0.1326381693707646,-0.27633262278308623,-0.7145246382617538,0.0,0.0,0.0
2.064,-0.027703860712122993,-0.057038725715681096,9.92200495705657,0.33951981003015363,-0.34967299987628464,0.5607038458573743,0.0,0.0,0.0
2.066,0.0008024807595362241,0.03465909699418219,9.982365557451145,-0.2536943351459449,0.40865615019872004,0.39182933034311007,0.0,0.0,0.0
2.068,0.015651389955601034,0.02447121874544145,10.020946073820195,0.20784588455910938,0.6268926888156275,0.45085391173799466,0.0,0.0,0.0
2.07,-0.026142878984575808,0.05131551242430069,9.979706205337216,-0.4929395053031706,-0.1276350340157009,-0.10682029897602024,0.0,0.0,0.0
2.072,0.018780087532440596,-0.00876946424105638,10.05828136173869,-0.6725207283648922,0.3138252674114683,0.39770232869912514,0.0,0.0,0.0
2.074,-0.03581767985474299,0.04242357949632082,10.059041074268047,-0.30123426069230563,-0.6143361239596059,-0.7495236991850618,0.0,0.0,0.0
2.076,0.02729318953608759,0.023654739218682108,10.095926938595616,0.7846221358215186,-0.13897512358259842,0.24163232688399472,0.0,0.0,0.0
2.078,-0.024261821406193426,0.0037299625695027118,10.05806211336657,1.05258242281905,-0.6096946508531612,0.14042557523070087,0.0,0.0,0.0
2.08,0.004193988881423287,-0.045328579175813274,10.077992137790476,-0.05544503430083091,0.36812707136704614,0.8014498740920981,0.0,0.0,0.0
2.082,-0.016414251305121804,0.0038427428275165077,10.143791575502691,0.04045827549953136,-0.562436906039322,-0.6968885872369973,0.0,0.0,0.0
2.084,0.04196613497933919,0.0075227831627303655,10.146782544758041,0.25185546215448384,-0.14696929149890905,-0.15611982253527035,0.0,0.0,0.0
2.086,-0.001276387272807663,-0.045509965731959444,10.159188658448375,0.4133286325444415,-0.14156947491771882,-0.3952702936030006,0.0,0.0,0.0
2.088,-0.03470594506330311,-0.018355875549618726,10.1824095671366,-0.22895604487388269,0.10391959484979363,-0.3026728145874356,0.0,0.0,0.0
2.09,0.025197437811785878,-0.020205667846193775,10.199021404865213,0.5932667959790785,-0.5036236469650197,-0.3173339425074264,0.0,0.0,0.0
2.092,0.06688921235268398,0.018452913637005623,10.235039230662052,-0.4959108463854817,0.3313362234458648,0.7857053490571578,0.0,0.0,0.0
2.094,-0.01183855821327258,0.043922854210627776,10.296069751070018,0.15210181943860845,-0.4113936207227548,0.2880626281156081,0.0,0.0,0.0
2.096,0.0706613861010609,-0.01636479820273988,10.276605187046094,0.2403901663449182,0.151955804143761,-0.01132995034141853,0.0,0.0,0.0
2.098,-0.03326537757036513,-0.005723240513459795,10.3236319008353,0.6330331604668253,0.3136459665501056,0.719043929580037,0.0,0.0,0.0
2.1,-0.04559720319726906,-0.002564687243774759,10.337050937495642,-0.1325016087507082,-0.29716821979238567,-0.36904131361392345,0.0,0.0,0.0
2.102,0.07098144367174895,-0.012573264532888935,10.385581704971324,0.33737417328971975,-0.05592795911996473,0.2574298795657483,0.0,0.0,0.0
2.104,-0.04639110368570091,0.031159945259180696,10.363533127943056,0.4043341044647743,0.15569483791957173,0.48763387670667063,0.0,0.0,0.0
2.106,0.010644282933362857,-0.01919675236825819,10.368054910093397,-0.4380701024907117,-0.6476438154987436,0.14852027721920513,0.0,0.0,0.0
2.108,-0.048674538767896396,0.05538261718985553,10.431471769092216,-0.576503943548494,-0.19591611068193976,-0.6282964058599972,0.0,0.0,0.0
2.11,-0.004892004477731318,-0.035817165104297485,10.493409103906595,-0.6600631986511548,0.0004117598270201568,0.04675882436504089,0.0,0.0,0.0
2.112,-0.03499807360708368,-0.01522031278358377,10.428832225529803,0.24278693078250196,0.8251185314986506,0.9123544465532382,0.0,0.0,0.0
2.114,-0.03269366432179143,-0.049812574603980336,10.490885153494245,0.2429863007070186,0.34171503781263446,-0.13517330097377855,0.0,0.0,0.0
2.116,0.017168461048911073,0.026085099218332873,10.42276633249745,-0.2657212162279006,0.6269451665144958,0.85262028252464,0.0,0.0,0.0
2.118,-0.024700272819941967,0.018394994613991255,10.42334736788116,0.6065425974879006,0.1579959809172497,-0.6849933853405963,0.0,0.0,0.0
2.12,0.006006619743181947,-0.0062915524279476475,10.346256781002806,-0.005516129532540071,0.234255524502359,-0.42451553161049094,0.0,0.0,0.0
2.122,0.021721011255844,-0.04713287302530912,10.361212921207645,-0.13559809418218774,-0.10056220522382407,-0.18491766406522706,0.0,0.0,0.0
2.124,0.015218875383782065,0.021008107481535063,10.333585135646528,0.20555482399889008,1.244783172539824,-0.4680930873922142,0.0,0.0,0.0
2.126,0.010137386359198695,-0.019370793031279893,10.351045576545358,0.42465376391385884,0.35093366882032906,0.41517595135927493,0.0,0.0,0.0
2.128,0.01026929600734224,0.03378761693257378,10.362582535002145,-0.5494502133382975,-0.9095907097680387,0.693652681375344,0.0,0.0,0.0
2.13,-0.04201270616421261,0.013160424586163452,10.350785733875918,-0.0729775129559742,0.8553602080695129,-0.04814775603959645,0.0,0.0,0.0
2.132,-0.02198509134346298,0.004955658664122552,10.261905474584154,-1.321555400063934,0.4067016386440159,0.40054226450802377,0.0,0.0,0.0
2.134,-0.007579907668984644,0.024118779552991392,10.286098177031361,-0.1965187784884346,-0.031152491273554583,0.335257006073599,0.0,0.0,0.0
2.136,0.019022745614708726,0.0021642747279478868,10.23665283283989,0.09802882113061163,-0.07658200194345702,0.5626705560953692,0.0,0.0,0.0
2.138,0.06799294869708788,-0.03615181082110706,10.232439427765089,0.5826308391087368,0.20664437401100239,-0.5623521276983512,0.0,0.0,0.0
2.14,0.0013823636695959158,0.0075978896999410826,10.228140459584806,-0.49117553146696913,-0.7908728764154893,-0.274373696889469,0.0,0.0,0.0
2.142,-0.06753060756867788,0.02574692442024844,10.198471857473315,-0.5242265287856313,-0.09768124913694286,-0.6175289240393461,0.0,0.0,0.0
2.144,0.030569612839515457,0.054134127702537636,10.103992642647214,0.31179390383150013,0.5289317385577345,0.8252892070786298,0.0,0.0,0.0
2.146,0.05782025532279466,-0.0028248640163360057,10.1709762439362,-0.9958998902126243,-0.3278677149636053,-0.401067183848661,0.0,0.0,0.0
2.148,0.028142508690902623,-0.02490250402096811,10.10098297618487,0.34348742283192085,0.01221779910346141,-0.3510875950149547,0.0,0.0,0.0
2.15,-0.012786643188513701,0.005696067838486137,10.077862825097029,-0.7121111233766864,0.4176377253203805,-1.0242391250189813,0.0,0.0,0.0
2.152,0.023486024413119973,-0.020918260584721276,10.103467235900768,0.005861659248770983,0.6674640470186337,0.10395829589851813,0.0,0.0,0.0
2.154,0.04463196778104043,-0.02025250043378508,10.001910604788375,-0.14338309963746318,0.13110668136128537,-0.24713971950174854,0.0,0.0,0.0
2.156,-0.05799033862017682,0.0016103591932838802,10.045689403028893,0.4412133064751415,0.5207394360861592,-0.26637827943387704,0.0,0.0,0.0
2.158,0.029340328596080427,-0.007999219158498185,10.044123508253218,-0.26986495700935265,0.8165326190614367,0.8989248659612551,0.0,0.0,0.0
2.16,-0.030297575406870673,0.0058161726255366005,9.968933346781066,0.31811854281451696,0.25639432082767133,-0.4454817461779523,0.0,0.0,0.0
2.162,-0.00815520623223337,0.006785847204973137,9.974797096556806,-0.5359726809544237,0.7431445980828428,-0.923762666790925,0.0,0.0,0.0
2.164,-0.05711321562747512,-0.020385317984495905,9.934232835353413,0.04621001583969958,0.222967452257194,0.27746292229894487,0.0,0.0,0.0
2.166,0.010538645745810708,-0.008814130070552064,9.891215435933049,0.9879870414367419,0.20509470279196354,-0.46343507248502186,0.0,0.0,0.0
2.168,-0.040501858356300505,-0.011826912163728477,9.910872943687897,0.12519870211084147,-0.47367062570272134,-0.5276227198249915,0.0,0.0,0.0
2.17,0.04756278967303026,-0.008272873615996709,9.889605080889561,0.5260403080130284,-0.2933507272184271,0.14518505618250158,0.0,0.0,0.0
2.172,0.0163943216000725,-0.01728656510229461,9.839891460039572,0.025274864643835982,0.766774774592887,-0.5551854578788004,0.0,0.0,0.0
2.174,0.048434346125585406,0.052883898349136337,9.74839684181645,-0.013964614635726978,0.12200799729364996,0.41544522237296666,0.0,0.0,0.0
2.176,-0.05409007737527974,-0.01989516229169951,9.828184908586575,0.09700725521434043,0.05396933712720428,0.30855940890845635,0.0,0.0,0.0
2.178,0.0022444621535922275,-0.0009517302037242529,9.751996915044625,0.19338849842458672,-0.4259267236358246,-0.1438110791488687,0.0,0.0,0.0
2.18,-0.047509241143840655,0.010239431911345956,9.860920663533024,0.5249150295819749,0.3030844756443416,-0.0237379950651445,0.0,0.0,0.0
2.182,-0.05497629163043253,-0.03641019875918903,9.775769487703903,-0.026598987192318534,0.2990527232798901,-0.2913512870896314,0.0,0.0,0.0
2.184,0.02780856065585714,0.007665865553277315,9.819269800873926,0.2465164001691181,-0.4479907673802128,0.7955870277394684,0.0,0.0,0.0
2.186,0.0022701143546648055,0.08487158081732557,9.84765451093267,0.35013514468913187,0.011349022805569464,-0.42233438653236194,0.0,0.0,0.0
2.188,0.03963664897770796,0.016630139556910527,9.785084889592815,-0.5004692426538805,0.11002646206560193,-1.3174416003070202,0.0,0.0,0.0
2.19,0.015648403447835937,-0.0046136026287561215,9.787698040540397,1.5880494080899192,0.4116318936597066,0.21382110068599317,0.0,0.0,0.0
2.192,-0.0009729607735627256,0.03504589855079029,9.807230125728012,0.253348975076887,-0.0038207296754560723,0.9551081567737872,0.0,0.0,0.0
2.194,-0.005197002122849112,-0.011538797521471853,9.779501877504629,0.9371043542942908,0.16716364757087665,0.20389570810903787,0.0,0.0,0.0
2.196,-0.01840392107166162,-0.007130056842402957,9.83216252032331,-1.0671712820833552,0.16169949879259238,-0.9945804779693953,0.0,0.0,0.0
2.198,-0.012397488883065855,-0.010676037456404384,9.796966160324546,-0.25422529410874184,0.966159938028574,-0.2947085474402873,0.0,0.0,0.0
2.2,0.036607176445455684,0.003917063475251253,9.817238909224173,0.35013482580893424,-0.013031134071255168,0.3008249491034279,0.0,0.0,0.0
2.202,-0.00046713178615105785,0.006204572442131858,9.901423411339575,0.4613899926878248,0.030225148318940468,0.32851798180564695,0.0,0.0,0.0
2.204,0.043453259518454086,-0.007706037407462276,9.810551609765193,-0.33889647107843046,0.33574449541942675,0.8452781838280201,0.0,0.0,0.0
2.206,0.04554775736076492,0.006743229597267593,9.833431358984173,0.15921123243750274,-0.5424019213296294,-1.0773234618878191,0.0,0.0,0.0
2.208,0.024009828428276772,0.014810323411690232,9.787979575108396,-0.01001810992030588,-0.264718402922908,0.5514010175001433,0.0,0.0,0.0
2.21,-0.042234354827054364,-0.013586452740419093,9.793447844273297,-0.23424198018688747,-0.12733441434066808,-0.11101465265473501,0.0,0.0,0.0
2.212,-0.01857679332415454,-0.0684566881866982,9.825314598519066,-0.18764733782240792,-0.4791626325124289,0.4505683283967113,0.0,0.0,0.0
2.214,0.006748268610001379,0.07721004198247552,9.806927777221205,0.18883136399883133,0.23389226316012088,-0.30667056359369504,0.0,0.0,0.0
2.216,0.036960075040512165,0.05624407787362666,9.750256091359796,0.7846597103836831,-0.4126558996943881,-0.23382369347914012,0.0,0.0,0.0
2.218,0.047989323677499945,-0.002510429649162927,9.828927493368766,-0.16698334665816017,-0.1667547842485326,-0.7002631071075832,0.0,0.0,0.0
2.22,-0.03430246633766899,-0.046294472025857264,9.797345066419675,0.43946850801930254,0.36661875057591603,-0.3819660318685957,0.0,0.0,0.0
2.222,0.00737921883378777,-0.019475564207230994,9.80515385106406,-0.17158050390604912,0.539860694417576,0.6295628515759607,0.0,0.0,0.0
2.224,-0.01820154931240216,-0.04407994961822525,9.79296266411959,-0.0334903353645899,-1.0838561670297482,0.7125755910422366,0.0,0.0,0.0
2.226,0.030581128268452846,-0.03709776816311069,9.782111536038315,0.27828530595016016,-0.6861083005924731,-0.09960909976831521,0.0,0.0,0.0
2.228,0.035149244606648776,-0.010820873705111417,9.781987857691274,0.012475286908036601,-0.0771938275796833,0.049261648285633335,0.0,0.0,0.0
2.23,-0.03514581697356692,-0.022865518454095204,9.793235061810032,-0.15549197798473816,-0.8735658662961855,0.7738162083295992,0.0,0.0,0.0
2.232,0.032697347121315154,0.04674101377373795,9.80892372968231,0.4563742536036076,-0.34635489362466443,0.2942063607608984,0.0,0.0,0.0
2.234,0.029515631513764407,0.01231217329550584,9.793389967260067,0.35671096871626884,-0.04373788138100676,0.21959365172528225,0.0,0.0,0.0
2.236,0.01975502731415587,0.0059746098970161685,9.856526682565036,-0.16318999623929642,-0.23435346495283094,0.4310566081208201,0.0,0.0,0.0
2.238,-0.02701938731128933,0.011927183578588045,9.841897412583837,1.4395075424507129,0.005405866634137411,0.46380195177650313,0.0,0.0,0.0
2.24,0.044153765089367074,-0.011152246444957983,9.873216694927669,-0.6101165336210587,0.4349305311325176,-0.5076516861291427,0.0,0.0,0.0
2.242,0.029520785618533416,-0.013005136594719795,9.781868495470835,0.2249399197606928,0.26654340754327405,-0.10810352576469491,0.0,0.0,0.0
2.244,0.003791142736924107,0.008243161606057614,9.81193139224453,0.3184248372635991,1.0168461469132641,-0.31908503519856934,0.0,0.0,0.0
2.246,0.021048247909116184,-0.040313008058874424,9.815627989622747,0.7124154516432413,0.45248522030939975,-0.059053306916220835,0.0,0.0,0.0
2.248,-0.03874700899779276,0.02842863270086232,9.837975143225503,0.10435403845485991,0.504750772952876,-0.8550624043750354,0.0,0.0,0.0
2.25,-0.029358386021358932,0.06487227590422077,9.787076021021319,0.04881970550023029,-0.5691367783006491,0.5800112353466957,0.0,0.0,0.0
2.252,-0.03886128040203847,-0.05086915588948086,9.876118136755771,-0.5015054307142383,-0.09944012955135209,0.37673574465567383,0.0,0.0,0.0
2.254,-0.018030958330338107,0.007723302792273955,9.821204036190878,-0.311920152117713,0.770014665610389,-0.5485846788141282,0.0,0.0,0.0
2.256,0.08701618271616957,0.043260244749607185,9.843803152632645,-0.032774449808551646,-0.7598755211769954,0.2945933932703579,0.0,0.0,0.0
2.258,0.017643288502390563,0.019499718897414066,9.846604731669366,0.04033811688903608,-0.39571854521714706,-0.16442569920627143,0.0,0.0,0.0
2.26,0.035487128636766174,0.026438289727730185,9.898790654866838,0.10386434058951557,-0.7507388192295805,0.22187084062712453,0.0,0.0,0.0
2.262,-0.029273212812307412,-0.0017665302675991222,9.91367336221594,0.6157483542243253,0.3455752764565954,0.23651308532743406,0.0,0.0,0.0
2.264,0.02196356301793589,0.006793051225639929,10.014506313835856,-0.900478424830397,0.7117592976527837,-0.8056309930176128,0.0,0.0,0.0
2.266,0.02015684152747342,0.010821116333811482,9.969377083614232,0.098405055908834,-0.13243989681743973,-1.0217097309674912,0.0,0.0,0.0
2.268,-0.005020231153222077,0.021389793625171353,9.895828356041106,-0.32526268661221636,-0.1159754736144833,0.04698253187787902,0.0,0.0,0.0
2.27,0.04469375686204224,0.06064509878644197,9.989747003412967,-0.31006234630076945,-0.4906138531714959,0.42390051186201333,0.0,0.0,0.0
2.272,-0.04361882222556543,-0.011946108602221717,10.048775333242913,0.17331851717641894,0.07436876411680454,0.33580830332643963,0.0,0.0,0.0
2.274,0.01713718246485646,-0.027357062481358378,10.027853834224391,-0.4623814824839905,-1.1495106250125655,0.3089703300469734,0.0,0.0,0.0
2.276,-0.015414449375710244,0.0106229435254454,10.06876373065535,-0.33785726589019077,-0.39019126616732425,0.7357026318766493,0.0,0.0,0.0
2.278,0.0016220070321810937,0.016911210940785504,10.108713172326675,-0.6234827290371047,-0.4771737582851531,0.5503749173459918,0.0,0.0,0.0
2.28,-0.017187632795126844,-0.013097244896191844,10.124373021206189,0.12805868797022518,0.2612214141464372,-0.4873199802091151,0.0,0.0,0.0
2.282,0.04086118833750638,0.02721749656018937,10.150528993645247,-0.5832708743408708,-0.0881518771558648,0.4172140115249395,0.0,0.0,0.0
2.2840000000000003,0.0477331704370106,-0.027641599625693788,10.213262870538667,0.31937368524659454,1.9003816031366545,-0.47671497046588507,0.0,0.0,0.0
2.286,0.00987439021836133,-0.00840766956488161,10.220286627965898,0.12300138755731095,0.06878640823593181,-0.05955254449937514,0.0,0.0,0.0
2.2880000000000003,-0.006604352941566823,0.011668340620762567,10.179887202667318,-0.6997880157563251,-0.36622850585392563,0.19938614654137513,0.0,0.0,0.0
2.29,-0.016263357679054697,-0.004271834350449873,10.197079044981924,0.5484425046714178,0.09422795953947806,-0.9083433135592633,0.0,0.0,0.0
2.2920000000000003,0.03137778511897977,-0.01420972489815588,10.230762825422811,0.019221146878511407,-0.14789203490347547,0.20935072947851927,0.0,0.0,0.0
2.294,-0.026419669356076373,0.02564943571759777,10.305982900445423,-0.26145027801534376,-0.12719616360406447,0.22426160576271725,0.0,0.0,0.0
2.2960000000000003,-0.07769230707580473,0.00807231162403393,10.284353135928601,-0.193535898664475,0.06607816250714332,0.41613942647743885,0.0,0.0,0.0
2.298,0.0536574592984223,0.011652760762920674,10.334826029047596,-0.7499003645925884,0.19765568940786407,0.2143188115532427,0.0,0.0,0.0
2.3000000000000003,0.0008388402481146122,0.008488335032646087,10.339518759685062,-0.3220363410621523,-0.870539870148901,-0.825252034553826,0.0,0.0,0.0
2.302,0.028874430688279926,-0.004201104738726291,10.318206789954802,-0.07974253204435157,0.5970359706453555,-0.4852656096753525,0.0,0.0,0.0
2.3040000000000003,0.02519774729642757,0.005431453262783807,10.342761558134951,-0.16364277960011464,-0.12736856314223602,-0.2909966151857543,0.0,0.0,0.0
2.306,-0.009621232987074778,-0.020640228924556584,10.40426387466539,-0.10899117581279526,-0.0906434982404831,0.6712511834186172,0.0,0.0,0.0
2.308,-0.024351884634665963,-0.07211165588936246,10.449183679729364,-0.12242360593098035,0.5204257512771585,-0.37283630072133883,0.0,0.0,0.0
2.31,0.00298717680915667,0.025214208020859517,10.442486463680439,0.737130407550968,0.7062464590009339,0.20105231538892243,0.0,0.0,0.0
2.312,0.04847444852487489,0.054182623712553474,10.436773781843222,0.14446821309942887,-0.07945023110830632,-0.5656130536681394,0.0,0.0,0.0
2.314,-0.02042456053677543,0.011813647422223223,10.418203140878028,0.4770657489220903,0.038972185290545185,-0.3795828047493825,0.0,0.0,0.0
2.316,0.0464912385046434,-0.01662047987057783,10.421319764455255,-0.32593006305171707,0.44571380098677355,0.16089503427395158,0.0,0.0,0.0
2.318,0.0022159411626386173,-0.005526665935825042,10.394618517240527,-0.11441182658263584,-0.028506074274602233,0.3878643180859282,0.0,0.0,0.0
2.32,-0.03621105292618587,0.028514152988811593,10.368336005482572,-0.32470954988050627,0.004888310507504643,0.2688463893872303,0.0,0.0,0.0
2.322,0.05489982297955253,-0.018877020319523416,10.414199126537028,0.8788068036432285,0.8106741866098366,0.764183061672786,0.0,0.0,0.0
2.324,-0.010214264024283107,0.018142965946837418,10.303070883933124,-0.8983724643301457,0.09816820894967263,0.48608487623900287,0.0,0.0,0.0
2.326,0.01219130808014561,0.006504327108727428,10.310620684474038,0.42231685029267496,0.030001443214261098,-0.9118037034629429,0.0,0.0,0.0
2.328,-0.046391488341681913,0.014099778213810484,10.255638884481922,-0.7603455279775039,0.35124779316596255,-0.4525948660125532,0.0,0.0,0.0
2.33,-0.009927655686228437,0.029428978926720813,10.237913679856234,-0.46289405393805905,0.019249159413914318,-0.4232428852641484,0.0,0.0,0.0
2.332,0.06100948251132589,0.003109624330430347,10.24592951634931,0.362200049623483,-0.2736775516818749,-0.3274103246053419,0.0,0.0,0.0
2.334,0.04826640128226491,-0.027036831349360888,10.243097071005753,0.11395588810583446,-0.23666346090759535,0.2991921816395713,0.0,0.0,0.0
2.336,0.02381958156835927,-0.01463466581667307,10.181729046843992,0.06416851973070632,-0.43660018651952304,-0.6285405535855263,0.0,0.0,0.0
2.338,0.05963995509955121,0.008229257388351376,10.20505367871759,-0.0625307628242116,-0.644376012382102,-0.9428220032490428,0.0,0.0,0.0
2.34,-0.0194581839920553,-0.03621134001816947,10.176760676869712,0.5649166492031001,0.4075149425936726,-0.6492208435798493,0.0,0.0,0.0
2.342,-0.011051952157819558,-0.05918827064819868,10.13786667435938,0.0047998792629974025,-0.3208663068418067,0.861688544372367,0.0,0.0,0.0
2.344,-0.038494042692063114,-0.003721443825232533,10.085089065080131,-0.04451105709490768,-0.238742114983716,0.867560147623785,0.0,0.0,0.0
2.346,-0.0024168323838692123,0.014967660200477372,10.077530316547843,-0.36698419229050916,0.06897321617749039,0.21008505874902658,0.0,0.0,0.0
2.348,-0.06325866009386574,-0.05922862410991828,10.056524992673456,0.00733240366413199,-0.19144537772127834,-0.13480299549809277,0.0,0.0,0.0
2.35,0.0016740224124000714,0.004964140261320791,9.99210672775421,-0.39526471629284454,-0.39306857062348366,0.6901237747887634,0.0,0.0,0.0
2.352,-0.01895918156617178,0.014791546749072931,10.021298311155947,0.11002257856805374,-0.7431973164636966,-0.13394882378983988,0.0,0.0,0.0
2.354,0.020777531051178525,-0.049624110968070886,9.955584544456942,-0.06127115169699449,0.379101923732837,-0.42539523216633474,0.0,0.0,0.0
2.356,0.01246139918187551,-0.053517782036555286,9.990637243372639,-0.8264759966668077,-0.5783094033661759,-0.5786214200685595,0.0,0.0,0.0
2.358,-0.0075893692396008,0.023299739714034227,10.039806734141507,0.5306156649596955,0.1643946794335968,0.16458201317780585,0.0,0.0,0.0
2.36,-0.007302593511295642,0.059158921760951895,9.926964478859567,0.1691921866313292,-0.7227848467214691,0.3180747131049521,0.0,0.0,0.0
2.362,-0.010492079064567712,-0.031672847295937,9.944960206378298,-0.44075294718685615,-0.07179823869933491,-0.1965892209921221,0.0,0.0,0.0
2.364,-0.043531742378526334,-0.013846446719126817,9.912145971711011,-0.09213971944736377,-0.2762016090025759,-0.4240656257285603,0.0,0.0,0.0
2.366,0.0193241855685804,-0.019698247435723872,9.897718110902224,0.41531504544489495,-0.37503679289704345,-0.49687475859099334,0.0,0.0,0.0
2.368,0.06326283798539661,0.0040061057003201676,9.82500594401185,-0.29015237382305503,-0.1241620540163574,0.7279228390903831,0.0,0.0,0.0
2.37,-0.008235866173615674,-0.03491600001563176,9.825767230027827,0.29567187629403,0.36341585415593647,0.9177016794444478,0.0,0.0,0.0
2.372,-0.013038115924981464,-0.021404139765140145,9.772375073170783,-0.3799549186477044,0.33072060471450865,-0.06103637073106369,0.0,0.0,0.0
2.374,-0.017787009460977686,0.02783949124209687,9.845118391701972,-0.2535429665482425,-0.49963324787337354,0.18560368167386485,0.0,0.0,0.0
2.376,-0.020439507338822105,0.01944519244227997,9.7912791321999,-0.029467358419043035,0.9095275645350304,-0.01585763880185404,0.0,0.0,0.0
2.378,-0.029760574812647034,-0.010632899023393526,9.794164134739924,0.374944634237939,-0.2604305800646937,0.736565547230741,0.0,0.0,0.0
2.38,-0.04852467459540757,-0.0035727639618628963,9.827893075073598,0.9231977062386779,-0.7720997809809521,-0.6804147561653787,0.0,0.0,0.0
2.382,-0.02905054453413304,-0.029492947803530085,9.766132186778286,0.565890589618827,0.24795895536157683,0.4246561551492199,0.0,0.0,0.0
2.384,0.006942860580238656,0.003375600830936091,9.838587756022983,0.39990357177728336,-0.46758613238622493,-0.24794206531017832,0.0,0.0,0.0
2.386,0.039521653233327056,-0.01742410843810317,9.840554123809842,0.1075085768957205,-0.01988376226367908,0.8472359478619382,0.0,0.0,0.0
2.388,0.019110878290250193,-0.04047837495257992,9.834579633827392,-0.015710053961580477,0.4636931347828162,-0.2565363532728229,0.0,0.0,0.0
2.39,0.010050434883177877,-0.10186823495285242,9.795172974428153,-0.49637242380910873,-0.4039683520017678,0.45239541636576586,0.0,0.0,0.0
2.392,0.024496158951601267,0.020092613882408933,9.717062722965414,0.54308718574354,-0.8755642599493331,0.41572977285759843,0.0,0.0,0.0
2.394,0.008541797640816858,0.004396757247827404,9.827780260769403,-0.250086349762041,0.015439927937421292,0.16219809185037343,0.0,0.0,0.0
2.396,0.03166313431214962,0.012024552249884662,9.804549048411182,0.2708439549608597,0.33223988128791593,-0.5862894969941527,0.0,0.0,0.0
2.398,0.021809667320703524,0.0011490479320664618,9.777864321794633,0.26702144350190166,-0.6064194442131444,-0.19408820640582106,0.0,0.0,0.0
2.4,-0.024599326850851456,-0.0010632323379733812,9.78916979623535,0.7322665035859613,-1.3884709112495026,0.4957199279878258,0.0,0.0,0.0
2.402,0.016323121847022892,-0.021446897734122592,9.859963164828837,-0.7941204357964512,-0.26962117072795627,-0.9384181394463031,0.0,0.0,0.0
2.404,-0.053179846163353583,-0.010825574869842276,9.796860573375337,0.29263366590728923,0.41914786480849864,-0.33188261931946506,0.0,0.0,0.0
2.406,-0.07055325589541613,0.017332243604122496,9.789103806238586,0.14312816146245627,0.027911695936856502,-0.7579789468251881,0.0,0.0,0.0
2.408,-0.014522603306808454,0.015582732620405581,9.761440824551466,-0.0727566527658688,-0.2914266765299549,0.10519354938946317,0.0,0.0,0.0
2.41,0.015786435958654813,0.015244801630172798,9.805536391308717,0.2719820925375309,-0.060613798426020396,0.5692290717704755,0.0,0.0,0.0
2.412,-0.032483094259082614,-0.04264228779049613,9.806861302298316,0.8165639603963274,-0.12024319527453013,0.1666946545969419,0.0,0.0,0.0
2.414,0.004040902010820734,0.02568244900149788,9.799069519194182,0.20697782693875816,0.6115198452718403,-0.11339530146223019,0.0,0.0,0.0
2.416,0.001093814508860419,-0.03852320954387231,9.788517161402194,0.07566415912836921,-0.26760524794384133,-0.25141483970978756,0.0,0.0,0.0
2.418,-0.049649672301352275,-0.005678462233741377,9.78447719810945,-0.30827055456668195,0.01858349724064908,-0.13811327304011045,0.0,0.0,0.0
2.42,-0.013737007570474087,-0.007195243539551357,9.759821418710626,0.5834013455982766,0.2068017474047647,-0.3141466109414066,0.0,0.0,0.0
2.422,0.04079956526254929,0.03951250767392267,9.779224559564305,0.9698192785385737,-0.6739609510440584,0.28257909085219823,0.0,0.0,0.0
2.424,-0.019679786679812194,0.06149393018882091,9.838132497711307,-0.3312378498429612,0.39533224130287165,-0.26717616567388575,0.0,0.0,0.0
2.426,0.014147632638147943,0.031139470161038553,9.817993611257052,0.23351251005960974,0.2786535968008998,0.24536644568394753,0.0,0.0,0.0
2.428,-0.012931574059877805,0.003307733664847723,9.86771472332514,-0.31292717023487593,-0.2870854495799507,-0.07489765052504344,0.0,0.0,0.0
2.43,-0.012336498979853132,0.021152601805074944,9.81119651208447,0.38847728133525083,0.35214729921559296,0.16063011746901634,0.0,0.0,0.0
2.432,-0.02220223545824006,-0.036788556940916324,9.831219848612834,0.13819552164834725,-0.13780614956443119,-0.4134300657635809,0.0,0.0,0.0
2.434,0.005221777938509518,0.026324083413762033,9.838010439695044,0.057638662250714935,-0.1311569092628593,-0.8283273851717492,0.0,0.0,0.0
2.436,-0.0309625970620657,-0.0015812699440742365,9.763782055799014,-0.4671570863059328,-0.10273770296861975,0.8233861668516097,0.0,0.0,0.0
2.438,0.0075796184565562,0.013415355373423667,9.87351363964735,-0.7867264838395223,0.45888998832483385,0.4498025490581128,0.0,0.0,0.0
2.44,-0.019189180069325292,0.029455721074347685,9.772342044089891,-0.8517852200831477,-0.38283892945256015,-0.4352446690691887,0.0,0.0,0.0
2.442,-0.019400246445783156,0.048817201628440256,9.779092291331105,-0.08437761258282422,-0.331600183690053,-0.3027123427610148,0.0,0.0,0.0
2.444,-0.000359155850869365,-0.03759252319768594,9.80076420890441,-0.25072897346401385,0.11456894960274677,-0.0644500926114032,0.0,0.0,0.0
2.446,0.004696902451749091,-0.003285226002164686,9.80402158930603,0.06305196317675955,0.520844152734031,-0.12672467530369816,0.0,0.0,0.0
2.448,0.03341681749621331,0.03359271706176284,9.829179540742564,-0.44503157886310574,0.6097333400316456,-0.2626685838354104,0.0,0.0,0.0
2.45,-0.007538090028561909,-0.02818320148032864,9.78512737110208,-0.7010963129910103,0.06462849110305567,0.36194886180016417,0.0,0.0,0.0
2.452,0.005161762710325285,-0.008726416361768772,9.797334265864313,-0.26794641601645297,-0.7608438815268663,0.8655529631802243,0.0,0.0,0.0
2.454,-0.005718681237375428,0.053695444571327106,9.796824471358228,0.22400727019488045,0.031825803496904316,-0.27882152397152427,0.0,0.0,0.0
2.456,0.06162471529683193,-0.03377584526687058,9.870773847177702,-0.3712278141578505,-1.0266486677057503,0.07933350552708872,0.0,0.0,0.0
2.458,-0.0022921670796942663,0.0017732111047510219,9.82425305434909,0.46145809924895625,0.5644020088827636,0.16030947450788674,0.0,0.0,0.0
2.46,0.00401340586270032,-0.04422300574048915,9.818359112261087,0.3455871070733499,-0.5050553903221183,0.430543416656068,0.0,0.0,0.0
2.462,0.012152420459348234,0.010170037049514477,9.850039350789809,0.4907450070233047,0.2153012751469604,0.5672330518192574,0.0,0.0,0.0
2.464,-0.043928452885066284,-0.07868270810582954,9.811335514823739,-0.047711202170646366,-0.08268570119234499,-1.0328693179474142,0.0,0.0,0.0
2.466,0.012727241815282044,0.01586543765266164,9.783916609641341,0.15851511012646086,0.40232994599881555,0.3224370561711173,0.0,0.0,0.0
2.468,0.026070577613681076,-0.013212302718238023,9.803832138449941,-0.17147444833417014,-0.7046918749284786,0.618116513755658,0.0,0.0,0.0
2.47,0.004514959291694492,-0.0022543377879845603,9.807524275183921,0.22200670183117932,0.49692694463639914,0.08375451006058764,0.0,0.0,0.0
2.472,0.02427840835527365,0.02607442560619375,9.865179939445776,0.3919884567840038,0.44414458809675506,-0.2602172186600693,0.0,0.0,0.0
2.474,-0.03048247519159057,-0.0025793023164321274,9.808914905300544,0.6531972028128618,0.7457215504828292,-0.5149744824005088,0.0,0.0,0.0
2.476,0.07777778492100601,0.02158431090416453,9.79918393119056,0.524167168863937,0.11228981705535859,0.003634766302080007,0.0,0.0,0.0
2.478,0.01416169138272576,-0.013714850733633639,9.762006587766988,-0.8064209582546096,-0.11251259918978833,-0.021019529650676067,0.0,0.0,0.0
2.48,0.01375794527736254,-0.016278489554606767,9.84326680058402,0.8812070815283064,-0.013033663194145353,-0.869971517569041,0.0,0.0,0.0
2.482,-0.004501183735778385,-0.012305430182650356,9.786568066715642,-0.5606299902788973,0.4884494188877757,-0.3211063374158857,0.0,0.0,0.0
2.484,0.005046089858174588,-0.012369523380782779,9.822667975286251,-0.4758320093807733,-0.3081911748257602,-0.48299904492168655,0.0,0.0,0.0
2.486,0.014896006837971957,0.00813557106800831,9.789388357530727,1.165875750787022,-0.38780922903619497,0.6238232640883931,0.0,0.0,0.0
2.488,0.020742038112461433,0.020948303334352103,9.87683641921385,0.02265776452459539,1.1656935299369138,0.1987420442558178,0.0,0.0,0.0
2.49,0.034263746958455576,0.0018114379725917525,9.784006862344441,0.3893050877514232,-0.1534447513031606,0.08043602072999376,0.0,0.0,0.0
2.492,0.0045741584745421955,0.02105970932555733,9.820982097098852,-0.2961503848067587,1.0728695239748247,-0.4106274965045628,0.0,0.0,0.0
2.494,-0.022445924586863623,0.0037579418972331262,9.784187485263423,0.8329496468763954,0.429837206907104,-0.23231579647680003,0.0,0.0,0.0
2.496,-0.09522150545160901,-0.028824554380374248,9.80048438225955,-0.6310557634402822,-0.5006740736758236,0.1461285306219536,0.0,0.0,0.0
2.498,-0.016541984169725354,-0.04017708340703344,9.781236834171608,-0.2924785285508792,-0.49792552279409963,0.572432813170633,0.0,0.0,0.0
2.5,0.018748640322948047,0.00048767432275491937,9.832418536162281,0.21617512001989495,0.4232266403343582,0.8036685342262255,0.0,0.0,0.0
2.502,0.020039743924340752,0.022242773685174497,9.75107650990312,0.13485130786476326,0.2905098018415999,0.4260632858811255,0.0,0.0,0.0
2.504,0.00763886214689355,-0.018666787428212175,9.816756339390079,-0.32657965511722525,0.027852109712406096,0.24006148066431626,0.0,0.0,0.0
2.506,0.039430006233091175,0.00683535141801921,9.87022753904838,0.6056797115492676,-0.5979171167889678,0.4280148321582579,0.0,0.0,0.0
2.508,-0.03852249183417401,0.053475182625015195,9.831446339081149,1.4282525894256495,-0.4037625265225512,0.025912434794662008,0.0,0.0,0.0
2.51,-0.013887176760168821,0.042981111191158584,9.772898077170804,-0.43191760328303913,0.0013388284410729802,0.5873857549750199,0.0,0.0,0.0
2.512,-0.003060252425221333,-0.018376427746437374,9.795604987931055,0.042587813363931644,0.08186391956698053,0.2993239494884972,0.0,0.0,0.0
2.514,-0.0005223244785307946,-0.021636304094366135,9.840699931382115,-0.41521828844137754,0.1445840602147235,0.5305857529115806,0.0,0.0,0.0
2.516,-0.038979123961086944,-0.03926021011247227,9.814042833326617,0.7719526882939973,-0.013144601115056737,0.34671179014265974,0.0,0.0,0.0
2.518,0.00850558412812199,0.0016754536100441486,9.82831715865654,-0.6599269678238848,-0.07828301338495591,-1.1365145263363488,0.0,0.0,0.0
2.52,-0.03120390122733719,-0.04325568863441103,9.798665041519552,0.41642940603331235,0.009718028784915048,-0.048612355203982945,0.0,0.0,0.0
2.522,-0.02677781581813131,-0.010350298130215534,9.790034486659891,-0.3251026516179919,0.054900356436242345,0.20543321872070758,0.0,0.0,0.0
2.524,0.0048118991000365135,0.0587620280994704,9.832944061418,0.3061854633849049,0.12106030521855199,0.33575228461847706,0.0,0.0,0.0
2.526,0.04265134035342113,-0.0326822187413708,9.833252073554998,0.8185646773130819,0.29650854434248824,-0.8689054129611781,0.0,0.0,0.0
2.528,0.003871622933577667,0.03050785721455779,9.77559781023902,0.6495204976959643,0.027064053485260225,0.6142620290919673,0.0,0.0,0.0
2.53,0.004331749485957703,-0.05557300536535719,9.83526249540514,0.010677032835636074,-0.5501050081509298,0.05542614006502248,0.0,0.0,0.0
2.532,0.007228550933538231,-0.004497008839514007,9.777138850616188,-0.7979238703999049,-0.37735997975927815,0.44328138596489386,0.0,0.0,0.0
2.5340000000000003,-0.022190826552055235,-0.0035746248952442075,9.803134135475181,-0.08286302806693793,0.039117706948926675,0.1587223155865979,0.0,0.0,0.0
2.536,-0.00860625802765646,-0.004149186730655819,9.797304256296426,-0.3960025699064441,-0.46698805056695014,0.7207592725378661,0.0,0.0,0.0
2.5380000000000003,0.023927520374369377,0.010338152681453263,9.8167091106686,-0.21117753787948154,-0.4780184876129137,0.7508285166999578,0.0,0.0,0.0
2.54,0.0129723212576282,0.0052239839602319805,9.809931543584351,0.684942560949718,0.7636545187923208,0.18767758850794605,0.0,0.0,0.0
2.5420000000000003,-0.03664549929939836,0.02870670807128492,9.821712220790413,0.41228204666489643,-0.9189562924004373,0.3662326206006171,0.0,0.0,0.0
2.544,-0.003410605056458539,0.015546460725623365,9.816430438281637,0.606354506443542,0.6010035920875291,0.18665776283643137,0.0,0.0,0.0
2.5460000000000003,-9.77512504210214e-05,0.01735006208693496,9.877277352414353,0.5432855404864667,0.3742477973451655,0.4554274925389912,0.0,0.0,0.0
2.548,-0.004754039798733959,0.03189446480690633,9.843298785819961,-0.6504777517342025,-0.08538189994535036,0.4366985814620822,0.0,0.0,0.0
2.5500000000000003,0.016439481300267404,0.021053201666173516,9.879772049594989,-0.10631730895182454,-0.5065590207262474,0.13228842551821476,0.0,0.0,0.0
2.552,0.05331994708592455,-0.04495312404542122,9.952028713005953,0.9241198110515113,-0.4995740529752778,0.6750913062794974,0.0,0.0,0.0
2.5540000000000003,-0.016166112753432892,-0.05246722371926103,9.910234370332466,-1.5654448708561555,0.5656164560474021,0.17644821384842932,0.0,0.0,0.0
2.556,-0.002968970161747892,-0.010178122093862513,9.901599989550155,-0.008670942752072227,0.25178904620592096,0.6112791675510307,0.0,0.0,0.0
2.5580000000000003,0.05495108715009947,0.009238744673192523,9.943101997789482,-0.34524488893027,-0.645531146357846,-0.6676947343080671,0.0,0.0,0.0
2.56,0.05937741198632979,-0.00583090422129289,9.992648794871343,0.6268172662067083,-0.7636273031970339,-0.4992937447029089,0.0,0.0,0.0
2.562,0.03508266541162834,-0.014614507107114604,10.031392025769046,-0.18136341203013623,0.10790489834594927,-0.87771057823934,0.0,0.0,0.0
2.564,0.04092677355761341,0.013894012179662275,10.027599743326142,0.5411064436600731,-0.07419077344920844,0.3068590033822409,0.0,0.0,0.0
2.566,0.07878763702213955,-0.03604101984227052,10.029779491777582,0.08487069845063747,0.06623450802716742,-0.2226767201123576,0.0,0.0,0.0
2.568,-0.00041012560813138515,0.027428878700482152,10.083014743300259,-0.17969973690373245,-0.6396163361008665,0.257022900402844,0.0,0.0,0.0
2.57,-0.016455794827141816,0.008801119383696746,10.062958999261582,1.1223828856577274,-0.4146840782810336,0.1117795117228592,0.0,0.0,0.0
2.572,-0.028590180790764738,-0.00821277305562253,10.189072099087344,-0.45717360671574864,0.5520051968759885,0.25715115110712905,0.0,0.0,0.0
2.574,-0.0033761585285051903,-0.038674678103027355,10.224166081889258,-0.39443440153336234,-0.015074063881699516,-0.08381344277450187,0.0,0.0,0.0
2.576,-0.05731986939383724,0.013152908900707772,10.203007353783647,-1.063476258073972,-0.6653394949209182,0.17249904687112066,0.0,0.0,0.0
2.578,-0.058467622407355826,0.039571809456014656,10.209403394279079,0.23582299756911498,-0.06857269778197242,-0.5712829581961028,0.0,0.0,0.0
2.58,0.01865880307264577,-0.03304157359024112,10.214492089531333,-0.15464704111573171,0.08730037526897327,0.5133507416199754,0.0,0.0,0.0
2.582,0.03037655810906996,-0.019484588021590095,10.233160833163529,0.7429643225316769,0.3878323088034046,0.8311315542578317,0.0,0.0,0.0
2.584,0.031171907315507518,-0.002747278422116074,10.287519549501795,0.22395546480016087,0.503062928524541,-0.19872868372754118,0.0,0.0,0.0
2.586,-0.044393060284781,-0.0124034533727005,10.323167730423926,0.11891932364214843,-1.2047830004941689,-0.13077034382341057,0.0,0.0,0.0
2.588,0.057749099060552846,-0.02436006108148313,10.367660668750203,-0.2766293904595476,0.044915208619437264,0.455936487228935,0.0,0.0,0.0
2.59,-0.04321956780705939,0.009174531805171436,10.297222852239782,0.01861280260242177,0.09747728524346823,-0.31339510888505695,0.0,0.0,0.0
2.592,-0.02432584786983981,-0.03480730609883778,10.356154317495246,-0.38246655189570194,-0.4607772091644952,-0.6609555834204027,0.0,0.0,0.0
2.594,-0.006776252939042928,-0.029264218794512575,10.386035689678756,-0.9271352065926326,0.2091542625297853,-0.27185686854413926,0.0,0.0,0.0
2.596,-0.0010341148398694733,0.016671494545328833,10.302763745796904,0.3245367102145099,-0.3498906089408382,0.7575269079605537,0.0,0.0,0.0
2.598,0.003046052967182643,-0.016027370512035486,10.249696991276451,0.5071936474265358,-0.43791899344022445,-0.20311785232842544,0.0,0.0,0.0
2.6,-0.004775964795410976,0.00179954919594423,10.24431571468188,0.5883466237665964,-0.1805588686883578,-0.34882404469178646,0.0,0.0,0.0
2.602,-0.010292434996795146,0.012655664518051283,10.249167647154652,0.3461083545975083,-0.07608096665503544,0.6807901461632467,0.0,0.0,0.0
2.604,0.03621117778110604,0.002810778579889692,10.220407509815946,-0.4850876807041487,-0.7756821358699018,0.7825101042737532,0.0,0.0,0.0
2.606,0.010390541996680333,0.011240639658304189,10.181889766876477,0.1997022233882423,0.8029237711955498,-0.506630350973475,0.0,0.0,0.0
2.608,-0.004188968384962769,0.002218528101025082,10.182957686675087,0.3351249243772783,-0.23818397802239993,-0.1443001833850361,0.0,0.0,0.0
2.61,-0.003458594010410711,-0.008681538311034673,10.158894252650907,-0.5723799125164907,-0.8644379477420104,-0.7952106000129239,0.0,0.0,0.0
2.612,-0.04884590413399888,-0.03770920881021556,10.106756922566394,-0.3397087624019797,0.8540067302332366,-0.31195715621526043,0.0,0.0,0.0
2.614,0.016428035450655864,-0.008301301289107126,10.118179104757129,-0.6459542442831258,0.8368142868370273,0.4753152315013522,0.0,0.0,0.0
2.616,-0.02656764290767708,0.011152026130201527,10.094453981446742,0.27836290308340994,0.11517009985556241,-0.37191112083279226,0.0,0.0,0.0
2.618,0.032453934531234206,0.015599013299346546,10.05002892859124,-0.49095479366078054,0.058438272008082735,0.11889407115600806,0.0,0.0,0.0
2.62,0.02221133568878142,-0.04559448826888832,10.090645993213183,-0.5087657842901551,0.10330309596018822,-0.6511761484184558,0.0,0.0,0.0
2.622,0.009528548192511121,0.006173699047123562,10.078117595550614,-0.02039917880789108,-0.48544283171803554,0.5302769964038854,0.0,0.0,0.0
2.624,0.0017468605956874677,-0.03834063138723228,10.05252138641267,-0.27428641476080745,0.2713791457558247,0.07019276730588897,0.0,0.0,0.0
2.626,0.03111485258813072,0.01972253991429428,9.980227238747988,-1.4563330340897098,0.3642091511437214,-0.33282690183292246,0.0,0.0,0.0
2.628,0.015023175729556498,-0.000367009218182328,9.999365867273024,0.7280046256891367,-0.2756767548182995,-0.05366103404412838,0.0,0.0,0.0
2.63,0.025565180735940354,0.06956056170931703,9.959076885533564,-0.24660685101438115,-0.16991328755790924,-0.09613335919353515,0.0,0.0,0.0
2.632,-0.01576341019295629,0.03446327165136677,9.926628325116232,0.3092811580074105,0.105594446680861,0.38054665632754936,0.0,0.0,0.0
2.634,-0.013144454368167923,0.00534025694775712,9.962552203555019,0.5880942056151666,-0.39532680612846993,0.03193296776976934,0.0,0.0,0.0
2.636,0.04983365150802682,0.012174869856830334,9.870231534701439,-0.10226545238594312,0.2513519919173103,0.12374750765657612,0.0,0.0,0.0
2.638,-0.01485055106398826,0.03975513947301079,9.892233302686558,-0.4846933280520302,-0.2569389045715951,0.27903390417642066,0.0,0.0,0.0
2.64,-0.013972881619489716,0.0014859054949069438,9.847923283532866,-0.11976407151156895,0.49307613166658054,0.17678459045559752,0.0,0.0,0.0
2.642,-0.027892379440192985,0.08608401859111109,9.83479076161767,-0.098129732210069,-0.18379147694872058,-0.04197385665004945,0.0,0.0,0.0
2.644,-0.004222831648040438,-0.0005498208913425598,9.838874471892476,0.07207227937481518,0.3169103052630179,0.6921162458109865,0.0,0.0,0.0
2.646,-0.07181074126788772,-0.021238216807028216,9.80334425350489,0.5943778710306742,0.6754849906966534,-0.4622631107974022,0.0,0.0,0.0
2.648,-0.002224623879987619,-0.054276448128158655,9.783392325832072,0.11636512840947924,-0.6672135214192826,-0.24947234218304493,0.0,0.0,0.0
2.65,-0.018533712052310032,-0.023679058282349855,9.751915634436747,-0.26593099531441344,-0.48762289560377264,-0.2790447471881406,0.0,0.0,0.0
2.652,-0.003250751846441536,-0.012980336890291287,9.814178268568764,-0.6619020029285957,0.8503508390144411,-0.838954708735348,0.0,0.0,0.0
2.654,0.009957377674614774,-0.004905162713042433,9.844461545071647,-0.05846492317022791,0.559229553323374,0.0838815562015359,0.0,0.0,0.0
2.656,-0.012514153125263737,-0.004218014870726243,9.80898140723094,0.05871848337083077,0.27118559551157034,-0.07349507683023175,0.0,0.0,0.0
2.658,-0.08624527277937137,0.014011713423483896,9.800572276119105,0.246527456441282,1.2291813322572813,0.5276307972474987,0.0,0.0,0.0
2.66,0.05234004809754892,0.004005313299266176,9.800119157923474,1.2756112522645437,0.1641915375060295,-0.514818317586077,0.0,0.0,0.0
2.662,-0.029570540125774918,0.046516219910447,9.775619085740209,-0.9087950623683746,1.1246870829326556,0.8057021982090896,0.0,0.0,0.0
2.664,-0.009516669228220717,-0.020974893332996986,9.796381693639102,-0.061200264791291877,0.4132612173329682,-0.07919896580568206,0.0,0.0,0.0
2.666,-0.026849182406179995,0.029094988543562742,9.80752809251831,-0.9538244964219512,0.5054716792716847,0.23364534508454832,0.0,0.0,0.0
2.668,-0.02881094434879441,-0.06203597809961269,9.790951622519048,0.35255856325830126,-0.6648070191685869,0.09040572279540061,0.0,0.0,0.0
2.67,-0.025322755045385784,-0.03226099079339732,9.792130495214492,0.040174289901470914,-0.09879461156130134,-0.20101851100676427,0.0,0.0,0.0
2.672,-0.004314498861941725,0.01286073171071963,9.803381917012713,-0.5351196108413611,-0.464585075529712,-0.8864488909225763,0.0,0.0,0.0
2.674,-0.007923822314063841,0.020395243627809354,9.855436068646616,0.08432848537457117,-0.3300177117994276,-1.2388876734376024,0.0,0.0,0.0
2.676,0.028891144290552243,0.025448095872594854,9.801973808651551,0.4338426012492566,-0.16970866573032414,-0.3779758379095577,0.0,0.0,0.0
2.678,0.052257973445028916,-0.0107831628496658,9.790895887302948,-0.1795125246507714,0.24388787194285236,0.36399174453364014,0.0,0.0,0.0
2.68,0.05217454989699842,0.010932792784175919,9.827437821130168,-0.48800839694617787,-0.513148324283597,0.5059737341213593,0.0,0.0,0.0
2.682,0.016484401284942222,-0.05248921672600554,9.810618971477385,0.5872668233305903,-0.7757223800953263,-0.27133471834836675,0.0,0.0,0.0
2.684,0.004264987253056181,-0.0008534819305762418,9.82578770658927,0.8560243666880192,0.05746048270762097,0.4808440915176191,0.0,0.0,0.0
2.686,0.00990098532379567,0.03171421688580758,9.811110109735688,0.5161976534065164,-0.47520888085793167,0.6865520601449824,0.0,0.0,0.0
2.688,-0.011949337162615165,0.05909718963912748,9.783162060497895,0.1474482313390414,0.3459050780747067,-0.03533804099494564,0.0,0.0,0.0
2.69,-0.005507517690570687,-0.0743970396952471,9.828297229767278,0.4973379547170409,0.012180023291584066,0.6800491853957554,0.0,0.0,0.0
2.692,-0.023964673758680926,-0.007929185923357774,9.806927003952065,0.18720962821549403,-0.24913129052095048,-0.4240601590225671,0.0,0.0,0.0
2.694,-0.038413136419255846,-0.02433731450871523,9.832677746862625,-0.610301678111451,0.16206408700700434,-0.3240545855706191,0.0,0.0,0.0
2.696,0.022750849382418996,0.026321145337892145,9.762849569288356,-0.042537276883296,0.6152672553371855,-0.737473731463236,0.0,0.0,0.0
2.698,-0.035453312023204175,-0.0007052388430780457,9.79238526047747,-0.24788660242646354,0.6627415439835334,0.5429391065242478,0.0,0.0,0.0
2.7,0.022587076317724775,0.02043082163308452,9.844991946928884,0.7762280213086714,-0.051253108949571455,-0.4875827341552252,0.0,0.0,0.0
2.702,-0.055152924860684314,0.019000841321123424,9.804293039475512,0.17832270999870486,-0.4805150679569442,-0.1819514392183537,0.0,0.0,0.0
2.704,0.0014538539793441487,-0.022763186541754472,9.818035428382078,-0.4689722980479492,0.02505912141300725,-0.6761993824376518,0.0,0.0,0.0
2.706,0.0339988849198777,0.006473907711444222,9.790395867454485,0.544331549063526,0.32158589625734674,-0.29995027097756205,0.0,0.0,0.0
2.708,0.08784851987546217,-0.006397971179093513,9.837564843312862,0.41131107305478554,-0.021083714186422915,-0.16628742188356238,0.0,0.0,0.0
2.71,-0.04494533379546098,0.027647242805387506,9.816453287484945,-0.4440082248928195,0.5005712395358618,-0.5858123802555164,0.0,0.0,0.0
2.712,0.025382380404109287,0.023105718904877323,9.831136673641975,-0.25535148923049317,0.40051911675455215,-0.21063852713525597,0.0,0.0,0.0
2.714,-0.006244407126599266,0.03925934040877913,9.819064393758653,-0.30521567441341757,0.05196892691034604,0.4174983395747577,0.0,0.0,0.0
2.716,-0.006799713006173618,0.045599255528989094,9.781777764656518,-0.2813883430875957,0.0040025964845227776,0.19268185388905268,0.0,0.0,0.0
2.718,0.020268688150705972,-0.020808422895783094,9.767889228422089,-1.0760599702738243,0.5899945228048766,-0.0640948563715687,0.0,0.0,0.0
2.72,-0.001232724619005862,-0.008366143728388805,9.769777147396558,-0.08599599540330266,0.668692038781059,0.36460639520807336,0.0,0.0,0.0
2.722,0.0017359481330520518,0.009385556364738468,9.850133177428507,0.36158908436595666,-0.5177521660197617,0.5270912426932829,0.0,0.0,0.0
2.724,0.017875240781153646,-0.06008336826312533,9.837983069345457,-0.34913085241106334,-0.22798563596032959,0.9912410115897122,0.0,0.0,0.0
2.726,0.026256314067324864,0.03163383175811282,9.817046798086823,0.5450438637148705,0.6459100859717618,-0.24617251737267437,0.0,0.0,0.0
2.728,0.023066767979456473,0.01909564432237294,9.799496459049378,-0.05180234706872301,0.16322663451140745,0.06048436784150869,0.0,0.0,0.0
2.73,0.010944707945068011,-0.02070065378385265,9.811433526188095,-1.1087027940083025,-0.0729907496013049,0.32899121291601796,0.0,0.0,0.0
2.732,0.005531100366861393,0.006012411517013368,9.805176777776596,0.11490013095839394,-0.007089261685228223,-0.5356190252561792,0.0,0.0,0.0
2.734,0.0157310096810041,-0.018192853309730864,9.823911885423747,-0.35187799805762177,-0.2961233272063456,0.2960068817732513,0.0,0.0,0.0
2.736,0.008182826622103909,0.022384006951884017,9.838625327003493,-0.55248724467365,0.48196898246429837,-0.07693435291001889,0.0,0.0,0.0
2.738,0.030460680078889493,0.010633090094291028,9.807529415877612,-1.0798312967866137,0.268403654540237,0.0752009114705847,0.0,0.0,0.0
2.74,0.08515908060407397,-0.031766451974029684,9.800164915255358,-0.2970295822666673,-0.00712524620125429,-0.07924532874724428,0.0,0.0,0.0
2.742,-0.08013858310722115,0.006786287206884134,9.789464042352261,0.04963838693211774,-0.11071732979354124,0.07855324576038512,0.0,0.0,0.0
2.744,-0.01104014627251795,-0.005476068420315507,9.79455092529172,0.23954828736299086,-0.52415282200644,0.2877570690470581,0.0,0.0,0.0
2.746,0.036849188788548835,0.04931171419597622,9.827620584753834,-0.33449635752571244,-0.19639857781840034,-0.07849299342092442,0.0,0.0,0.0
2.748,-0.014043554980049028,-0.05294161938787193,9.81292270130066,0.42883642151712653,0.1164213210654651,-0.02823701418329519,0.0,0.0,0.0
2.75,0.04671838388186344,-0.03254292247787112,9.811675471428686,-0.03837737560047614,0.24845033050980436,-0.41700839693162833,0.0,0.0,0.0
2.752,-0.004579014930578821,0.010658693406991923,9.776172765239782,0.8342491603155984,-0.27895441559959405,0.27567312685802065,0.0,0.0,0.0
2.754,-0.02005188641514438,0.0034339841530018353,9.810113247424107,0.7754090136773613,-0.009579463493049521,0.4830164759001291,0.0,0.0,0.0
2.756,0.022629701268400727,-0.02846307515008424,9.81953669307682,-0.07080189580844537,-0.019080559306497324,0.5026643771708117,0.0,0.0,0.0
2.758,0.04145607664301333,0.007095305197541855,9.843538540257612,0.21203623574388009,-0.24180278541592343,0.09000221558048868,0.0,0.0,0.0
2.76,0.015934677637710695,0.003575162479371959,9.822278987072094,0.1401607034349343,0.5273398627385705,-0.37259608511259457,0.0,0.0,0.0
2.762,0.02872583191476675,0.011420728253990625,9.785039228028928,0.9023624189851723,-0.7017814214035825,-0.20645938902896036,0.0,0.0,0.0
2.764,0.00690817644161109,0.005634233891372785,9.740148512000806,-0.35979269405614844,-0.4608821111479711,-0.5237604161129624,0.0,0.0,0.0
2.766,-0.008455086578819439,-0.0005033615746312221,9.755303888987974,0.20505084930922024,-0.35904949751301923,-0.005055454684676151,0.0,0.0,0.0
2.768,0.011218931711753281,0.004916809481512165,9.82857524904558,-0.6480082018891989,-0.42728417726537077,-1.026464064314199,0.0,0.0,0.0
2.77,-0.0017265480018574973,-0.03992516979875729,9.840999702294686,0.22440158622448952,-0.9377221602943119,0.3228997721171401,0.0,0.0,0.0
2.772,-0.031009834529740696,-0.024708742608469628,9.714855139504637,0.13247753567565676,-0.4466888622527006,0.029028409312640002,0.0,0.0,0.0
2.774,0.05447097422630888,-0.008813890163765206,9.859691861731703,-0.8499668110894539,1.0361170589294624,-0.19160587449347294,0.0,0.0,0.0
2.776,0.02055666770456816,0.027714083463368136,9.833864472108758,0.11121007464563373,-0.27781478734447224,-0.22629744713081076,0.0,0.0,0.0
2.778,0.015509523852509529,-0.030590735647506966,9.813837996769692,-0.011581768365455637,-0.20965622378596888,0.5861171232696151,0.0,0.0,0.0
2.78,0.022533176984137652,-0.02453401307706678,9.868970647088608,0.028999498755031924,-0.1129259821736015,0.7358239749611204,0.0,0.0,0.0
2.782,-0.007344689005349821,0.012614418973195065,9.808565746053798,-0.40826451618579357,0.5935426651686776,-0.6257978004473489,0.0,0.0,0.0
2.7840000000000003,0.01930360240542844,0.007408471782225198,9.822759492851592,-0.41812094634364194,0.7167569073099107,0.05888163935461124,0.0,0.0,0.0
2.786,-0.0008571089578552861,0.026210330218111106,9.854062786466443,0.8242620533144437,-0.33228419931145103,0.5939321064618953,0.0,0.0,0.0
2.7880000000000003,0.042819415097884624,-0.056368886964946165,9.777854041917134,0.2814569161326688,0.3037951999886074,0.36688350055056845,0.0,0.0,0.0
2.79,-0.0049185294664172916,-0.019561532491435447,9.824701290920068,0.2557516758718637,1.0567194352859868,-0.5709807790255418,0.0,0.0,0.0
2.7920000000000003,-0.028803292762686217,0.04463755245093588,9.844498840966045,0.6752822382492782,-0.2375350462208115,0.2272500206774745,0.0,0.0,0.0
2.794,-0.03634052703635974,0.00808782919486059,9.834783549836171,-0.0701684069402209,-0.6717807099258527,-0.1308705821581972,0.0,0.0,0.0
2.7960000000000003,0.04010362947006878,0.03554736483051401,9.79051796692887,0.04031101479719446,-0.7593692244905172,0.16035775169591043,0.0,0.0,0.0
2.798,-0.005740345628911643,0.016566921617237794,9.780984939327936,-0.2739060164073193,-0.19287956306671647,-1.2288805695908094,0.0,0.0,0.0
2.8000000000000003,0.0058374610077051355,0.0365794667905063,9.834756566183016,-0.29779197043423666,-0.14993268583441616,-0.5598290748131693,0.0,0.0,0.0
2.802,0.05321069282990275,-0.08364686257295317,9.847863948354595,0.5060672492675858,0.6878115026607766,-0.5899711836774463,0.0,0.0,0.0
2.8040000000000003,0.045296075821778504,-0.007101833851092931,9.792982725612982,-0.05999190748051355,0.30090674672038814,-0.8355211971685919,0.0,0.0,0.0
2.806,0.04682726466891472,-0.005345864811352331,9.782352262963968,0.6236759891654138,0.03256053282551129,1.8009776950296537,0.0,0.0,0.0
2.8080000000000003,0.002972879816124381,0.03715325088500543,9.809731761081402,0.19863059269022826,-0.3708040054322014,1.1666358478388077,0.0,0.0,0.0
2.81,0.014445869955270047,-0.002911427071035257,9.849100093400526,-0.3863002865554074,0.2184995252247236,-0.5831214197164466,0.0,0.0,0.0
2.8120000000000003,-0.0031575534101924104,-0.038825923565863195,9.770447207914188,0.559475211481559,0.45199780771695114,-0.9106224564182834,0.0,0.0,0.0
2.814,-0.041646031140972546,0.06523330389925644,9.801805506369362,-0.1442102590218608,0.28970272374780015,0.788147691239143,0.0,0.0,0.0
2.816,0.037709275073612734,-0.003309414092028652,9.802501893223196,-0.9891521535141724,-0.16587995343982676,0.27731910963474554,0.0,0.0,0.0
2.818,-0.005109797982192062,0.03489489880687557,9.857313682403198,0.3964262180053951,0.3320043841359471,0.006637842628969234,0.0,0.0,0.0
2.82,-0.020367571077215894,-0.0020437511386479815,9.859379843460292,-0.33307326313136815,-0.7066042915854025,-0.1664989431883115,0.0,0.0,0.0
2.822,0.007696196296565022,0.03976040690326509,9.789433090616397,-0.9190314600541217,-0.004774156349180344,-0.3385501063789885,0.0,0.0,0.0
2.824,-0.029239323440982692,0.007053261718608211,9.802684367405984,0.16622221791956265,-0.03610589140012872,-0.46810844513359157,0.0,0.0,0.0
2.826,-0.02295577873568092,-0.02551811290917532,9.824840851335205,0.8353615113397518,-0.1478496911246821,0.6017172866137447,0.0,0.0,0.0
2.828,0.02051185250004918,-0.00239099071086069,9.837918262277116,-1.1791102289347444,0.5208432676407602,0.4592826276511013,0.0,0.0,0.0
2.83,0.00500240684307654,-0.016765694395960543,9.775215756904787,-0.30918707039542204,-1.1714149710012387,0.36612042707130427,0.0,0.0,0.0
2.832,0.00578265366004165,-0.03369506726823362,9.798742943000585,0.29479634035087826,0.2923459214074957,0.05101579037768354,0.0,0.0,0.0
2.834,0.01613742349402495,-0.0006826148882865426,9.81951224081728,-0.8737463190504441,0.053537922138706305,0.733241422552482,0.0,0.0,0.0
2.836,-0.03157651731357161,-0.0059132146925775534,9.828443056826494,0.21446477559845073,0.06026917255426595,0.43704706118898945,0.0,0.0,0.0
2.838,0.0006034727857416477,-0.0077290364560691875,9.859191430952066,-0.21804768919484988,-0.10533559454920609,0.6932914686168596,0.0,0.0,0.0
2.84,0.01979283117554772,-0.007333720698204905,9.833260746070156,0.33902291266832296,0.49310128357841476,0.105470478758029,0.0,0.0,0.0
2.842,-0.02510497595852913,0.013680999596411999,9.821245527574781,0.43309504952749533,-0.2826642292732844,-0.143550525878563,0.0,0.0,0.0
2.844,0.006401226676067181,0.02004461236260109,9.77771735787199,-0.3196872583024288,-0.014547104405920566,-0.6299500841752561,0.0,0.0,0.0
2.846,-0.02059049459990227,0.020510460873873638,9.845576578756846,-0.4464208503580301,-0.9819524629321343,-0.27780807257809786,0.0,0.0,0.0
2.848,-0.04219908362000061,0.022924130076526685,9.816729383682299,-0.14094334127964303,-0.22571927641414188,0.6258288414165037,0.0,0.0,0.0
2.85,0.005003628023391477,0.013414357650516948,9.811876299072289,-0.3728797077222963,-0.35736284997771406,-0.15170682552721995,0.0,0.0,0.0
2.852,-0.08399957412427039,0.0372087023605059,9.857958100791306,-0.26864205700452726,0.46658659539113473,1.397078173016972,0.0,0.0,0.0
2.854,-0.02375321568290797,0.0008217159074586983,9.808715154522627,-0.35975127348183294,1.1763637394875686,0.28903057316516056,0.0,0.0,0.0
2.856,0.0162353654331753,-0.04229291373912536,9.812192213952365,-0.4113072323257053,-0.2319233061752309,0.37782912357116477,0.0,0.0,0.0
2.858,0.03144375135760795,0.006776743888714808,9.816801575799015,-1.0346078862127173,0.0620573553095336,-0.13336221274019672,0.0,0.0,0.0
2.86,0.06291317083563812,-0.012546321718363325,9.790007922387678,-0.08724839917948683,-0.17365703629579055,-0.1188447343128486,0.0,0.0,0.0
2.862,0.003900390209601194,-0.03456137205734683,9.835333794011449,-0.7819363515646236,-0.47593500796347,0.6892351308289214,0.0,0.0,0.0
2.864,-0.022011664752989137,-0.014816652912558707,9.862857501237153,0.27107415826588205,0.35489764435771665,-0.5294297256774726,0.0,0.0,0.0
2.866,-0.006698683195413184,-0.058949171000405455,9.783553534151038,0.17417774560160623,0.42822597238212534,0.04274688099802927,0.0,0.0,0.0
2.868,-0.010312130895211468,-0.0456208184114336,9.806476403885314,-0.09564510791281214,0.4453004859353799,-0.667847824780716,0.0,0.0,0.0
2.87,0.037845035283792614,-0.026241371685848516,9.763679151905434,-0.6737942037745227,-0.44350705317574074,-0.4002668543038322,0.0,0.0,0.0
2.872,-0.03556726088634065,-0.05358693323590112,9.832477865205714,-0.13322025994732262,-0.15843142320125012,0.887658797109749,0.0,0.0,0.0
2.874,0.005247918110509062,0.0037340701882681423,9.848385941013582,-0.1695131509123862,-0.9149037419979206,-0.3846771640197495,0.0,0.0,0.0
2.876,-0.007983453782013747,-0.0008549615714336184,9.828736544419144,0.16785561850330055,-0.33801607128423533,0.36683587447851745,0.0,0.0,0.0
2.878,-0.02556462758900713,-0.016007274514439084,9.803997880507026,-0.18939419824373666,-0.01072349222711708,0.6519227980893673,0.0,0.0,0.0
2.88,0.002171693495798721,0.03703479344260461,9.898864656087172,-0.27456640196173854,-0.4675873456342336,-1.1966418361938709,0.0,0.0,0.0
2.882,-0.021220478035217673,-0.054649688231221405,9.761677071503795,0.15526502623233648,-0.025748531525822804,0.1643493057561108,0.0,0.0,0.0
2.884,0.058221311549285136,0.015962732432926726,9.793667862575598,0.9530182916500411,0.18337901361026868,0.5676635516206205,0.0,0.0,0.0
2.886,-0.06340603992138899,0.01499413715707225,9.82594112545687,0.25228592967189417,-0.7864104964182639,0.9513026761610225,0.0,0.0,0.0
2.888,-0.019164166407943904,0.016747379376137954,9.805203453856759,0.10521770425568934,-0.11601381334821502,-0.12833728813261727,0.0,0.0,0.0
2.89,-0.0011137177052095357,0.021291675683535592,9.858010434203106,0.13853832245427594,-0.34389071611733707,0.45025916071887884,0.0,0.0,0.0
2.892,0.0122800342871844,0.023713504911802605,9.817931699264996,1.206662090245702,-0.43272301259637763,-0.43971988908129184,0.0,0.0,0.0
2.894,0.03114032350511637,0.03652804235710232,9.846473285181933,0.5717683114409617,-0.4889275573676868,0.39477847218214523,0.0,0.0,0.0
2.896,0.035422081925740284,0.030512927762842094,9.834193601015887,0.28212192733144015,0.5030085137465998,-0.4440393163550031,0.0,0.0,0.0
2.898,-0.031135236919659096,0.010237473586425969,9.794329204262391,-0.9573756124287283,0.8262423598979399,0.7763862944978914,0.0,0.0,0.0
2.9,0.03363169766351871,0.02054200632794778,9.79156948442223,-0.7343293175443077,0.47495245010236053,-0.4977729536978142,0.0,0.0,0.0
2.902,0.04982702479927187,-0.006937976055401581,9.826923927612917,0.5238971985933717,0.7790876074922815,-0.2231704732656759,0.0,0.0,0.0
2.904,0.02300211482974411,0.017985122050575328,9.83215568196712,-0.3004628612330095,-0.46791714286467334,-0.5135133970001173,0.0,0.0,0.0
2.906,0.046947248627337734,-0.009595275667236778,9.831943077419298,0.48430726819537623,-0.5261427024778186,0.38950496628768294,0.0,0.0,0.0
2.908,-0.018470639163541823,0.010007078020169554,9.813991328615021,-1.230533423748559,-0.6607257490152944,-0.10479512308984221,0.0,0.0,0.0
2.91,-0.03385471040326548,-0.01226846234604213,9.784616007180407,-0.2356981577162676,-0.10643205136481447,0.06622986064634238,0.0,0.0,0.0
2.912,0.009971317189010828,0.025723695649346248,9.7952962887733,0.22967173551359255,0.2034910946141374,-0.5349943221669577,0.0,0.0,0.0
2.914,0.00875781859804296,0.014668453181213533,9.800062051598786,0.3223973252230896,-0.059053137011415326,-0.34344830860836356,0.0,0.0,0.0
2.916,0.013537973860910641,-0.013475988252325832,9.719208031491519,-0.38610384497945766,-0.278657553075357,0.21730019143132215,0.0,0.0,0.0
2.918,0.014096932162914211,-0.0015884484198762571,9.804082565035698,-0.2608476551297961,-0.5287584189275569,0.0007449826619481928,0.0,0.0,0.0
2.92,-0.0258885455745662,0.006969923526661076,9.826409474582514,-0.2391744026259707,-0.5423782625541365,-0.428031231978637,0.0,0.0,0.0
2.922,0.005404407268602593,-0.02195901694347919,9.80880393536093,0.21010220667387292,-0.25333994647461733,-0.284684119227387,0.0,0.0,0.0
2.924,-0.05792233845545234,-0.006901108968289021,9.855672936566616,0.6305474583618726,0.03024512324534847,0.096284076082623,0.0,0.0,0.0
2.926,0.003491459040902588,0.02839080179569211,9.830875268204224,0.4020713205606451,-0.2874897968228759,0.08615035144509621,0.0,0.0,0.0
2.928,-0.007722271388332763,-0.033768988328744504,9.797106491320905,-0.9343091972519768,-0.074470918129878,-0.4611432672372327,0.0,0.0,0.0
2.93,-0.017655692401089183,0.022290185280265173,9.83114361047912,-0.3371210989212994,0.2556837109476219,-0.6471809001444059,0.0,0.0,0.0
2.932,-0.03564575947359692,0.013942128436012592,9.809457233438549,-0.31387836349556864,-0.6631542639848947,-0.14149502581173837,0.0,0.0,0.0
2.934,0.014162127825888876,-0.01889069067274604,9.783542360582729,-0.029611225379936205,0.5138691251660427,0.6348201325507679,0.0,0.0,0.0
2.936,0.0015802685150588752,-0.014255251760811065,9.78786111585885,-0.6111357140146834,-0.38856495396270985,-0.5544914327268634,0.0,0.0,0.0
2.938,0.060990767921547576,-0.03027496473614065,9.808980304929596,0.49268000626615543,0.29350052674900956,0.21341777966246478,0.0,0.0,0.0
2.94,-0.013667000155872557,-0.0006860849552762868,9.717868508904106,0.03589772387929671,-0.7859572618052901,0.08419324202677082,0.0,0.0,0.0
2.942,0.05892498218744872,0.022129331927329448,9.79410297521166,0.2483803020646001,0.31512964376080893,-0.2729597485359884,0.0,0.0,0.0
2.944,0.007867038750305236,0.04971433905504005,9.779437084136733,0.02551484390137068,-0.0302330102057891,0.11249103211913625,0.0,0.0,0.0
2.946,-0.007414298899380332,0.057389554236870186,9.840167185953863,1.0708618829822738,-0.6438155235671668,-0.13147910181568012,0.0,0.0,0.0
2.948,0.013996144318665792,-0.007949585149345923,9.836413596809424,0.05845147295055254,-0.04936981502226286,-0.3760144894590866,0.0,0.0,0.0
2.95,0.01445157020503532,0.012750324055865452,9.808026207440555,0.46992008523623496,-0.035619510939756585,-0.18617479909129597,0.0,0.0,0.0
2.952,-0.00917961919837677,0.06089150112248991,9.832252814892442,-0.3181572913762232,-0.5530672881470999,0.01616615879932426,0.0,0.0,0.0
2.954,-0.01811304302725424,-0.030008890441806525,9.804200268481681,-0.22136678039428287,0.6832562859342969,0.17147642163360852,0.0,0.0,0.0
2.956,-0.00406304379793456,-0.008070733804393689,9.792833894093722,-0.31444527941069855,1.1493279780445036,-0.8195038687204868,0.0,0.0,0.0
2.958,-0.010120241835610203,0.0017719093705033573,9.82377224106356,0.14161436194023713,-0.3312062502976295,-0.5729397190380685,0.0,0.0,0.0
2.96,-0.014434510146125777,-0.01960825745042963,9.807271448936726,-0.016578268952523043,0.15649537818870585,-0.5124172637869642,0.0,0.0,0.0
2.962,0.017977237240953486,0.03531764214752381,9.799287715834529,0.27579115017108286,-0.40233789865663494,-0.5214153839121402,0.0,0.0,0.0
2.964,0.022544218982890284,0.029076590090660093,9.767335904275388,0.4006487707783502,-0.7505141221279038,0.5894935265961343,0.0,0.0,0.0
2.966,-0.023642125988242495,-0.022319780488028136,9.767192004008209,-0.5320813418114523,0.36197644607833074,0.038823746865980356,0.0,0.0,0.0
2.968,-0.001579729370996215,0.01679237988887602,9.810660743354282,-0.6538737085790882,0.3555621555050976,0.7819595676167496,0.0,0.0,0.0
2.97,-0.03401521459369134,-0.03923378283038799,9.834494913230243,-0.08556802681786746,-0.13059338661853898,0.23862410587381794,0.0,0.0,0.0
2.972,-0.00021619279627117671,-0.047041540227514694,9.859529188416051,-0.4288275648342411,-0.11199908012970129,0.4602429440567503,0.0,0.0,0.0
2.974,0.01850063924193075,-0.03799267554513388,9.809075944038058,1.1711226927006826,-0.17691667328388372,-0.7089379817337086,0.0,0.0,0.0
2.976,0.03622850969683071,-0.02983891977136607,9.856919389859192,0.3620473963663179,0.19313163783662582,0.25323753099285534,0.0,0.0,0.0
2.978,-0.021396734505226726,0.01302759257259638,9.81001566671995,-0.9002287317166653,-0.07647638821495299,-0.23570343887062742,0.0,0.0,0.0
2.98,-0.012648848022026012,0.055390901059078346,9.840522544204589,0.2870852814198939,-0.49146729580184767,-1.0380004291872995,0.0,0.0,0.0
2.982,-0.03024017664509149,0.03907246940804682,9.823721378578648,-0.054460369026763135,0.6091641851921692,-0.2549517640155102,0.0,0.0,0.0
2.984,-0.032360882027944994,0.015113530495905397,9.809014551131265,0.3903602075009039,-0.15400173740187215,-0.016877121286102647,0.0,0.0,0.0
2.986,-0.0034636594473102435,-0.02837169244288994,9.801320327172073,0.09009127517552908,-0.4181428522832728,-0.20606796708982086,0.0,0.0,0.0
2.988,-0.020756104773997763,0.00112260187094742,9.785348952313305,0.24042356686054386,0.09521317754783164,0.08275531509843456,0.0,0.0,0.0
2.99,0.017078135474785216,0.030289159442237427,9.797485178430653,0.08236385884294255,0.10937150876907897,0.23105287685385587,0.0,0.0,0.0
2.992,0.02343181189765583,0.009468359482935507,9.812840523502173,0.006446888680606058,-0.6474552387313675,0.7091543332094182,0.0,0.0,0.0
2.994,-0.015676770385143573,0.04207787302313605,9.852865513065327,-0.10535150182980384,0.13464031280113797,0.08981688533686089,0.0,0.0,0.0
2.996,0.00041115841994527274,0.045260860549231896,9.797072702803359,0.9863447299831937,-0.022371641158727664,-0.4552955815044585,0.0,0.0,0.0
2.998,0.026262968265454524,-0.00802128135550472,9.767214998535819,-0.23747471935615175,0.06661307206436493,0.14605305413027317,0.0,0.0,0.0
3.0,0.023283707223465226,-0.0032188699768059877,9.822134088980208,0.19824175679107603,0.5808521083586141,0.3147196561700533,0.0,0.0,0.0
3.002,-0.005511436250459313,-0.015218084813581941,9.787105770981452,-0.35948200708881506,0.2976647605842244,0.30529288934428345,0.0,0.0,0.0
3.004,0.00830711660013606,0.021555456921049595,9.755710902995189,-0.8734055598181318,0.03964904383921365,0.3915402377905214,0.0,0.0,0.0
3.006,0.022247778465628695,-0.050186016541891684,9.789622966301254,-0.031634280401204515,0.7835625070899855,0.043982482353163904,0.0,0.0,0.0
3.008,-0.02037402652185647,-0.04851487083951485,9.81486034021449,0.10355539343288288,-0.1745561101415179,0.20003361769754277,0.0,0.0,0.0
3.01,0.01895666600012712,0.018285938176845155,9.808660069314142,0.3095416876414931,0.38028742085593514,-0.16517899602152536,0.0,0.0,0.0
3.012,-0.03308492251702766,0.0003179970538375971,9.79064365874302,-0.6558155853256256,0.23753397643631985,1.1179073573732665,0.0,0.0,0.0
3.014,-0.009853331271911287,-0.013605415187799964,9.795715604674397,-0.5332099480310816,0.2682568316309135,0.45298342843573547,0.0,0.0,0.0
3.016,-0.02538467091644,-0.02811172879184232,9.842186903385679,0.9308990617118438,-0.16615074456177947,-0.054485278433663235,0.0,0.0,0.0
3.018,0.07711552240548776,0.031472062041189935,9.764378398347363,0.433245926076209,-0.2037813697337314,0.24136980844540562,0.0,0.0,0.0
3.02,-0.07709131058007741,0.02167261455739576,9.804703343808058,0.5187434248737006,-0.09836537784315338,-0.45748301650175244,0.0,0.0,0.0
3.022,-0.050719783293450366,-0.06661354370895346,9.740876518126406,0.27060482226977967,-0.8880404301339215,0.3936585284572226,0.0,0.0,0.0
3.024,0.0380779740579281,-0.027612157079513085,9.751247696524512,0.016298613381038416,-0.052231198119389206,0.4892566868404347,0.0,0.0,0.0
3.026,0.004835671798368156,0.046468985405686065,9.83216191074138,-0.1341979515899669,-0.6238235423866648,0.40494784069746104,0.0,0.0,0.0
3.028,0.01953689037115492,0.031061925106901173,9.779741555655383,-1.5963998116419664,0.3324113126781352,0.07625068127745811,0.0,0.0,0.0
3.03,0.05609354710612728,0.006214689844223618,9.796309746743825,-0.2868269939753108,0.8272279686022997,0.46589578279362054,0.0,0.0,0.0
3.032,0.011620500667353656,-0.001106957132688052,9.833237537558114,-0.45211118625046126,0.48407612261196026,0.36224508955021123,0.0,0.0,0.0
3.0340000000000003,-0.04717154281497742,0.005717816138687826,9.781311867643842,-0.26617222028795845,-0.17148118784631688,-0.8969297210232079,0.0,0.0,0.0
3.036,0.03187236184206934,-0.04063901654924086,9.782077021842262,-0.44762840622089645,0.2184210943385019,0.4036520553027683,0.0,0.0,0.0
3.0380000000000003,-0.01324324933401277,0.0031515905602658143,9.801527431385864,1.1009489593390003,0.34776343748309996,0.4482581945599556,0.0,0.0,0.0
3.04,-0.021055551475850268,0.019003878107531926,9.816822044445665,-0.18516182821226107,1.1606321470852399,-0.4638328798214751,0.0,0.0,0.0
3.0420000000000003,-0.028972918816491746,0.003444500613622605,9.776982449616067,0.24052597613980212,-0.04199697858385368,-0.11468319440869768,0.0,0.0,0.0
3.044,0.03704663972786335,0.04069673302994465,9.837195064914408,0.005189571561530095,-0.9403676601156092,-0.5921596631066871,0.0,0.0,0.0
3.0460000000000003,0.01292888212222888,0.023776140863698017,9.767038618561779,-0.0544639255739696,0.3342892522095497,0.09698154612046862,0.0,0.0,0.0
3.048,0.025857182217442397,-0.011809046428815995,9.786869059544806,0.5476121214153024,0.15539814741326152,0.5115912075477962,0.0,0.0,0.0
3.0500000000000003,-0.024777688791407564,-0.00180493216895435,9.828420327317636,-0.5115675974131375,-0.2515978231181733,0.37334915302523825,0.0,0.0,0.0
3.052,0.03326574197838689,0.010971360885811132,9.823654204848559,-0.8058941936025498,0.22791041887699565,-0.20908112182896307,0.0,0.0,0.0
3.0540000000000003,0.04995059175003035,0.04613201033006717,9.850510212425487,0.17165713351093198,0.6153333270761251,-0.39551672121452375,0.0,0.0,0.0
3.056,0.0015544089566371893,-0.01964857203394204,9.849523217460208,0.17955583541828363,-0.15089054336638572,-0.7870198410874045,0.0,0.0,0.0
3.0580000000000003,-0.022672664081528418,-0.03736809661549775,9.883819300592984,-0.6703858058796106,-1.3573604323604809,0.7756433353709038,0.0,0.0,0.0
3.06,0.054102255447837866,-0.008677217737475342,9.875327702773218,-0.006154324320859337,-0.35768472278369956,-0.3691081896742747,0.0,0.0,0.0
3.0620000000000003,0.006032208408913466,0.004840116098830023,9.902453591766282,-0.7316233683205087,-0.6796794339420077,0.9062699172751042,0.0,0.0,0.0
3.064,-0.002655181274058266,0.001471312317040053,9.948356603127689,-0.45020237202448704,-0.5605565569625305,0.07399596715072707,0.0,0.0,0.0
3.0660000000000003,-0.007981061656613525,0.03547161217914865,9.916548147197572,-0.7746481174900801,-0.5677729296378422,0.7281200112000927,0.0,0.0,0.0
3.068,0.02881146822783549,0.0030441339756258094,9.96673176534374,-0.595814193500822,-0.5187430684123218,-0.10181951594495234,0.0,0.0,0.0
3.0700000000000003,-0.06384128331638037,-0.02027103896401617,9.950609594076436,-0.04798994052164386,0.09955363374612419,-0.34216862584274976,0.0,0.0,0.0
3.072,0.027295549030405573,-0.015746522976134405,10.031550801622085,-0.11630274165331213,0.006962017770263546,-0.8416661842486852,0.0,0.0,0.0
3.074,0.020921195685930316,-0.030773106795482643,10.02306800869416,-0.009285994552529236,-0.3769687375124827,0.019458865507539884,0.0,0.0,0.0
3.076,0.002825615721490144,0.013040200235114803,10.072831954337698,-0.7110476015780791,-0.537909148879252,-0.7263289192593597,0.0,0.0,0.0
3.078,0.03340080940691435,-0.03881856022807605,10.066559811035757,0.15014943019191698,-0.354921603730754,-0.8823657364691722,0.0,0.0,0.0
3.08,0.024726957754955137,-0.05387858625914852,10.087166679936828,0.06625543623522308,0.09402228542405713,-1.0785465719925276,0.0,0.0,0.0
3.082,-0.03176576396792288,0.011586547073822966,10.151180923460245,0.9868206184469033,0.3309940033872571,-0.8431255536387359,0.0,0.0,0.0
3.084,0.09075977338072892,0.03555833180871065,10.085576067663963,0.0932466501518102,-0.23058615733698937,0.07512439111563374,0.0,0.0,0.0
3.086,-0.004621393153866437,0.006125120297510814,10.192937027719795,0.12883808793172158,-0.13692091249544772,0.37203559982463114,0.0,0.0,0.0
3.088,-0.0022293415969964923,0.010449071001244935,10.161285124885138,0.7703708216692929,-0.24007994907802618,-0.21670582314921086,0.0,0.0,0.0
3.09,-0.03639317527203539,-0.04572564549715439,10.178685945604423,-0.28718409672454365,-0.4214461638122368,-0.20574268656044675,0.0,0.0,0.0
3.092,0.038115910654265346,0.0333107922914794,10.305669471911903,-0.010796576937433655,-0.071506573626514,-0.49696930008275325,0.0,0.0,0.0
3.094,0.04333834059874973,-0.061297662104468485,10.275862154422667,0.024508632982869476,-0.89730345599881,0.13177450320488773,0.0,0.0,0.0
3.096,0.022566372194078692,-0.0012244955097765304,10.248750328022247,-0.37017697901439145,-0.1377465444242647,0.07736205966390301,0.0,0.0,0.0
3.098,0.04084785526147644,-0.0038298090874528973,10.255304847138888,0.20666796915813104,0.33631029575307175,-0.08608907654437398,0.0,0.0,0.0
3.1,0.014764176826702584,0.024488323603556985,10.27950554361663,-0.016615639651313553,-0.34072139388220063,0.1474425490442354,0.0,0.0,0.0
3.102,0.0678732457765781,-0.0031577397924483046,10.296842074336698,-0.09315071702202664,0.5633573564354022,0.48245928776154234,0.0,0.0,0.0
3.104,-0.02868898078681074,0.027621499107909293,10.347634643541827,0.15771437492231677,0.029530888953881528,-0.8035865403506895,0.0,0.0,0.0
3.106,-0.021563336181836847,-0.03757409147382661,10.357142009521482,0.459914365527085,-0.2876255688788958,-1.1577461131845626,0.0,0.0,0.0
3.108,0.033862597978727225,-0.03973226441051973,10.400521456728946,0.2836603221196215,0.3445163166292321,0.03059988975657542,0.0,0.0,0.0
3.11,0.025731483759707085,-0.0014663559567441374,10.420157995917801,0.24092737112889015,0.13957201711454653,-0.18251925020175203,0.0,0.0,0.0
3.112,0.06566677748476497,-0.027580236431439465,10.457358982107165,0.05758139562082703,0.1798337384103714,0.4805534340593651,0.0,0.0,0.0
3.114,0.01926122028596632,-0.015744898907936965,10.476196043112639,-0.37471042561800766,0.25158592095127486,-0.20712414388410655,0.0,0.0,0.0
3.116,-0.015260929210978429,-0.005184913777390623,10.460756916244916,0.36853552333218287,-0.9683172819130857,-0.21472402446492397,0.0,0.0,0.0
3.118,-0.004800334214544293,-0.058908107693381784,10.488645361412743,0.13461174925316774,-0.16013380141146785,-1.0253651081933788,0.0,0.0,0.0
3.12,0.005019859723852348,0.033331154434823713,10.572688836240776,0.16886435128459987,0.7831397815690915,-1.2035787719664077,0.0,0.0,0.0
3.122,0.05180139421196288,-0.038907228156973506,10.535849373969835,0.6870573561744571,0.26311672497212957,-0.3463016413170513,0.0,0.0,0.0
3.124,-0.005288021342189001,-0.004528319209190964,10.557204246442467,-0.8378542284460544,-0.5685442972067647,-0.664104857280579,0.0,0.0,0.0
3.126,-0.011020724011499165,0.020540889268524817,10.59549829635957,-0.550032056932331,-0.6717039191571366,0.166672608620697,0.0,0.0,0.0
3.128,0.04326514391774188,-0.0207184668161052,10.645706279977176,-1.0385133645413922,-0.08566092847362748,0.11775848849360707,0.0,0.0,0.0
3.13,-0.04356337690438332,0.001505128820298776,10.63808476169131,0.7020491657203041,0.18714952104274177,0.3954941309042924,0.0,0.0,0.0
3.132,-0.0036397469728146428,0.018116393611793433,10.674786071701549,0.5663734760361613,0.3764666706931514,0.3364402781754649,0.0,0.0,0.0
3.134,0.04163349438444152,-0.054514807813985086,10.657157996304717,-0.0878938925526649,0.25679394780630393,0.011705332051899926,0.0,0.0,0.0
3.136,0.018227754944271427,0.02056776305016095,10.709949746053415,-0.7095355254378769,0.4371648091214997,0.49820563339101476,0.0,0.0,0.0
3.138,0.02101078239078676,-0.020200492443968213,10.743153867264418,-0.07895851917592463,-0.15345748037091722,-0.3546812708326184,0.0,0.0,0.0
3.14,-0.051510725307890665,-0.004055052247132926,10.765209926552023,0.017713475182813236,-0.2973709037732623,0.4195525090236255,0.0,0.0,0.0
3.142,0.00710110841493486,0.04227008623581294,10.752267488324389,-0.47986729124182975,-0.11156131733785668,-1.4783092848925126,0.0,0.0,0.0
3.144,-0.026435165488846345,-0.009556160362454007,10.843169079534242,-0.22557662523745414,0.23848464071792824,0.434621166028207,0.0,0.0,0.0
3.146,0.03922186788506402,-0.011052715926088749,10.813081548428789,-0.25575749140402676,-0.24208761508249438,-0.7377390945277069,0.0,0.0,0.0
3.148,0.018395134655067213,0.004769171532673713,10.816028421161873,-0.08102934246732789,0.13797705132955562,0.15604633483897698,0.0,0.0,0.0
3.15,-0.004142506095342253,-0.019734679160224613,10.884306780328997,0.6571295282385455,0.2112063208955887,0.5792525437301757,0.0,0.0,0.0
3.152,0.07056166654045579,-0.026028580708770937,10.90857765958059,-0.10505595326767966,0.35291224304487967,0.050272925719183154,0.0,0.0,0.0
3.154,-0.03260344417498088,0.008253247625406832,10.914659513228061,-1.5257712422005452,0.8292337483029526,-0.5211164350021299,0.0,0.0,0.0
3.156,0.02953716647780342,0.031075254227038274,10.887009824785757,0.4381150672623846,-0.6509701056646164,0.3266341611281091,0.0,0.0,0.0
3.158,0.03860750489815812,-0.0012808015568798747,10.938021771924852,-0.4063306780291015,-0.38215376199004714,-0.8571258618513744,0.0,0.0,0.0
3.16,0.01108889523114407,-0.04033257077134057,10.9848608138903,-0.3045624773827084,-0.30858515432483336,0.6204632809196355,0.0,0.0,0.0
3.162,0.025418721443264864,0.02687367815016275,10.94904751260097,-0.40914679448587177,0.9588869489579546,0.11804245862610631,0.0,0.0,0.0
3.164,0.025750422683933016,-0.028950242552731178,11.04468742472367,-0.5003585476112133,0.5807695290737691,0.4898460364641968,0.0,0.0,0.0
3.166,-0.042005970649160895,-0.05100738702337079,11.031171035394651,0.17201379689656457,0.19915837879350948,-0.475240619996304,0.0,0.0,0.0
3.168,0.029409810663837143,-0.07138491958408243,11.086838553351603,0.5139746861291877,-0.6701492908435861,0.019404764722938384,0.0,0.0,0.0
3.17,-0.00015376139874135562,0.0038280247775780555,11.109516831343273,0.14233512829524136,-0.15773183410861155,-0.12323785117393962,0.0,0.0,0.0
3.172,0.010947986919523834,-0.026622688896393742,11.091264740193747,-0.25319265622702014,1.1566519160502473,0.03738509715077255,0.0,0.0,0.0
3.174,-0.005237384069253096,-0.013878280213113114,11.109226765746767,-0.14926365548026768,-0.39468466252749207,0.40206515849618785,0.0,0.0,0.0
3.176,-0.012106296158985843,-0.05498781378458648,11.120809914264116,0.6232382764916223,0.01701599911793335,0.6351036271002256,0.0,0.0,0.0
3.178,-0.014575835733156992,0.027063651107465253,11.160823981686706,-0.30734450032465044,-0.43860866166650275,0.34057556317246807,0.0,0.0,0.0
3.18,-0.019963872593711754,-0.04114063387559632,11.220399286421483,0.07332161880007773,0.6892829554191405,0.3274405524548114,0.0,0.0,0.0
3.182,0.013803242990482042,-0.026429456492996054,11.237419037954924,0.6781239991726269,-0.8194788273089164,-0.008728458632268331,0.0,0.0,0.0
3.184,-0.018036898782326546,-4.225520068150514e-05,11.255929193085896,-0.19719851199503882,-0.13656945299785161,0.09672526993642067,0.0,0.0,0.0
3.186,-0.04362889882452356,-0.0005541409237264898,11.260762003592674,0.6314888904127096,0.1612894312354729,0.0696469459613521,0.0,0.0,0.0
3.188,-0.006572847359797387,0.01717720523613168,11.306891959294527,0.1730910231356237,-0.31949992958565676,-0.1853756276857548,0.0,0.0,0.0
3.19,-0.036222349315423896,0.0036335894649600566,11.36044927871494,1.2699078561750379,-0.10973235404798559,0.21568002437955813,0.0,0.0,0.0
3.192,-0.04605396605047368,-0.03395816892442633,11.26427685374858,-0.005663993754095901,-0.7680155127516138,0.15864200248919594,0.0,0.0,0.0
3.194,-0.0009144553360547289,0.0017497231429121286,11.339065433476543,-0.3525835655980375,-0.39626453920477955,0.14653156005743434,0.0,0.0,0.0
3.196,0.01470389456619439,0.05045190083050811,11.381251058791845,1.401146433151347,0.3824900007205398,-0.2596283280157031,0.0,0.0,0.0
3.198,-0.007663358510446948,0.00083801802386033,11.378796875356194,-0.44172550624167245,0.3117500390714939,-0.09661984732747958,0.0,0.0,0.0
3.2,-0.006428957129042507,-0.0005144016277734524,11.410872475840378,-0.6588663750626641,0.1748670229568166,0.21304180111914875,0.0,0.0,0.0
3.202,-0.01774687493731117,-0.029373315492832595,11.425077387864846,-0.538002952953641,0.14540029170006918,-0.3935326103527326,0.0,0.0,0.0
3.204,-0.008363221234331928,0.02914769892255923,11.510129210054286,-0.9511060507577171,-0.15911475931625224,-0.3897241750108122,0.0,0.0,0.0
3.206,0.022079292607284157,0.025948643930048136,11.525703366078522,-0.3569342263788658,-0.12313643054330324,-0.3566876404371382,0.0,0.0,0.0
3.208,-0.004672422922909524,-0.006875541836932007,11.476342508736169,-0.6735563608420055,0.18268784368180832,0.40889473309184116,0.0,0.0,0.0
3.21,0.03950080543342472,0.010849423407226111,11.527635910354164,0.5536920378331285,0.7316364003739367,0.14074874026773715,0.0,0.0,0.0
3.212,-0.004184651896144724,-0.015664974372051166,11.548458795918298,-0.4737975267914812,-0.6083969441519655,0.8204354628907613,0.0,0.0,0.0
3.214,-0.026240007807551615,0.004285038410776668,11.578275112705153,1.4538827255139855,-0.9413177401922639,0.130033804369201,0.0,0.0,0.0
3.216,0.0009570558365894268,0.03202796163064879,11.583592314374103,-0.09790711179493529,0.3094786789432086,0.6503799881161135,0.0,0.0,0.0
3.218,0.0031032149614659632,0.008054023019970134,11.58567907043977,1.2144565312512938,-0.6636834144151533,0.09087523907755578,0.0,0.0,0.0
3.22,-0.04299884741078678,0.018204364353735347,11.673362841195619,0.6486784963031135,0.5355471640488102,0.727108048037586,0.0,0.0,0.0
3.222,-0.025948450184274087,-0.008511415229199688,11.687729324222214,-0.5721108564810296,0.22638365911571107,0.036445918810993724,0.0,0.0,0.0
3.224,0.0040982026086974245,0.010777897759781677,11.649150017479101,0.09529054903658721,0.618835186767439,-0.1388476057298654,0.0,0.0,0.0
3.226,0.006764574849286437,-0.031204159087825884,11.705030694846142,0.08831392493875832,-0.804976399533306,-0.6018140143233561,0.0,0.0,0.0
3.228,-0.010950117472835199,0.044010019899263265,11.650482362962403,-0.04253892894419042,-0.6492496155026805,-0.3281408188171337,0.0,0.0,0.0
3.23,-0.0723380011233746,-0.006698549282040541,11.622302700004596,-0.1456383267190855,0.5254159439417394,-0.6425718583105012,0.0,0.0,0.0
3.232,0.024703181304602254,0.03516532197992432,11.683489631523894,-0.022416579441769776,-0.6828789631324694,-0.4495167167896132,0.0,0.0,0.0
3.234,0.039723290235211844,0.008856226746867715,11.639490508085899,0.16742451665447677,0.20465778710790944,-0.3066140729039376,0.0,0.0,0.0
3.236,-0.07489278969743217,-0.04674346796856711,11.645837520752206,-0.259098123759886,-0.46360356334249603,0.3043509312638383,0.0,0.0,0.0
3.238,0.02217445009653241,-0.0046488713242603735,11.646505524220554,-0.14755651743768636,-0.05442130934161753,-0.7061073031316311,0.0,0.0,0.0
3.24,-0.01590504111033828,0.028358068317131592,11.676039456614182,0.03302358701690894,0.5559370694455824,-0.5826611789713418,0.0,0.0,0.0
3.242,0.05470930543187928,0.002632948569697127,11.643401035610916,0.7301298558858548,-0.21747673178223115,0.5495007586174205,0.0,0.0,0.0
3.244,-0.004269611017529471,-0.008330024704268775,11.65021905601303,0.04059984066626152,-0.5727503785439193,-0.32423232375079186,0.0,0.0,0.0
3.246,0.01303333481913844,0.054453596138384415,11.635424928623756,-0.2916637730978371,0.049667121876916694,0.004815916361525761,0.0,0.0,0.0
3.248,0.02820686850087555,0.018416064658186657,11.617602119029051,0.7623551884521708,0.4713232765781935,0.05566251440478031,0.0,0.0,0.0
3.25,-0.01956619905877606,0.03484625513083825,11.628086901841737,-0.008328644215738827,-0.6301027381063611,0.010835333857932889,0.0,0.0,0.0
3.252,-0.019337892416418125,-0.030886391685448465,11.67063053945583,-0.1271396374373844,-0.067537616629669,-0.24337495927290376,0.0,0.0,0.0
3.254,0.002187682583483119,0.05783563481544885,11.67792638715107,0.376201745156133,0.6205322327185601,-0.8864473957145764,0.0,0.0,0.0
3.256,0.023688386472192267,-0.011402686421177421,11.687407720894864,-0.6547588299035034,0.19688636889562622,0.4034438335915229,0.0,0.0,0.0
3.258,0.006089586605283223,0.0020505410688251586,11.6922671487585,0.09185776239998446,0.7216456085692569,-0.7234635766929846,0.0,0.0,0.0
3.26,0.016192515066121616,-0.0476773231510818,11.741966994146596,0.4904566777942868,-0.039456942945499986,0.9164574912980539,0.0,0.0,0.0
3.262,0.01135951471205678,0.012520940840451068,11.627172244118697,-0.2363694833204239,-0.11521341075721696,0.4793147401819707,0.0,0.0,0.0
3.264,0.012271756302909262,-9.907741275011416e-05,11.679845030306518,0.8257086737832615,0.19669156129932053,0.15844650140429106,0.0,0.0,0.0
3.266,0.009053457297520596,-0.0019759758954558705,11.625415171259737,-0.7738510559027351,-0.3777798647358651,0.25638661405320606,0.0,0.0,0.0
3.268,0.00858694370865972,-0.0009140151182575905,11.65365888795514,-0.10007738461904625,0.35808467355145196,-0.06224941698156812,0.0,0.0,0.0
3.27,0.005187597339839417,0.009098648493034461,11.637670923818316,-0.2968293429357537,-0.6065583654897606,-0.009145568726947152,0.0,0.0,0.0
3.272,-0.015386168514150415,0.03841221788476758,11.645224268384506,-0.5121231735042652,0.35405561747778297,0.30812599323184425,0.0,0.0,0.0
3.274,0.010487886718301361,-0.05660694528280454,11.663803972369326,-0.0329044040805131,-0.1333573351315648,-0.1722995557885075,0.0,0.0,0.0
3.276,0.05647929211770503,-0.020385341953655607,11.636842866788596,-0.9442643532260749,-0.13012652092372912,-0.2567704357873848,0.0,0.0,0.0
3.278,-0.06451470917817796,0.03317953748546218,11.65639725154352,0.7336666443796949,0.40062568457742453,-0.36223154356353254,0.0,0.0,0.0
3.28,0.045583378124316086,0.04129898910566263,11.664201107549047,0.027273347982771555,0.9912569660493475,-1.4139311959795984,0.0,0.0,0.0
3.282,-0.024324796700404924,0.04176201682514346,11.64528104372654,0.09652511149665184,-0.4042872757757582,0.22321472336548662,0.0,0.0,0.0
3.2840000000000003,-0.02845789479701637,0.020220119152379177,11.690123591211037,-0.18910498099690223,-0.20762557889436103,0.8199201884023876,0.0,0.0,0.0
3.286,0.032552807723225795,-0.01626567545303325,11.686815445533632,0.6454338574606154,0.2879353304619875,0.21539108093526538,0.0,0.0,0.0
3.2880000000000003,0.0012651078236277063,-0.0014815019613455573,11.700336087908425,0.16330466821485104,0.2304115363032244,-0.09387481949216742,0.0,0.0,0.0
3.29,-0.02218478304716526,-0.03907411428835645,11.613155681743486,-0.19797643067714416,0.648851006056037,-0.9540314439321977,0.0,0.0,0.0
3.2920000000000003,-0.0035545062491022165,0.016314669775668776,11.68439766263113,0.01699494186258644,0.09262856155775087,-0.36253744246478153,0.0,0.0,0.0
3.294,0.040408145741164254,0.05323235991089232,11.6280099817342,-1.305280455663493,-0.0847864818144074,-0.33245164565730423,0.0,0.0,0.0
3.2960000000000003,0.06194275839105058,-0.00165266694977703,11.645984475697942,0.40546798239051024,0.47449329395880563,0.014469425574297253,0.0,0.0,0.0
3.298,0.02317072486745131,-0.041788169721832205,11.646115654672547,0.021161553298458178,-0.719046767198719,-0.22102978844410742,0.0,0.0,0.0
3.3000000000000003,-0.02540319445946632,0.02566548902610489,11.65742765470704,-0.39324968927542653,0.37475023797786283,0.1394044964130855,0.0,0.0,0.0
3.302,-0.01028355734370625,-0.007264883826371885,11.649430159226197,-0.07149024594228284,-0.28869339684827616,0.3759170210972119,0.0,0.0,0.0
3.3040000000000003,-0.009564702553991621,0.02673900569387649,11.665589139245231,0.23562623430366067,-0.4471326164964807,-0.20704008113940645,0.0,0.0,0.0
3.306,-0.015912282284973628,-0.023365764712898036,11.59799559357255,-0.39320124978979215,0.5784295500327862,0.16608880300617787,0.0,0.0,0.0
3.3080000000000003,-0.024787570677942457,0.004999853700150597,11.70697941685876,-0.35675038794060826,0.045961290064708345,0.3185035136924301,0.0,0.0,0.0
3.31,0.006365630341813818,-0.010068682676505306,11.673008036763578,-0.2503839806464447,-0.3112051474081291,-0.30477738463627285,0.0,0.0,0.0
3.3120000000000003,0.03675581176711011,-0.01823241896769492,11.661984138743325,-0.26837698248812714,0.6166909018698538,-0.08988761040101778,0.0,0.0,0.0
3.314,0.012317954257444102,0.020282902151544376,11.64773148408256,-0.5151833273235461,0.3458142385818254,0.5502589838019646,0.0,0.0,0.0
3.3160000000000003,-0.0023722427148113335,0.04303051073549115,11.659968472899047,-0.27405689340133355,0.6313788105710647,-0.6169627514433013,0.0,0.0,0.0
3.318,0.03332109289359983,-0.024644366517002695,11.693190308658236,-0.02735241744759613,0.6441576809629638,-0.3352274927938002,0.0,0.0,0.0
3.3200000000000003,0.004857093986109556,-0.03170446081195583,11.696754723808365,-0.1602299935221053,-0.31776374893251297,-0.6591732459449291,0.0,0.0,0.0
3.322,0.05747233864960751,-0.0006491948188545907,11.687683152865363,0.07174847470185786,-0.14207412862960453,0.5130129449274009,0.0,0.0,0.0
3.3240000000000003,-0.01796806141094856,-0.06357191127455396,11.663507480673843,-0.44184471843390377,-0.0056864550069223585,-0.3119181134912694,0.0,0.0,0.0
3.326,0.01082601421074955,-0.013611932459428717,11.59149190777546,-0.1192797883423628,0.2945461414816905,-0.14966897683902114,0.0,0.0,0.0
3.3280000000000003,0.0030253376935939704,-0.042498332096971105,11.628893302457353,0.09274514620817413,0.40075929235287966,-0.4345053279251346,0.0,0.0,0.0
3.33,0.04666636745669566,-0.029920111390980095,11.677098970649887,0.475132854780506,-0.05864410557068823,0.06323359379676054,0.0,0.0,0.0
3.332,0.015301145278951444,-0.01972691361432534,11.600190875043289,0.07469214557884998,0.45952353723099454,-0.2469200062258258,0.0,0.0,0.0
3.334,0.048121075054891105,-0.005791383906709221,11.655730378347107,-0.6514686776011126,0.33890904199779265,0.3226836044170753,0.0,0.0,0.0
3.336,0.033932841080342335,-0.01082698627270948,11.673307424829389,0.226746145745336,0.3487564354879069,0.4117528676715694,0.0,0.0,0.0
3.338,-0.008819042921148844,0.025055436657360486,11.622828681290565,0.7567519129854356,0.6431278464804173,-0.04022473855288617,0.0,0.0,0.0
3.34,-0.036715499629097405,-0.03574557556252465,11.651282750927392,0.500814123870765,0.19191126519986687,0.24940205784748504,0.0,0.0,0.0
3.342,-0.04290545485977615,0.027655059412092748,11.704616582956525,0.5669620713127955,0.6665224655990799,0.11949126138771707,0.0,0.0,0.0
3.344,-0.029510964934558948,0.05306852194251555,11.66577098943645,-0.04839103956183436,0.3264505451987886,0.8722606086313641,0.0,0.0,0.0
3.346,0.08669448844330066,-0.002450980709948122,11.619159136091541,-0.44375810160637097,-0.6254231940317313,-0.19292385317414698,0.0,0.0,0.0
3.348,0.04582468849194548,0.04851622486187086,11.67653992876416,-0.22646529902733617,0.8853735501222476,0.23519214405586042,0.0,0.0,0.0
3.35,0.02680231330159209,-0.0021909777052193276,11.60842714119058,-0.07367266715201953,-1.1489800533811696,0.03117734363411152,0.0,0.0,0.0
3.352,-0.00549954605036469,-0.007006757668595901,11.699776255743283,0.5295142578680944,0.8133359240285061,-0.24365591638916853,0.0,0.0,0.0
3.354,0.012125064654306371,-0.05739809557235922,11.63076088025815,-0.07018233170108597,-1.32460190705885,-0.6652451256902393,0.0,0.0,0.0
3.356,-0.003872619452233778,0.0036197366684730457,11.664827084357777,0.7120924909351183,-0.32382076502802476,-0.5546813860299334,0.0,0.0,0.0
3.358,-0.047150487699429054,0.005538697949768337,11.725674563828541,-0.633927472676271,0.1677464722503549,0.47176973546707024,0.0,0.0,0.0
3.36,0.010511437791904707,-0.02064993271521402,11.681648774355043,0.053179174480770613,0.5559080214734357,-0.17152352627740472,0.0,0.0,0.0
3.362,-0.02783964905041573,-0.008959479297283364,11.666370853876508,-0.5894117831934224,-1.37590059305986,0.518227977264174,0.0,0.0,0.0
3.364,0.02720185114884895,0.0010383894571748056,11.630222891066051,-0.202144081154843,0.798797952197782,-0.1446442077244436,0.0,0.0,0.0
3.366,-0.02385164223498295,-0.060093316101543705,11.686219045289427,-0.13657527653209073,-0.09983321480728692,0.13109926076271558,0.0,0.0,0.0
3.368,0.008497137627440662,0.008323920216016209,11.61495609456284,-0.6477117387735228,0.2366696511879431,-0.6890805876153034,0.0,0.0,0.0
3.37,0.02780442752447164,0.004206093930751858,11.665356571987955,1.0514241338232595,-0.2438064464013583,-0.20779135945498103,0.0,0.0,0.0
3.372,-0.04602252915183223,0.01831182668428,11.688922136493387,1.6190400647380372,0.208262829773803,0.7964993685039214,0.0,0.0,0.0
3.374,0.024744617631366313,-0.006296553675110657,11.632561195747716,-0.6447803347693759,0.41743228623726886,0.24707308381567933,0.0,0.0,0.0
3.376,-0.03549033525970885,-0.002145701236883265,11.66417516476347,0.8660217692452618,0.31247792173181715,-0.11876359522092933,0.0,0.0,0.0
3.378,-0.024704934755739656,-0.025056742040140047,11.65416769706662,-0.34096198999170385,0.467750632893177,-0.07742848521906884,0.0,0.0,0.0
3.38,-0.04344031320922969,-0.03465737089954403,11.64977622309483,-0.10401586734540379,-0.8170870340679476,0.42616811219807665,0.0,0.0,0.0
3.382,-0.027026392106874426,-0.0010424782123781553,11.651631956763287,-1.0101116715380842,0.3614322373605931,-0.25817505302075106,0.0,0.0,0.0
3.384,0.0008594284683651378,0.024556997504912168,11.681440286567446,-0.44023015889907563,-0.2468383633609069,0.5795765334934426,0.0,0.0,0.0
3.386,0.0022417292481813076,-0.019505003369137526,11.682449020389292,0.5679640420800807,0.26768754270339545,-0.16600017799544167,0.0,0.0,0.0
3.388,0.027667176249115563,0.05233866990844025,11.643210542324006,-0.6638934124716471,-0.011209831620064739,-0.12011076182351736,0.0,0.0,0.0
3.39,-0.045021815632807057,-0.016760930818025377,11.660087369375256,-0.48313847306312674,-0.2936090307726665,0.6519627939490672,0.0,0.0,0.0
3.392,0.011544543054506435,-0.024265975316757813,11.719468290105628,0.36676256888759573,0.49438733299063004,0.49520847145288865,0.0,0.0,0.0
3.394,0.006511783798348575,-0.022866717806623412,11.659871490498674,-0.633216285359167,0.36935117633128045,1.0159638859776992,0.0,0.0,0.0
3.396,-0.012806619786256775,0.028751740520997847,11.653298803987584,-1.6050778453969727,0.3180626380788389,0.19605502737962638,0.0,0.0,0.0
3.398,0.0004900686669587694,-0.02167796552242204,11.67856303631145,-0.4927320991909998,0.5504779782971245,0.609093897802516,0.0,0.0,0.0
3.4,0.027618059498775077,-0.0069702071406444336,11.666357604975387,-0.36749711281521186,-0.5999350519226605,0.8027570340742078,0.0,0.0,0.0
3.402,0.03823351921852114,-0.04066239078883823,11.670624037717474,0.020142512112318402,-0.7626229965768286,0.49887391671541587,0.0,0.0,0.0
3.404,0.03729998373114716,0.009103826761232815,11.6334342648093,0.41388495461823943,0.20991048270508933,-0.2591632377294175,0.0,0.0,0.0
3.406,0.0013802953098210429,-0.0618620960446311,11.675605911244464,-0.24502214782898554,0.6258968132314626,-0.1933384115564674,0.0,0.0,0.0
3.408,0.044618382237138696,-0.018903006674925286,11.661515086501023,0.19157636455830443,0.6412035585173672,-0.04970394548362891,0.0,0.0,0.0
3.41,0.0015500366254225897,-0.01722322919933092,11.655017494328224,-0.4977025386503912,0.5649397128977761,-0.5172369496945997,0.0,0.0,0.0
3.412,0.00782228908870066,-0.03934854490120302,11.696506736079995,0.4226686103461208,-0.1329305970717788,0.24475721048400628,0.0,0.0,0.0
3.414,0.014034334268408298,0.03144960813923813,11.67512298934865,-0.18538853763671628,0.6083743913948253,-0.41240867890643873,0.0,0.0,0.0
3.416,0.05380786555690546,-0.017006933630034284,11.759506306144809,0.014127624833791274,0.5815779120819953,0.7697878227481465,0.0,0.0,0.0
3.418,0.037548482880412085,-0.0568002593456679,11.608635488589703,0.43779488965491076,0.10625628723669962,1.082673751148414,0.0,0.0,0.0
3.42,0.012910279724479614,0.054789386145291094,11.620290075792058,0.24709126990265662,-0.007847807083482705,0.3560972210402558,0.0,0.0,0.0
3.422,-0.03965323558463744,0.020512205311788264,11.63636037464752,0.3703210870833505,0.8464599384351793,-0.5654149187542354,0.0,0.0,0.0
3.424,-0.013488725650661884,-0.05826643394883873,11.6884085595268,-0.12107105724808966,0.02500441365509718,-0.4162614076445488,0.0,0.0,0.0
3.426,0.009411997450331114,0.013790599261529509,11.695759176669014,0.44612569210609637,0.4690638908026247,0.12799353686323134,0.0,0.0,0.0
3.428,0.0054983258317451615,0.026661939056968648,11.631526559153054,-0.23612624963524656,0.79036585302564,0.13064789353323294,0.0,0.0,0.0
3.43,-0.020812921676380793,0.004023974639179583,11.66780266845034,0.5025238609393627,0.47060475515951794,-0.5730371425520807,0.0,0.0,0.0
3.432,-0.009920239753220646,-0.0023656139930551805,11.68540878037654,0.719381912438799,-0.3220179825091252,0.012729395883681438,0.0,0.0,0.0
3.434,-0.027033495423013913,-0.06065824904838581,11.607844441870656,0.22895123068228607,-0.45386306644401425,0.516719033891244,0.0,0.0,0.0
3.436,0.008674709032526677,0.010148905085023698,11.63392793575098,-0.3796895732107054,0.3704815223538146,-0.5532628724272359,0.0,0.0,0.0
3.438,-0.0014910534932421912,0.013822670519693108,11.701267495668024,0.9082437334252867,-0.12600218666913657,-0.7206838441614741,0.0,0.0,0.0
3.44,-0.008687610470624284,-0.06136477162285413,11.690498009295714,-0.1003047851535746,0.49462879864963905,-0.42886609525780583,0.0,0.0,0.0
3.442,-0.039872797811846855,0.03073046672242125,11.641638290670452,0.7901537979499533,-0.13933443285114175,0.7374955537819722,0.0,0.0,0.0
3.444,-0.008274963346277508,0.044940923836696005,11.668544966308552,0.7960365506088046,0.47736103242089584,-0.3917036258898108,0.0,0.0,0.0
3.446,-0.03737359041977966,0.030127591402513646,11.696809635221996,-0.8205436258743906,0.662653876305543,0.8334559339180658,0.0,0.0,0.0
3.448,0.007715278786849108,0.023939800055729505,11.642777017710744,0.4210062208178628,0.18522004629168748,-0.6636720328648537,0.0,0.0,0.0
3.45,-0.021090945577112413,-0.02349611960707762,11.627082024987825,-0.09391075708728364,0.31689458323009634,-0.4771916667956789,0.0,0.0,0.0
3.452,-0.019027915116318083,0.019740335897833916,11.659471820851444,0.20344577426647753,-0.2278820833744569,-0.4717243997052607,0.0,0.0,0.0
3.454,0.02149742462783342,0.021985908291528515,11.641012704343261,-0.3304012283578924,-0.05308396088868941,-0.520390674130323,0.0,0.0,0.0
3.456,0.0499404609968717,-0.02939807516893588,11.658771825345498,0.7726498113746194,0.031851040511073105,-0.17688885696032833,0.0,0.0,0.0
3.458,-0.0009354041757356397,-0.01318356751756347,11.721300119982912,0.15781096197512348,-0.23819509591257065,-0.14824252080580153,0.0,0.0,0.0
3.46,-0.014371298891953682,-0.02825692415292765,11.693726331605331,0.019549238673311868,-0.20719244506829868,-0.839170935131727,0.0,0.0,0.0
3.462,-0.023038101181534737,-0.018238372822523417,11.677065171496126,-0.03825627639134645,-0.6357717344813812,-0.5391938740355205,0.0,0.0,0.0
3.464,0.023257967983716727,-0.033341234282194224,11.66597876928443,0.20073060971299825,-0.3666314473520953,-0.3811645067669838,0.0,0.0,0.0
3.466,-0.00510145392759835,0.030800706223928685,11.647486826302027,-0.30760008197890143,0.09071134671365459,0.09634034182475411,0.0,0.0,0.0
3.468,-0.003222937815943448,-0.008573625276654553,11.636512553549142,0.041878716713160916,-0.9507223378273685,0.43923698700185004,0.0,0.0,0.0
3.47,0.01639975182593452,-0.0465062848448036,11.666022532286062,0.9480811879064397,-0.7609967425875114,0.4252245229946124,0.0,0.0,0.0
3.472,-0.04216277219880773,-0.04597274905010612,11.642454160452035,0.48114136449662603,0.15378177557975606,0.17250812760406872,0.0,0.0,0.0
3.474,0.011209207334048548,0.009850718320591062,11.697734321797565,0.16987887515159597,-0.0641656743375646,-0.01251770000039294,0.0,0.0,0.0
3.476,0.0005474937990385806,-0.008513622715664797,11.710765678293527,0.33047661328088107,0.461044872137466,0.002119261537021058,0.0,0.0,0.0
3.478,-0.006388721026576322,-0.00030324021608000895,11.660043157612291,0.2263289180679212,-0.16865378903666367,0.6390314616373809,0.0,0.0,0.0
3.48,-0.031708994879003916,-0.007529079197316284,11.6194603038597,0.9667455015235324,-0.3433320294274247,-0.10415912605967843,0.0,0.0,0.0
3.482,-0.00026331132749397943,0.029563964320247074,11.634621167015577,0.12194395122005575,-0.2173099806671592,-1.0534170767663018,0.0,0.0,0.0
3.484,-0.02031078466625518,-0.008241321142989597,11.672539326691577,-0.35105296071835373,-0.2518210320998795,0.6553330489596585,0.0,0.0,0.0
3.486,0.07209064563591999,0.008798128353670812,11.654845799385853,-0.024221556188063497,-0.029814633371633814,-0.3897471041050477,0.0,0.0,0.0
3.488,0.03834312137939536,0.023677204403780332,11.677316130721907,0.005781237272403366,0.6140786382198073,-0.23034867345642135,0.0,0.0,0.0
3.49,-0.03407901626074877,-0.034087871774022616,11.620561246321655,-0.9358227125096152,-0.04843750710564157,0.3612533694754402,0.0,0.0,0.0
3.492,0.018549031515718226,0.0027446117669526456,11.635634302888834,-0.6536963257479744,0.08575165838472654,0.45533945359079114,0.0,0.0,0.0
3.494,-0.034826958342385944,-0.003435839118117679,11.675725867916174,0.1329228233406409,-0.2055250668196099,-0.7828253319038302,0.0,0.0,0.0
3.496,0.0018985755787807872,0.0035644930333417948,11.671749007935075,0.2962052865041058,0.10168069844128948,0.41726611808246616,0.0,0.0,0.0
3.498,-0.06517324891738734,-0.015933431010701497,11.69903655252094,-0.42278374938200664,0.08862998496239517,1.1347060473065111,0.0,0.0,0.0
3.5,-0.02314096900927207,0.030472758050387634,11.647606074804418,-0.6300849200236467,-0.589107121394873,-0.5476857584610845,0.0,0.0,0.0
3.502,0.057702600996316675,-0.011853133179977987,11.694560276784257,-0.013019535990242654,0.5222124172153811,0.12661269751030846,0.0,0.0,0.0
3.504,0.019101302412132475,-0.011389121404536694,11.669371880075419,-0.22179514459310656,0.43213310554279644,1.059990364515292,0.0,0.0,0.0
3.506,-0.011330675670670814,0.04159004678663288,11.670093978740034,-0.017141461659701932,-0.3310596142679686,0.08814421392908615,0.0,0.0,0.0
3.508,0.02771166016450745,0.0035371632017567726,11.623089127358165,-0.5228958445577807,-0.18995256045424785,-0.40567799687824563,0.0,0.0,0.0
3.51,0.011037518945574133,-0.016317600724745265,11.645042870022042,0.3619641729628744,-0.36641459186171565,-0.3694138859377431,0.0,0.0,0.0
3.512,-0.013581200564510969,-0.013994882604928663,11.626689796540408,0.02209992896606328,-0.19319010301192696,0.612235120883014,0.0,0.0,0.0
3.514,0.028104384839549152,0.0005591500391850842,11.701514467122976,-0.4135695511859508,-0.33235793225814486,-0.617255535574314,0.0,0.0,0.0
3.516,0.026474196354113785,-0.01922541718953519,11.734846431600158,-0.31069451247626795,0.09892189736322962,-0.19221077407699033,0.0,0.0,0.0
3.518,0.006162288290226583,0.0015652255828318452,11.63914873645643,1.0228299148281021,0.2483023196083626,-0.42086161530966604,0.0,0.0,0.0
3.52,0.013370897344432899,-0.028570581448503655,11.667215602654386,0.11148256188668164,0.06956292169604109,-0.500041565556303,0.0,0.0,0.0
3.522,-0.014767974628926952,-0.07295181785046563,11.685507490478248,0.5838297681086627,0.2673151997424973,-0.7994549376543819,0.0,0.0,0.0
3.524,0.00588868275948713,0.03189225148837778,11.653593915734682,0.21837788183021176,0.3699826376495823,0.4153576048495082,0.0,0.0,0.0
3.526,0.014231806163926665,-0.028128753111326864,11.64275490681956,-0.02309835254306524,0.2107934254746533,0.6159510973314226,0.0,0.0,0.0
3.528,0.012980284476748339,-0.012219216450490816,11.677143871148195,-0.05361021915689846,0.26899807635819334,-1.0673110183938321,0.0,0.0,0.0
3.53,-0.007540550978694168,-0.002003988719230226,11.563734753102814,-0.7550331506159497,-0.24762439826306512,-0.36172184054821643,0.0,0.0,0.0
3.532,0.013621271466241617,0.10050621221159126,11.697804042577603,-0.09228027998217041,-0.36503864923677465,-0.2225856791410311,0.0,0.0,0.0
3.5340000000000003,-0.0085009859371227,-0.022046165950595883,11.668746472042855,-0.1955771082902851,0.32254306455398285,1.1474502631079657,0.0,0.0,0.0
3.536,-0.020568189046011702,-0.07124807402454506,11.66725063854356,-0.10555428485942255,-0.0456321775858724,-0.053763837530613645,0.0,0.0,0.0
3.5380000000000003,0.06448491032691954,0.0336857801502788,11.665043428678997,0.313854322708919,-0.2978812617043755,-0.21728302989639167,0.0,0.0,0.0
3.54,0.021735599955422,-0.00227953873384943,11.584295949521142,0.41009860748804094,-0.41498859606528893,-0.3314064024434878,0.0,0.0,0.0
3.5420000000000003,-0.06187567142095317,0.02287778219741705,11.675648701066311,0.8397890550860458,0.4539757127442673,0.4169022907131203,0.0,0.0,0.0
3.544,-0.014252617727376146,-0.008433849817113303,11.665715703745168,0.2890538370594463,0.32046415931683864,0.10753868377037475,0.0,0.0,0.0
3.5460000000000003,-0.015858600945672843,0.00017944996638576642,11.694719392656308,-0.11849461136271347,0.33357850381934817,-0.10997754867516446,0.0,0.0,0.0
3.548,-0.01322296784094179,0.024566267950773303,11.69427738382707,-0.26430266489832754,-0.11601021441427443,-0.3554716418754522,0.0,0.0,0.0
3.5500000000000003,0.0140015254591512,-0.015201322620199065,11.630037620682423,-0.09577393269038546,0.48894622836332013,0.8010482597827008,0.0,0.0,0.0
3.552,0.019501047153529818,-0.024461696162528888,11.655980245285573,-0.5591202430734346,-0.17993211034337334,0.5872051002071255,0.0,0.0,0.0
3.5540000000000003,0.026571147337521712,-0.005356860669355528,11.631055475737131,-0.25403402838770056,0.2788227827780973,-0.18614778659841563,0.0,0.0,0.0
3.556,-0.04463540975824395,0.0153932057526499,11.714106139665894,-0.33790386976189196,0.45994092305108886,0.3272835154538402,0.0,0.0,0.0
3.5580000000000003,-0.010405084994920976,0.03595515640253457,11.699374997595925,0.3505155472188372,0.2110838112266456,-0.23556936682678228,0.0,0.0,0.0
3.56,-0.020020941735525186,-0.02196246272506009,11.693704488028422,-0.4062501383365878,0.7333334194510952,0.45315533150293924,0.0,0.0,0.0
3.5620000000000003,0.025537716177653037,0.010551712105304919,11.726395203078386,0.4274083058470719,-0.0053943027811797955,0.09655045929187313,0.0,0.0,0.0
3.564,0.0007061927939903962,-0.024516264814851394,11.671138613520313,-0.7749543450366289,-0.5978280971258734,0.1721237867988837,0.0,0.0,0.0
3.5660000000000003,0.023486277820571798,-0.009584536270553475,11.627210571313551,0.033585274946549684,-0.2741349312413801,-0.13037215066714614,0.0,0.0,0.0
3.568,0.003409185637289605,0.009401191134273576,11.58749753618876,0.09513773201270762,0.17965114434400506,0.39509713025907317,0.0,0.0,0.0
3.5700000000000003,-0.0456975571504747,0.03530122948037293,11.593597288293156,0.15170048596835858,0.3867338922090785,0.4128015684640795,0.0,0.0,0.0
3.572,0.0013058928713898287,-0.03210274831232424,11.588306984448858,-0.4267467939159719,-0.09513320158337275,-0.09429030147036643,0.0,0.0,0.0
3.5740000000000003,-0.018082345112197206,0.003491135224832508,11.51215374505264,0.41894803258483015,0.02584592626390699,0.7605724686343257,0.0,0.0,0.0
3.576,0.07146843197114247,-0.004714638902878317,11.4690479358919,-0.4913940263330557,-0.6824863324963867,0.3747717451715324,0.0,0.0,0.0
3.5780000000000003,0.009551927964562107,-0.025582800344893086,11.496776434165373,0.40043653853179595,-0.3739103253917894,-0.21607686713663282,0.0,0.0,0.0
3.58,0.003837330860099345,-0.04073407817802172,11.41638381439631,1.1544700287572647,0.2841738493009981,0.41864405720249454,0.0,0.0,0.0
3.5820000000000003,0.026380316501371234,0.0041804432347136294,11.415863120560406,-0.5227854565333329,-0.21969220688336955,0.08662379602323787,0.0,0.0,0.0
3.584,0.061003948945286705,-0.045481845601090906,11.387179038317258,0.9095607052653397,0.1271136083377032,0.31892672644097325,0.0,0.0,0.0
3.586,-0.0025677135401190308,0.011001550823498617,11.35770075821228,0.43192678122883105,0.26061697858413696,-0.5819975330158209,0.0,0.0,0.0
3.588,0.006976634414328035,-0.015637986665337705,11.430821978744074,-0.35997044378642706,0.5200666932157786,-0.9763172167510841,0.0,0.0,0.0
3.59,-0.012179862664000908,0.017151284296013227,11.35381595859666,-0.9264799553315648,-0.5346972418427242,0.6114320849802731,0.0,0.0,0.0
3.592,-0.027009999301599332,0.029311881079480035,11.302144479686593,0.11204985613008597,-0.5834784396053979,-0.5756358149584969,0.0,0.0,0.0
3.594,0.009828476975015139,0.03834987526962708,11.288749219897332,0.42654393233693133,0.25511601591978267,-0.23417968907629444,0.0,0.0,0.0
3.596,-0.026007243685132044,-0.05206260489971646,11.216815240560104,-0.7460907081356717,0.8193553753325524,-0.0932383227525425,0.0,0.0,0.0
3.598,0.019116355222251014,0.03650852742369448,11.208642070463327,0.36476359521529145,0.21516477486364202,0.28514363096880646,0.0,0.0,0.0
3.6,0.034272765728016706,-0.07870093598764229,11.246573379399189,-0.5240766211590037,0.6270305061348117,-0.39755067909286096,0.0,0.0,0.0
3.602,0.0033672536150514886,-0.04120550863640367,11.228224633931688,0.2754536690837631,0.1535953545621767,-0.08966360816824812,0.0,0.0,0.0
3.604,0.0022260115053729713,0.042109206453662666,11.208644373819654,0.47798733054785086,-0.14837952787225073,0.026847529493149905,0.0,0.0,0.0
3.606,0.0025634446512836297,-0.03814389743095224,11.145186948997463,0.4544724429787352,-0.7141785108256158,-0.3844380194708038,0.0,0.0,0.0
3.608,-0.015662599488595625,-0.023284847093643594,11.091957018866403,-0.42840251204207275,0.0807236470336145,0.1250909441451475,0.0,0.0,0.0
3.61,-0.005914424026759791,0.005276003389739636,11.095282676488234,0.747422776084805,-0.2828403405858195,-0.5489026323193833,0.0,0.0,0.0
3.612,0.005733284218132851,-0.0017126550046071293,11.0245947718398,0.44794012700923186,0.5030560210557018,-0.6907982063321603,0.0,0.0,0.0
3.614,-0.013973345874690948,-0.0284172646073649,11.05046904940676,0.6487086355022429,0.3814923569791209,0.032155752814264506,0.0,0.0,0.0
3.616,-0.01869877198932855,0.054106647133676265,11.08749760116505,-0.5832884028194577,0.11995450353645398,0.20379467048482294,0.0,0.0,0.0
3.618,0.01813278101809185,-0.006629109461446252,10.99577055277765,-0.7653830214668985,-1.2229874128106495,0.6001119586693908,0.0,0.0,0.0
3.62,-0.0791286611064829,-0.0016005721110195262,10.976392215298604,-0.8824978787723081,-0.2839967603983237,-0.044569474642740574,0.0,0.0,0.0
3.622,-0.0014075400435470456,0.02566039994808861,11.037732198082042,-0.13897726790307954,0.25439342387216957,0.35829264181264125,0.0,0.0,0.0
3.624,-0.0462015188313799,0.04779200927783113,10.931462613006275,0.228261805315416,0.08646702966508107,0.43557453993663847,0.0,0.0,0.0
3.626,-0.03083026550807558,0.03317303282287399,10.903145282363196,-0.07829507161317563,0.4014553849784389,0.29477450524033977,0.0,0.0,0.0
3.628,0.022108477342159694,0.04290585314008318,10.9088823236416,0.7339334644591973,-0.3847136419079586,-0.5624351528958216,0.0,0.0,0.0
3.63,-0.0009405424634393189,0.005408107592321094,10.887015922322949,0.1415968593039354,-0.4746981802941754,-0.1268771721279932,0.0,0.0,0.0
3.632,0.007750412069218403,0.07065715733698236,10.862209779680668,0.30972581743863636,-0.051928793383177435,0.6275242290547212,0.0,0.0,0.0
3.634,0.005959617602117377,0.02209635681591461,10.852096926964538,-0.13654047749657447,-0.9190874704801882,0.020621604849202856,0.0,0.0,0.0
3.636,-0.03926796766519841,0.0496192163265292,10.866277518377787,0.1898611443528211,0.01355782955476584,0.8812475362799267,0.0,0.0,0.0
3.638,-0.056457876317094556,0.0393214763377538,10.831215454214822,-0.1709177028120994,0.14011061239491662,0.2778044619011874,0.0,0.0,0.0
3.64,-0.03894648155155287,0.05966601615592602,10.748978825657591,0.276090017437063,0.6561912058472018,-0.6013108053178706,0.0,0.0,0.0
3.642,-0.01188193734380235,-0.00878906551793932,10.822461393125176,-0.6009108015143468,0.31823217578270885,0.2914112740388903,0.0,0.0,0.0
3.644,-0.0003802622047122655,0.006445958527154429,10.634872480314263,0.16308398242629135,-0.4463858129774529,-0.8235787724660606,0.0,0.0,0.0
3.646,-0.008684278458059325,0.047017228767063816,10.68174910807514,-0.2654002622349039,-0.2486164660325737,-0.5232420510878628,0.0,0.0,0.0
3.648,-0.02816844092729658,0.026067110510570493,10.701558920797163,0.8506186223340617,-0.10088927766097314,-0.5150197689254123,0.0,0.0,0.0
3.65,-0.0013178616372995064,-0.026139187834207617,10.665692876211358,-0.24978506240445036,-0.7969400248164635,0.2052915935944352,0.0,0.0,0.0
3.652,0.0224672463158668,-0.048100271846175054,10.624981786939351,-0.5691651327211551,-0.3254170238919396,-0.5156508125530043,0.0,0.0,0.0
3.654,0.003275165089638675,0.015720646641801245,10.631202166943579,0.123189155626458,0.46075396887204073,0.1283073572675108,0.0,0.0,0.0
3.656,-0.0678886684095421,-0.0075057646064762345,10.602524247931564,-0.24510975091656484,-0.26408055950311604,0.2964052693919872,0.0,0.0,0.0
3.658,-0.02194307756990909,0.0026321333073566788,10.59669283503358,-0.12417649769760676,-0.40006439880895306,0.09127616655847558,0.0,0.0,0.0
3.66,-0.0007593801128431754,-0.015116359292783349,10.58025141907128,-1.0562562439817282,-0.898127520295097,-0.5242547090959626,0.0,0.0,0.0
3.662,-0.0046684865327389895,-0.0030655808191582916,10.539651017539967,-0.637957782102358,-0.08983923291253615,-0.07884873004303516,0.0,0.0,0.0
3.664,0.006844368159633841,0.03085274214578329,10.526769555021497,0.13035627705889902,-0.2941576456618618,1.666244473605577,0.0,0.0,0.0
3.666,0.03748540877115074,-0.0006420122231776928,10.482984584236249,0.5613515867309863,0.6414585231427578,-0.28051401843764084,0.0,0.0,0.0
3.668,0.0071827600518446204,-0.011867757091594355,10.462421049648448,-0.33272143091876644,-0.13709730753725435,-0.25393185023922993,0.0,0.0,0.0
3.67,0.027123900705646714,-0.029802060544555448,10.452534451165569,-0.23396505962214795,0.3866369151899424,0.2937941587516616,0.0,0.0,0.0
3.672,0.014183204452263475,-0.028800388120469086,10.385037716275589,-0.5383621181873608,0.4023553957929522,-0.6666932292822607,0.0,0.0,0.0
3.674,-0.06549266450835216,-0.003043587406825802,10.423486910519639,0.016138074975615656,-0.3841170391273382,-0.5129350506521838,0.0,0.0,0.0
3.676,0.0406298782182325,0.003475657648220227,10.387092962820898,0.43014349828945037,0.033018758452335165,-0.3722783934170811,0.0,0.0,0.0
3.678,0.030807058725189157,-0.04078903153618593,10.334478067740376,0.33444602900924825,-0.11790937779627352,-0.591610828551146,0.0,0.0,0.0
3.68,-0.0016243273420867592,0.015258359267149788,10.376840097288234,0.647204596000596,0.8898577763387393,0.09400473711373601,0.0,0.0,0.0
3.682,-0.013467706843436527,-0.008676648242163205,10.307852217955041,0.42075458426148565,-0.876646633442118,-0.7075886257074521,0.0,0.0,0.0
3.684,-0.01544353969410213,-0.04725291348526388,10.307025249716775,1.3190150082638,0.1360832101014614,-0.02438854281036433,0.0,0.0,0.0
3.686,-0.020771042654510852,-0.027254493729257517,10.277182851686261,0.5833544808338116,0.36679303807725855,-0.7402009693105053,0.0,0.0,0.0
3.688,0.02350055762461183,-0.012318128127797943,10.278129532868338,-0.22891597365401847,0.0835037735746229,-0.8595266641665331,0.0,0.0,0.0
3.69,0.0059387791988332024,-0.03343420545020547,10.165174824916063,0.5345874697211196,-0.5305617093665947,-0.39019026455163514,0.0,0.0,0.0
3.692,-0.036121008225081346,0.008982581902386507,10.202400276077194,-0.5420967098687687,0.00497963033459695,-0.4422745907932767,0.0,0.0,0.0
3.694,-0.009104445247373435,0.005342820337094575,10.212480336283095,-0.8272703196065581,0.46040490091591635,-0.6280150116756452,0.0,0.0,0.0
3.696,0.0037548110858370517,-0.017425812842961744,10.198018308093353,0.33560013205052447,-0.6652159460929469,-0.05705348130742977,0.0,0.0,0.0
3.698,0.005863192500254286,0.019018150313382,10.161108018079585,-0.533686152735583,0.20026534918966704,-0.13641951885053083,0.0,0.0,0.0
3.7,0.035896078037429474,-0.0029397114574448765,10.11765684636951,0.3074527487459412,0.27581048818475773,-0.2106891313092724,0.0,0.0,0.0
3.702,0.014263767102085496,-0.003392626133469834,10.100056589545257,0.8678946065627514,0.5759933562975966,-0.9556535060820286,0.0,0.0,0.0
3.704,-0.010196623271092895,-0.04028566345364281,10.086388645498221,0.3674601415628148,0.43343962139529524,-0.14669937000028568,0.0,0.0,0.0
3.706,0.02600374383049534,0.019434560049904192,10.084943574873904,0.44025460229990165,-0.016208607405856622,0.1088895717592758,0.0,0.0,0.0
3.708,0.014990436351290316,-0.003884447516610827,10.041564061427563,-0.16380287266287824,0.23546085049351803,-1.2324887845398147,0.0,0.0,0.0
3.71,0.04205095959429163,-0.003991804385707107,10.003540596966028,0.1442453732154072,-0.2526262123628132,-0.08261529164777198,0.0,0.0,0.0
3.712,0.005969666224708067,-0.009071073976550516,10.037569229974,-0.13221873022616226,0.6125793692078881,-0.09558556261165428,0.0,0.0,0.0
3.714,0.01237304740191493,0.026128937348396934,9.956107118003276,0.09377069884079012,-0.18333155537010257,-0.324327562884631,0.0,0.0,0.0
3.716,0.006670033773609676,0.04124033704298593,9.94645580442298,-0.2890186466551581,0.24650456697864945,-0.07706738283122926,0.0,0.0,0.0
3.718,-0.01767190089965475,0.014256095724826907,9.90526883274037,-0.5872911087663444,-0.08982023131176868,0.43169337513450645,0.0,0.0,0.0
3.72,0.052348280366434755,0.022734480076344845,9.963148478772109,-0.3330055794481634,-0.10982935369667413,-0.28355516200007835,0.0,0.0,0.0
3.722,0.041963679517074366,-0.07025986040782885,9.8874621263434,-0.22082965960348788,-1.066918173061221,0.24298166590608047,0.0,0.0,0.0
3.724,-0.0256769162809856,0.009522992879344681,9.82289805539255,1.2368254509382515,0.7277973281369668,1.2469217963463033,0.0,0.0,0.0
3.726,0.022744125627470694,-0.046733239884488735,9.841513756997834,1.0809288983772725,-0.11786801352965744,0.3979320115691337,0.0,0.0,0.0
3.728,0.023341362015460873,0.005930754753107206,9.867469262818595,0.5290306411426555,-0.20261222841846394,-1.2795702030056793,0.0,0.0,0.0
3.73,-0.029610043542655024,-0.01755490616965244,9.784765118035628,-0.4553510568951097,0.22957540901410836,0.42830400639872923,0.0,0.0,0.0
3.732,0.02490486985733457,-0.01817152825052907,9.78133276771315,0.218697938746535,-0.8737988292260117,-0.6026578038444373,0.0,0.0,0.0
3.734,-0.02108304851866302,-0.038974192919351544,9.845067627566849,-0.25794150319335596,-0.3257686447960446,-0.010645436073602415,0.0,0.0,0.0
3.736,0.028543561850053422,0.002252890982220638,9.801508495198583,-0.2647272937382433,0.3267943152408167,-0.35501421154336915,0.0,0.0,0.0
3.738,-0.0510238233436592,0.0131049386659493,9.781033518395011,0.6665627519963992,0.8273847944866481,-0.061905952685350235,0.0,0.0,0.0
3.74,-0.047223935162213064,0.013936537829674543,9.795058278194594,0.695125325707054,-0.785438637914332,0.2237275665016921,0.0,0.0,0.0
3.742,0.025774953708915152,0.023953024965103733,9.815205889836339,-0.37045430499575693,-0.6488819461822677,-0.5226233231956147,0.0,0.0,0.0
3.744,-0.009413740926558159,0.031180905360676154,9.775739280739133,-0.18562180395461023,0.6772137556196751,-0.47584302419052715,0.0,0.0,0.0
3.746,0.02581803305844618,-0.005084983906678035,9.799040904488582,-0.3256171840381893,-0.14327837617391112,0.052545914590318,0.0,0.0,0.0
3.748,0.028874071155817884,-0.004175450769572631,9.754464484026963,-0.3619882907007796,0.3291714888775124,1.515662359075886,0.0,0.0,0.0
3.75,-0.03188476728212491,0.06696879302303503,9.886246634345035,0.5787722899919948,0.3027614013037154,-0.16273166428819327,0.0,0.0,0.0
3.752,-0.049541213151136965,-0.0015932375301801925,9.850408999176198,-0.38079808306815516,0.09423439875966882,0.10183306196946576,0.0,0.0,0.0
3.754,-0.01435181461847927,0.060220625902658954,9.78847292666431,-0.8129978386285169,0.005214781867957797,0.5269804874156624,0.0,0.0,0.0
3.756,0.011948668250170984,-0.01585218527988606,9.775522128268872,0.4463258472919479,0.5800958250109831,0.4911754804302677,0.0,0.0,0.0
3.758,-0.03203941845020937,0.07832761285929127,9.805128218483715,0.4207910671602642,0.2705402269342435,0.14544310250612905,0.0,0.0,0.0
3.76,0.0714122537945388,0.06128692587554431,9.852317077403818,-0.11962093329710503,0.740896339843141,0.2933500663341937,0.0,0.0,0.0
3.762,0.005084726955194344,0.009590295342896722,9.809667499293278,-0.5620820908621053,0.330398776056606,0.13900207450338922,0.0,0.0,0.0
3.764,-0.007256867989574388,0.02571109144578044,9.759535734457739,0.010419718874921935,0.39109441338173356,-0.18808583326910536,0.0,0.0,0.0
3.766,-0.050348530880172895,0.0167505292384998,9.778007567923614,-0.5804953208901621,-0.5633870728493684,-0.12157394675699772,0.0,0.0,0.0
3.768,-0.018322109042948623,0.047397068095169435,9.804974421982655,-0.170758866845261,0.09607925836770306,-0.006328519639544375,0.0,0.0,0.0
3.77,-0.059619394321745844,0.0034494628880873835,9.838922620580405,0.020743804782548433,-0.37707595365331104,-0.3362038576202283,0.0,0.0,0.0
3.772,-0.0009116072808275975,0.008462558388268253,9.815469222377995,-0.059041062849049926,-0.754606433643633,-0.29290485639409297,0.0,0.0,0.0
3.774,0.03258079416644362,0.04178444515087382,9.814718450176025,-0.1859291718026388,0.4357368905287824,0.2739213989367472,0.0,0.0,0.0
3.776,-0.008730397590766733,0.04608556975499427,9.801512312450885,0.24745669578764795,0.017635321871914654,-0.5212104006389042,0.0,0.0,0.0
3.778,0.045368316744394024,0.046707376685113405,9.735577286423569,-0.4686197919133688,0.2569324409377315,-0.8007639892836592,0.0,0.0,0.0
3.78,-0.01755660929188974,-0.00018227700043552754,9.76778732049792,-0.01015238629743014,0.2717850683379896,1.0394060994358167,0.0,0.0,0.0
3.782,0.022253713704467503,0.0048783994641566466,9.814525874471036,-0.6236518359511837,-0.7234910320320029,-0.007595858817318419,0.0,0.0,0.0
3.784,0.0173565296578663,0.014064570917193665,9.81263323716482,0.9909204151344992,0.5232098385265944,0.5040944616766704,0.0,0.0,0.0
3.786,0.011712647038499405,-0.009753228455431775,9.820685930521396,0.6694059543696488,0.9158239327601105,-0.4179700415878581,0.0,0.0,0.0
3.788,-0.03619116004474954,-0.004157942227439888,9.804547397725194,0.20374264963831992,0.09774726762248481,-0.36706463338180145,0.0,0.0,0.0
3.79,-0.03326703745366598,-0.043780633597317986,9.825324572928274,0.2957426787611474,0.0754586800659948,-0.3881080559326237,0.0,0.0,0.0
3.792,-0.007367124530551267,-0.0037237886664734893,9.846112584238869,-0.44411470184608787,-0.6539936665836403,-0.36467735059850687,0.0,0.0,0.0
3.794,-0.0606254696681236,-0.021362372892853598,9.767885319904305,-0.23113919830685561,-0.28840686263828,0.13363670989547513,0.0,0.0,0.0
3.796,-0.00482013915797797,-0.0028652384873110257,9.766901873583091,0.18561494385004784,0.30685882544481957,0.37564208789563963,0.0,0.0,0.0
3.798,0.03145295412232128,-0.02977658034948758,9.81874416976911,-0.4570334547202795,0.2500872956733803,0.5023276145128165,0.0,0.0,0.0
3.8,-0.006123299373973471,0.014998913337069021,9.796071569391986,-0.24958697016932152,0.44553187073658984,-0.07702668157815995,0.0,0.0,0.0
3.802,-0.004936865690076252,0.012184371971672945,9.858901146414555,0.5294461902875592,-0.4620153856505742,0.22626492347629185,0.0,0.0,0.0
3.804,0.04396032860199778,0.04001012888992326,9.83210465686431,-0.3366147091416194,0.5111972428509366,-0.024129862203177775,0.0,0.0,0.0
3.806,-0.01567116159503672,-0.006006669986275894,9.790088188482466,-0.1942378714873932,-0.1065256088044569,0.037199523823059036,0.0,0.0,0.0
3.808,-0.008298683791250781,0.0181054384900232,9.802040305293215,0.2690638884498767,-0.14956738952688595,0.08082294351522966,0.0,0.0,0.0
3.81,0.0037007617456016233,-0.005736281167390984,9.842013338410478,-0.0884759206852923,-0.487375666485667,0.3366229483404284,0.0,0.0,0.0
3.812,0.012340405824864044,-0.015652030901220994,9.803431973316748,-0.49819686736052166,0.11583179617718771,-0.4786031102225582,0.0,0.0,0.0
3.814,-0.017626604286699064,0.05539997923532086,9.810143565733956,0.5477720136044613,0.8124246095685316,1.0561315177877513,0.0,0.0,0.0
3.816,0.013713953440706805,0.014838714777903647,9.815870095192208,0.3223958581213394,0.22715173682627846,-0.40047559925257353,0.0,0.0,0.0
3.818,0.04656014872554663,0.007005331777300758,9.7933566508817,0.5912878515336726,-0.4791088966187216,-0.005600141100462142,0.0,0.0,0.0
3.82,-0.013321183875237104,0.04906308565499905,9.83479127889822,0.5880950544279181,-0.3297186854411902,0.9308137815794214,0.0,0.0,0.0
3.822,-0.008030825041191488,-0.0174399236088927,9.840715411674088,0.32703163400185964,0.5381396093555757,0.46790909235367534,0.0,0.0,0.0
3.824,-0.025096353355884036,-0.03556264347762582,9.783494167521384,0.5468317072472383,-0.20627773146410466,0.8964084097061445,0.0,0.0,0.0
3.826,0.0628403590609354,0.009861989790580202,9.789805358259365,-0.9416996852768913,-0.4048595115824063,-0.07496961132131655,0.0,0.0,0.0
3.828,-0.018782072083046962,0.013296975395150332,9.79333342500162,0.6649569726643886,0.05095140313963934,-0.08461661420396668,0.0,0.0,0.0
3.83,0.02730184707545343,0.007480646288054176,9.87360668132094,0.37909522192831435,0.7529617682266243,0.5036800676774116,0.0,0.0,0.0
3.832,0.054230356381169215,-0.0041340020852465315,9.778174271323987,0.5111737339085445,0.33844964145782047,-0.14664260597375378,0.0,0.0,0.0
3.834,-0.022601388669088094,-0.04312609856377457,9.81009082769102,0.4469961242539151,-0.20403570470920923,-0.26437346050842353,0.0,0.0,0.0
3.836,0.045400124145693936,-0.00574505890708098,9.830292846117965,0.2305288246551795,0.3676623513090032,0.18179927086371472,0.0,0.0,0.0
3.838,0.03645531722954239,0.0021228944805852927,9.811873796301118,-0.5249634022043118,0.42992235579930516,0.6021021320528336,0.0,0.0,0.0
3.84,0.0333278499601556,0.027841598750409927,9.822283960798682,-0.5922753631983152,0.7805997107277163,-0.17094833388733843,0.0,0.0,0.0
3.842,-0.015286841344291821,0.06415265122318922,9.836083058207691,-0.3380868973523976,1.1857088978053878,0.12391170531991665,0.0,0.0,0.0
3.844,-0.012126383122536083,0.017402197881347472,9.837976609011836,-0.13121867124492415,-0.4252870110300746,0.0033531638878272793,0.0,0.0,0.0
3.846,-0.00022865874481016525,0.008536127669307352,9.763508417218326,-0.3519912822668274,0.11439860343512477,0.11968867920112375,0.0,0.0,0.0
3.848,-0.006752288661705235,-0.044736529256664,9.786012125777852,0.4967206858818924,0.6826852911895754,1.0411499176511536,0.0,0.0,0.0
3.85,0.008117311344531898,0.04151928682956974,9.829343853840193,0.5376449449221448,0.5065645484064134,0.2489391219586526,0.0,0.0,0.0
3.852,0.029373110036235255,0.008692522703372894,9.82211234765115,-0.3851583936124557,-0.6093783193833583,-0.04873127177856311,0.0,0.0,0.0
3.854,0.008865869472238075,-0.03606057070386007,9.8059231905462,0.48590575644262557,0.555287784212232,0.25021986508935207,0.0,0.0,0.0
3.856,0.0320507688224274,0.04720124088540263,9.787171339167278,0.3620626220551303,-0.1345128883945006,-0.27894902166197966,0.0,0.0,0.0
3.858,0.027172624024771483,0.009546508454895063,9.771026167937052,-0.6761896855019912,0.4130976274063005,0.23522312062733347,0.0,0.0,0.0
3.86,0.009026142027274989,0.015753846127977023,9.847616949076949,0.02480879094252565,-0.6099475335162917,0.024444425927456746,0.0,0.0,0.0
3.862,-0.040850103417245806,-0.057921570420126856,9.81342992393277,-0.2831669341318366,0.20465959113445778,0.6217394274787451,0.0,0.0,0.0
3.864,-0.006930232564063596,-0.012464243771874748,9.816676710717884,-0.40733365126205556,-0.7327828110093462,-0.7815103556601759,0.0,0.0,0.0
3.866,0.06108292159682583,0.002099521243160163,9.797754989638078,-0.6678676870254164,-0.610877608542312,0.2869630377972205,0.0,0.0,0.0
3.868,0.010783672695173331,-0.013180398247433589,9.782134933098133,-0.6372477690220778,0.21516055073552853,0.4315798135185116,0.0,0.0,0.0
3.87,-0.07388114090993385,0.005355581219746713,9.803218668797008,0.04044069965853865,0.15101010612164484,0.26432083173819065,0.0,0.0,0.0
3.872,0.009796053480591769,0.0010413089821218172,9.739333474284168,0.27932727320709194,0.37851206515882263,-0.046726387508489814,0.0,0.0,0.0
3.874,-0.02387016569278562,-0.012930155353295562,9.795440590856296,0.3773382294126144,0.12661524244504668,-0.15067062179069077,0.0,0.0,0.0
3.876,0.007483973624096836,-0.012254915428022482,9.784660623397443,-0.6725725283411134,-1.1092872531323426,0.8803887422197931,0.0,0.0,0.0
3.878,-0.03284336044064606,0.005509429749565476,9.868648716945536,0.24006954891605703,0.07916126463448903,0.5884687488187709,0.0,0.0,0.0
3.88,-0.021255778061050938,0.01959658035728849,9.752381127699747,0.2462186224885819,-0.5171389145561259,0.22685287265720902,0.0,0.0,0.0
3.882,0.028570167229566578,-0.04404932374449723,9.815346920088961,-0.4517212444476035,0.8494322136810781,-0.02463532315441266,0.0,0.0,0.0
3.884,-0.031133169027947778,-0.020114950344550537,9.760000348528774,0.11035338010697608,-0.130584673420925,0.3718484408634278,0.0,0.0,0.0
3.886,-0.011568388733238717,-0.02656492929874645,9.837153590775317,0.16042940141313697,-0.5815251580216069,0.43041535468165526,0.0,0.0,0.0
3.888,0.016997534505389208,0.004376378054500393,9.865078466496987,0.191181643990538,0.12679226190790754,0.6448382302359579,0.0,0.0,0.0
3.89,-0.008518134731523963,0.047022282683140494,9.778330063360947,0.03893979460282843,-0.011352893724235012,-0.05337016563990523,0.0,0.0,0.0
3.892,0.020504710483248357,0.13658703260867816,9.836254431364216,0.6037896688675636,0.5063464540628426,-0.14356941597841577,0.0,0.0,0.0
3.894,0.01222414848450239,0.011653679343184986,9.794903640743229,-0.4016225831355988,-0.12169933576148682,0.09359716099708151,0.0,0.0,0.0
3.896,-0.031967980088286926,-0.02020242423963352,9.806986363859771,-0.25164538575533585,0.48480563887896977,0.5597398916314787,0.0,0.0,0.0
3.898,-0.004688878972728521,-0.01106186854047282,9.854460579931487,-0.6141837213173831,-0.43843040845252024,-0.31374716538183856,0.0,0.0,0.0
3.9,-0.02876353347614447,0.015624753828484623,9.849129590567692,-0.02278812745611442,-0.25683439642217226,1.0447172942129384,0.0,0.0,0.0
3.902,0.011258856843354027,-0.010643144008673886,9.79854219852997,-0.6680521114947501,0.11876101526684515,0.7301114569387475,0.0,0.0,0.0
3.904,0.004788066548536455,-0.023107046152581825,9.804707994867513,-0.525620972769211,-0.13483207761353125,0.20417228067973034,0.0,0.0,0.0
3.906,0.01904960809478384,0.01513380809148445,9.848058647636584,0.3697684547743386,0.26044694190055506,0.15916241809618348,0.0,0.0,0.0
3.908,0.016807744855245072,0.0553707196784351,9.814060587294572,0.5714082293265416,-0.45592908879067306,0.9890401592623873,0.0,0.0,0.0
3.91,0.07704524315289402,-0.00803227421688985,9.778993013415882,0.4705865338004205,0.5971742420001868,-0.5145820061780798,0.0,0.0,0.0
3.912,-0.06461871733256583,-0.041753628703294826,9.825984615502131,-0.08791559684338253,0.12104450213893149,0.3353674682926758,0.0,0.0,0.0
3.914,0.010439429514142857,-0.0048165047556916205,9.85734566731816,0.40807155971658876,-0.36114174476214167,0.6099496619054717,0.0,0.0,0.0
3.916,-0.04017888031696184,-0.04749202610952826,9.900324219619922,-1.0806826883946736,-0.419630787200829,0.3700727330499203,0.0,0.0,0.0
3.918,-0.02549913352960345,-0.008612150303817921,9.819242329206675,0.11933802380526659,-0.40058094177401926,-0.5887705908864517,0.0,0.0,0.0
3.92,-0.01120442479819074,-0.052195897400890506,9.812847226741397,-0.01853386811446084,0.061622318451771546,-0.3984221217648752,0.0,0.0,0.0
3.922,-0.03278624625858621,0.02240451217694529,9.753675510560068,-0.6720036977415804,-0.2585606261418052,-0.0678676992988013,0.0,0.0,0.0
3.924,0.01739137344415615,-0.03141001688136309,9.843146730713567,0.5909943548905046,0.1352273370987006,-0.4413596793169077,0.0,0.0,0.0
3.926,0.04265599478577646,0.045085501726505196,9.836847347438074,0.44565724382598265,-0.28356269443832144,-0.02455268821222332,0.0,0.0,0.0
3.928,0.003918109614756525,-0.0026596624173302386,9.781442623288035,-0.4595205128191896,-1.0372928282021077,0.2199244075150757,0.0,0.0,0.0
3.93,0.017591430680021954,0.0034251555519256424,9.880949972183359,0.03352185209088693,0.19805573801182635,-0.6564370631273908,0.0,0.0,0.0
3.932,0.027619416633451334,0.0015450683521061603,9.763249581284242,-0.49642557152295613,0.12768889221671004,0.903466648691037,0.0,0.0,0.0
3.934,-0.004778293275631966,0.009144628241100823,9.807850435865568,-0.5169341926411009,0.6189374000312049,-0.37258036062300426,0.0,0.0,0.0
3.936,-0.004103511297014082,-0.034600797666470264,9.790944312776965,-1.1314678425510711,1.3370833243317417,1.2418254026261732,0.0,0.0,0.0
3.938,0.028960310405603856,0.037092843673487204,9.793745790011766,0.0832120027370086,-0.1236150993169579,0.008360332746471641,0.0,0.0,0.0
3.94,-0.06026331966622579,-0.00029718535299096745,9.827118084899553,-0.1769259870055411,0.76023713891626,0.18352789308555087,0.0,0.0,0.0
3.942,-0.07801363095615217,-0.044207875668652176,9.844189459967959,0.9046192868469325,-0.5629991911801605,-0.4570429217110486,0.0,0.0,0.0
3.944,0.0011273077351765665,0.03178982627922984,9.804308982718261,-0.500316042906427,0.15451804144748119,0.383663284954532,0.0,0.0,0.0
3.946,0.055906116274401924,-0.029633970148146723,9.820669507297803,-0.9780205746040682,0.8168545861088915,0.07971906502800685,0.0,0.0,0.0
3.948,0.054432047285175644,-0.019592642773919124,9.770384090877377,-0.8172050047679477,0.07999188401587344,0.12865647738445615,0.0,0.0,0.0
3.95,-0.09057937884454677,0.020578304203922558,9.81411764700774,-0.6002765003844963,-0.03551195167266456,-0.02574959291848784,0.0,0.0,0.0
3.952,0.05662531070686763,-0.0026400740731021923,9.821033899256784,0.6155039320474969,0.4942830204572088,0.4116088465139143,0.0,0.0,0.0
3.954,0.0340751552746331,-0.0471451479048297,9.84019278880452,0.23749721749419048,-0.16724952696844703,0.3772682157256543,0.0,0.0,0.0
3.956,-0.017774736111731672,0.0035563339076663016,9.828344271403958,0.514449951048754,-0.25601338420139147,-0.6099975748091407,0.0,0.0,0.0
3.958,0.017146189414808357,-0.018439430315672363,9.770389945672537,0.23594079100661414,0.05576374676148302,0.7589366715160571,0.0,0.0,0.0
3.96,-0.011676604715428291,-0.02050299367918666,9.774844676180084,-0.22998997748284608,0.31702854338850706,0.6761661431246615,0.0,0.0,0.0
3.962,0.0012363160194540025,0.02885210873204874,9.777379573066415,0.31360966231409537,-0.9002437933058599,-0.3182835110320822,0.0,0.0,0.0
3.964,-0.020534618115076606,0.0041343487980807095,9.83478394531065,0.6060014585368119,0.2643095512632192,0.5599571210448612,0.0,0.0,0.0
3.966,-0.03839656041948515,-0.014090035027399006,9.788538532324527,-0.27407893545780293,-0.05922620726677295,0.7386550039167333,0.0,0.0,0.0
3.968,0.009504926546076174,-0.03256442839491087,9.795890096371185,0.5023714171542081,0.3207499967564809,-0.04194169549729098,0.0,0.0,0.0
3.97,0.010140656013966489,-0.006408232859377043,9.803938984291372,-0.24711734882515735,-1.301349041683775,-0.10041553611233137,0.0,0.0,0.0
3.972,-0.025236755511940327,0.02461261625884766,9.799185336686985,-0.68924374932736,0.03502555221615339,-0.2423229808817853,0.0,0.0,0.0
3.974,-0.037687699226206794,0.032730054705156914,9.866940346111853,-0.5505217049596063,-0.07798178638767968,-0.3880882359870922,0.0,0.0,0.0
3.976,0.019250178594483913,-0.004684209536473777,9.79103440116815,0.2363468110440626,-0.30575459389526954,0.517262477654523,0.0,0.0,0.0
3.978,0.010048961119169022,0.0027676496686328544,9.846975069992732,-0.059249968166335716,0.567354383955828,-0.0733302360871405,0.0,0.0,0.0
3.98,0.016101023849400143,0.011784670121093929,9.888216860890234,-0.49242671711100283,-0.01687329254750699,-0.4250794376149907,0.0,0.0,0.0
3.982,0.09457152417482276,0.005906290830809409,9.798249402014347,0.18433769632192057,-0.1322985025655587,0.6380790731636884,0.0,0.0,0.0
3.984,0.020766690626424576,-0.015503064940265232,9.797289160666383,0.25615581668564413,-0.29225536567055055,0.14232350420570863,0.0,0.0,0.0
3.986,0.007283357496231912,0.020686865402450558,9.789446510626492,-0.23138045580174768,-0.10111403405995804,0.4760407435936786,0.0,0.0,0.0
3.988,0.029577188512418445,0.04521927431491415,9.825849528582832,0.22746157578950904,0.10897437357754419,-0.10898992588057908,0.0,0.0,0.0
3.99,-0.027432289422566584,0.003418372317481023,9.76773320201591,-0.6926535610815299,0.64141110568363,-0.2054147658931387,0.0,0.0,0.0
3.992,0.07398471224470488,-0.0022983323221255616,9.870999411472765,-0.920525048513763,0.15857538472061297,0.185503807410893,0.0,0.0,0.0
3.994,-0.002051750809521792,-0.007462067678577065,9.778470252731049,-0.6336041097672288,0.12511299095612582,-0.07958282072531846,0.0,0.0,0.0
3.996,0.03323757707799109,0.046546473888817295,9.797539129397455,0.61235926102249,0.045814457102777366,-0.09343163049522453,0.0,0.0,0.0
3.998,0.0231148243667505,-0.012370990895029558,9.74673555678461,0.307348944730379,-0.3101247266715723,0.39539595260938293,0.0,0.0,0.0
4.0,-0.014155311093479237,-0.0008202703101225619,9.807394097993337,-0.8681227459877837,-0.09952740672169945,-0.49004509678069835,0.0,0.0,0.0
4.002,-0.013127657397641709,-0.01786302016380226,9.767550620606928,-0.2722833566658699,-0.9413074337113884,-0.1660153958614793,0.0,0.0,0.0
4.004,-0.05146851423240657,-0.08454735523088733,9.792455482526043,0.1193539675490984,0.5090514491072403,0.5008317465241123,0.0,0.0,0.0
4.006,-0.027172745919416406,-0.0002406677388815465,9.861786150442134,0.6651152804049196,-0.4964890332157481,-0.02049398994393363,0.0,0.0,0.0
4.008,0.032393335602143844,0.0003657997938246336,9.831371928292954,-0.7791803174239181,0.2838362719032871,0.1335816716070331,0.0,0.0,0.0
4.01,0.006406102151126952,-0.025943834386914902,9.815271448576306,-0.6177156985750546,0.5420238750013688,0.33105009142836556,0.0,0.0,0.0
4.0120000000000005,0.03693074315424662,0.024250056366761794,9.798166174153573,0.7591078385849752,-0.1651350384502234,-0.2792968321208743,0.0,0.0,0.0
4.014,0.007095728333268751,-0.009655206684437858,9.818061607634357,0.09619859123830861,0.28106508554225335,-0.09791581687474102,0.0,0.0,0.0
4.016,-0.02118329124891875,-0.04938141043989092,9.807275384558958,0.3590097022041787,-0.249965622170791,0.44734180418588027,0.0,0.0,0.0
4.018,0.029141728738513503,0.014353090003463369,9.80530775077363,0.05745990396392187,-0.11712672327203148,0.17500448168498312,0.0,0.0,0.0
4.0200000000000005,0.0011963255059718166,-0.04557872704171231,9.835877674415936,-0.10104239822378774,-0.24268745351139448,-0.1646553669599568,0.0,0.0,0.0
4.022,-0.022232796456178615,0.00792825683140231,9.806253441035127,-0.08252493131466199,0.1359709986558606,-0.1555057683683952,0.0,0.0,0.0
4.024,-0.01346911362235763,0.021447126694858473,9.847191067778203,0.08246442873964532,0.6727712428830411,0.7700658390297028,0.0,0.0,0.0
4.026,-0.009974155629404334,0.04941680791650344,9.774782139471872,0.439591754154413,0.28551798817299096,0.17346391654534152,0.0,0.0,0.0
4.0280000000000005,-0.0028671969642814817,-0.00840317141819392,9.807429174963179,-0.29316992377955103,0.07666527863912427,-0.2177188915757432,0.0,0.0,0.0
4.03,-0.010375909821049379,-0.028110117121258195,9.816172507608975,0.858215294378545,-0.4617707607903296,-0.02489379094321685,0.0,0.0,0.0
4.032,-0.04023979264968802,-0.00017826873163128673,9.79166515850191,0.5902984415628211,0.030354093139374923,0.9598627021642504,0.0,0.0,0.0
4.034,-0.053446142862714034,0.018959175734360234,9.795779799076039,0.1977871181062585,1.1991287609517396,0.937645778597698,0.0,0.0,0.0
4.0360000000000005,-0.027722873750968515,-0.009615449622562737,9.787254327666693,-0.0529993236286178,0.27833235937967327,0.8786586857283581,0.0,0.0,0.0
4.038,-0.047426313236602305,-0.025522120653922183,9.813011689029222,0.8615135227368594,-0.4966084373154274,0.7626346691061991,0.0,0.0,0.0
4.04,-0.05235111735022938,-0.014912245898987058,9.835394580223698,-0.5371419366246276,-0.5134075575084518,-0.27736378236130915,0.0,0.0,0.0
4.042,-0.022387983498775948,0.007716484845058401,9.806372213651725,-0.39955786853599295,0.34966945571652297,-0.11333270039466616,0.0,0.0,0.0
4.0440000000000005,-0.007616012986108433,-0.025572614034960695,9.830498014332878,-0.5992400908704546,-0.28519342139097065,-0.15503218671171803,0.0,0.0,0.0
4.046,-0.02661181008217421,0.029582466748110377,9.758524410001598,0.5145295057723004,-0.6952158591083877,-0.011292914396173507,0.0,0.0,0.0
4.048,0.007611086042239781,0.012997567743556147,9.807533383085461,0.22586894973736257,0.8999575522514243,0.006827035106713826,0.0,0.0,0.0
4.05,-0.033329517121394696,0.006092064791409301,9.839699882174223,0.3413638466936691,0.499568624478509,0.15973802555967495,0.0,0.0,0.0
4.0520000000000005,0.00920958754590629,-0.036569653135204,9.829946046929464,1.012902848079712,0.4925026829221657,0.2478467970153546,0.0,0.0,0.0
4.054,-0.0052659979927337204,-0.026524691782778817,9.799717864207732,-0.1169983529008411,-0.3954798534487723,0.26084669494065954,0.0,0.0,0.0
4.056,-0.0521190544373319,-0.04507133227215084,9.76770460140254,0.23665372023455034,-0.10398298956916306,0.15780332460474758,0.0,0.0,0.0
4.058,0.00871654825956592,-0.0015518429485825444,9.79704847288007,-0.4814684192378866,-0.7924741074226124,-0.17548498816952035,0.0,0.0,0.0
4.0600000000000005,0.028533288721530596,-0.030468586809995486,9.773499029790088,0.012169963165915664,0.05578271348435798,0.5526112435759377,0.0,0.0,0.0
4.062,0.04965266966335195,0.016507557881838043,9.762423047830657,0.23924613655225796,0.30232100062576617,-1.1038943226706517,0.0,0.0,0.0
4.064,0.029419947889394407,-0.04215739491913307,9.807100305515032,-1.0003003090293792,0.426627028601661,-0.3990899221055176,0.0,0.0,0.0
4.066,-0.0413036023882271,-0.00120450368178448,9.797888764806816,0.04277928312466212,0.8494849972679637,0.48003371896632163,0.0,0.0,0.0
4.0680000000000005,-0.0011575473502588197,-0.012022492322753346,9.790059312290287,-0.6524405638834659,0.039879183083927516,-0.6315562775749095,0.0,0.0,0.0
4.07,0.021617938807844045,-0.04294186999934059,9.85931570754041,1.1024058938762507,0.29625799908751493,-0.39150788188150437,0.0,0.0,0.0
4.072,0.01801262453239823,-0.02642076090848193,9.812206693238382,-0.037827293972053325,0.8041520157812895,0.3826525286875279,0.0,0.0,0.0
4.074,0.0012358202591975904,0.0024898118977757368,9.82906295244873,0.15475239272627353,-0.30092109918886484,0.09404620900440526,0.0,0.0,0.0
4.0760000000000005,0.05177473495849336,0.021554772596407052,9.814055599967272,1.376272756650616,0.6665667052278627,0.3895201102437071,0.0,0.0,0.0
4.078,0.02445480897931473,0.026325917458187503,9.75836529942341,-0.08216764220859415,-0.1908188050904979,-0.3576372363910122,0.0,0.0,0.0
4.08,0.010804153887596027,0.03545297670666556,9.7905147330621,0.18033598725267336,0.31153261139766397,0.0070733813079001786,0.0,0.0,0.0
4.082,0.057565037017875506,-0.004755734442725652,9.806668767378538,-0.2295858968554777,-0.5024382209243851,-0.39386251558397845,0.0,0.0,0.0
4.0840000000000005,0.027248056808121986,-0.0016316846800866298,9.827951034602599,-0.49925527466073216,0.051821776383092974,0.15503114054267153,0.0,0.0,0.0
4.086,-0.03712474895143065,0.01666267787106592,9.82793758099995,0.1714891320807308,0.3028144707472472,0.1880855103225369,0.0,0.0,0.0
4.088,0.005031081731819047,-0.05867988326021696,9.758369573056235,-0.523267885094009,-1.1191974637263233,0.02785486892336404,0.0,0.0,0.0
4.09,0.013424625493451185,0.012611387736768257,9.829893513164496,0.6664644284081263,-0.40891438630677135,-0.0568479640629706,0.0,0.0,0.0
4.0920000000000005,-0.010980773889816112,0.03883555513941517,9.810163637849385,-0.834100521074648,0.4164651808494358,0.6248295364368045,0.0,0.0,0.0
4.094,-0.004360189756485363,0.03281486934590953,9.78892158218555,-0.6930376271052552,-0.6423152757102448,0.22371327346748168,0.0,0.0,0.0
4.096,-0.015215121769390048,0.016138946908963347,9.788861569877026,-0.12595253192657482,-0.2660172984335513,-0.1475330653565099,0.0,0.0,0.0
4.098,0.0449003015774527,-0.005521789871474948,9.817920531059391,0.17860321591113135,-0.47354326129161406,0.7313206004427516,0.0,0.0,0.0
4.1,0.005117029334827619,-0.001608763420389945,9.825460556437132,0.7096853926504478,0.4774776519351441,0.6962223172887796,0.0,0.0,0.0
4.102,0.0024524102576256195,0.006457299795875906,9.825870494713827,0.7556515222226391,0.12157917233682931,0.6064135000433093,0.0,0.0,0.0
4.104,-0.016288629316161596,-0.03453834133303566,9.817743695188792,-0.22139850933329322,0.9926394563418283,1.283825491923162,0.0,0.0,0.0
4.106,0.009279951020800222,-0.013111162211671024,9.777718756805323,0.17586350442193135,-0.1432924792361003,-0.10140174684341458,0.0,0.0,0.0
4.108,0.042108809362278975,-0.014216140016925321,9.762736109806749,-0.03557230634163936,-0.14686632728667234,0.22142024254025253,0.0,0.0,0.0
4.11,-0.001403810843668511,2.7670388077273175e-05,9.806923820222258,-0.9174373773107296,0.10004201525707465,-0.5022562359607966,0.0,0.0,0.0
4.112,-0.02341767456491289,-0.023498250067393377,9.838364911818422,0.564168388842413,0.5351248858258968,-0.06484691532097797,0.0,0.0,0.0
4.114,0.013953999801306292,-0.04746955196147761,9.887739860036925,0.005133972731361778,0.22988144059274332,-0.4564826150156719,0.0,0.0,0.0
4.116,0.0022766092029364014,0.018856133264456513,9.796397025781406,-0.1752756850580417,0.0719545779469747,0.002706279122752945,0.0,0.0,0.0
4.118,-0.023213140776170902,-0.028404901216998003,9.832500331436703,-0.0886218680658698,0.9026156954804119,0.8943551064490812,0.0,0.0,0.0
4.12,-0.03440793231082719,-0.008999392358152981,9.77732702436876,-0.4744283679313843,0.19089267470450952,-0.2745953417831618,0.0,0.0,0.0
4.122,-0.004765810286946715,-0.002102948045287866,9.768440339689745,0.3831315672053921,0.1324104427570682,-0.16230033246607894,0.0,0.0,0.0
4.124,-0.011797165304833065,-0.023937632624588406,9.82217486961872,0.10989491719085559,-0.4819486038253485,0.024867115367192973,0.0,0.0,0.0
4.126,0.0011195328016248038,-0.04693684981366445,9.818001199927847,0.3581648949247912,-0.30565066685472786,-0.19067028776354408,0.0,0.0,0.0
4.128,-0.012468682295859132,-0.021216957429296544,9.815966082389469,0.2973185278811683,0.650353158845834,0.7068620629816732,0.0,0.0,0.0
4.13,0.014310518881281965,0.0074930995812251084,9.771078889698948,-0.47744357955634326,0.06204380166664673,0.2767181074639383,0.0,0.0,0.0
4.132,-0.023783182145405726,0.03859945551544379,9.843356913368844,-0.0994410752117807,-0.05936923888522768,0.7049199077201878,0.0,0.0,0.0
4.134,-0.03159074401677889,0.0035336147233359784,9.79755091857077,-0.4498012626830991,0.3083571976229547,0.19214274996347278,0.0,0.0,0.0
4.136,-0.0046525586855597255,0.007687660967069059,9.795243194969164,0.024467603950145578,0.03181866513667834,0.046393157057671344,0.0,0.0,0.0
4.138,0.010582778800319605,-0.007122161989849625,9.848055393693715,-0.6164609899937618,0.5960880435614018,-0.2751347562274246,0.0,0.0,0.0
4.14,-0.025151450024498274,-4.026595830120905e-05,9.80019620764823,0.07194314791896225,-0.7254554164951451,-0.3080944416087598,0.0,0.0,0.0
4.142,-0.008322429358540419,0.00018097746355133146,9.835786239945287,0.07932378613127646,-0.8679502239417815,0.4932667495705279,0.0,0.0,0.0
4.144,0.016559326095059543,-0.018838064441582484,9.75384886038695,-0.28226976414574595,-0.49432080248027344,0.7376715150488093,0.0,0.0,0.0
4.146,0.010257427935379641,-0.014810282200429629,9.807847247602675,0.26720926765688335,0.32978978251230845,0.08327210055986428,0.0,0.0,0.0
4.148,-0.013940765330411402,-0.0023812719719102067,9.81985295622457,0.8279297731100479,0.06215484242907952,-0.34228997394711297,0.0,0.0,0.0
4.15,0.02228858126682766,0.033080411524970064,9.797204314596447,0.12651361806473074,0.47741253456388333,-0.7191492995424343,0.0,0.0,0.0
4.152,-0.005967082228785668,0.017910114532621545,9.858612414419246,0.8441812677764289,-0.8339527623049806,0.18633245367698725,0.0,0.0,0.0
4.154,0.01722046301457774,-0.004541084870857608,9.71883443277248,-0.3767396831257953,0.19332768615154125,0.6614350644394991,0.0,0.0,0.0
4.156,-0.006443266225050984,0.025867953240315395,9.771428029281886,-0.48605519995606716,-0.8466063076603707,0.3886965800135959,0.0,0.0,0.0
4.158,0.07676134253660254,-0.03968001684718233,9.782701090554683,0.021866696188247346,0.11900066467071234,-0.4828764192452678,0.0,0.0,0.0
4.16,-0.03531956696456365,-0.00882351610667401,9.798452481353833,-0.35146599363837167,-0.5359514155933432,0.08198917926068686,0.0,0.0,0.0
4.162,-0.010526071574539301,0.014206693995248276,9.787691873581354,-0.4388800095962449,-0.11673959081897826,0.32711065252434607,0.0,0.0,0.0
4.164,0.01915544184264755,0.05353474125776288,9.779364822189535,-0.29716059969216885,-0.7201200787022037,-0.18225007277526295,0.0,0.0,0.0
4.166,0.02301457165942474,0.016602748552046957,9.797382632312612,0.10797751407748166,-0.5483232797660773,-0.021341609406312863,0.0,0.0,0.0
4.168,0.0010115502572446335,-0.06401273739413704,9.77305213305616,0.6070268291209878,0.25406542693512163,-0.5229971351580835,0.0,0.0,0.0
4.17,0.009257789488055399,0.013516464013139664,9.850314442899592,-0.08058028988515323,0.5488106130903624,-0.041291601499027844,0.0,0.0,0.0
4.172,-0.006052536764637384,0.03911591166393029,9.790441088720982,-1.0554284781990577,-0.38369206190317634,-0.14352484685183814,0.0,0.0,0.0
4.174,0.011538011206006534,0.008329118554504158,9.826238475643574,0.5713530797240937,0.308611889936886,-0.6093936253071385,0.0,0.0,0.0
4.176,-0.0248931172030192,-0.032281793141075835,9.803788658117478,-0.2977851519402086,0.4820750276622135,0.8414032403547252,0.0,0.0,0.0
4.178,0.05867663209039654,0.008643461769350661,9.805568283450683,0.03404533689318458,-0.4330254592475829,0.28655481012227163,0.0,0.0,0.0
4.18,0.05825506256000527,0.009666037439817757,9.762562099454762,-0.5000014187659447,-0.16659789569977654,0.5033272344159682,0.0,0.0,0.0
4.182,0.04852584312943393,-0.0012183985754863728,9.818497172350433,-0.1555960187321112,0.2768418691292083,-0.4253871851045428,0.0,0.0,0.0
4.184,-0.018284483429857223,0.01339239750937433,9.827253672698381,0.10975877109556077,-0.5005510852322262,-0.1458614208632157,0.0,0.0,0.0
4.186,-0.03066859744389416,-0.029232776581283454,9.80022698585269,0.4564919050706617,-0.30135765002028253,-0.33374960552628896,0.0,0.0,0.0
4.188,-0.025551117570302966,0.017321300882465474,9.77403409279939,-0.09611031579599516,-0.5924756873021689,0.47034382750300663,0.0,0.0,0.0
4.19,-0.02319916922259026,-0.0018885970996690856,9.811240575080433,-0.40453646243730024,0.2775489556169732,-0.2687015712174372,0.0,0.0,0.0
4.192,0.00810069201835284,0.014580584000103296,9.869738357622987,-0.2942048347764339,-0.8735809126197608,1.0158578890557028,0.0,0.0,0.0
4.194,-0.0194477759812274,-0.054311583446380096,9.810258827790943,0.2213755795781283,0.30536068412746165,0.33708113940956885,0.0,0.0,0.0
4.196,-0.04046797687999046,0.01147639163547879,9.88033907681252,-0.3228654922575872,-0.1758793561123462,0.37849870474107006,0.0,0.0,0.0
4.198,-0.02822106954388765,0.0037655893701642987,9.862676896108857,-0.17137275427749363,-0.22905992680176898,-0.8619216127616439,0.0,0.0,0.0
4.2,-0.041549809991276665,0.03714407768560466,9.859310829819742,0.7496091726349864,-0.027518979851062896,-0.6554899753564152,0.0,0.0,0.0
4.202,0.014871957705701743,0.02138168513282168,9.81848270407853,0.6591387371651242,0.11319420531206588,0.22268104171221834,0.0,0.0,0.0
4.204,-0.0548979665698063,-0.016891158366772924,9.780384253148314,0.5570804208658974,0.022174239974464407,-0.6674068942782281,0.0,0.0,0.0
4.206,-0.023458305534629093,-0.0009857342418588622,9.801478415121323,-0.42941756349884813,-0.5050351272045073,-0.5946368051827792,0.0,0.0,0.0
4.208,-0.06891648375083977,0.0020795421609703883,9.795994865330302,0.09313787288032715,-0.34903609973546756,-0.5498133907499525,0.0,0.0,0.0
4.21,-0.002452771042415825,-0.02832133510351618,9.772203749440974,0.5005517680157645,0.469387755386744,0.46568831929768395,0.0,0.0,0.0
4.212,0.052511702158803374,0.04851612698484662,9.820309746344568,-0.12878441993365322,-0.890051332176107,-0.04690681976352028,0.0,0.0,0.0
4.214,0.01897174616115916,0.015847189269962047,9.852395445154409,-0.5429685182599805,-0.3896744955099619,0.030555799368562283,0.0,0.0,0.0
4.216,-0.00013898261793153245,0.006836333768811218,9.744253853758298,0.4217759413753492,-0.44828592028457354,-0.40603192455339815,0.0,0.0,0.0
4.218,0.006326195150772146,0.06098254371673247,9.771415141533032,0.0719715306798293,-0.031318221863167815,0.032077242307597724,0.0,0.0,0.0
4.22,-0.06544968579073411,-0.05529083387984106,9.75958922289005,-0.15399959850808906,-0.22567148211545887,-0.7607256035922657,0.0,0.0,0.0
4.222,-0.03293174114600306,0.030875759434772238,9.787728908665501,0.10984715163352571,0.19292303569500277,1.1455081474665254,0.0,0.0,0.0
4.224,-0.01853723208859928,0.00423071117053524,9.80711810144119,0.032349578781201635,0.12038072666650088,0.58754625934897,0.0,0.0,0.0
4.226,-0.012994420600936392,0.0376350261489774,9.752259439191645,0.33121966345285475,0.38776688836798545,-0.5122430057110362,0.0,0.0,0.0
4.228,0.030848305080947196,-0.031747607458797136,9.806020764337177,0.15673756368166358,0.24821568615717776,0.29039044561901767,0.0,0.0,0.0
4.23,-0.04901518727172828,-0.05782574854369465,9.776029237741247,0.26312734540123356,0.7212830710092686,-0.6545888051731549,0.0,0.0,0.0
4.232,0.01615216741563605,-0.03060249250884706,9.80104842633066,-0.09227130645990175,1.374132437132838,-0.20866099503990615,0.0,0.0,0.0
4.234,0.03722143097171375,-0.03437697678311445,9.772945540972925,-0.07331181664124656,0.18522270033241908,0.028992079833129295,0.0,0.0,0.0
4.236,-0.011952415314619881,0.003913358640352386,9.864159302651458,0.3983575910109129,-0.5202911092963889,-0.08108033793168677,0.0,0.0,0.0
4.238,0.025090490432992857,-0.023237064194740403,9.828113244207053,-0.19840528751804215,-0.47354733420036066,0.5380946009078814,0.0,0.0,0.0
4.24,-0.014634750867620797,-0.008123866968225311,9.852861552901045,0.6957401017373571,-0.36434035027585204,-0.25576496012733857,0.0,0.0,0.0
4.242,-0.06333641369367955,-0.02803119013063775,9.822430472490991,0.3487893496517974,0.9824662056749272,-0.1027838061646541,0.0,0.0,0.0
4.244,0.0024652789404775327,-0.009901512975869152,9.824944967573368,-0.3868178117489604,0.10501926305380382,-0.38992903229865267,0.0,0.0,0.0
4.246,-0.013381827368919168,0.0012774431139956546,9.775229870165287,-0.254956239204777,-0.8072073135618206,-0.20935690235160698,0.0,0.0,0.0
4.248,-0.0066077693499704245,-0.026864547894724825,9.826524726797395,0.4320055621851168,-0.20834409162817108,0.032757134902458664,0.0,0.0,0.0
4.25,0.05152366493917908,0.031524688789328424,9.813230008413415,-0.5125040529639125,0.2095860487891903,0.29714282224907607,0.0,0.0,0.0
4.252,0.0022553619717014636,0.004271869263239899,9.81368722128318,0.38227436173332413,0.19189263840419638,-0.21573549071704137,0.0,0.0,0.0
4.254,0.05614522625020422,-0.015640543805337952,9.762096847927857,0.19799324543891295,-0.5540601713715756,0.1580530792161311,0.0,0.0,0.0
4.256,0.012833265628126627,0.05095179092623427,9.785595601949318,-0.266645450180729,-0.5503631814565818,-0.6317960065343516,0.0,0.0,0.0
4.258,-0.01823909620512626,0.04218565451530181,9.783146268549235,0.4481716281133273,-0.08862807721109975,-0.565724287663297,0.0,0.0,0.0
4.26,-0.017561674759661975,0.05452456944613749,9.826392589022726,-0.7229738565848715,0.03154802494856603,-0.26292067773416694,0.0,0.0,0.0
4.2620000000000005,0.030747761573636092,0.008784812690398144,9.841346157895726,-0.05242349487950169,-0.5615476613880829,-0.07780233958288385,0.0,0.0,0.0
4.264,-0.00265919315432454,-0.001136318552290834,9.788660886787266,0.5108239384957397,0.21583173894402158,0.12301442287618505,0.0,0.0,0.0
4.266,-0.011340353357428732,0.022242986303364333,9.81734345215537,-0.5485220281541956,-0.21533502767902024,-0.13975128360413117,0.0,0.0,0.0
4.268,0.0175728980453611,-0.0014076801598455393,9.810464816522764,-0.7006110351680888,0.90596467363256,0.3225699069243226,0.0,0.0,0.0
4.2700000000000005,-0.046748702240706604,-0.023489952236657563,9.848995014866688,-0.23253110147339232,0.05314967223732454,0.6339264440073151,0.0,0.0,0.0
4.272,-0.03970098677888357,-0.04859751837178093,9.828075644966049,-0.2376407939625434,0.4076971970506384,0.6012145959737542,0.0,0.0,0.0
4.274,-0.004579930263628017,0.036950071921353654,9.820654766329774,-0.0012496879306518136,-1.0549583308615202,0.006094084048708549,0.0,0.0,0.0
4.276,0.007656864117974197,0.018495593380338824,9.817644181141084,-0.23674043355468546,0.6625174172108853,-0.30682092930690025,0.0,0.0,0.0
4.2780000000000005,-0.011368639004446299,-0.031836295605336476,9.821287173026203,0.8083811643906285,-0.35210874549758236,-0.6136181702939748,0.0,0.0,0.0
4.28,-0.011197141691795124,0.030471760652881336,9.785717876554195,0.5715615425234927,-0.4344974752242099,0.18083896177981912,0.0,0.0,0.0
4.282,-0.027074829388539615,0.06614521422049706,9.851111130160167,0.5193933224062158,0.6651510565879736,1.2524501411548685,0.0,0.0,0.0
4.284,0.017982463430432544,0.03504513202890802,9.786757302598629,0.27316727353562903,0.16861032019445654,0.2663034595449603,0.0,0.0,0.0
4.2860000000000005,0.0020836446495257604,0.02945454106526501,9.867077612110407,-0.2168585295056443,-0.020961995203841725,0.1282220704961671,0.0,0.0,0.0
4.288,0.04061057897276892,-0.020649578243132537,9.75117291044436,0.16976043215840111,0.16023055448247517,-0.2374043925593871,0.0,0.0,0.0
4.29,0.033937750458556695,-0.017064265639628783,9.828481908964815,0.2153844563783918,0.3134415677477004,-0.10434406366219035,0.0,0.0,0.0
4.292,0.025458099919339193,0.024189310269453698,9.80063153748076,-0.37482712333433166,-0.12994203984230024,-0.18446775445898342,0.0,0.0,0.0
4.2940000000000005,0.005579862529118973,0.031858978866423436,9.827318817500949,0.08333389404759568,0.2270804520590117,0.35292968405281866,0.0,0.0,0.0
4.296,-0.03296558897836613,-0.0236181986189344,9.793295739515337,-0.3713754159783415,0.4679940421341024,-0.6473270908525124,0.0,0.0,0.0
4.298,0.015081737681328086,0.008351301580020783,9.803093559583264,-0.5171493565775057,0.18859824810849024,-0.4025093716796428,0.0,0.0,0.0
4.3,-0.04835718991329738,0.045137426019187486,9.843203318964358,-0.018864321118078894,-0.01573199316041307,0.4177348084075488,0.0,0.0,0.0
4.3020000000000005,-0.02184067199812135,0.07038061073142148,9.841427578448366,0.6418371150759561,0.7583973050133093,-0.24579659980859256,0.0,0.0,0.0
4.304,-0.04344778068170504,0.013023991768847797,9.7648181328203,0.05132242037116552,-0.09795017974252206,-0.4663704821681697,0.0,0.0,0.0
4.306,0.025796918780478763,0.0002882654678217576,9.81026243912836,-0.3951521213388605,-0.09228431357205084,0.3189157078990542,0.0,0.0,0.0
4.308,0.047553822884033675,0.005309117586122384,9.837549350957637,0.3523252598875112,0.025450948173343493,-0.4508956537599634,0.0,0.0,0.0
4.3100000000000005,0.04248546459030784,0.004484335876330219,9.816439103203505,0.2324492959457383,-0.6274382528901585,-0.7119306932841389,0.0,0.0,0.0
4.312,-0.025496919993749097,0.004850858712373836,9.778016560091961,-0.710443526197916,-0.09881886021395563,0.6167171346503156,0.0,0.0,0.0
4.314,0.016804047034796224,0.0473419993828128,9.786714624063404,0.20535222966591576,-0.6217640155382155,0.7906484718295324,0.0,0.0,0.0
4.316,0.009867761887555915,0.0189710383815494,9.824977382160995,0.2528541524444581,0.2006497703774506,-0.34774083986028664,0.0,0.0,0.0
4.3180000000000005,-0.02285847055437845,-0.05246577335689853,9.80163255869726,0.04848673997604738,0.638812314913596,-0.3091845934606451,0.0,0.0,0.0
4.32,-0.04932174868541165,0.042381600899537755,9.827846104913672,-0.04584441926473669,-0.4118650969146865,-0.42332309044499117,0.0,0.0,0.0
4.322,-0.03183518205465281,0.046786048762892975,9.777198009845058,-1.054026741997143,0.3702585924113224,0.5823053475378064,0.0,0.0,0.0
4.324,-0.07065209683181216,-0.05605974189700401,9.815499225477039,-0.2813440368736716,-0.47268056734134634,0.15758063248743975,0.0,0.0,0.0
4.3260000000000005,-0.009742919540194015,0.01855408314146793,9.810993048335542,-0.1152363090309429,0.36257434853479015,-0.02163419698632599,0.0,0.0,0.0
4.328,-0.03088687357981833,-0.0041558219676483855,9.79457267454645,-0.3144504994676067,-0.6689618546322159,-0.17765543605629186,0.0,0.0,0.0
4.33,0.028250570473888948,-0.013251665717271464,9.792899585227431,-0.005309247077694454,0.5576036034842025,0.763205481173306,0.0,0.0,0.0
4.332,-0.0026824321956324094,-0.0167977564371825,9.784938376523789,-0.20398942195868244,-0.57572966435772,0.18714534327502977,0.0,0.0,0.0
4.3340000000000005,-0.005719205893467393,0.02469015349004501,9.860944991681441,-1.1519703050966665,0.007710943008958837,0.8033058618155943,0.0,0.0,0.0
4.336,-0.006330060467038811,-0.02318051972371255,9.758274414436771,0.9513915760240043,0.21254870220007718,0.006034297619573348,0.0,0.0,0.0
4.338,-0.04943610595628402,0.008885682218184168,9.78785963928946,0.11373151171574089,0.48890369833115727,0.7634602462167669,0.0,0.0,0.0
4.34,0.09184647839056036,-0.03413791627294239,9.797684563180052,0.6699081429626774,-0.13618356496467746,-1.0088427232546617,0.0,0.0,0.0
4.3420000000000005,0.02127456669844411,-0.03871754910082728,9.808281973500922,0.5283139744787541,-0.2368728981401335,0.3742337678509906,0.0,0.0,0.0
4.344,-0.0055410636882977414,0.02979351752782782,9.812317721495862,-0.4222996432261561,0.5028537341162458,-0.4627182164789667,0.0,0.0,0.0
4.346,-0.027007416729873644,0.021827331421469393,9.861182490465081,-0.2813947656166751,0.7752345863521459,-0.3735333308697956,0.0,0.0,0.0
4.348,-0.007812694075112477,-0.0324160832288174,9.813051255864249,-0.1185779476462246,0.5883966596417545,0.021871327330916283,0.0,0.0,0.0
4.3500000000000005,-0.016576842982004604,0.014590574113564101,9.80839987162478,-0.637749324420571,-0.1213372407440764,0.4788820106275535,0.0,0.0,0.0
4.352,-0.011489237087890524,-0.022023356847105432,9.785817940025401,1.2392056448151418,-0.31369996637939895,-0.47262310499602006,0.0,0.0,0.0
4.354,-0.004219169137228647,-0.012944035398801694,9.823964700460166,0.24235961863789848,-0.1821150485421356,-0.060485116437346415,0.0,0.0,0.0
4.356,-0.004441631487457403,0.021475211498235478,9.82718531163181,-0.07294366455209896,0.3372533700989051,0.3552407186297132,0.0,0.0,0.0
4.358,-0.027416238160078807,0.014529574238093142,9.830184607538342,-0.36304425330375234,-0.7005854936914724,-0.5317652833597586,0.0,0.0,0.0
4.36,0.020259849716828867,0.021576135885389834,9.828681306772204,-0.1396402106183942,-0.44134009120645595,-0.5257131251833973,0.0,0.0,0.0
4.362,-0.02108245799046573,-0.0014255976760286183,9.800509503502493,-0.12391830714528443,-0.28733343963466534,1.0124635003150144,0.0,0.0,0.0
4.364,-0.00849639320406916,0.028390898914452314,9.841694228926293,0.19468660022614404,0.26000594636056645,-0.3693418854929568,0.0,0.0,0.0
4.366,-0.022977547567438673,0.004233238192938155,9.780209767845047,1.300435657549632,0.888714981409753,-0.28741216317414475,0.0,0.0,0.0
4.368,0.019446415239064967,0.0074779513434618285,9.883247810204738,-0.06757680285103283,-0.7653000047246314,-0.34336396839953515,0.0,0.0,0.0
4.37,0.05214923459268161,0.021271894749424966,9.770832793101475,0.07853110005856316,0.4413397524986193,-0.3931211708739157,0.0,0.0,0.0
4.372,-0.03001763559956343,-0.09039560405044594,9.81010421970806,-0.43522531605344045,0.41802180105281267,0.2682334160526557,0.0,0.0,0.0
4.374,0.02007176684151634,0.024290701664779795,9.781799125374292,-0.18552107303031865,0.30057534157213717,-0.2594041048638206,0.0,0.0,0.0
4.376,-0.027106194214313803,0.0028612499856401396,9.808091223845343,-1.3525331880868041,0.2667707934562572,0.18525674178550286,0.0,0.0,0.0
4.378,-0.006755614074115432,-0.05537632659206244,9.834474158511775,-0.18898397387013774,0.5088755073476899,-0.12251737682439064,0.0,0.0,0.0
4.38,0.03401578344928572,0.011691283075620134,9.77814536147204,0.30837502497747626,-0.35489094460739606,-0.06315567297357297,0.0,0.0,0.0
4.382,-0.05662017654528685,0.0519592021612803,9.871463204192942,-0.36112355173085736,1.0417907925645713,-0.4722221536309211,0.0,0.0,0.0
4.384,-0.005905852543741553,0.010845233364276514,9.800303792672253,-0.6082265607003051,0.32228834420572705,-0.49258153060070375,0.0,0.0,0.0
4.386,-0.012771028383863441,-0.0022397768029494875,9.788141110899732,1.0689928645347024,-1.2342905904549586,-0.28597941352889633,0.0,0.0,0.0
4.388,0.03988288144105715,0.02896993842727375,9.851781906337145,-0.07507027607522992,-0.26374449008403533,0.19200790036355883,0.0,0.0,0.0
4.39,-0.036463341308992474,0.02240747789802682,9.77595396556724,-0.0727135783547254,0.050698516587334076,0.1493590668775045,0.0,0.0,0.0
4.392,-0.018335568032310765,0.007967124238913697,9.807395804019409,-0.0399667641690693,-0.6294543612991412,-0.7757791895170653,0.0,0.0,0.0
4.394,0.015707860929161207,-0.030424172550036713,9.832478402736953,-0.9838612335404134,-0.2871861121002784,0.5762859537531433,0.0,0.0,0.0
4.396,-0.03788681433486942,-0.03145313572715809,9.778778399989633,0.21397703723050668,0.6758888566437896,-0.9733190859617932,0.0,0.0,0.0
4.398,-0.001305612046937989,-0.015340549113304078,9.791486081030008,-0.1003847784049118,0.1991151734981124,-0.166837486023282,0.0,0.0,0.0
4.4,-0.003743702694311769,-0.02384247027379039,9.807125888044556,0.37200688547688326,-0.5570821895129763,0.26496226806200446,0.0,0.0,0.0
4.402,0.01896555230572288,-0.0026438985261933333,9.738284100532033,-0.04086080648643855,0.7917987731961811,0.029041836760920047,0.0,0.0,0.0
4.404,-0.04436967266911119,-0.056926157991829686,9.772713713724833,-1.023277045275912,0.054843145858227686,0.9215694122154767,0.0,0.0,0.0
4.406,0.002850302868916774,0.0004167469732840704,9.796458370139362,0.5069879673158925,-0.767878204135528,0.13989777628343258,0.0,0.0,0.0
4.408,-0.0035624532589320916,0.007060869659504829,9.818710099404996,0.8441929144737508,0.3313573908589284,-0.39569217085932723,0.0,0.0,0.0
4.41,0.038671897437826425,-0.014867125590632146,9.804523236126379,-0.25172666932873655,0.1344580552428378,0.5069434345168855,0.0,0.0,0.0
4.412,-0.034895691708335515,0.003089295738479389,9.807259015672937,0.14691801080598815,0.296313753494284,-0.5841301450146502,0.0,0.0,0.0
4.414,-0.005736320219002134,-0.024293211490664268,9.841037786424788,1.1190339697556668,-0.259774613763259,-0.16258118008897687,0.0,0.0,0.0
4.416,-0.06322438679682554,-0.0058503904432316844,9.856300677651076,0.659168213627558,-0.5932713994503563,-0.17792143404574343,0.0,0.0,0.0
4.418,0.02531631514665562,-0.004868684945952943,9.824689893862649,-0.21239891852083698,-0.280741939826838,0.14919872555076735,0.0,0.0,0.0
4.42,-0.005819890628610147,-0.0645361903558436,9.863696032857474,0.09967557713682641,0.06278511187037733,0.3092020199478679,0.0,0.0,0.0
4.422,0.00877607588075203,0.010683112814192356,9.950764408886492,0.6222644551839537,-0.43967778378246464,0.23603406447502237,0.0,0.0,0.0
4.424,0.03121504775584924,0.04234938157386438,9.966997332290696,-0.19850288016072798,-0.49932889661260327,-0.49237149397396585,0.0,0.0,0.0
4.426,0.019212105263551355,0.006796848020745298,9.956478308615658,0.45039487048844995,-0.3544615483288756,0.8108047593980844,0.0,0.0,0.0
4.428,-0.002068630028206964,0.010274826567543052,9.96263015154267,-0.198293791570312,-0.415625092016386,0.024992492203587114,0.0,0.0,0.0
4.43,0.015345133199827736,-0.013395359301260784,10.004333696162893,0.33342608340831564,-0.6055098307821554,-1.328060687755921,0.0,0.0,0.0
4.432,-0.053015220041400905,0.07198702358183788,9.996650498591748,-0.03400288226740561,-0.1007113247561707,-0.06783756159883982,0.0,0.0,0.0
4.434,0.03578579939041349,0.023644491044118074,10.045842568049427,0.8396528802064909,-0.080287406832642,-0.1643129439332656,0.0,0.0,0.0
4.436,0.030141945445330578,-0.047601254537923014,10.03917914856023,0.826354450172497,0.5375169427768642,0.0032618556416937378,0.0,0.0,0.0
4.438,0.020135688577187404,0.0126358995214617,10.074871907307125,0.4729139147176184,0.19133873013889904,0.034628459380290307,0.0,0.0,0.0
4.44,0.01308693833667033,-0.036828237548195066,10.06941197188381,-0.4217384055786566,0.2661740322179796,0.09449139796490562,0.0,0.0,0.0
4.442,-0.0026205955712240775,-0.04076411548873044,10.1135052666214,0.16696568865317554,1.1245412293270816,-0.2747489661256269,0.0,0.0,0.0
4.444,-0.0035675643637580845,0.029660681732372917,10.145887895654196,-0.39965545206612557,-0.4299687826278346,-0.748852181608539,0.0,0.0,0.0
4.446,-0.032974452084339106,-0.0012393867448945964,10.12867035673175,0.37319825642216065,0.9972143270865419,-0.6425782413221337,0.0,0.0,0.0
4.448,0.025221727448978853,0.005992626520743501,10.158454702216257,-0.4590153304812845,0.04198765908448552,-0.04952434131523883,0.0,0.0,0.0
4.45,-0.002138201397988534,-0.00209863429774487,10.231442254871043,-0.06534425122290283,-0.6544812293566964,-1.573606463135375,0.0,0.0,0.0
4.452,-0.017126936737997027,0.010505741612132167,10.246801136680121,0.09911571656510657,0.13552081408570443,0.32782967305065486,0.0,0.0,0.0
4.454,-0.004106853492096942,0.017355706316262976,10.251221279091464,0.7330806793212961,-0.41329253822378653,0.14963492082064841,0.0,0.0,0.0
4.456,-0.0014843218271715032,0.02976837027419504,10.24226069436225,0.7134104207929401,0.2835071836214724,-0.40029271371890146,0.0,0.0,0.0
4.458,0.004612765216378565,0.0010390638845826665,10.253502587511072,-0.4225554553097819,1.0960598211431951,-0.08197144563474605,0.0,0.0,0.0
4.46,-0.031212598738317995,-0.019563236356385513,10.308223316274423,-0.23889207408315244,-0.8766058472939142,-0.48186190713557653,0.0,0.0,0.0
4.462,-0.010219625548654538,-0.0034904687658811767,10.32434722503375,-0.00823615100769411,1.1938492481991925,0.6849721296259951,0.0,0.0,0.0
4.464,-0.00016385934664187965,-0.032929355829444465,10.386315032810039,-0.09810558235189501,0.3356438562524532,0.568247057838875,0.0,0.0,0.0
4.466,0.008383411557563893,0.007115866052558861,10.45069708910821,-0.16240164771427504,0.31780396176206316,0.9025245110221726,0.0,0.0,0.0
4.468,-0.07085122696037172,-0.002597267594920946,10.336387247238699,0.08525256395875772,0.25334342955557626,-0.36202328883559876,0.0,0.0,0.0
4.47,-0.0076444407595721315,0.005510159722584444,10.429716443050246,0.20698941125835318,0.8798591536541864,-0.560590354317177,0.0,0.0,0.0
4.472,0.049225906666954894,-0.0398016428003031,10.47795468451919,-0.5995496926201694,-0.1659231413885041,0.9757788735757689,0.0,0.0,0.0
4.474,0.014608475387714679,0.011372746248699701,10.442787463757906,-0.8218922310309926,-0.10890485789650795,0.8248363719291246,0.0,0.0,0.0
4.476,-0.028764674179466727,0.0015839229203292438,10.46849588647932,-0.3023088888797721,0.12344317908486048,-0.434288233585282,0.0,0.0,0.0
4.478,0.05024473016365773,0.01040024450696946,10.521576995694689,0.07869015784776127,0.836436034786643,-1.016324383951607,0.0,0.0,0.0
4.48,0.018261754086399434,0.02855870346137441,10.555904937408073,0.5361703172061147,-0.01804611031396737,-0.3306392491344663,0.0,0.0,0.0
4.482,0.025762309377089457,-0.0391098082835587,10.527851224663783,-1.1509251981875859,-0.12052235760291584,-0.31716494431184944,0.0,0.0,0.0
4.484,0.008286305278076566,0.012530317573009677,10.602972369342092,-0.33808044890816435,-0.5936761469990847,-0.5053460534198225,0.0,0.0,0.0
4.486,-0.01942618636534183,-0.002332627052769677,10.638669283336316,0.31256723653628415,-0.7890819901702989,-1.1517006912735246,0.0,0.0,0.0
4.488,-0.03814798692914702,0.010887327073586332,10.63825117914699,-0.07713571000711661,-0.5505091012372435,0.672797862215049,0.0,0.0,0.0
4.49,0.014451057118509796,0.03100832073427387,10.630545240894577,0.2177318901108712,-0.2660032029871539,-0.9462826110226499,0.0,0.0,0.0
4.492,-0.03255192701362327,0.009560901755259591,10.674416553275842,0.4916437326453318,-0.6395000350052769,0.32399703775433725,0.0,0.0,0.0
4.494,-0.05344212984682299,-0.018228631213486647,10.716103078306213,-0.7574242449892087,-0.38628065028134195,0.10736776457325158,0.0,0.0,0.0
4.496,0.06493859296341502,0.025077035333957873,10.716951923058575,0.32122006394808794,-0.11191257761391496,0.8033225047382209,0.0,0.0,0.0
4.498,-0.011797214662086938,-0.010426668335002796,10.76766725475909,0.1503337147885566,0.2791067937812679,-0.18834928468487866,0.0,0.0,0.0
4.5,-0.009102402586155729,-0.023142643166111615,10.74325303975898,0.36282788840515445,0.9890538665069201,0.25867869438919905,0.0,0.0,0.0
4.502,-0.03804832238723523,-0.01617665418279519,10.8114976567126,-0.34736886764018515,1.0817384767607412,-0.725501503291826,0.0,0.0,0.0
4.504,-0.0037615120392651105,0.0245846771072083,10.819475398273447,-0.014417442540262814,-0.6427668735901503,-0.4277830760386394,0.0,0.0,0.0
4.506,0.006472706647170729,-0.0374439985315218,10.798071190930383,0.1022482120538723,0.3046763483680093,-0.44327131104274453,0.0,0.0,0.0
4.508,0.061308620969503895,-0.01415981174278567,10.843839009642917,-0.16095534292179015,0.3959041092630616,-0.2521657703655648,0.0,0.0,0.0
4.51,-0.04994357174742192,-0.000742941084793747,10.88166491844002,-0.7374501755070898,0.45543082207030866,0.1943174113812802,0.0,0.0,0.0
4.5120000000000005,-0.015595200907821842,-0.013415330358515186,10.841773145833166,0.4791747941427094,-0.5188054197526506,-0.48947990936770197,0.0,0.0,0.0
4.514,0.0696337614117689,-0.015241500596626932,10.904029634183416,0.14328993394853595,0.44405948520374766,-0.2003843691235631,0.0,0.0,0.0
4.516,0.033605330773429594,-0.005106974263387633,10.933323137944567,0.23057244692165776,-0.5058131752911161,0.34513620147086677,0.0,0.0,0.0
4.518,0.02064667409334817,-0.05391848778127585,10.983510357207974,0.05765804279147366,-0.01719299776976608,1.0635136533788692,0.0,0.0,0.0
4.5200000000000005,-0.002799160931735503,-0.03677487861284706,10.967442412870193,0.29641545200228264,0.27950913770801045,1.328324921425037,0.0,0.0,0.0
4.522,0.012362167292592154,-0.028745658132847376,11.016963073461225,-0.3211854803778586,-0.4003831140146024,0.46852326556868523,0.0,0.0,0.0
4.524,-0.013498453598150844,-0.009807361278939974,11.042965770258611,0.02778397361069237,-0.4348207290334566,0.33016922698817763,0.0,0.0,0.0
4.526,0.039388810721583505,-0.025616790637718108,11.009969838461442,-0.9083673892445834,0.3949870037559969,0.19457498192748993,0.0,0.0,0.0
4.5280000000000005,0.04021655877614753,0.0020226291131903544,11.117195021092396,-0.3925583822663775,-0.2660474642856306,-0.07267337547990813,0.0,0.0,0.0
4.53,0.008285357386201044,-0.0523578150611729,11.114628721081534,0.3281724985578088,0.47568017935270157,-0.864458764895982,0.0,0.0,0.0
4.532,0.017866910855867196,0.011000911310802679,11.12715804864257,-0.48711627744331576,-0.36204420282901834,-0.34151164067588696,0.0,0.0,0.0
4.534,0.04714883799458213,-0.004559057288322413,11.086834898147327,0.4688317951272075,-0.5023990509552259,-0.24241019291201318,0.0,0.0,0.0
4.5360000000000005,-0.03377533886602531,-0.02445657577780662,11.200230344390325,0.03599563377540723,0.2746181683665927,0.08767164012552388,0.0,0.0,0.0
4.538,0.011687558612955243,-0.03401145998665174,11.191978763268796,-0.26953022379477515,-0.4126851928310867,-0.36700521378534395,0.0,0.0,0.0
4.54,0.0045729847613415866,0.019346013994797722,11.230775025153255,-0.3681945010611117,-0.7377058319418346,-0.671908157035494,0.0,0.0,0.0
4.542,0.048874598344125046,-0.03265760217398687,11.23581164992199,-0.10812948814226356,0.05866604192902745,-0.25584513945889936,0.0,0.0,0.0
4.5440000000000005,-0.016981027116681684,-0.003860516401931194,11.252211589293484,0.06351300444995779,0.18349871872993898,0.787237896510662,0.0,0.0,0.0
4.546,0.018006380815913204,0.06065219368308255,11.29057576400741,-0.6596843451553652,-0.0681141725442662,0.14036466927692334,0.0,0.0,0.0
4.548,-0.010900357966126331,-0.046035237695719745,11.366041132971123,-0.47102787527360046,0.4394904578338844,-0.6245803512346974,0.0,0.0,0.0
4.55,-0.027766419153624128,0.03991297163529614,11.34398908857268,0.08367503358343477,0.04266963217910279,0.2903170604024206,0.0,0.0,0.0
4.5520000000000005,-0.010089050491462252,0.0238877787077207,11.389903203679523,0.10039653529409907,0.5350940014542815,0.09681868541334611,0.0,0.0,0.0
4.554,0.016598142267336947,-0.009805976633659097,11.4020942084201,0.40101525958377005,0.35389137487900085,-0.2120323553163612,0.0,0.0,0.0
4.556,-0.0030831990702965685,0.06277195871203871,11.414428322858518,-0.05803860332568484,0.5221564913663909,0.6780043577449802,0.0,0.0,0.0
4.558,-0.024352584148361705,0.016845460027570886,11.415283137627652,-0.15962664759633335,0.14162752908574497,-0.05543222267767697,0.0,0.0,0.0
4.5600000000000005,0.003455839609065991,-0.012015314704971483,11.48449016336253,0.085051753470223,0.6452406903805333,-0.41354666271614277,0.0,0.0,0.0
4.562,0.019421741146182676,0.02128602893929229,11.455351224036637,0.13460491078943754,-0.28564107241140835,0.5804057225760031,0.0,0.0,0.0
4.564,0.015853273299108364,0.018583729690122355,11.525305157136701,-0.4342452616760124,-0.25759549672862053,0.7187498763110308,0.0,0.0,0.0
4.566,0.003865649013581862,0.0737778634850007,11.489135958262967,0.15901198921803947,0.0986267141463834,0.573727438135085,0.0,0.0,0.0
4.5680000000000005,0.017907007739836,-0.006182362591517105,11.572811043753052,0.6432982943946222,0.45695971575223265,-0.7847921249238637,0.0,0.0,0.0
4.57,-0.06846068576469469,0.049722791130255295,11.55919032550189,0.07088569133311917,1.232801824585825,-0.03047158467746681,0.0,0.0,0.0
4.572,0.026197866576192348,-0.00965772827453395,11.544143345836392,-0.6111342662282389,-0.3493748720994561,0.6738803212477799,0.0,0.0,0.0
4.574,0.006675283254278235,0.0007927961669124572,11.59982986772417,-0.08572827762663238,-0.32569927400489007,0.1318427610592077,0.0,0.0,0.0
4.5760000000000005,-0.07943748539638341,0.020427175896902485,11.668223338346845,0.5606174236377786,-0.522859764258102,-0.030546543492111732,0.0,0.0,0.0
4.578,0.0006857812785064132,-0.018637769461022597,11.639798866560044,-0.5962487724473076,-0.02431647963006911,0.2604331910754674,0.0,0.0,0.0
4.58,0.021535393650693447,0.028425217046703928,11.689865512469334,1.0016701450113645,0.6045573093688303,-0.4823504793608197,0.0,0.0,0.0
4.582,0.008563780782373525,0.04126367904888493,11.619208677860263,-0.0905935585391086,0.5389315468483682,-0.02724183754423309,0.0,0.0,0.0
4.5840000000000005,-0.006601167806894295,0.08419905702154463,11.670983228307945,-0.0648054387198918,-0.22514830712457062,-0.7058637708529554,0.0,0.0,0.0
4.586,0.043862383924834984,-0.02017515822564454,11.66917714445995,0.6748102574559371,-0.23073778201750206,-0.1582155730555344,0.0,0.0,0.0
4.588,-0.024368439417101435,0.009776021101088701,11.636423189348864,0.23695985031198238,-0.04250300804962019,-0.1683304742862511,0.0,0.0,0.0
4.59,0.009144171510249767,-0.010611246837259024,11.655274933086389,1.2144831910397238,-0.22179007358450167,0.30248084855243623,0.0,0.0,0.0
4.5920000000000005,-0.05507722917001526,0.05042106667862208,11.61658813878936,0.6480806795630116,-0.052437107049041476,-0.5873140148522725,0.0,0.0,0.0
4.594,-0.029619705695618788,-0.08537785755670355,11.633416192862892,-0.873651825424802,0.3731804581344035,-0.46565272965775795,0.0,0.0,0.0
4.596,-0.020243684315724784,0.006144277956412857,11.688421989488162,0.15636486634119295,-0.3735630010405239,0.1516153769773009,0.0,0.0,0.0
4.598,-0.04651539067909891,-0.023679707640750662,11.737654289964453,0.27759969735803414,-0.526996382583853,0.48279620293088565,0.0,0.0,0.0
4.6000000000000005,-3.5679550468903704e-05,0.03639397976416219,11.624268993086226,0.09967820021230664,-0.7580585639022134,0.1470833747739836,0.0,0.0,0.0
4.602,-0.0041518602720403645,-0.0015928498423035827,11.703694932633772,-0.018542274905920003,-0.4427267762268728,-0.2808214449563572,0.0,0.0,0.0
4.604,0.028198905316906813,0.03936619354853255,11.684193169852428,0.6327149182926,0.08682842267084842,-0.2085756332400267,0.0,0.0,0.0
4.606,0.0173168303284406,-0.008631147907820467,11.684250866345261,0.9169033575399057,0.61749328326507,-0.7121749069443088,0.0,0.0,0.0
4.6080000000000005,0.008407924796754802,0.009926070658527346,11.693287447301994,0.5517170005579827,0.269494747937577,0.05604400388539258,0.0,0.0,0.0
4.61,0.03678256139884807,-0.05937880329835386,11.696933757118556,-0.24975345455196113,0.09538704426464109,-0.5453378002466319,0.0,0.0,0.0
4.612,-0.032841209773428144,-0.041657669147293894,11.667819360442074,-0.5206345128749736,-0.1726081029223366,-0.207241464677618,0.0,0.0,0.0
4.614,-0.012095287997642347,-0.015124155673492044,11.664394363033557,-0.0912420297606894,-0.5538470894635078,0.4288936382527234,0.0,0.0,0.0
4.616,0.06944203628387044,0.0011303196016161754,11.614215200899233,-0.02954325502420984,0.33973491703406294,0.7575165160854728,0.0,0.0,0.0
4.618,-0.021684994492219535,0.024591237290322917,11.570232311365475,0.6902248383505493,0.382487268989482,0.2808041547809272,0.0,0.0,0.0
4.62,-0.05108233008116271,0.03995743131712713,11.659723543718993,0.30861307623717765,-0.28824969125673505,0.21632323156542874,0.0,0.0,0.0
4.622,-0.022553939865002648,-0.006803908619098131,11.64397592875262,-0.2894486959375299,-0.1990235284517139,0.0710858249866255,0.0,0.0,0.0
4.624,-0.02385380619066944,0.004534048302017301,11.697112715513551,-0.9368951776597441,1.1564693733045637,-0.5310960621019526,0.0,0.0,0.0
4.626,0.004166918489620964,0.005475088272454566,11.69672409434202,0.9021181325199554,-0.20157687528828444,-0.2954810337953605,0.0,0.0,0.0
4.628,-0.054083328029036565,0.027642329656358947,11.62593480721443,0.9740722179994916,0.7413005429253563,0.35975137037832877,0.0,0.0,0.0
4.63,0.011416662476336683,-0.005992208608832562,11.642023449936604,-0.93719763390015,0.3590971797841998,-0.767776796003323,0.0,0.0,0.0
4.632,-0.03126180682986625,0.03951160837738385,11.68995191822482,0.4959161245214903,0.6572748885453175,0.46067910231389425,0.0,0.0,0.0
4.634,0.010578658494140974,0.0018547942940177887,11.628131848683086,0.7063413292376548,-0.1907028833026332,-0.6763939317941282,0.0,0.0,0.0
4.636,-0.007005614604326307,-0.00640807189126856,11.59302073682742,0.05867797984342772,0.115568770049731,-0.7781766068452558,0.0,0.0,0.0
4.638,-0.04769473640571636,-0.039969322082168024,11.6887516677077,0.2666886036166039,0.26572817955221895,-0.21689250910745916,0.0,0.0,0.0
4.64,0.0011005930431650106,-0.010580921978007453,11.670241858273947,-1.2454555140182784,-0.5823294804306635,0.2681429691718201,0.0,0.0,0.0
4.642,0.033563720907816966,-0.011310366002421067,11.653755229320474,-0.1598267108739188,0.22690195345974948,-0.30403694556905936,0.0,0.0,0.0
4.644,-0.029929758519113114,-0.041312717831026684,11.66106799313655,0.24333334722250374,-0.4928117373575329,-0.9789191031845171,0.0,0.0,0.0
4.646,0.04163624321015579,-0.007009594150087616,11.63378916629287,-0.44045448903876694,0.0542084707082505,-0.28565373166488384,0.0,0.0,0.0
4.648,0.03529864582401858,-0.009212411327005635,11.67808797313732,0.44457956046044034,0.3730340237950992,-0.18112329132078106,0.0,0.0,0.0
4.65,-0.012861450204696735,-0.0048880120523557185,11.665494773568318,0.3198400043798859,0.7610167381865379,-0.7262721760141594,0.0,0.0,0.0
4.652,-0.011262005668287065,-0.017346511420967815,11.652937965807782,-0.2658837368489105,-0.5611345665682788,0.20081506295555748,0.0,0.0,0.0
4.654,0.034875329021852225,-0.01874338808187958,11.634621992983071,0.32792097836136197,0.17065398401917353,-0.27047050388407295,0.0,0.0,0.0
4.656,0.023723977212257368,0.00479521247285937,11.598590004874588,-1.0322511979970046,-0.11827172741970966,0.34003703498655463,0.0,0.0,0.0
4.658,0.003482971455521356,0.005697058780821676,11.678208288131207,0.2502404097521462,-0.6260202548396832,-0.8943378263057367,0.0,0.0,0.0
4.66,-0.007594572931754393,-0.03566333655215823,11.63240706061863,-0.19097701332164474,-0.5072646744135926,0.3330690287599117,0.0,0.0,0.0
4.662,0.004897027449276248,0.03835595397664354,11.63949331494302,0.6543467105146616,0.04395906966415608,-0.4346049938783295,0.0,0.0,0.0
4.664,0.06338782580367763,0.0072784317731416845,11.64960235186073,0.30666204739271713,0.40201693704292846,0.2493020717894699,0.0,0.0,0.0
4.666,0.043260222570640446,-0.021644093953048678,11.68739166758637,0.21390699518416556,0.5480399368881708,0.7717564904205666,0.0,0.0,0.0
4.668,0.04798340737501366,-0.009025706992152991,11.675173522019264,0.22736487551539997,-0.02344931403309041,0.5850364507884988,0.0,0.0,0.0
4.67,-0.0019104659936415714,-0.027607347568452574,11.6631752122089,0.7055613699257143,-0.16570364694548023,-0.692372806914854,0.0,0.0,0.0
4.672,-0.04157923162775464,0.05346021369403948,11.674659762913484,-0.18219305339205982,-0.09673364454080581,0.2895044445758967,0.0,0.0,0.0
4.674,-0.08194780973814651,0.06068240153874549,11.66405601667925,0.3165889178946228,0.4886748156169817,0.32687959182369125,0.0,0.0,0.0
4.676,-0.03629997300325774,0.00428104558574101,11.708878516913835,-0.006731559365677511,-0.0927159207273563,-0.8329688777314112,0.0,0.0,0.0
4.678,-0.028093567859275158,-0.07496133766671806,11.659377130602739,0.33564656623260997,0.07601257658075795,0.8270080463611026,0.0,0.0,0.0
4.68,-0.0014541321678990344,-0.03466595743560347,11.661474584160958,-0.5628475298174926,0.4317585378111042,-0.20188923094830202,0.0,0.0,0.0
4.682,0.023839697635078108,-0.023346621363756592,11.651351670120198,0.4605537731107346,0.43651462516083833,-0.3101719593467104,0.0,0.0,0.0
4.684,-0.01484552524312352,-0.04469386834427906,11.71253938160623,-1.031374118125532,-0.24514619457926018,0.274681017320016,0.0,0.0,0.0
4.686,0.019303954513802297,0.011671267122485037,11.679885303693192,0.6920820744908251,-0.8427307092366194,-0.046325088777982575,0.0,0.0,0.0
4.688,0.028655400390454555,-0.03003291512481861,11.673053864343032,0.14112193903718365,-0.15412373332704757,-0.8622366999017804,0.0,0.0,0.0
4.69,-0.003092453943964222,0.030880562007430515,11.70368405339783,0.4767514175817034,0.5424362782815164,0.5543602971234433,0.0,0.0,0.0
4.692,-0.04486038895298173,-0.0565244657865671,11.644243294834729,0.02621049660764932,-0.009139159299467955,0.18144944676979347,0.0,0.0,0.0
4.694,0.028672062230691974,-0.006295468483859993,11.664051033312168,0.05470225271638017,-0.5891810324931274,0.5582914731748949,0.0,0.0,0.0
4.696,-0.059804051238554264,-0.009063634916511496,11.703870973572965,0.6958669892651439,0.15418624784742174,-0.26685907215331034,0.0,0.0,0.0
4.698,-0.03391054123929596,-0.0011240613770918154,11.666957259803018,0.6535347507872015,-0.29076565507953955,0.42098239326409725,0.0,0.0,0.0
4.7,-0.023874439808358346,0.02988791935244358,11.6429650237435,-0.6498772713414732,-0.06549785712641781,0.019079110823918152,0.0,0.0,0.0
4.702,0.040480818259715064,0.016603052867923317,11.621125779607514,0.028734070629495286,1.349138571282753,0.5895246365224643,0.0,0.0,0.0
4.704,0.0017304891690414783,-0.031027773052114845,11.646746262252675,0.16331965959991354,0.39679553673703355,0.120774997949387,0.0,0.0,0.0
4.706,0.023878752146559025,0.011547549996435631,11.6678262934127,-0.11010087907921055,-0.2912694420043508,-1.2474225368991438,0.0,0.0,0.0
4.708,-0.0519992103673484,0.028285300095727186,11.691477009869262,-0.1006277182629053,0.08178375200744693,0.11185112607384762,0.0,0.0,0.0
4.71,0.011884974527663213,-0.01304053814723175,11.64243691623134,0.13508144308535713,0.085623825333299,0.5543091424361842,0.0,0.0,0.0
4.712,-0.02997139126620049,-0.06506279826677351,11.698460704602246,0.547297797563035,0.6632778091707826,-0.09281301836417986,0.0,0.0,0.0
4.714,0.013644713539014572,-0.014554791980020092,11.665489895836696,-0.03318800151330113,-0.6965846332359361,0.10279565859606093,0.0,0.0,0.0
4.716,-0.021583734315545975,-0.02876220656849932,11.650998506543662,0.1743814965925184,-0.22957509893285566,0.5772648356778433,0.0,0.0,0.0
4.718,0.028171296042774387,-0.0016937280162051763,11.670925248766592,0.04777738310779944,0.382287490387814,0.11922465162420703,0.0,0.0,0.0
4.72,0.04156833682055928,-0.0408749962643907,11.690860873574561,0.7851947931742366,-0.5994808565578214,-0.11248193602224947,0.0,0.0,0.0
4.722,-0.0020745456404081147,-0.035533687296632185,11.677056257973575,-0.4887203251447913,0.16083315617518099,-0.3930334056141599,0.0,0.0,0.0
4.724,-0.011081796125518956,-0.00199642779096014,11.677584130197001,-0.6584241880114967,-0.44510856133239146,0.41762861645782656,0.0,0.0,0.0
4.726,0.017056118449762927,-0.03306466932198807,11.664129055460473,-0.6182787975253274,-0.03384515241557692,-0.5136012081403035,0.0,0.0,0.0
4.728,0.021074506391886242,0.006084234526079681,11.671105798553116,0.44749251325901723,0.3079724845675655,0.11016513416103992,0.0,0.0,0.0
4.73,-0.02446020751914427,-0.0021502195764217602,11.663135610901069,0.08062394353302249,-0.5092336614945072,0.3118655631671729,0.0,0.0,0.0
4.732,0.014150486956470086,0.015672288096500932,11.678960695308199,0.19820162124289573,0.048239299307537196,0.05825976416727155,0.0,0.0,0.0
4.734,-0.009001628224021552,0.053068866277364936,11.682263051398412,0.9313844715654795,-0.611897662852115,-0.04056825552320172,0.0,0.0,0.0
4.736,0.006941965866293841,-0.023712974000761278,11.639902783033667,0.0258432781589233,0.5422531826047544,0.5289260534832255,0.0,0.0,0.0
4.738,-0.02683962886191674,0.06568296361098018,11.694876015461741,0.1268643732164104,-0.31826336720793164,-0.5041422564744471,0.0,0.0,0.0
4.74,-0.03155264070547583,-0.02010101928231645,11.622876332390033,0.9432267951513987,0.18012938130301148,-0.09350812991732083,0.0,0.0,0.0
4.742,-0.05983227679008249,-0.044900338025413045,11.618056410545327,-0.5266416600443666,-0.9255825949661199,-0.13894779264305784,0.0,0.0,0.0
4.744,0.032908259944742745,-0.035161670696236665,11.723636816747078,0.390461786827841,0.49752888759898495,0.599068725693184,0.0,0.0,0.0
4.746,-0.0025658122273533738,-0.01897075349449816,11.658601432407242,1.1085561771802994,0.15224022938672122,-0.9637790478280909,0.0,0.0,0.0
4.748,0.04584953220155682,-0.024582106734129625,11.712902932250174,0.3190762061235722,-0.16925703562389058,0.6218958425744396,0.0,0.0,0.0
4.75,-0.046821167108502974,-0.05178682342209032,11.614445041816653,-0.36950116715997344,0.2813368813345761,0.5432841114370006,0.0,0.0,0.0
4.752,0.00505871654705314,-0.0357560409405598,11.703956458655346,-0.4831831627688734,-0.4055093585590312,-0.35567702063622125,0.0,0.0,0.0
4.754,-0.0047077813047924945,-0.016586691431073285,11.661554525739664,0.41160884010292814,-0.15960743262911595,0.9908337274262369,0.0,0.0,0.0
4.756,-0.002122657575495727,-0.0389788926328368,11.657297156950676,-0.12361901034128193,-1.0423595386960776,-0.25068918083863995,0.0,0.0,0.0
4.758,-0.067367944832366,0.05691988794177521,11.702958602244745,0.544668119156873,0.6592800607711253,0.30517291513453365,0.0,0.0,0.0
4.76,-0.045244903612715076,-0.028868935795055103,11.65490778482941,-0.6077969011527099,-0.8686885337630772,-0.8387241180348747,0.0,0.0,0.0
4.7620000000000005,0.06113467668902319,0.0377014651367027,11.692438953446093,-0.1774949546797269,0.6259034533448599,0.09138854790240633,0.0,0.0,0.0
4.764,0.0005130174070749022,0.04267735166670823,11.63134096871797,-0.330062395534738,0.45767440761000394,-0.6536462916620983,0.0,0.0,0.0
4.766,0.022572887856280748,0.023216543375481027,11.659089034515143,-0.18219854460560675,0.6665820833635744,0.5993491445520682,0.0,0.0,0.0
4.768,-0.0036449998972294816,0.00985379249933999,11.646980433344693,1.0684391996491287,0.6695855364324398,-0.8228767461560353,0.0,0.0,0.0
4.7700000000000005,0.0006667507330674298,-0.04159980529036134,11.687643185961475,-0.4009087197210288,-0.11730653484113385,0.4447584649936579,0.0,0.0,0.0
4.772,0.015807145049856308,-0.001205159854332948,11.641331822423114,-1.2212692743476796,0.9232662750377197,0.26471480172867656,0.0,0.0,0.0
4.774,-0.010168233131722873,-0.08951463082317404,11.678721914516332,0.21965920906834782,0.48024122380898104,0.1447514426520459,0.0,0.0,0.0
4.776,-0.012207008117656789,-0.043336101865529705,11.611119655067329,0.7239742797346476,-0.25285781089340226,0.42448185228464347,0.0,0.0,0.0
4.7780000000000005,0.042245470537967456,0.017197699925972372,11.648880651809268,0.19242358247913868,0.004302974046864711,0.8133298606493259,0.0,0.0,0.0
4.78,0.048822638645143523,0.0014036597066207613,11.654824665059166,0.06381131430333477,0.14668541825637696,0.36587669190502603,0.0,0.0,0.0
4.782,-0.031064557730610065,-0.015986499949454513,11.667227499847034,0.015899795159060173,0.2978195690216644,-1.4660132411048954,0.0,0.0,0.0
4.784,-0.032925950481286506,-0.036102528941630935,11.637358086130442,-0.3479258781945276,0.16869699266434704,0.23938686597629188,0.0,0.0,0.0
4.7860000000000005,0.014340920007621032,-0.012176556815699947,11.672439168137913,0.009854516923897091,0.08400909753946467,0.18266934028532839,0.0,0.0,0.0
4.788,-0.03867518012929199,0.03508734378144934,11.665073819972259,-0.14215617560422486,0.33897447978993095,-0.5040353494445151,0.0,0.0,0.0
4.79,-0.0302249137575017,0.016706583733871388,11.69323331248597,0.6951151316986752,0.032213445039757774,0.0808210487925658,0.0,0.0,0.0
4.792,-0.018673116561483016,0.04731891369730124,11.659667941571438,0.45380252801865023,-1.1767400461197475,-0.41747595206984944,0.0,0.0,0.0
4.7940000000000005,-0.020715591268315306,0.006332225351763783,11.63082630274625,1.1414472958936805,0.8298764022740844,-0.41163786896941784,0.0,0.0,0.0
4.796,0.006962223214177898,0.005332864862308286,11.632600669677746,0.25470009674885835,0.024654943198951344,0.15807195983915726,0.0,0.0,0.0
4.798,-0.016242516607873778,-0.001065454667225243,11.565672927270956,0.7622585983680035,-0.5751433457907892,0.39417815407694395,0.0,0.0,0.0
4.8,-0.02888006110517841,0.02684890537315824,11.585597095649206,0.7248124073486206,-0.6387114515572515,-0.12750607672485958,0.0,0.0,0.0
4.8020000000000005,-0.05991115399254074,0.013213796590552449,11.545119811031089,0.5209652887852828,-0.5937498300398317,0.9677823314493491,0.0,0.0,0.0
4.804,0.03628665072066739,0.005670010892455731,11.56618806649201,-0.020892621331270907,0.10259834337782472,0.05729856059737226,0.0,0.0,0.0
4.806,-0.02332371523261928,-0.018197324283995227,11.489095330397992,-1.1974652253281333,0.8138037344862743,0.29054856310641547,0.0,0.0,0.0
4.808,-0.0008461653184630965,-0.020236394130938123,11.480991629250791,-0.7702726791589805,0.18715319922303728,0.29501010644415726,0.0,0.0,0.0
4.8100000000000005,0.006674275704303886,0.01648762732906424,11.475644359643304,0.028818851698881133,0.08592901102196246,0.02374076452772728,0.0,0.0,0.0
4.812,0.009795369933666394,0.003945522189690668,11.43853644174807,-0.41400384992375194,0.024713949644309573,-0.3539575341841635,0.0,0.0,0.0
4.814,-0.023427325187319003,0.0222435725871817,11.428402266537887,0.5404979715508069,-0.8055066809973112,0.5131952262085159,0.0,0.0,0.0
4.816,-0.057181213312183954,0.031150507942566043,11.3823052762157,-0.027259775388705536,0.26019586900253666,-0.17334086767117507,0.0,0.0,0.0
4.8180000000000005,0.017615089839206913,-0.009461453804442382,11.384012688846575,-0.4303397512093574,0.060253165633760375,0.06895276666329547,0.0,0.0,0.0
4.82,-0.0012295228912967524,0.020389263614015937,11.315826853582431,-0.023371162620521288,-0.30160665942219833,0.2230321296848283,0.0,0.0,0.0
4.822,0.01184683215637381,-0.03162797313640904,11.292887306864117,1.3009681925956607,-0.17005790231537585,0.09366033058887802,0.0,0.0,0.0
4.824,0.025618045617900657,0.04057618548813665,11.257396486672745,-0.2799319257614105,0.4890105299966129,0.28260631717348056,0.0,0.0,0.0
4.8260000000000005,0.018363393837266307,0.008980735521353783,11.258269438555244,0.5746860851938675,0.34840385891821096,0.11456538426539625,0.0,0.0,0.0
4.828,0.0039023234970498636,-0.01752482266487297,11.213155295236627,-0.31874301894829926,-0.3879013971846065,0.4428419942478186,0.0,0.0,0.0
4.83,0.012157875932342268,0.019766560853263428,11.201235314551758,-0.11990100208702462,-0.03042087633071475,0.3527655065952399,0.0,0.0,0.0
4.832,-0.03269715401700724,-0.004764503465947527,11.206960150649145,0.7331286801305937,-0.2572886495306171,0.31727295769351005,0.0,0.0,0.0
4.8340000000000005,-0.016538718105000457,-0.019633606292903935,11.169899685346028,0.31757462199857744,0.34971906682148035,-0.7758186487460651,0.0,0.0,0.0
4.836,-0.06443765728206372,0.010691055781857877,11.172332583394624,0.07020163767303238,-0.06669653383476064,-0.4931092856008132,0.0,0.0,0.0
4.838,0.00699068222254255,-0.018255145778194024,11.135425324091539,0.7030681010754762,0.0497865658677242,-0.6548395112868984,0.0,0.0,0.0
4.84,-0.03148985076676943,0.009218410894972398,11.172309695060482,0.6139246940568662,0.06697224485878109,-0.3086486050091047,0.0,0.0,0.0
4.8420000000000005,0.045719366175439306,0.01047181567515387,11.137456535600064,-0.24955891212275833,0.0928946306215918,0.8580596758041018,0.0,0.0,0.0
4.844,-0.03635168372801772,0.01441192086507887,10.990988013451009,-0.5753909749148951,0.05041708839993932,0.5875407035727548,0.0,0.0,0.0
4.846,0.033682751299148925,0.022809733145558474,11.007488649568579,0.3308456696767355,-0.5982935987429294,-0.6211551893088852,0.0,0.0,0.0
4.848,-0.018661062674263196,0.0002334915793407884,11.013529997330574,-0.7842311959528346,0.3582732486131429,-0.2238091273802421,0.0,0.0,0.0
4.8500000000000005,-0.009243473069005009,0.009786277276599361,10.9869623676382,-0.8381149829852466,-0.6390053219870108,0.39629138429505234,0.0,0.0,0.0
4.852,0.05712406451189359,-0.024181868081960815,10.97743665695495,-0.9196931408225243,0.018905163130975195,-0.44255338984304265,0.0,0.0,0.0
4.854,-0.03898687550937171,0.0210511382501743,10.983854301499136,0.26720142584285816,-0.4175522354367208,-0.19734584119653908,0.0,0.0,0.0
4.856,-0.04645730410299974,-0.022962643754522432,10.906176520163475,0.437214588088219,0.050418255751952294,-0.059036756341418,0.0,0.0,0.0
4.8580000000000005,0.01729662916038996,0.015125630235124697,10.948910634766104,-0.05929010845773485,0.4008500221563035,1.0197714186092521,0.0,0.0,0.0
4.86,-0.012168928412806073,-0.0041784530884815835,10.839065200891076,0.027922148364715946,-0.2896358176832038,-0.015189721439965484,0.0,0.0,0.0
4.862,-0.014309718054303613,-0.03385404742100959,10.84735641223273,-0.5465566149612687,1.4400800271006193,-0.4795831393444243,0.0,0.0,0.0
4.864,0.029769074979534293,0.026863133201039027,10.831646667748572,0.9448125793636248,-0.2266778226666275,-0.0031876869643327234,0.0,0.0,0.0
4.866,-0.008315009538092394,0.01189249980362547,10.806540583702011,-0.48478970993386017,-0.39359634034175217,0.7307510521405609,0.0,0.0,0.0
4.868,-0.0006245002155772818,0.02545152530440846,10.81904581853227,-0.46487593212111206,-0.12929384940786953,0.6065026898549704,0.0,0.0,0.0
4.87,-0.034548575806744454,-0.036649069531757034,10.771577431618388,0.76980237572168,-0.13723598472889723,-0.1394706781077327,0.0,0.0,0.0
4.872,0.0002753860650991958,-0.05116122462432908,10.761425080601724,0.6357117967938096,-0.32358857755363296,-0.22033969998089706,0.0,0.0,0.0
4.874,0.004212660118577652,0.03895164178228485,10.746676276935364,0.30811492530265955,-0.18039469380933587,-0.8178479111586037,0.0,0.0,0.0
4.876,0.03567055257440391,-0.03535253335656158,10.654753434693705,0.6069863749643082,-0.24949502825381634,0.4706960534936871,0.0,0.0,0.0
4.878,0.024998230706102003,0.017165843571232926,10.701120736554008,0.0010698949141753427,-0.1668354253516226,0.6098591724355392,0.0,0.0,0.0
4.88,-0.01308693811341783,-0.04249386146857522,10.652200687297388,-0.15157241839688637,0.9251305502227682,-0.946024353137338,0.0,0.0,0.0
4.882,0.015124943288396111,0.047094525390583154,10.651514751911941,-0.3138508657327325,0.3270808687399135,0.07694519625462003,0.0,0.0,0.0
4.884,-0.024783091758906483,-0.021415650687331384,10.632478788336206,0.6114188536360532,0.7752164426828105,-0.7900319537769803,0.0,0.0,0.0
4.886,-0.014191213590535995,0.06486824363411013,10.610859004484556,0.7184511110206314,0.21325360642572613,0.411423622778388,0.0,0.0,0.0
4.888,0.011410994172615277,-0.016205736529678133,10.561382578158204,0.32388250781551386,0.17504659950485038,-0.8614273408562888,0.0,0.0,0.0
4.89,-0.0036051932540968343,0.034713343276724165,10.525934972906779,-1.1709073163342014,-0.09766833860066457,1.0891795900825114,0.0,0.0,0.0
4.892,0.014754815040973542,-0.037571080937547095,10.567330630539459,-0.6146205168262421,0.00263935112697254,-0.3623469917000108,0.0,0.0,0.0
4.894,0.019227050052597085,-0.047691568743838945,10.505323009192775,0.176548529197031,-0.02215649905022032,-0.321122723042052,0.0,0.0,0.0
4.896,0.02427386352630005,0.030837177395106892,10.509188289107236,0.30388158295008266,0.016083156087897156,-0.546333762675646,0.0,0.0,0.0
4.898,-0.030220884056041286,-0.027279097660993408,10.533000819712337,-0.3183463684176301,0.05659234606629563,-0.1053014970768484,0.0,0.0,0.0
4.9,0.00329474230401515,0.05407596187924278,10.409554376511872,0.5063272017724051,-0.0815054961846304,0.3372224153769019,0.0,0.0,0.0
4.902,-0.007888336025886053,0.018147241339290333,10.402015971261237,0.3560316876123907,-0.7631180329170179,-0.20835182804001287,0.0,0.0,0.0
4.904,0.007013302377202634,-0.01676243886285755,10.409471012331375,0.5212660642965918,-0.19220953747512043,1.246785049668836,0.0,0.0,0.0
4.906,0.0057190635132839006,0.05206412983592931,10.405609413927094,-0.19830967983197834,-0.6107916554241408,-0.009584090232093447,0.0,0.0,0.0
4.908,-0.005050091396090872,0.00588974079797876,10.37342029869989,-0.3531712947782317,0.13242080482695842,-0.137682247653588,0.0,0.0,0.0
4.91,-0.07203991647783509,-0.04663104054911751,10.35139965376556,0.1763780024918595,-0.9013433449477776,0.5241229725387156,0.0,0.0,0.0
4.912,0.009782669686220753,-0.03852241874764507,10.329793955422192,-0.09111952535053476,-0.8531205740417376,-0.23281054618361197,0.0,0.0,0.0
4.914,-0.005148938466075767,0.040220116963024306,10.255573670046084,-0.6189979704376085,0.2831204095366082,-0.6788961761925344,0.0,0.0,0.0
4.916,0.024790006327185417,-0.025911775435009745,10.30357803882906,-0.3549542156036263,0.7899860440348248,0.0818869878372277,0.0,0.0,0.0
4.918,-0.029218931974871538,-0.03341673472645497,10.25585117741775,-0.23701660972748123,0.40539634825517207,0.4894307515838337,0.0,0.0,0.0
4.92,-0.011208998968441413,0.06704159811426086,10.237439943333687,0.17921360998156433,-0.610488655314142,-0.6586133589901452,0.0,0.0,0.0
4.922,-0.041650465267787935,-0.006934587481713679,10.257787789423553,-0.19162903671380083,-0.7045576138112755,0.37047575138473354,0.0,0.0,0.0
4.924,0.006084108539608454,-0.005619716086098381,10.206221450164355,-0.9232213635301644,-0.13077337295786715,0.7636963768552831,0.0,0.0,0.0
4.926,0.039597862789936183,0.04171079098950394,10.15214682005857,0.2932104964665539,1.3809152474235635,0.2358513722606284,0.0,0.0,0.0
4.928,-0.01929573990323609,0.057962973363385795,10.127091447136026,0.32230702297311264,-0.015180328630279235,0.21482911495355198,0.0,0.0,0.0
4.93,-0.03181147774360836,-0.015057668378437195,10.14631276047059,0.5017290672070723,-0.15881819637506775,0.5956066906125533,0.0,0.0,0.0
4.932,-0.003328277110209918,0.03412993414839933,10.058475788888764,0.33817929075571607,-0.49841187221533256,-0.027615848450622156,0.0,0.0,0.0
4.934,0.0438825300236638,0.019315715615004864,10.067307765764278,-0.42980363243954506,-1.0843303616379887,-0.7897024424801593,0.0,0.0,0.0
4.936,-0.0009724048063314815,-0.031427391015163175,10.038701855347295,-0.6681827091615817,-0.11174546009206165,-0.07241523618933521,0.0,0.0,0.0
4.938,0.006878813462667524,-0.012676747579577406,10.036847046011623,0.4334981280824143,-0.06466847022898586,-0.0039558637997566225,0.0,0.0,0.0
4.94,-0.03855573260286569,-0.025046792845564686,10.04701361956119,0.39142186566885173,0.3008679372434861,-0.8054583163619237,0.0,0.0,0.0
4.942,-0.020957636973561636,0.030503932993309266,10.030555747956091,0.30681402655621975,-0.05574617212857434,-0.18112462295210097,0.0,0.0,0.0
4.944,-0.019239794489438508,0.005983404761179788,9.932306555952552,-0.9949523624602025,0.056947380078220394,-0.6267885967592187,0.0,0.0,0.0
4.946,0.002792076230777343,0.02507597473461433,9.973672906036752,-0.1819481463874802,-0.4030166784929017,-0.5337899839791729,0.0,0.0,0.0
4.948,-0.006472923043791038,-0.0005816137192475104,9.925182341506954,-0.39357327440860534,-0.5189084560688337,0.04108253575228994,0.0,0.0,0.0
4.95,-0.0029130700809447767,-0.00502155600010994,9.908990885261133,0.10101295462139731,-0.441316564205051,-0.3449756469252409,0.0,0.0,0.0
4.952,-0.02818146362747938,-0.04284613225820178,9.849869417747977,-0.0760618165741937,-0.06125530085185212,0.2712832417049293,0.0,0.0,0.0
4.954,0.02463116709759312,-0.0017153216594616408,9.848209824559168,-0.7127479761404723,-0.01269042793475415,-1.1934988090231744,0.0,0.0,0.0
4.956,0.018822244344143403,-0.03609294202645392,9.864332467216386,0.10581757347515686,-0.5609959398242798,0.6557521099431686,0.0,0.0,0.0
4.958,0.014229405524098954,-0.05473478546813282,9.816833168721889,-0.5481652260699506,-0.562814735777616,-0.20978878479492644,0.0,0.0,0.0
4.96,0.017163909464168688,0.0075901874294608766,9.82463850671765,0.06728104906977686,-0.07729482254664276,0.6259705929278062,0.0,0.0,0.0
4.962,-0.021878157818823615,-0.01375979739347496,9.871663685816417,0.5250420347896377,0.4118628232701648,-0.7944848643186871,0.0,0.0,0.0
4.964,0.0026895509852142966,0.025255097161566507,9.786161301956703,-0.21940596044432825,0.10878768061229595,-0.28877504608549703,0.0,0.0,0.0
4.966,-0.045115726943925016,-0.012779323064368462,9.830928137438553,-0.021095187154016502,0.2100770204224715,-0.3778259981487083,0.0,0.0,0.0
4.968,-0.04683962071664397,0.0393679636425741,9.80204855005608,0.7669774728280253,0.383114427972845,-0.0687809779482172,0.0,0.0,0.0
4.97,0.02283042673342753,0.06246861200361689,9.80469888446605,-1.4566873919987613,0.6161253861298103,-0.6233508114822203,0.0,0.0,0.0
4.972,-0.013553276040832288,-0.010837215814322532,9.753019236536657,-0.8257516373687498,0.5625262118443829,-0.7809895834518877,0.0,0.0,0.0
4.974,-0.02626287265571149,0.02120577013851324,9.742525518571918,-0.5604677114253102,0.01718104962553777,0.46271990933702395,0.0,0.0,0.0
4.976,0.03239824628986604,0.007045657146476727,9.789551518055232,0.2043414593198797,0.4691653195814361,0.29442526884601405,0.0,0.0,0.0
4.978,-0.032170107436939994,-0.05086207944083699,9.838665483536666,-0.3610988049214519,-0.37354899938415903,-0.04406888723627817,0.0,0.0,0.0
4.98,0.053298961934056956,-0.03872044164174541,9.786419183182131,-0.972764567561264,-0.6799548892194731,0.0962990010298305,0.0,0.0,0.0
4.982,0.01965461971790127,0.0022856329695166958,9.831261993687216,-0.5376775179447448,1.1075789188374348,-0.29874609889558007,0.0,0.0,0.0
4.984,0.029261849528539795,-0.0002981901574366552,9.782465175018483,0.3360045894996817,-0.0525813434984485,-0.04592288490746206,0.0,0.0,0.0
4.986,0.02745840907879608,-0.04001351874389407,9.873605466898308,-0.20493104768004278,0.19663604031489432,0.2050799255129385,0.0,0.0,0.0
4.988,-0.00621205276304313,0.01026914201191957,9.842926933190185,-0.12331653506345285,-0.47965266439234683,0.5288016134702727,0.0,0.0,0.0
4.99,-0.031044882906110842,0.022308877355563896,9.778664842262003,-0.22511720498369958,0.6366310950619876,-0.1869800542263336,0.0,0.0,0.0
4.992,0.0482728575008147,-0.006814711385964589,9.77654278943652,0.21968410901170174,0.6961780331250178,-0.48266907774567114,0.0,0.0,0.0
4.994,-0.0023038806588973836,0.015205712827884275,9.800771033013842,-0.5059920375905127,0.5322592972022341,0.0019392230753410063,0.0,0.0,0.0
4.996,-0.007861146709218739,0.0027603151745946913,9.8141861808592,-0.2727832728844345,-0.3227221166167926,-0.38570897417100486,0.0,0.0,0.0
4.998,0.0030850314028498765,0.020244721029769243,9.788100841238801,-0.6405060740692842,0.09140458678108188,-0.22261362283394268,0.0,0.0,0.0
5.0,-0.010363709357220134,0.022476091700312676,9.746846960250448,-0.6810218296490218,-1.4104633342557829,-0.757674854274259,0.0,0.0,0.0
5.002,-0.00358802393489658,-0.0024545153836960784,9.789182967869477,-0.641053390030531,-0.2976981748569865,-0.5253964936122559,0.0,0.0,0.0
5.004,0.00013370417954526866,-0.0017446377215730971,9.782596990724986,-0.17860968419375317,-0.08922111982440668,0.10459357600570107,0.0,0.0,0.0
5.006,-0.051068012653049284,-0.013159428340356195,9.825063227795688,0.4049222365921934,0.2383212567306447,0.0014911773596203454,0.0,0.0,0.0
5.008,0.039461808670615335,0.046108477948639315,9.817354474350163,-0.4368213323289986,-0.1895887944422367,-0.12600865052940433,0.0,0.0,0.0
5.01,-0.032959685681023365,0.008955207689188827,9.738039197841728,-0.24278122350367023,-0.4952867970067232,0.9474905342773712,0.0,0.0,0.0
5.0120000000000005,-0.04351182413722229,0.023750527138146356,9.74747398943085,0.0883158031581024,-0.22973620908066303,-0.7395936862026928,0.0,0.0,0.0
5.014,0.033790340344834406,-0.03627671200098738,9.75839670633598,0.019628682790388097,0.5011429325871791,-0.3128712183582855,0.0,0.0,0.0
5.016,-0.03494019900102528,0.0176644253739641,9.830064400177285,-0.8617657878977389,-0.3024725510985054,0.15357736998408647,0.0,0.0,0.0
5.018,0.00837617296997318,0.008376082252451532,9.818965630757376,0.09948925076052208,-0.23794743425028958,-0.26234473097162714,0.0,0.0,0.0
5.0200000000000005,-0.009285587944893623,-0.03305669615138733,9.828493341585109,0.1497926873826398,0.10785603217580944,-0.46144885886239506,0.0,0.0,0.0
5.022,0.00044719170173650354,-0.037435351830072926,9.791399926182237,0.3713561715406261,0.03455182638217123,-0.37596923936619797,0.0,0.0,0.0
5.024,-0.047989201174738774,0.01951277810944873,9.766822086090919,-0.01994002433430752,0.1993188022130986,0.5652766490892219,0.0,0.0,0.0
5.026,-0.059348678998804826,0.00019569490628745014,9.762789764637661,-0.7403645433010955,-0.15306951430227875,-0.074618198995029,0.0,0.0,0.0
5.0280000000000005,-0.008002464454069946,0.020676695227158728,9.819765674846131,0.9411853475678986,0.3752566169254113,-0.07208594389852373,0.0,0.0,0.0
5.03,-0.0010828984552160251,-0.016743897861791507,9.819453981588161,0.43199538253635344,0.6430549286084466,-0.06244324274302266,0.0,0.0,0.0
5.032,-0.009534934755413059,-0.0598790587372743,9.82702934953047,-0.021982463075722783,-0.5375685311853219,0.06573917426592411,0.0,0.0,0.0
5.034,-0.009235722979488043,0.015318780469932694,9.819159870094571,0.2701569331131784,-0.29995529932499576,-0.3235499788679702,0.0,0.0,0.0
5.0360000000000005,-0.009238861079147884,-0.008789533751226132,9.783621242525898,-0.2643386760913975,-0.6404053375297395,-0.7262347493170962,0.0,0.0,0.0
5.038,0.028890281836061887,0.00045856062632561865,9.790161045850649,-0.2419053318310851,-0.750724509309078,0.5941382750507217,0.0,0.0,0.0
5.04,-0.0039537993296559085,0.011592020406438225,9.826391661327666,-0.12970119554077286,0.43335869163337054,0.3657194097106768,0.0,0.0,0.0
5.042,-0.047419261406983375,0.024663634071679794,9.812086859185337,0.6150574586396796,-0.9024118245349979,-1.4828279280148315,0.0,0.0,0.0
5.0440000000000005,0.000766808167354997,0.04101194468202702,9.79356102694153,-0.7417753888793391,-0.749254684582571,0.5017358022905919,0.0,0.0,0.0
5.046,-0.0245172710792593,-0.012608395344972092,9.792081025307981,0.2159053539854985,-0.11471681610410249,0.2281725383620042,0.0,0.0,0.0
5.048,-0.06875202806962355,-0.027841983491649264,9.823689154955838,0.5038488950768324,-0.042652340713233705,0.7632209739581228,0.0,0.0,0.0
5.05,0.013525263061201801,0.06287005287855675,9.776398902756023,0.35081955296383066,-0.4279344919107212,0.03618008011609167,0.0,0.0,0.0
5.0520000000000005,0.024305058583774946,0.0829976635057127,9.83228736627232,0.24032842760554332,0.12957610284797536,0.5645335964611647,0.0,0.0,0.0
5.054,0.0013838150488640361,0.002141052884357032,9.779821053326039,-1.0059054930751492,-0.20590789459336425,-0.5381544322870824,0.0,0.0,0.0
5.056,0.0442135263010275,0.005870598996752942,9.82136993405407,0.8170507091248251,-0.04120739000480351,0.282214362326445,0.0,0.0,0.0
5.058,-0.022322663042710626,0.016750070088085267,9.829161189147143,-0.187828463249714,-0.05199734299440524,0.1686159080499233,0.0,0.0,0.0
5.0600000000000005,-0.003749894621040916,-0.022022348157249575,9.785727639893048,-0.8826781567172948,-1.003830927794646,-0.18292646270744575,0.0,0.0,0.0
5.062,-0.05837099838034911,-0.037060529822542015,9.82146201507144,-0.6904823912970726,-0.5187083780629005,-0.1367434519600623,0.0,0.0,0.0
5.064,0.02614361490556023,0.012076936595585367,9.807940332241516,-0.3376477727264675,-1.2526565871660722,-0.14976828736103792,0.0,0.0,0.0
5.066,0.021553685735533776,0.029752585405847635,9.808892813274324,0.7721885749489048,-0.4346713104138062,0.546818951776848,0.0,0.0,0.0
5.0680000000000005,0.01635899272794017,0.036274683984147814,9.789572952443592,0.23377002672562228,-0.9789563101287816,0.5204917339724069,0.0,0.0,0.0
5.07,0.04953967417748609,0.016194690949510794,9.759263533908001,-0.8566625553355942,0.19342872604605685,0.37358602634064897,0.0,0.0,0.0
5.072,-0.023794146638159673,-0.02004445992173349,9.803871047410528,-0.28445556882600703,0.3322680882101021,-0.4308862567879253,0.0,0.0,0.0
5.074,0.0023474948119663044,-0.0035982892312940037,9.747401194669788,0.13847922780653918,0.47666205987432975,-0.4907396534371439,0.0,0.0,0.0
5.0760000000000005,0.026009717917711426,0.009508168023347212,9.809926037452435,0.708765789723412,-0.6232825493358357,-0.0270128654763829,0.0,0.0,0.0
5.078,0.04260533063287377,0.045150003791287335,9.78693935307093,-0.1669647672534886,-0.4707013004296974,-0.08802545840527748,0.0,0.0,0.0
5.08,0.012396976288351118,-0.01762679982798045,9.82704845385012,-0.2054253835186146,-0.04969469366664969,0.3695870545745342,0.0,0.0,0.0
5.082,0.01599493973933601,0.007015943532643542,9.778037402377015,-0.03922838999489259,0.18912570949461668,1.2422087689989998,0.0,0.0,0.0
5.0840000000000005,-0.036807109003174236,0.01958559919642571,9.800078020310933,0.3185869318069414,0.8574054376013667,-0.7381947674434619,0.0,0.0,0.0
5.086,-0.05438831165221859,-0.04014025436165538,9.831572817008132,-0.4232521330249396,0.3142725473585969,0.676155945007002,0.0,0.0,0.0
5.088,-0.005379147940831717,0.03813085300093764,9.787942996691024,-0.7132309264250489,0.747024782787607,0.04811590262012091,0.0,0.0,0.0
5.09,0.021566478539603678,-0.0024881084481175237,9.820425275439982,0.5007826788370296,-0.12248611327820498,0.006854462491326752,0.0,0.0,0.0
5.0920000000000005,0.03902983488707262,0.015907698663072303,9.787808029878239,-0.21957822059895699,0.5025562842792628,0.3051841111957576,0.0,0.0,0.0
5.094,0.0044283314684657165,-0.01671288770051632,9.783069600281543,-0.6527252888294922,-0.7566012003831935,-0.7537572484971491,0.0,0.0,0.0
5.096,0.008184376938490657,-0.020403171779347872,9.799533301262297,0.10190097101521539,-0.3858567819091688,0.3154457899255766,0.0,0.0,0.0
5.098,0.033280114736260115,0.02757578772223281,9.825779772284054,0.09692074411250237,-0.20252752542839106,-0.3372350861476496,0.0,0.0,0.0
5.1000000000000005,0.0585097953104865,0.03670708399076221,9.809847665230063,-0.7600679860153045,0.21639723847069386,0.020791415756646028,0.0,0.0,0.0
5.102,-0.03452570443736295,0.03469326922921522,9.825444566884617,-0.12089718658329526,0.20418053768077712,-0.8702843572243407,0.0,0.0,0.0
5.104,-0.008724573424318349,0.03023225110782212,9.803617421040181,-0.7834233989073645,0.5867082644488701,0.13006706840436044,0.0,0.0,0.0
5.106,0.03442379441999136,-0.007843554223328495,9.780829636228905,0.10454566029883373,0.1823821434762839,-0.2843196841544962,0.0,0.0,0.0
5.1080000000000005,-0.0405586745557721,0.015179248241901078,9.839843602422523,-0.22434680880774271,-0.4955133632567717,-0.36264594946577755,0.0,0.0,0.0
5.11,0.01278725694722437,-0.0026955198876723427,9.796228160879865,0.2359987111104246,-0.20751650911895095,-0.15905661098365206,0.0,0.0,0.0
5.112,-0.035695932380382496,-0.0021570794940232218,9.78891393449722,0.09156103194802408,0.3577602772670783,0.34966702673183747,0.0,0.0,0.0
5.114,-0.04839804319387742,0.02196121557426203,9.762173440027132,0.3299261873685137,0.533594577075559,0.3144871876469628,0.0,0.0,0.0
5.1160000000000005,-0.012853260141672368,0.015444060924836833,9.82441944286725,0.5109990608723354,0.3691702410680587,-0.20995809945761593,0.0,0.0,0.0
5.118,0.03446390851431731,0.01315310883262536,9.84005512159208,0.3121866818868144,-0.8092243476472017,-0.060969844479571746,0.0,0.0,0.0
5.12,0.017066304903752893,-0.004137102804181745,9.800980463212124,-0.2640969966984678,-0.25647912407532436,0.3506854578294417,0.0,0.0,0.0
5.122,-0.027451389705066682,-0.03145577121976634,9.818846753646039,-0.46635376983250376,1.239596612830408,-0.21303807692951351,0.0,0.0,0.0
5.124,-0.0011035911579547785,0.04201659789151673,9.769820907170299,-0.31174065884406965,0.17320701930761212,-0.07115061930635125,0.0,0.0,0.0
5.126,-0.013259762543647724,0.013775699152614054,9.867720115516834,0.24693457870862098,-0.04440166829700318,0.414511077946394,0.0,0.0,0.0
5.128,-0.006650226778627541,0.0016929847428562696,9.76800077153223,0.5244374877269251,-0.513755300927078,-0.21354347131878726,0.0,0.0,0.0
5.13,-0.022384305468034663,0.028878176967347083,9.823435755418126,-0.5326977336868514,-0.21059995707611262,-0.35858778292055354,0.0,0.0,0.0
5.132,-0.030601998665757933,0.004894276564793613,9.828378564408036,-0.6761065262717842,-0.7909983687881977,-0.7215381449576093,0.0,0.0,0.0
5.134,0.018472875702894846,0.0025774440528841904,9.789734762304825,0.23210635868384272,-0.3066715446290445,-0.025486892085034626,0.0,0.0,0.0
5.136,0.07137873530479609,-0.003689154671370345,9.797022092579187,0.46328105888585824,-0.7558748685935813,0.1563566790680323,0.0,0.0,0.0
5.138,0.03339742262043453,-0.011755245834628574,9.76688983436993,-0.3602708745874713,0.6272355906797101,-0.1311662863655284,0.0,0.0,0.0
5.14,-0.06401176230891965,0.023909787018069954,9.789002730404713,0.13312478146242207,-0.1388015810251074,0.6183165965809073,0.0,0.0,0.0
5.142,-0.009488370848789954,0.008158669936299212,9.760374044482028,-0.14795136021994365,-0.6230538998414414,0.21744826574909384,0.0,0.0,0.0
5.144,-0.011659074051221324,0.013703197789794935,9.778246779834328,0.03857537474002622,-0.4941609603519395,0.0207521072292671,0.0,0.0,0.0
5.146,0.020450004931025924,-0.05152239810953539,9.820130637344022,-0.051465346199723025,0.5808953862496103,0.10971249807532543,2.1288121540705163e-16,4.969040155569645e-07,3.575189350138885e-16
5.148,0.041520511007535926,0.02889843515999977,9.819400413229785,-0.24054564183010557,0.5563194577916768,-0.035300410102668,2.142301863117728e-16,1.987616062227935e-06,3.569587334062628e-16
5.15,0.02190176534048466,0.01845637224690756,9.780269598677444,-0.6083219846022119,-1.9876624603379083,-0.19140193593222987,2.1557035627309714e-16,4.969040155570911e-06,3.563836100024386e-16
5.152,-0.032650643834792735,0.012255634089857099,9.788566901777644,-0.9012264348558416,-0.22572592408938297,-0.7866684409648499,2.1688778420471731e-16,9.937990939521818e-06,3.5579041330144623e-16
5.154,-0.025137604143091,0.027126839107239155,9.811200775291868,-0.8216437599682404,0.15306979748292002,0.1618513031984219,2.182002950855717e-16,1.739123198557446e-05,3.5519653040494283e-16
5.156,-0.08216998261242867,-0.024470826737360354,9.758876350707798,-0.5454810431173513,0.3636337395915479,-0.6142920909636818,2.1949695262106843e-16,2.782544386944003e-05,3.5460239623148864e-16
5.158,-0.017332981352994613,0.04138200110064164,9.80847337563036,-0.3546307586708625,-0.8132918910546729,0.18742886097018233,2.207867375197459e-16,4.173726672476543e-05,3.5399264682131957e-16
5.16,0.016804117091895998,-0.008862528793400732,9.81115939705662,-0.6865615707668572,0.11655410533649946,-0.23917778621144098,2.2208492522558646e-16,5.962322363007986e-05,3.533833983387423e-16
5.162,-0.0462523226979227,0.013731992381709919,9.77189151251428,0.9396342098326802,0.5418520839325927,0.3561546226995912,2.2336768381935743e-16,8.197971034359659e-05,3.527907081061343e-16
5.164,0.002934307159431027,-0.04753277086763525,9.837769752866194,-0.47144648974713543,-0.7627068998487515,0.14726165537242988,2.246345565112857e-16,0.0001093030148294,3.521986001662173e-16
5.166,-0.0032991610121188017,0.010935362189623135,9.824691712974403,0.2018880511357454,-0.10339314430711824,0.492902654216126,2.2592514543866927e-16,0.0001420892660478,3.515910204806611e-16
5.168,0.02038345181870542,-0.017013259364190594,9.786124693490889,0.5359649107500888,-0.3134027086014007,0.2954873145506024,2.272099312861365e-16,0.0001808344462863,3.5100020402428383e-16
5.17,-0.045760511706955415,-0.03190861157086407,9.826802561557772,-0.4202305607997651,-0.34711187129123267,-0.19994654691074265,2.2849080425279154e-16,0.0002260343699293,3.5039405524879487e-16
5.172,0.006725098480005113,-0.0014010850826246181,9.8182904987031,-0.1367279474434851,0.17464663031710062,-1.1070715282553798,2.297642823826272e-16,0.0002781846617932,3.4977263371491007e-16
5.174,-0.05723632085328012,0.014813999227996508,9.80431935273669,-0.737349430531576,-0.030100110923720863,0.0966738646930583,2.3104394319479514e-16,0.000337780755559,3.4915209609936793e-16
5.176,-0.018662744167965557,0.023252796355697748,9.799393645289445,0.19971476197952825,-0.08098760090868354,0.07887806614162082,2.3232516372714463e-16,0.0004053178644231,3.485325048816688e-16
5.178,-0.0008147413311866078,0.08555591337109981,9.77028308234104,-0.2893388032825284,0.12939338869412811,-0.4270342331374299,2.3361182111486204e-16,0.0004812909832967,3.479139341483182e-16
5.18,0.027537731482903085,0.027223087108926562,9.843061711177073,0.5444855848170795,0.20656394515725057,-0.35499180737297586,2.349081138194409e-16,0.0005661948618748,3.4726428932298524e-16
5.182,0.031958699621388226,-0.00031959047735524606,9.795179410111947,-0.4977264061948732,0.6328567120757064,0.11215640075836793,2.362141577407847e-16,0.0006605239982866,3.465997275427788e-16
5.184,0.005680069089712552,0.008369709237223933,9.774984862611529,-0.42212555225123355,0.678294170839888,-0.34183972991531875,2.3752544955438536e-16,0.0007647726221635,3.459364052209316e-16
5.186,-0.01477733522486552,-0.025812314203634314,9.811967011225025,0.25976696599646243,-0.10074385751650602,0.07205483366250119,2.388553627801783e-16,0.000878937764214,3.4525826464800433e-16
5.188,-0.0075512420353112016,-0.020991907733991105,9.805360920742732,0.5884611825847273,0.6831708703113272,-0.06171905684729708,2.4018576115691194e-16,0.0010030161749701,3.4459748481802692e-16
5.19,-0.06804987344014703,0.027675905834745634,9.787573996610824,-0.11273088374077529,0.46386030350925,-1.4636066927526725,2.415067020885315e-16,0.0011370043215745,3.4393799587813954e-16
5.192,-0.02549882126016578,-0.031002652706226444,9.812611357113784,0.5786259385454114,-0.04280459512766965,0.2162184099768565,2.428348840033894e-16,0.001280898388674,3.4331199159508877e-16
5.194,-0.0032168546018055064,-0.01330897936800058,9.86594211495494,0.13554207099241827,-0.20659182698271294,0.20057936458658632,2.4415076950301407e-16,0.0014346942801617,3.4265514629164556e-16
5.196,-0.018993398662784506,0.004747719754934155,9.808991307269533,-0.23399887362138852,0.1891246328709354,-0.6429183352752046,2.454706950340147e-16,0.0015983876168551,3.419996551438995e-16
5.198,-0.002093513739118996,-0.027440204991660843,9.793122089806127,-0.20261736717201503,-0.3022490616164522,-0.2626801637138389,2.4679497229779228e-16,0.0017719737381854,3.41329455197151e-16
5.2,-0.009902455735543905,0.0006997369985056782,9.813259988020787,0.07754516569561358,-0.17755890816387165,-0.2570757404764854,2.481435244752598e-16,0.0019554477023099,3.40660669724963e-16
5.202,-0.024488740366148804,0.0017274242733558555,9.846862306434712,-0.3337084933981703,0.11029261973693105,-1.0142733584613848,2.4949284979189373e-16,0.0021488042850455,3.4000938085759203e-16
5.204,0.013053399193748542,0.009739609747433651,9.853002611290796,0.1154041874604149,0.8611687466118522,-0.22200076473178168,2.508507105203053e-16,0.0023520379815164,3.393595344682574e-16
5.206,-0.003045048958104047,0.021229962603420152,9.773493263375599,0.5293110131227234,0.48682278577050353,0.1737511806482974,2.5219660986362237e-16,0.0025651430058906,3.387111246799951e-16
5.208,0.024068004878230354,0.029546577238847366,9.798255980015945,-0.6267410718670391,0.07175925182742265,0.8160750511710856,2.535520064772179e-16,0.0027881132901331,3.380802806742007e-16
5.21,0.04043267902953298,0.06115864176095726,9.762033594592188,-0.6037054144282343,-0.09390173912810207,-0.00046851820209425297,2.549148225556281e-16,0.0030209424862781,3.3743485538894733e-16
5.212,-0.005324621918100433,0.004864135517016659,9.77364826047048,0.7193839653684531,0.16147050585524875,0.8619332565270811,2.5628675687718555e-16,0.0032636239654142,3.368070392401451e-16
5.214,0.04219156733257739,-0.009617357133400993,9.765601881119737,0.508406490088943,0.06357960951747349,0.3986497484901849,2.576606516081461e-16,0.003516150818171,3.3619684141913473e-16
5.216,-0.04633250158165551,0.0014516741621435282,9.814303133800589,0.45227803303240227,-0.7433554100359934,0.5290465522213926,2.590430966448381e-16,0.0037785158547226,3.35588211760773e-16
5.218,0.004892391614931876,0.046808001724982715,9.7842703949106,0.8098162183150336,-0.011060372176451394,0.3889630864816432,2.604166258944739e-16,0.0040507116052636,3.3496505254067944e-16
5.22,0.007487293101284069,0.01669855607352381,9.796547852236742,0.3555766375642176,0.29764170760924563,-0.6086564072276378,2.6179094714922184e-16,0.0043327303201112,3.343434840212345e-16
5.222,0.02733120987361401,0.04635965977982809,9.826431092338039,-0.31720785674806157,-0.9226784351371858,-0.04158608143642661,2.6315545100310527e-16,0.0046245639696602,3.337234995437229e-16
5.224,-0.04600657243597129,0.014569036630072769,9.78997255479039,0.3731609951773336,0.3456913637222574,0.18558812729280838,2.6452704546435323e-16,0.0049262042454967,3.3310515715447783e-16
5.226,0.04949545586536035,0.0345099112992636,9.798957688580865,-0.5891699409435588,-1.3577157078845359,-0.6959433422572944,2.6592250156139297e-16,0.0052376425592079,3.3252069111042092e-16
5.228,-0.03699971562388053,0.01972254062673576,9.78352118722739,0.22906517908293286,-0.4345618786255333,0.3503546930915487,2.673146250937122e-16,0.0055588700438422,3.319218029443147e-16
5.23,0.012708059714516754,0.04893744744630095,9.793395318008763,-1.0274570727038466,0.29964394668338,-0.26775614998631736,2.687325621480601e-16,0.00588987755376,3.3134076635171364e-16
5.232,-0.0034902787739287187,0.007017972535937439,9.817617070354475,-0.5722966111245485,0.9763102970799376,-0.22168845073171156,2.701676509208636e-16,0.0062306556647867,3.3074541882595684e-16
5.234,0.04514832474883128,-0.011113159006372567,9.832956049544174,1.0980923663675912,0.568241461533742,0.6385540180733684,2.715882888042402e-16,0.0065811946744802,3.30119595931114e-16
5.236,-0.00850457479049887,-0.022828339615649014,9.858943853707506,-0.9331508034724025,0.08581055137926959,-0.5044116456543306,2.7299968078216817e-16,0.0069414846027084,3.2951157754922587e-16
5.238,0.04420581284514744,-0.07306921677412485,9.839356793287616,0.27351858821676633,-0.5096856595356789,0.37457603180523685,2.7439162352240353e-16,0.0073115151914988,3.288730883916484e-16
5.24,0.011262276608246921,0.02103400587813046,9.824130405137584,0.6857640848728848,0.5883675282470864,0.17712856786717343,2.7578259945096434e-16,0.0076912759057686,3.2822029387284333e-16
5.242,0.06378036804790732,-0.049609840564354524,9.813029557389573,0.3442093979449673,0.1687142006445712,-0.9109574757209382,2.771757255898402e-16,0.0080807559331483,3.2758539169311407e-16
5.244,0.009259621599458921,-0.016795993043958752,9.822206426793528,0.5730607261289383,0.3753585342224903,-0.36473993662745186,2.785507387271412e-16,0.0084799441848438,3.269683111599808e-16
5.246,-0.009877711806047167,-0.017799154563049105,9.824090186563925,-0.03480924963589702,0.7620222136020881,0.15163981119303577,2.799455077590145e-16,0.0088888292953469,3.263692364287796e-16
5.248,-0.030854525778737082,0.02205418184907043,9.793739267473356,0.7804181980897865,0.20386331040671027,0.18680582403455312,2.813417891877781e-16,0.0093073996233796,3.258041923406537e-16
5.25,-0.0236029088945149,-0.044416916650705664,9.787748362796775,-0.12107136967953558,-0.26514647379938266,-0.5585234320565561,2.8273627682667873e-16,0.009735643251681,3.252088470050797e-16
5.252,-0.0014539258260528065,0.02497407171486112,9.827170207818716,0.10171906344057668,0.20576904821157896,0.5490181664252758,2.841304699515188e-16,0.0101735479876136,3.246314760102513e-16
5.254,-0.014267789866111696,0.011488992897997048,9.81335508833809,-0.5788072613757897,-0.14615559556725632,0.046513781980094614,2.855138735357314e-16,0.0106211013635909,3.240720386117564e-16
5.256,0.047529859009924555,0.056382687228627444,9.805495029512638,0.8142015652463445,0.8339251101257481,-0.4503386255718473,2.868885308170172e-16,0.0110782906372349,3.23514473457239e-16
5.258,-0.021584787268179646,-0.01119437199255937,9.789376077168791,0.7112975516255705,0.5923562319207509,-0.3236294695948198,2.882793688766298e-16,0.0115451027918622,3.229428595929095e-16
5.26,0.0057154156986837425,-0.053055621912836574,9.90701635643172,0.43286398271996207,1.0287231891545092,0.40640775986677424,2.8967129059428225e-16,0.012021524536715,3.2238929844399595e-16
5.2620000000000005,0.03020066921950966,-0.021682978321655246,9.788167238332083,-0.33783717637008703,-0.5670828735463912,0.44898737552071966,2.9105934939872313e-16,0.012507542307628,3.218698600643353e-16
5.264,0.018390583795619198,-0.04095102754036006,9.851861229765287,-0.6295118623279409,-0.28109403397276966,-0.6122736923844014,2.924613337764533e-16,0.0130031422669784,3.2136859708265954e-16
5.266,-0.01767712102476757,-0.03431728882447189,9.78474461883818,0.5970694716167655,0.23387068284495716,0.25428506902904174,2.938665656904936e-16,0.013508310304599,3.2090154614758753e-16
5.268,-0.04844791567789776,0.025556049190505862,9.808910045788148,-0.43199654874047794,-0.028399359307661742,-0.0671745634405418,2.952582544864102e-16,0.0140230320376891,3.2043643518174807e-16
5.2700000000000005,-0.01073671270009825,0.031773785144104484,9.793115523110352,0.6199137535167518,-0.09182831660178303,-0.25535956401575194,2.9664477381053827e-16,0.014547292811543,3.199894194149492e-16
5.272,0.0069454871785368365,-0.011978721883735105,9.856977971998585,-0.19039033846042352,0.33278266376456833,-0.5218968425886841,2.9803182996911383e-16,0.0150810776998539,3.195605574100666e-16
5.274,0.04894052284575629,0.012805120324533155,9.829301120105422,-0.45812696160004784,0.5032866063909633,1.327199905325592,2.9942317290278288e-16,0.0156243715051635,3.191177284603064e-16
5.276,0.025951655824202998,0.026278545181005017,9.835918192767805,-1.0347166160302195,-0.44303815356734877,0.20334866758548728,3.0080597410613524e-16,0.0161771587592451,3.186930132629734e-16
5.2780000000000005,-0.03784325376226509,0.006008192732802207,9.803514006797505,0.3841538498509362,0.5236972198636982,-0.024058873639178566,3.0217257865786303e-16,0.0167394237236081,3.1825418441307075e-16
5.28,0.051706681207429946,-0.04136719162614102,9.8526022557634,0.03136942218737905,0.12222718882863517,-0.05083789605887196,3.035301360350736e-16,0.0173111503899551,3.1780130943193995e-16
5.282,0.05558769109629779,-0.005722222349261069,9.85158718497026,-1.347031374764924,0.4984187546091067,0.48413524373289724,3.048893629684831e-16,0.01789232248049,3.1735058263071565e-16
5.284,0.0074164198573858885,-0.024914789200890245,9.822657320330046,-0.36211082194246763,0.7563477075108723,0.22825369317476332,3.062552429582621e-16,0.0184829234486981,3.16918155630518e-16
5.2860000000000005,-0.028605579732669705,0.042998084198601974,9.81599862290936,0.11268096500135917,1.1932057047065554,-0.35623025469605796,3.076287636306765e-16,0.0190829364793902,3.1647188985918497e-16
5.288,0.0008811504936763036,0.013604885353877254,9.797024294874435,-1.1141191168658733,0.6008794408326738,-0.7311800243197552,3.089953627325641e-16,0.0196923444895294,3.160277429600798e-16
5.29,-0.01701223419433538,-0.010684710422998041,9.768278975123954,-0.19872918553826865,-0.010216487073262892,0.03545265875902697,3.1037182951782013e-16,0.0203111301285743,3.156341618496638e-16
5.292,0.012228470645772975,0.0039328766601202944,9.778962370042464,-0.6368615081836573,0.35341696061928707,-0.33165109367335505,3.1174889442915554e-16,0.020939275778975,3.1527498482095873e-16
5.2940000000000005,-0.010440731533968038,-0.01410078776995042,9.854706807012212,0.365375673332959,-0.07539261326059754,-0.1813525341218475,3.1312874068038573e-16,0.021576763556678,3.149341678334653e-16
5.296,-0.030512834048141223,-0.04597748365194185,9.833691723495045,0.2740976122595867,-0.9578462719261804,0.2945014491529423,3.145154746211026e-16,0.0222235753117463,3.145956916081538e-16
5.298,-0.020806290159821855,-0.007069896806686252,9.853567514067993,-0.4046290439545688,0.6361733828983782,0.42133498523285456,3.159055959358316e-16,0.0228796926286332,3.1424345009175475e-16
5.3,-0.0029958977336678456,-0.02772165989715826,9.82674560159198,0.36907704961843874,0.10744527629189396,-0.20187688180832575,3.1730322568750673e-16,0.0235450968269402,3.139096871992756e-16
5.3020000000000005,0.02960517276506463,-0.006290030045446961,9.847550260087813,-0.7294663615790489,0.6000653546182724,0.6426085132371069,3.1869786934274463e-16,0.0242197689618581,3.13594293144253e-16
5.304,-0.009881341762265568,0.010319026071019172,9.797590136975227,0.5587083791066613,-0.03686885679679941,-0.15640578293753735,3.2008196890376897e-16,0.0249036898246966,3.1324891977435823e-16
5.306,-0.004085416176414424,-0.02206590912019922,9.80606228695589,0.390097987882471,0.1208567653582936,0.7156586454719063,3.214681735388257e-16,0.0255968399434239,3.129059165734397e-16
5.308,0.02555347477209913,0.017809584253991952,9.804761954900082,-0.40955540565531234,0.885411442370509,0.643661455856838,3.2285838610053243e-16,0.0262991995832545,3.125653276589659e-16
5.3100000000000005,-0.0648414238386168,0.007167604395374365,9.841077260237098,0.3508914763814541,0.3629512276127018,-0.6841724081190323,3.2425281000631644e-16,0.0270107487472328,3.1225935217479203e-16
5.312,0.015207235420475827,-0.016793589924876017,9.895543569887419,-0.32725297393511216,0.50126159897582,0.4931328292387799,3.256403720525071e-16,0.0277314671767079,3.119717610132959e-16
5.314,-0.013379561838163228,0.005633993647510483,9.84205840358423,-0.0598199531424827,0.9733266652530435,0.5745104081731409,3.270185952625469e-16,0.0284613343520034,3.1168643652170267e-16
5.316,-0.029575407054130216,0.0342909464683814,9.832309410616837,0.05065290191957369,-0.27790424156545257,0.19760502731868987,3.283956499395418e-16,0.0292003294929677,3.114195981609071e-16
5.3180000000000005,-0.02408704608163397,0.040498982785815714,9.789820347165056,0.321459112337112,0.37179273993067835,0.004596729993299381,3.2977492188213395e-16,0.0299484315595602,3.11187403086244e-16
5.32,0.01272377750996698,-0.04879729134898213,9.831482296262493,0.9766404317798321,1.4051416790029774,0.4393992240027333,3.311553354875454e-16,0.0307056192524458,3.1095767304233764e-16
5.322,0.0018975023184947372,-0.022751839598857574,9.814435617196269,-0.4923381522350916,0.4947634713667449,0.3354447616782195,3.3253740576398176e-16,0.0314718710136286,3.1074652285466393e-16
5.324,-0.016262936019938903,0.015422745049193104,9.770803295045795,0.8944178800521346,0.6483562211915834,0.37050447076958076,3.339158507797621e-16,0.0322471650270387,3.10537789646291e-16
5.3260000000000005,-0.03707961062371023,0.03023354794343161,9.760912722430925,0.20194440601903416,-0.10097703070812214,0.7310733369523112,3.352782796594522e-16,0.0330314792191807,3.103312680457864e-16
5.328,0.022820262094515563,-0.053411843564879755,9.74772003301311,0.6609790596712388,1.2303138433201153,-0.2140086182421496,3.366489997135495e-16,0.0338247912597038,3.101434776429217e-16
5.33,0.005842735399186649,0.02464793409405443,9.782089410765487,0.11387111238631563,-0.49277514161478386,0.26894240912921413,3.380222819133827e-16,0.0346270785621165,3.0997433903911944e-16
5.332,0.015709585518304953,0.001864175551137601,9.806972895425755,0.6430805106598818,1.1171265407448385,-0.22284103793199211,3.3939860781567143e-16,0.0354383182843894,3.098077872937645e-16
5.3340000000000005,0.004558004379146706,-0.020804402739699752,9.882323794694551,0.2610430490318534,0.5159995977145926,-0.6751101514146621,3.407865540220697e-16,0.036258487329575,3.0964400420917947e-16
5.336,0.013932595225815086,-0.06340010406790444,9.83559199955562,-1.2791633616405789,0.5060508616096712,0.3151671773565569,3.421761525811708e-16,0.0370875623465433,3.094667307189546e-16
5.338,-0.044734190405300404,-0.024431819254437537,9.78590266676449,-0.11475016974310331,0.8564752946119084,0.10462609617858833,3.435759905216241e-16,0.0379255197305709,3.0927615372100046e-16
5.34,-0.008018885478426094,0.017813388893392595,9.860842698790947,0.5249038627406514,0.2852449102940795,0.2177563783146386,3.4498471144646993e-16,0.0387723356240396,3.0905617780611697e-16
5.3420000000000005,-0.007369753059096414,0.018184634707616405,9.885834352647777,-0.18945863434939714,1.3175529966376782,0.9352764325160936,3.464012322889753e-16,0.0396279859171281,3.088389928836868e-16
5.344,-0.03845005538273912,-0.0018189830955289438,9.819822756177043,0.20159569781233588,1.4430395639570386,-0.24864485620918092,3.4782022308281e-16,0.0404924462485246,3.086406044435261e-16
5.346,0.031364824563721215,-0.006791816077522075,9.833696250495041,0.018263252950272188,1.5622550960477943,-0.18630734167031182,3.492371068689062e-16,0.0413656920060186,3.0842873999420404e-16
5.348,-0.0013057414554824877,-0.02762087899216031,9.798331354137984,-0.293265066529881,0.5153028253532468,0.3227173223732273,3.5064749257298003e-16,0.042247698327329,3.0821940774871514e-16
5.3500000000000005,0.007369860613547446,-0.014886570857960309,9.834175332293746,-0.06398215971892054,0.800732266524387,-0.06888935248525158,3.5205589439581444e-16,0.0431384401006947,3.080449084626542e-16
5.352,-0.05529884989930212,0.0470100658210818,9.835481736800373,1.0320619225999585,0.8048725564508342,0.20229464549158613,3.534673303747874e-16,0.044037891965726,3.0787317735029504e-16
5.354,0.0023949154998054376,0.0472092012414083,9.85881791142889,0.29389640692551033,1.0820601702390804,0.15993782594773137,3.54866551379233e-16,0.0449460283139614,3.077038707367797e-16
5.356,-0.007020526752601036,-0.009026761542640708,9.7809880708566,-0.21298718811096806,0.4489767588814354,-0.15453901073248916,3.5625291642644727e-16,0.0458628232897308,3.075530677593601e-16
5.3580000000000005,-0.01945132288890116,-0.03149450028835039,9.795172012983741,0.7199487553758303,0.593860522862412,-0.19733830852212433,3.576423157889786e-16,0.0467882507908322,3.07405057457753e-16
5.36,-0.030707882796867883,0.018619754726041025,9.769910657989872,0.21625107869360038,0.416651708465521,0.10654593102980912,3.5902779168656607e-16,0.0477222844692999,3.072435821928594e-16
5.362,-0.035412310756190515,0.01027567419286581,9.815520741033327,0.08473505075082718,0.4359356518618591,-0.5536552544788045,3.60397238769157e-16,0.0486648977321148,3.0708443747252283e-16
5.364,-0.006898544748976066,-0.008587162745251894,9.838717906233061,0.012874547574367973,1.0298249371636885,0.3864976029210158,3.617799420162664e-16,0.0496160637420032,3.069122775103837e-16
5.3660000000000005,-0.021098573325818534,0.010163118097241772,9.813326541307045,0.008531896661096043,0.05675566397933568,-0.2431151230179735,3.631580514823156e-16,0.0505757554181888,3.0674275833582463e-16
5.368,0.021866946811512175,-0.04021841735592495,9.819913530855473,0.4832314642422392,0.8541213048111354,-0.9657575103866111,3.6455253481069194e-16,0.0515439454371417,3.0657645524410363e-16
5.37,0.01603969523291305,-0.01562323620914466,9.819338478091616,-0.058938766139327754,0.9426485434718475,-0.29301207454343325,3.65932894238255e-16,0.0525206062334179,3.0641256013041317e-16
5.372,-0.029074362812971537,-0.01736223284029028,9.796213316648934,0.0020579817445450592,1.6593251850889488,-0.3723208333072124,3.673181909916331e-16,0.053505710000339,3.0625160166158764e-16
5.3740000000000006,0.0062538205054985686,0.042985322384529276,9.831076447008721,1.4421549197271664,0.5510492749916451,-0.3133341979968923,3.687080450567041e-16,0.0544992286908924,3.0606137850380384e-16
5.376,-0.004399184864580139,-0.0051531324446518695,9.80966036683556,0.3451580039722334,1.2704923370536765,0.025225931507960715,3.7010283385213655e-16,0.0555011340184564,3.0587412856493035e-16
5.378,0.0589509884071796,0.05229506332530501,9.799295693746027,-0.039864103713416595,0.036205374137051716,0.42496889570099167,3.7149683922753374e-16,0.0565113974576581,3.056897007123821e-16
5.38,0.029874741135043167,0.012220340753169133,9.817792565122392,-0.3149423570955908,0.47893151360804703,-0.858161386636152,3.728718050743674e-16,0.0575299902451377,3.054914439835195e-16
5.382,-0.0190768537931511,-0.0013826916764927617,9.799762942657475,-0.18620461896208398,1.3306206415765598,0.5119640875965246,3.7424516439976575e-16,0.0585568833804084,3.0531209315915096e-16
5.384,0.001945440747560919,0.008882396620628022,9.783654229465002,0.3690480800969574,0.31835177140354975,0.13368116075987962,3.756071374645305e-16,0.0595920476266358,3.051191327773406e-16
5.386,0.014381715384091364,0.023895908485722855,9.80306816779587,0.005285557870551865,-0.1482266453423966,0.18135146416838552,3.7698251784962237e-16,0.0606354535115536,3.0491334674244104e-16
5.388,-0.018496660002473256,0.07234458636926168,9.841253007829506,-0.17526951152972867,0.9706617077481497,-0.2290144881652569,3.7836282985683894e-16,0.0616870713281686,3.0471060067500044e-16
5.39,-0.026182970783431153,-0.020343084516439125,9.80506567055259,-0.5058969915190582,1.337723509136654,1.0955358257269452,3.7975379292222894e-16,0.0627468711357398,3.0451110256986965e-16
5.392,-0.014379136252571423,-0.0043532511551140065,9.790463094134887,-0.3192537970411951,0.729081706117218,-0.3009921643247375,3.811325330081136e-16,0.0638148227605714,3.043141103602566e-16
5.394,0.017448792961971493,-0.018362774271711985,9.812935741515318,0.7326283547685547,-0.1640387506864418,0.36619971707261273,3.8250667475643317e-16,0.0648908957968506,3.041198755488879e-16
5.396,0.012427642549019322,-0.021251254688099908,9.845398005005679,0.6411461154598397,1.1939585134511885,0.40566147302390715,3.839029063779713e-16,0.0659750596075697,3.0392932982788733e-16
5.398,0.016692988795831296,-0.0014272798609847512,9.814567775386479,0.8392881204976433,0.43552438547856054,0.7817946699719456,3.853126636925657e-16,0.0670672833253422,3.0375833349622373e-16
5.4,-0.005868156771317243,0.029489464546693666,9.805502277819489,0.12888654196558463,0.8235511417758935,0.4232633031639176,3.8672831760465165e-16,0.0681675358533283,3.035744126309174e-16
5.402,-0.04382340307681555,0.04856911691323579,9.816164284809805,0.04233517262233394,-0.23842111521304066,-0.09023375393871877,3.8814891047479936e-16,0.0692757858660923,3.0339366880797824e-16
5.404,-0.031864873933537104,0.026577380631078094,9.761108557337725,0.021829961827504168,0.31511676423673907,0.2154397868585541,3.895773387242861e-16,0.0703920018104864,3.0320010859613545e-16
5.406,-0.04581373655611089,0.00999096241827416,9.765499062170647,-0.367426496367773,0.9050946506238363,-0.15599921160510072,3.9101261330407694e-16,0.0715161519065854,3.03009836815049e-16
5.408,-0.006842974272548171,-0.044900883289999464,9.78980155597537,0.6443284837047594,1.4049352398841963,-0.4770727694539135,3.92437443522723e-16,0.0726482041485618,3.0285445668422924e-16
5.41,-0.018218935343541576,0.021139058357959265,9.799004326817805,0.7176250013771824,0.8077155361448078,-0.11897577195691647,3.938644442138786e-16,0.0737881263055993,3.026860861994276e-16
5.412,-0.029467952211129512,0.009694397930968207,9.821103112008005,1.4460381902818271,0.02569421355366086,-1.0082757002370082,3.952898184140128e-16,0.0749358859228227,3.025045862510217e-16
5.414,-0.033247743413519645,0.02976529026118337,9.7422118362478,0.12751516921517314,0.44136450800259247,0.3887909208187541,3.967152548987024e-16,0.0760914503222314,3.0234228075219577e-16
5.416,0.020159366207949954,-0.044978363617604725,9.784502073441875,-0.10944857780208826,1.4134170186500805,0.7677533838758134,3.98149718724264e-16,0.0772547866035795,3.021511657477102e-16
5.418,-0.06143358303613832,0.017788058637976063,9.841966149491432,0.06448308880108206,1.6329824341179817,-0.1378764863478622,3.99581203802092e-16,0.0784258616453711,3.0199527885716033e-16
5.42,-0.013460662705687645,0.0632458986573517,9.835206663392572,0.010103683978349352,0.4100800725866637,-0.20537698498439277,4.010069890305543e-16,0.0796046421057717,3.0185838516395605e-16
5.422,-0.08458501958333858,-0.016415385961346243,9.80824944010637,0.12941124321775813,0.2092282489925988,0.238188074621502,4.024228448666409e-16,0.0807910944235853,3.0169191148403622e-16
5.424,0.011175641499881978,-0.0676418025968536,9.835635941406723,-0.8362563664573396,0.6753644719101195,-0.5777968958362151,4.0384555892086215e-16,0.0819851848191623,3.015288354123417e-16
5.426,-0.07115069086409223,0.03627856359709044,9.843567878700773,0.5482836850894336,1.1082907392014056,0.4963175334541231,4.052777759187015e-16,0.0831868792953893,3.013854288618565e-16
5.428,-0.05774675558863463,0.019300128365104564,9.825336406180206,0.7793884212838172,0.5312109931277313,-0.34165748087407855,4.067142336209064e-16,0.0843961436386834,3.012292146995631e-16
5.43,-0.021689057432847752,-0.016179020933781034,9.823363491012865,0.7513035934588603,0.4481744573329981,-1.140009867768673,4.08133474206291e-16,0.0856129434199093,3.0109151108500245e-16
5.432,0.017350421239703907,0.04911342869879355,9.811176450661259,-0.47631727081841413,0.40441682959082415,-0.484663968164534,4.095531797476601e-16,0.08683724399541,3.009408301912609e-16
5.434,-0.013198544656488809,0.02224827912937936,9.823247440631167,0.40199597058618114,-0.04217543480125496,0.6731819005426414,4.109543022587772e-16,0.0880690105079641,3.0077629173317337e-16
5.436,-0.041908061980162066,-0.029004437830288093,9.84841283991627,-0.42492030290215116,0.8172947927041563,0.014064192638321754,4.123546643542204e-16,0.0893082078877963,3.0061484824067505e-16
5.438,-0.049638601221213656,0.023996114835482488,9.810027488199639,1.4122526356885567,1.123398992789143,0.7713771208060872,4.1375935637202382e-16,0.0905548008535525,3.0044060537872073e-16
5.44,-0.008477492692830784,-0.011185828737023463,9.827474781261797,-0.03337884576191862,1.1204681952331261,0.24497039259132475,4.151645830627745e-16,0.0918087539133206,3.0025339142082564e-16
5.442,-0.007216118746909268,-0.01667142984607419,9.850424988753703,-0.3147272711636444,0.8566136754327187,-0.15920192772683248,4.16589427764334e-16,0.0930700313656551,3.0005414966553595e-16
5.444,-0.012217548336466006,-0.004415558906381268,9.871042275406385,0.10273360129087365,0.3298330465587244,-0.22224963083080723,4.1801085666147853e-16,0.0943385973005573,2.998902215024228e-16
5.446,-0.036594556299262754,-0.002965630367656023,9.795359230748517,-0.7338063256538443,0.06377010690302731,-0.6551233037031216,4.1943534787838775e-16,0.0956144156005267,2.9972963986437293e-16
5.448,0.015019300522964582,-0.07342105023170331,9.835740065066862,-0.20084234800834797,0.0629346262623669,0.5302514869244627,4.208552774408477e-16,0.0968974499415829,2.9957202744352514e-16
5.45,0.06207513375155335,-0.015569166835423424,9.829660015754255,-0.7411494681806005,1.1103554222829917,-0.47383797764842006,4.2227827355524123e-16,0.0981876637942934,2.994177780363841e-16
5.452,0.045735461990571324,-0.03246038377283097,9.817050119601744,0.018251963329580973,-0.05945809221953513,0.2939643692869986,4.2370293648134527e-16,0.0994850204248198,2.9928298768331767e-16
5.454,-0.03450906114951248,-0.010929671122390764,9.841907393874589,-0.21597887418861253,0.17199533947205614,0.22724961581979602,4.251230470633431e-16,0.1007894828959549,2.9915118022324396e-16
5.456,-0.05013677849206076,0.00035837733292505124,9.835600233462031,0.4712617244506792,0.912786697741536,-0.3482197120828181,4.2653241996937934e-16,0.1021010140681899,2.990058584357785e-16
5.458,0.0095201099739877,0.03352013047992019,9.823212392788347,1.14449890557703,1.029900641130395,0.14780380821284222,4.279410542408766e-16,0.1034195766007545,2.9886371234785877e-16
5.46,-0.026010802920826276,-0.0036360712887882293,9.77408219870429,0.042780417207549444,0.7187853827451982,0.4792734860043157,4.2933603444769966e-16,0.1047451329526942,2.9874019603624173e-16
5.462,-0.06485685008372914,0.03994486553493572,9.861738714012963,0.6847065456339654,0.9322087112190555,-0.7185451582148552,4.3074321824187254e-16,0.1060776453839291,2.9860440821993873e-16
5.464,-0.05143044832193821,-0.017233564831276728,9.800896558917456,-1.137941460976179,-0.0858127998513869,-0.4934423581274968,4.321603283062922e-16,0.1074170759563354,2.98440076893095e-16
5.466,0.002467146949026937,-0.038309577779248996,9.816748176196263,-0.21708290906290942,0.1913318072767376,0.13853308263800873,4.335995875318927e-16,0.1087633865348206,2.9828026514693056e-16
5.468,0.04884994690238297,0.04755175239411141,9.806919490451904,0.11578006637372311,0.8724874309934537,0.11690323712637866,4.350686294502236e-16,0.1101165387884117,2.9812546917167036e-16
5.47,0.04321227960673549,0.049362679496138345,9.797535294467009,-0.6946329505117921,1.4834706028802975,-0.5921355221098362,4.365706077524775e-16,0.1114764941913449,2.97943591200988e-16
5.472,-0.0009831203619039604,0.0009517753490900916,9.829965552493924,-0.15061729834867135,1.043778278714107,-0.1940182886384796,4.380817185522044e-16,0.112843214024171,2.977818101665272e-16
5.474,0.00637971673328264,0.004611430444582811,9.813296627467235,-0.49946423492233394,0.8075358329807163,-0.3429551407966178,4.3962424229056163e-16,0.1142166593748375,2.976091414140711e-16
5.476,-0.02775170018543748,0.041521189082345804,9.828075598020607,-0.6996294996900897,0.19349327255941245,-0.11122813052971267,4.411905769035382e-16,0.1155967911398212,2.9742518764252637e-16
5.478,-0.043191199188361534,0.01943232942186773,9.790196902987455,0.25239901087036154,1.638285632185223,-0.09055783322321014,4.427796070341456e-16,0.1169835700252176,2.972784874637758e-16
5.48,-0.011835004760861124,-0.026026334919083932,9.846998159881986,-0.5105142916815637,1.2493029841061896,-0.19785177059712847,4.443963192754176e-16,0.1183769565478899,2.971208545678513e-16
5.482,-0.028666059511041404,-0.03134392811189978,9.827717481858492,-0.2881289954601026,-0.15614121909341516,-0.2579997841924968,4.460259158577212e-16,0.1197769110365563,2.969837919887496e-16
5.484,-0.010880055956128877,0.03813887481824705,9.847899177156618,-0.1370744653456922,1.3178534326484042,-0.010860656141011019,4.476832497606596e-16,0.1211833936329469,2.9683590608526603e-16
5.486,0.012969589715309673,-0.011743775278652151,9.739889874903252,-0.4276053490641126,0.3672211171471952,-0.055462500507971864,4.493742448169771e-16,0.1225963642929328,2.966938380588006e-16
5.488,0.04656058242247503,0.007737418551682402,9.822386692868395,-0.5197003729468228,1.2286597941553699,-0.20882188700462706,4.510986000494229e-16,0.1240157827876545,2.965252518528588e-16
5.49,-0.036037655438832944,-0.03979824471861144,9.801967482480695,0.18511387174688584,0.0662192129501421,-0.45577444621766594,4.528337476542837e-16,0.1254416087046869,2.963611187057835e-16
5.492,-0.02284192209905122,-0.007968335969557342,9.788833892232791,0.30312510982305263,0.5243686961314222,0.9216809773054502,4.54598765302404e-16,0.1268738014491693,2.9620275071595074e-16
5.494,0.018182702183712818,-0.022892205610257236,9.785816193321951,-0.031164329362929927,1.155277176729944,0.10497028847552586,4.563878473823729e-16,0.1283123202449707,2.96033619656878e-16
5.496,-0.05044690089018089,-0.040704151318772946,9.761018601535442,-0.24162821082372782,-0.09636918894222157,-0.28108607772216376,4.582049845752597e-16,0.1297571241358656,2.9588647231378584e-16
5.498,-0.04192299981695302,-0.0017155038790710436,9.80981059130997,-0.30612796568856737,0.8479705749411542,0.18149790236185614,4.600482090629311e-16,0.1312081719866572,2.9574503493740924e-16
5.5,-0.06677500092994682,0.018155963840650012,9.811763162181796,0.9489636732012966,0.4564975898825755,0.4261008843810081,4.619175317452118e-16,0.1326654224844138,2.9560937348832793e-16
5.502,0.011699873354349022,0.013620962057624138,9.754978356515325,-0.5669818228654819,0.26476014377635665,-0.17085199341607699,4.638148835734103e-16,0.1341288341395769,2.954959085005194e-16
5.504,-0.005649626249801467,0.0016660667204421043,9.830140999063222,0.10570473340006098,1.7228104192068632,0.21660099418308099,4.657402587024809e-16,0.1355983652871913,2.954047157808529e-16
5.506,0.05767426159098467,-0.02780788373116909,9.797419780482514,0.20419911024284076,1.1179986608963415,-0.058935093500168505,4.676898955603438e-16,0.1370739740880587,2.9530315115811517e-16
5.508,-0.05891513285939786,-0.03040617289671821,9.870010286246952,0.3931700528499162,-0.4327679288495705,0.2701256090059656,4.696542371637467e-16,0.1385556185299566,2.9520679574050793e-16
5.51,0.013899074042584836,-0.02807800021397919,9.738277115212204,-0.4302220006595853,0.16186105816477858,0.39264851760018177,4.716332933816601e-16,0.140043256428821,2.951156908903293e-16
5.5120000000000005,-0.07261732273486747,-0.02046065826142234,9.79335234490233,-0.7660799286305356,1.4699200233468566,0.8896372289093667,4.736477781675809e-16,0.1415368454299385,2.9508013146242277e-16
5.514,-0.015383554508682005,-0.02942241587919451,9.81131770416553,-0.729646109872052,-0.1968938535156327,1.1950554103750408,4.756884565935512e-16,0.1430363430091698,2.9505081593102723e-16
5.516,0.0072392098753947375,-0.00012430963873829635,9.796143681224672,-0.25945783148029683,0.9813050821519419,0.16496493306915375,4.777438977792653e-16,0.1445417064741518,2.950269358898196e-16
5.518,-0.006443297653725068,-0.015924330448343616,9.799932911280308,-0.21659005391981923,0.5947494630536807,-0.3566350054891352,4.798314367541672e-16,0.1460528929655101,2.9499363286816304e-16
5.5200000000000005,0.009139393193487921,-0.015830209204216964,9.8643030242284,-0.5153534729575137,0.5920498893099936,-0.10077664092163277,4.819507519220846e-16,0.1475698594580891,2.9498344992111547e-16
5.522,0.04422560504555133,0.02658769635591521,9.8299034116087,-0.16209429618006374,1.0325466484528976,-0.16598210925391965,4.840963178436422e-16,0.1490925627621556,2.9497978880150074e-16
5.524,-0.049989361992507114,-0.00095722169696096,9.757194585189549,0.28125991729548616,0.9172644261110812,0.1136682761355177,4.862795951395532e-16,0.1506209595246715,2.9498363473428916e-16
5.526,-0.03247159067356376,-0.03097820220942139,9.767297600590016,-0.23535532636789658,1.1985072459493022,-0.5881998824946799,4.884913070402969e-16,0.1521550062304693,2.9497807841948933e-16
5.5280000000000005,0.03826046016208445,0.047166763943700375,9.832970981017482,-0.08367597839278336,0.6468020303021721,-0.29377602416477866,4.907178703734429e-16,0.1536946592035419,2.949783398228949e-16
5.53,0.009321996810994347,0.03508826619512716,9.727053454768592,-0.6703076521980708,0.5209881312126403,0.2986088582124436,4.929554826927459e-16,0.1552398746082532,2.949841482398694e-16
5.532,-0.003123852704669595,0.03372501389497506,9.798920236527636,0.34550112377808734,0.4364605220020314,0.06964719903670084,4.952194178314738e-16,0.1567906084506169,2.949968088751712e-16
5.534,0.03770013363651794,0.022299401047722205,9.820098049631119,-0.0377770950916111,1.4077246647475405,-0.16037102848374435,4.974823230751588e-16,0.1583468165795114,2.9504663461540412e-16
5.5360000000000005,-0.015437092303792092,-0.013562218953613543,9.812339772441376,0.3963974443477167,0.9070228342949306,-1.0905967139072912,4.997753995784741e-16,0.1599084546879631,2.951037448403419e-16
5.538,-0.007640521080780729,-0.01897117672481835,9.849338574762474,-0.01773961055369241,1.0415111638606966,0.8092282298777316,5.020933168022923e-16,0.161475478314416,2.9515148348302127e-16
5.54,-0.01641654227121188,0.027787419346662644,9.793678383818033,0.4390284908650573,1.1939117082364317,-0.1552601799126092,5.044605162340139e-16,0.163047842843962,2.952083103354859e-16
5.542,-0.0031636060142378308,-0.028578901263491902,9.788827377150227,-0.06680993831117801,0.6267532556992138,0.5699807137276751,5.068793495672592e-16,0.1646255035096397,2.952582718243823e-16
5.5440000000000005,0.006231083345900588,0.04096636659733456,9.81262179120751,0.2931060825493081,1.0666969928365861,1.098070460460007,5.093475123406144e-16,0.1662084153937064,2.953175808827571e-16
5.546,-0.011110597585432449,0.01886168435203368,9.803837006297734,-0.5616650953559453,-0.1445057462060364,0.6296557612255566,5.118421345382011e-16,0.1677965334289046,2.953843262869907e-16
5.548,-0.07202026992678208,-0.006684507981165346,9.790118834480392,-0.12630256158289516,1.2572254857193816,-0.16684796426824225,5.14347971206895e-16,0.1693898123997609,2.954572077671461e-16
5.55,-0.01853656762179543,0.003090561780259127,9.847380962648128,-0.8582459688056826,0.8594473442289866,-0.7097363698108274,5.16890732255742e-16,0.1709882069438544,2.955712036919261e-16
5.5520000000000005,-0.052094639824955866,-0.03766357577142513,9.793907312595993,0.7216649282526894,0.9940088356516604,1.1079518511599267,5.194804748127121e-16,0.1725916715531281,2.957110458771459e-16
5.554,-0.02066757061339159,0.020875101059535592,9.79281363778346,-0.0718622364120396,1.2178453343769333,-0.0036587311786180766,5.220613163256932e-16,0.174200160575169,2.958880005925037e-16
5.556,-0.034791641501018114,-0.04484722133867046,9.806070856879819,0.34983354386916105,1.5713496437033148,-0.04534139231650676,5.246889651806172e-16,0.1758136282145173,2.960420182245922e-16
5.558,0.026211076102369307,-0.003139889908279856,9.838748521359035,-1.0239256179610923,0.6174730690149797,0.08232575833861892,5.273406978776957e-16,0.1774320285339652,2.9622002076723207e-16
5.5600000000000005,-0.04165100899864371,0.0016107179334954704,9.802790216480775,-0.40075426174639434,1.0144239630019816,-0.35238009863487424,5.300266800624427e-16,0.1790553154558749,2.964067292980049e-16
5.562,-0.021909231563848133,0.03145383811234924,9.800620249319762,-0.21931539552883156,0.48342607667008647,-0.08811062237425306,5.327367491706633e-16,0.1806834427634653,2.966175890556006e-16
5.564,0.011162793142199302,0.02605956907047992,9.79864561137485,-0.5825323074755686,0.2873344677135359,0.2693449342628225,5.354632740112214e-16,0.1823163641021569,2.9685193662371366e-16
5.566,0.03708489582693539,0.03687718065170493,9.74772908845837,0.7545969862442171,1.4475234202506901,-0.30301134316606454,5.381961874375991e-16,0.1839540329808771,2.9707616826904456e-16
5.5680000000000005,0.007023201374456684,-0.04496873748676212,9.801284030683018,0.05217456767846828,0.9635059660994787,-0.12188103805523731,5.409787046995593e-16,0.1855964027733865,2.973109121113189e-16
5.57,-0.0350824024850841,0.04537150398469875,9.78026561431923,0.0143243603352527,0.8153047905871615,-0.18297096096373006,5.438082108581818e-16,0.1872434267196061,2.9757238849413793e-16
5.572,-0.026114839939581126,0.027657680492251965,9.786663091578857,-0.17822161752886312,1.065181894706355,-0.32442595667429586,5.466747888486735e-16,0.1888950579269438,2.9782703285738697e-16
5.574,0.04614460470383043,0.009842512508046821,9.827862759557997,-0.4414622369527164,1.5258248481158465,0.7231354494369776,5.495528898991583e-16,0.1905512493716452,2.980887006266069e-16
5.5760000000000005,-0.031785945990371996,0.07199766338916705,9.799479057188666,0.24909096138274672,0.33489818590081344,-0.30455718551262134,5.524834228041208e-16,0.1922119539001083,2.983452578989741e-16
5.578,0.020043529368291534,0.037873223156039915,9.814996504973184,-0.37047057116593435,0.18565536942738314,-0.03446849181972403,5.554560668568047e-16,0.1938771242302478,2.986121374705556e-16
5.58,0.017739519671259377,0.030245890913942624,9.795890843952481,0.8214891886525878,0.469068360561814,1.3008299294118175,5.5845281968087965e-16,0.1955467129528276,2.9890395006936963e-16
5.582,-0.0035275154305945255,-0.008297811939696934,9.812132014995058,0.41027904175812047,1.900893004471131,-0.6510275231374978,5.614612031644503e-16,0.1972206725328192,2.992030865849249e-16
5.5840000000000005,-0.03286953473137261,0.03175255625377716,9.850410010023387,-0.18289054202455415,1.266328105319519,-0.5798211470875851,5.644736021737378e-16,0.1988989553107572,2.995087760845071e-16
5.586,-0.037896018494988054,-0.022276248281400346,9.767410346942171,-0.7279959355277678,1.735710810860521,-0.024745839736493143,5.675024710598273e-16,0.2005815135040737,2.9983875470175835e-16
5.588,-0.033407931716318506,-0.017346085703084012,9.796949666347379,-0.5350197240875136,0.7609296967605002,-0.41816478719351363,5.705583067455405e-16,0.2022682992084927,3.0017782355746797e-16
5.59,0.0026133359725493445,0.03545021746773025,9.773395397076765,0.3872381485338683,0.917753717160129,0.8745772916090659,5.736440182247364e-16,0.2039592643993641,3.005099796340756e-16
5.5920000000000005,-0.014862814179900556,-0.029692512832726885,9.811117699813174,0.16307942441803774,1.2926974085771175,-1.021268952354719,5.767825627045793e-16,0.205654360933054,3.0083781783032956e-16
5.594,0.04203647922944344,-0.05233565122580609,9.824146224449857,0.7838905928013911,0.14862691286422736,-0.19359529047784646,5.799510885091009e-16,0.2073535405482981,3.011589435553944e-16
5.596,-0.05011936638446958,0.00393103606799481,9.795404656658299,0.9609782883343412,1.4227249754312843,-0.5486773870144603,5.831572814229535e-16,0.2090567548675833,3.014742897090122e-16
5.598,0.04012807452436046,-0.030419595322458987,9.826897108153618,-0.29012426156131715,-0.06481855256163627,-0.44867159248960403,5.863888975691034e-16,0.2107639553985333,3.0176615457017797e-16
5.6000000000000005,0.0064869824309257244,0.008328021487760498,9.850341906357308,0.0617541119179305,0.9922544256638787,-0.8259964167736779,5.896552755329267e-16,0.2124750935352685,3.020684976652038e-16
5.602,0.04484059338274643,0.06129607147382354,9.828752495173791,-0.07909036753938067,0.8678990160634955,0.12321219142114195,5.92956447396607e-16,0.2141901205598068,3.0238142120035643e-16
5.604,0.032187947424678225,-0.029101630325397105,9.776660260347743,0.37805728601322375,0.9249277636347728,-0.0015710496504127256,5.962924456764965e-16,0.2159089876434463,3.027050276937157e-16
5.606,-0.01085963878084978,0.012113471346685334,9.796817026101953,0.162860671051842,0.47544537907907997,0.3349681215081461,5.996556653317111e-16,0.2176316458481557,3.030385312101423e-16
5.6080000000000005,-0.020808552529375066,0.005295323777286259,9.826951593375222,-0.11367252181574306,1.327797134869627,0.06392347731588216,6.030353997952814e-16,0.2193580461279643,3.033972009373593e-16
5.61,0.010839364117674423,0.024946535438884886,9.821657383708109,0.671744552599868,1.6077158317867168,-0.1857936765666922,6.064684537637844e-16,0.2210881393303619,3.0375254547496363e-16
5.612,0.004741646638095835,-0.011820774912660892,9.804879432054829,-0.19276764131824986,0.5824529672869198,0.1180735795700538,6.0994859588641375e-16,0.2228218761976985,3.0413687667719847e-16
5.614,0.00025079536692182783,0.010488593661915381,9.765882771144382,-0.04135898968867322,0.8086179562289942,-0.04805726252663331,6.134669109429591e-16,0.2245592073685814,3.045163393202942e-16
5.6160000000000005,-0.026756921561345584,0.013194383025119008,9.775736161355786,0.2620097659834126,1.8264635448648439,0.07524046613656668,6.170081769272392e-16,0.2263000833792893,3.048891862947248e-16
5.618,-0.01300490963846538,-0.016117584029265067,9.769091336893423,-0.583864881062783,1.094494949786764,0.8149663086380482,6.205692235313729e-16,0.2280444546651798,3.052715618462362e-16
5.62,-0.015476491114777266,0.03344107541696597,9.844408945598007,-0.06755539602493114,0.7078316696845111,-0.5241851924230407,6.241686034241414e-16,0.2297922715620813,3.056493247880252e-16
5.622,-0.023737652021926493,-0.015876020354633345,9.856716086576455,-0.314917544658018,1.8749658766315278,0.141980430896627,6.278031051312107e-16,0.2315434843077382,3.06038662467188e-16
5.6240000000000006,-0.04955870760337685,-0.04374768670463527,9.804326374444818,0.43764841539773697,0.4398890837641811,-0.06223661968145963,6.31460777941062e-16,0.2332980430432043,3.064216865516269e-16
5.626,0.004255681855210896,0.0037019592861361507,9.775816658873191,-0.43095547903721093,0.2933652044364692,0.3858593035160887,6.351689172012519e-16,0.2350558978142689,3.068183915917255e-16
5.628,0.002106632873140734,-0.012157499907920298,9.834342138851124,0.40541727911668657,0.4715725778574168,-0.7055027669793734,6.388774237803759e-16,0.2368169985728835,3.072060530383434e-16
5.63,-0.02444925583700504,0.006780062700938661,9.837188100568593,-0.22186689844094748,1.1704797803692593,-0.8576898138041029,6.426135352171714e-16,0.2385812951785843,3.076046602374492e-16
5.632,-0.018158829855816117,-0.010261289840767834,9.779429536598675,0.9366716421998423,0.9204359895377463,-0.04000298267473761,6.463772853347096e-16,0.2403487373999121,3.0801429694656947e-16
5.634,0.04042057380724756,-0.040167805518789505,9.8614942912443,-0.584725135143183,1.5078952586184688,0.3728323277737595,6.501763501011428e-16,0.2421192749158559,3.0843603964361647e-16
5.636,-0.07209696036566499,-0.007097812416825361,9.805590797693293,-0.0722274275598294,0.9528239750051988,0.05934501866260319,6.540294938068209e-16,0.2438928573172765,3.088559113461218e-16
5.638,-0.05694546320652705,-0.005094743741830743,9.836468443094562,0.10057386336889718,0.91911127755847,0.10926522621066426,6.579062151260548e-16,0.2456694341083435,3.092700304138425e-16
5.64,0.0074768824673933885,0.0005388079964898637,9.829894410846194,0.34451219261324556,-0.1525833855187776,-0.12702618380880937,6.618218524763503e-16,0.24744895470797,3.0968048903957624e-16
5.642,-0.03762764891403027,-0.018795610672239317,9.85030896884182,0.3355412284253349,1.501356383283255,1.0449889149820857,6.657723400795739e-16,0.2492313684512622,3.1007028657773224e-16
5.644,-0.0003228599195830295,-0.016483284147892508,9.740777460720839,0.36062244924426323,0.8383126719833228,0.33019207400152245,6.697583186169102e-16,0.2510166245909511,3.104727030114166e-16
5.646,0.0011555977294121292,0.0019125201938175,9.783296883120293,0.20138307910358724,0.7406995013754186,-0.42090841151482605,6.737874719009075e-16,0.2528046722988457,3.108888832844384e-16
5.648,-0.013151457309683298,0.07462044257764541,9.808949696204046,0.4933978671212651,0.7325666515907289,0.36733378352729723,6.778674886760071e-16,0.2545954606672728,3.113200025220249e-16
5.65,0.01889169180873714,-0.04072625066196782,9.773116138526165,0.013185987816130618,0.7522922942759475,0.07262477255544574,6.819980055594519e-16,0.2563889387105316,3.117329922063063e-16
5.652,-0.0279196473840072,-0.017746051293437915,9.802269682814117,-0.23066378010150645,0.6397485988332031,0.01836011232206552,6.861529001833275e-16,0.2581850553663436,3.121741074803934e-16
5.654,-0.05650323702833761,-0.04650908268228619,9.754549469886939,-0.6852549759477538,1.0670885732690658,-0.2300778096146242,6.903012944677228e-16,0.2599837594973065,3.126059217996651e-16
5.656,-0.028552607251500474,-0.041156188108619256,9.800792934019924,-0.5758566747233327,0.8832190087895284,0.8249420518566828,6.944395354648343e-16,0.2617849998923508,3.1304449006973514e-16
5.658,0.012978236440565897,-7.78455312457102e-05,9.85960677865815,0.633394428577645,1.215161513537136,0.3280820596832971,6.985560632562935e-16,0.2635887252681957,3.134715315000802e-16
5.66,-0.004466284809084453,-0.013524907465851593,9.837454905763273,0.1807661826455835,0.9352868056089139,0.1739771867502093,7.02658552416358e-16,0.2653948842708133,3.138880638241759e-16
5.662,0.009646689340006478,-0.005155811484153348,9.821130473300398,-0.7322590224775724,0.9409788287174499,-0.1025422124160716,7.06716563669062e-16,0.2672034254768827,3.1432289996756433e-16
5.664,-0.029962508759570475,0.004889205160258757,9.810417809459567,-0.5044536454808632,1.2127062764439662,0.207130388745563,7.1075680334533035e-16,0.2690142973952654,3.1476316105866394e-16
5.666,0.019485917941516974,-0.044172667666199504,9.797094208987227,-0.4673313731454236,1.210829680846053,-0.3307089860387093,7.14756339259034e-16,0.2708274484684611,3.1520544586488307e-16
5.668,0.029677170869037272,0.004186483977370196,9.828892516714783,-0.26568486032033356,1.2557920095744333,0.11817061074406104,7.187036774763126e-16,0.2726428270740821,3.1566459144517996e-16
5.67,-0.015032143813374501,-0.00623695730746736,9.81018035187374,0.11273211331413026,1.229381854443716,0.26974824393458524,7.226409780805398e-16,0.2744603815263205,3.160967293379515e-16
5.672,-0.10199213814730912,0.022665252064008063,9.79843065218973,0.6703449973910838,1.0391105381999564,0.14556751910592575,7.265642653035528e-16,0.2762800600774199,3.16551191908029e-16
5.674,-0.031814193626864606,0.00925012896692998,9.755066466841056,0.07742983406367505,0.6521042043177134,1.0359475548141244,7.304621488526629e-16,0.2781018109191469,3.17009568529768e-16
5.676,-0.0278481630657466,0.042863628439508535,9.794854681448411,-0.6567007135122818,1.2372243920606691,0.23430797727751831,7.343343951667948e-16,0.27992558218427,3.1750510171872833e-16
5.678,0.029941783650214705,4.409442713470561e-06,9.737367449922369,0.22239007212793177,0.9318160436640075,-0.07918990102191963,7.381619856725997e-16,0.2817513219480347,3.180181625004255e-16
5.68,-0.06940181838429134,-0.029833470054828667,9.80479870355401,-0.39455319545526485,0.5496825098964432,-0.38521982573515173,7.419561967456796e-16,0.2835789782296399,3.185670508199493e-16
5.682,-0.027905554906260142,-0.09651869015869954,9.833664953492415,-0.1295341441035595,0.2592223346324647,-0.2712428752676368,7.457290396192936e-16,0.2854084989937211,3.191034369275749e-16
5.684,-0.01573266955317556,0.012906906390997836,9.790984168949763,-0.43635407022523,1.2829364689171454,0.25701602683826397,7.495070959698341e-16,0.2872398321518276,3.196480705566693e-16
5.686,-0.04644208746381957,-0.0764628784585541,9.832321740481245,-0.1368342828467885,1.5747672684915965,0.0664551782800524,7.532715004231415e-16,0.2890729255639109,3.2018129240417743e-16
5.688,-0.028507973669223714,-0.04700309103082273,9.843395325642195,0.17351509410923285,0.4235217939630369,-0.3166506707111896,7.570222791787624e-16,0.2909077270398051,3.207030414202669e-16
5.69,0.0051654076451697825,0.013770089831008983,9.821237000939576,-0.4891312395982137,0.6677537740573652,-0.05699135696273907,7.607476863161437e-16,0.2927441843407142,3.2122812779815243e-16
5.692,-0.0634291606840997,-0.000578009693565895,9.835599759806188,-0.3504990209685669,1.0078130682859907,0.24512536634817828,7.644512274163643e-16,0.2945822451806986,3.217737696782201e-16
5.694,-0.06651732205503982,0.04882031982599911,9.797219345562858,-0.5908343223580232,0.9058402384867612,-0.09223485770963524,7.681335703964605e-16,0.2964218572281686,3.223065116955331e-16
5.696,-0.04269549494839831,0.037970749909979486,9.8478292093491,-0.3816778057754142,1.90418135521506,-0.1194270019328442,7.717821474169991e-16,0.2982629681073631,3.2287451696005507e-16
5.698,0.08059149482394126,0.022160908270348428,9.826849151139106,-0.8380689494160263,-0.1256444010822657,-0.29461416257231043,7.754011313923473e-16,0.3001055253998515,3.2346161736846907e-16
5.7,0.033120963008547694,-0.016757968312095854,9.791230064762953,1.0182942870619613,0.5668778340790879,-0.017721156063238198,7.789794335097598e-16,0.3019494766460267,3.2404913931204123e-16
5.702,0.007622793895772504,0.05090353477696116,9.829407457249976,0.743511236903845,1.675577870271549,0.486752292061505,7.825433854935384e-16,0.3037947693465875,3.246580713676793e-16
5.704,-0.07237838572737254,-0.03179374582721213,9.86468649845531,0.35567674114297154,1.221447678576531,0.9424552359539231,7.86074301526539e-16,0.305641350964041,3.2526848510825744e-16
5.706,0.018132560167063546,0.028213210670832975,9.801634433197798,0.0559719500541972,0.5203644352925905,0.3056925516413957,7.89579825622846e-16,0.3074891689242024,3.258815440185566e-16
5.708,-0.00036431175015553055,0.013016967075442528,9.85747579271262,0.23351995591083488,-0.1919607752407262,-0.5417452654549757,7.93075263185066e-16,0.3093381706176827,3.2649972744467914e-16
5.71,-0.029682076667515423,-0.00472041711696589,9.766322326518415,-0.3855384055762234,1.8096566427800187,0.633333734065576,7.965321844229481e-16,0.311188303401394,3.271686570646742e-16
5.712,-0.06516378439893172,0.014148199966871743,9.819504380264455,-0.3990798299861595,0.9505812794937155,0.4432581719485606,7.999866822802879e-16,0.3130395146000399,3.278438978756695e-16
5.714,-0.0006528879379970633,-0.025570211900868056,9.845000187048981,-0.04589389620822784,-0.057357201491352705,-0.5319960795730362,8.034101772668951e-16,0.314891751507631,3.2857106173991047e-16
5.716,0.015652360571469934,0.008879493672804356,9.788894076515723,0.17680959321281495,0.6078865545502186,-0.12429036295624091,8.068325046823751e-16,0.3167449613889626,3.292709841863353e-16
5.718,0.04282309713233782,0.02455485487502544,9.803284589369767,-0.07027603996949966,1.6565916416501683,0.17447959318300324,8.102281523076336e-16,0.3185990914811345,3.300066263988349e-16
5.72,-0.019604901641207383,0.03211007228475214,9.791150681557884,-0.13015845930216885,1.135730556651197,-0.6974540835004348,8.135984123549553e-16,0.3204540889950495,3.307444204684521e-16
5.722,-0.06413127138871996,-0.018553090929838444,9.822350589727726,0.5486174371645607,0.609518627556246,-0.699386379468975,8.169631188377198e-16,0.3223099011169095,3.3147087393644154e-16
5.724,-0.0035695625203320137,-0.044568669642052514,9.768450918051963,0.47359441005687286,1.3224815385783462,-0.42565096926665036,8.203069731076536e-16,0.3241664750097278,3.3218323825393834e-16
5.726,0.02560066718005939,-0.003527643541231542,9.798607819648572,0.19397099927358644,-0.01922309889902951,0.47033634924515194,8.236989322980076e-16,0.3260237578148243,3.3289364803266536e-16
5.728,-0.03203382112059311,-0.05948831214368179,9.81216457173149,1.2356751392395335,0.7225122654509333,-0.8735462952177889,8.271237357710077e-16,0.3278816966533401,3.3359948976144164e-16
5.73,-0.008128490526867494,-0.06352428618897984,9.75851927781187,0.816993741612581,2.025621197672165,-1.2746882254878327,8.305890959168234e-16,0.3297402386277381,3.34302211686179e-16
5.732,-0.0009318497270235648,-0.04697362147570246,9.778389413635423,-0.035999860620019274,1.2499176850759672,-0.4191828340299722,8.340750918752496e-16,0.3315993308233063,3.3501522600369193e-16
5.734,-0.04756200365838703,-0.023737619597936754,9.764697505021381,0.7080211226692816,1.1604575010215765,-0.2630496238830151,8.375740831320948e-16,0.3334589203096691,3.3573718949981966e-16
5.736,4.333948380537758e-05,0.03479340941937172,9.746275846601693,0.7512910302703788,0.9120499804004634,-0.42418787834393074,8.410277377038682e-16,0.3353189541422923,3.364744049863332e-16
5.738,0.04030763490217236,0.005834618639222368,9.793680086714907,0.40726386151768523,1.0086660919759778,-0.24903882694390003,8.444772635849604e-16,0.3371793793639934,3.372512654257641e-16
5.74,0.008595641040719925,0.053490720841771616,9.886130381605536,-0.004837238191530246,0.8707766875463672,-0.022252705295798033,8.479168040580319e-16,0.3390401430064431,3.3803277054821444e-16
5.742,0.02350080276837589,0.011226048081982389,9.826189727083921,-0.7451606416955089,0.8158626535327858,-0.2727830911090396,8.513521284221825e-16,0.3409011920916757,3.388538894500861e-16
5.744,0.006304534570809383,-0.012410278869439916,9.829934177183477,-0.4797220322267335,0.5738730887480732,-0.0325394080644039,8.547678694444722e-16,0.342762473633606,3.3971175447274547e-16
5.746,-0.015653181238381397,0.04017384430008372,9.784428193069363,0.5924406897193165,0.04282216928826266,-0.9383436489873094,8.582091339724335e-16,0.3446239346395211,3.405638383877994e-16
5.748,-0.06207340023926916,0.018910352238743336,9.767340955440218,-0.3888457148820935,0.8310838086577902,0.1954694654590368,8.616355861103327e-16,0.3464855221116055,3.414365491799517e-16
5.75,-0.05935665653360818,0.007148179620985208,9.786880281267976,0.20268702310295758,2.058360643468141,-0.09161791999534839,8.650214077884248e-16,0.3483471830484403,3.4230791415546313e-16
5.752,-0.019619658927514647,0.007871028066310046,9.816198308386888,-0.22158657332383272,1.5570272902273272,-0.18035067023889748,8.683825251267586e-16,0.3502088644465165,3.432319062829982e-16
5.754,0.008925674412047838,-0.0748465732157495,9.84280447686142,0.0764586804190852,1.1559027029871785,-0.03821602531950234,8.717029814837402e-16,0.3520705133017389,3.4415431936739173e-16
5.756,0.014611265476453719,0.029261877603512544,9.77941198372522,1.327193968717785,0.5272015196383191,-0.4336183962307336,8.749980830070099e-16,0.3539320766109443,3.45077972170057e-16
5.758,-0.012712985380972205,-0.009406600095562078,9.792064069996707,-0.09861100611904927,0.6948761756010362,0.24937341478285693,8.782781682775954e-16,0.3557935013734019,3.460218327081829e-16
5.76,-0.018591503645102793,0.011745051173802019,9.8167373125379,0.28319671488088355,0.9283955304375628,-0.26181935407596846,8.815482129035626e-16,0.3576547345923237,3.4696976470544357e-16
5.7620000000000005,0.03804804846566247,-0.026027225113348575,9.799756689938336,0.1641126353028679,1.5206861220539514,-0.26834408216163635,8.847775210834632e-16,0.359515723276379,3.479156704873192e-16
5.764,0.011814867625803846,0.04692984293639761,9.82679682593897,0.4451383756130817,0.8507928287025908,0.38359592394453657,8.88007033501899e-16,0.361376414441196,3.4888459521797043e-16
5.766,-0.03424809278686715,0.004779580989586227,9.810558317629999,0.26378602013625463,1.4953302025636939,0.40303278889360866,8.912264666889056e-16,0.3632367551108769,3.49857395010353e-16
5.768,-0.09094853323178267,-0.018889577325628036,9.829039804297908,0.024796724623158344,0.14460276985864218,0.010379733427927978,8.94456263297365e-16,0.365096692319499,3.5082100328917484e-16
5.7700000000000005,-0.02025771157218362,0.03286273239442217,9.882487412126615,-0.22191619023584055,0.6406219389110409,0.2988989760792803,8.976606178813627e-16,0.3669561731126284,3.517853155300584e-16
5.772,0.0072429146435057205,-0.002467975606892605,9.791644834746329,-0.5526440582294717,0.1171954799926016,0.6509416601872998,9.008291909741293e-16,0.3688151445488297,3.5278239178041355e-16
5.774,-0.009202869097012742,-0.010244633217604302,9.845218378885468,0.5110645111402539,1.9425491402049397,0.29328680345245844,9.04002978590439e-16,0.3706735537011605,3.537862088312897e-16
5.776,-0.02754327854950376,0.033638130291768015,9.841161228146365,0.12551899942562317,0.7541196577701994,0.5132219382943551,9.071512750178532e-16,0.3725313476586948,3.54790475418735e-16
5.7780000000000005,0.025010251378283617,-0.024355003277252534,9.77977151339928,0.3615082596395792,0.26040502880507765,0.11716647219244587,9.103047605039446e-16,0.3743884735280187,3.5580140065746767e-16
5.78,-0.03994713800523597,0.009770293160637026,9.824918931205309,0.24771041531551355,1.8145057271790952,0.5295373019662463,9.134634340148398e-16,0.3762448784347381,3.5681897566999844e-16
5.782,0.0012004167752052257,-0.054655638245788424,9.840572583419327,0.27959803502414143,0.09662598966357694,-0.37775209741506105,9.166071425725865e-16,0.3781005095249897,3.5780463734499886e-16
5.784,-0.004510007560357054,0.04816139130244015,9.778142163751815,-0.5319295853525461,1.4081076052054426,-0.12508570226212873,9.197560035163665e-16,0.379955313966937,3.5879686116742846e-16
5.7860000000000005,-0.02389016508161023,-0.03521795265808544,9.865547691397577,0.08732911119112811,0.9392821282973599,0.4327272778162432,9.22910014270373e-16,0.3818092389522816,3.5979563680987622e-16
5.788,-0.00173063867098798,0.04102886113934729,9.804897706738275,-0.02134952461585671,0.9100904855141193,-0.13360869115633198,9.260230866415046e-16,0.3836622316977627,3.6079121768534535e-16
5.79,-0.02365010236839056,0.022238866977056872,9.79926202726961,-0.2854922263766148,0.7805881724316813,0.02063749663108652,9.291412632657056e-16,0.3855142394466641,3.617932291083552e-16
5.792,-0.013016916712708403,-0.022147390907865095,9.80380882661548,-0.14030731343886085,1.1134247326299511,0.14078729518583735,9.322184454662845e-16,0.3873652094703086,3.627918194429646e-16
5.7940000000000005,-0.03476445895470844,0.07872433412772607,9.72865525143686,-0.16363197693195683,0.4937831084757563,-0.8747532502319956,9.352753809662944e-16,0.3892150890695665,3.637740386300331e-16
5.796,0.004844615853974103,-0.021684825957640923,9.830925912663988,-0.054783966330800286,0.712355001435532,-0.5049095705074489,9.38321968839446e-16,0.3910638255763548,3.647591696195369e-16
5.798,-0.04155142241167724,0.06207663584107728,9.755792276692492,-0.3587356513618454,1.982402383515037,0.3192993853857262,9.413428183806982e-16,0.3929113663551346,3.6574381630849084e-16
5.8,0.0234274648435106,0.03643124902818068,9.833220194939608,-0.8152091962109504,1.365383307871066,0.6011765232502583,9.443323884517797e-16,0.3947576588044073,3.667439470351843e-16
5.8020000000000005,-0.014540174665028466,0.03926717087830081,9.855217212662732,-0.6474270667393534,1.0924092196082897,-1.3062316447732318,9.472807761758681e-16,0.3966026503582205,3.677399968184802e-16
5.804,-0.04185093758314891,-0.011784305388816203,9.859354144321905,-0.3364318817344341,0.5762196891253705,-0.28763642177189774,9.502396042834825e-16,0.3984462884876565,3.6872586806028366e-16
5.806,-0.04247695192150197,-0.01469840211616566,9.815872315380428,-0.49402100712665237,1.1054915645816394,0.788670319350442,9.53141802731008e-16,0.400288520702331,3.697040201924628e-16
5.808,0.03679635914242246,-0.015661256647788113,9.778237994068487,0.04231008288355083,1.0639906511605945,-0.9065441765731428,9.560641890166196e-16,0.4021292945518898,3.706913303551771e-16
5.8100000000000005,-0.008744805725718919,0.010850130540040647,9.783620384104331,-0.408659589224879,0.37714146854346875,0.2422729462053779,9.58960629794058e-16,0.4039685576274961,3.7167752258861093e-16
5.812,-0.12404281413397603,-0.025116500418857664,9.815900454653237,0.42372893627544805,0.8142364583301434,-0.05561958931809523,9.618351616069013e-16,0.4058062575633285,3.72698099512478e-16
5.814,0.016064072171154593,0.004903437673393067,9.78287572781897,-0.3590704995324254,0.7767395359822344,-0.6255283007325687,9.646893591778882e-16,0.4076423420380709,3.7370127298800006e-16
5.816,-0.03648326230153097,0.030226462147911342,9.823969703035138,-0.5444494415629014,-0.03277172983034693,-0.04525051693225564,9.675271844015556e-16,0.4094767587763966,3.747225782181249e-16
5.8180000000000005,0.016100029874446743,-0.01033590390571333,9.776167050238593,-0.7960738672153626,1.379408781005023,-0.013897843964186257,9.703811464823089e-16,0.4113094555504651,3.7571720324482805e-16
5.82,-0.01266703792968316,0.05657066671086529,9.777725206296338,-0.5900308250346155,0.8135125380944354,-0.5038332115640888,9.732147489565806e-16,0.4131403801814024,3.766941612780575e-16
5.822,-0.009889544652494746,0.03347445504298178,9.814176219853824,0.6436430302563122,1.1019560679917118,-0.23521132635534725,9.75985641638004e-16,0.4149694805407905,3.7767841259563903e-16
5.824,-0.01161714075136305,0.04959580801337461,9.824198208617231,-0.8153354184560443,1.4985852384873168,0.11777673547474492,9.787245080029876e-16,0.4167967045521513,3.786768529477057e-16
5.8260000000000005,0.008030218757874907,-0.04369007723560747,9.801521851445681,-0.5781124095061223,1.105913409701514,-0.9748439253280173,9.814217066688082e-16,0.4186220001924238,3.7966970020748853e-16
5.828,-0.028731263563915015,0.02853586853053679,9.819551721671237,-0.7964899008318891,1.2359928013095103,0.01821788560392479,9.841292032918162e-16,0.4204453154934538,3.8065147999151443e-16
5.83,0.025437533395562883,0.048616549486481545,9.843973767397738,1.1051451917914783,0.70967115374132,-0.014804212535794043,9.868316039144986e-16,0.4222665985434677,3.8161855709083805e-16
5.832,-0.03236657961141246,0.004379418924620621,9.779546023859487,-0.07373289109175553,1.0855267985973844,0.806022270317801,9.895017097938772e-16,0.4240857974885508,3.8259939410581996e-16
5.8340000000000005,0.007652647281089317,0.060869471878151046,9.772837424248362,-0.3006730736683703,0.4591212452348428,0.09205335946327538,9.921512827446888e-16,0.4259028605341277,3.8356170005381393e-16
5.836,0.024955742026600274,0.03156037171703623,9.781452283907889,-0.029065134388239426,0.8618398437962516,0.03115117005757808,9.94780290941731e-16,0.427717735946432,3.845053477360906e-16
5.838,-0.06155146706953598,-0.005541751119260764,9.791526906226402,0.18525944765832078,0.8335572939761586,0.35681036850444703,9.974135463396609e-16,0.429530372053981,3.854536582379011e-16
5.84,0.00848783554173918,0.02225089347704851,9.7868346975476,-0.2680135379638168,1.118855422409805,-0.27106929312485667,1.000051028091551e-15,0.4313407172490487,3.864066073330647e-16
5.8420000000000005,-0.04814643436351085,0.06520976137141969,9.854878479871855,-0.31138001413119026,1.3031726856750359,0.0013351115351658634,1.0027021112011187e-15,0.4331487199891313,3.8738397187324333e-16
5.844,-0.038953585871867376,-0.034117714325304214,9.844232710889294,0.2989599826889514,0.9954572257415703,-0.009741037327735302,1.005335949108389e-15,0.4349543287984203,3.883783085106505e-16
5.846,-0.037826270007323144,-0.013004003673693953,9.787709664131857,-0.2884291145867868,0.9077435931704977,-0.0615100532532446,1.0079585417402885e-15,0.4367574922692617,3.8937345815283084e-16
5.848,-0.04286288013404266,-0.02027070969354463,9.782342005762239,0.08920559169778354,0.1854326473981709,-0.5642275546561977,1.0105544345620057e-15,0.4385581590636242,3.903655725357873e-16
5.8500000000000005,-0.05041576464881238,0.0264855730602043,9.89682869444418,0.5409219420018732,0.8086667027890062,-0.043349370819139345,1.0131544028783684e-15,0.4403562779145571,3.9136209927928773e-16
5.852,-0.04353044954438303,0.009750627836264,9.841405788588974,0.17235995938881915,1.6003902659403106,-0.25711752224459905,1.0157368735469022e-15,0.4421517976276556,3.9237528887166467e-16
5.854,-0.051004557188029445,-0.005150858379718161,9.814320533494747,0.6853345912097049,1.1161956042823429,-0.5256048269038146,1.018286363590672e-15,0.4439446670825121,3.934012400274723e-16
5.856,-0.05457919189482805,-0.034089064869406,9.797107933606478,-0.0858558720944535,0.4153365310643311,-0.2316721220760023,1.0208459919274482e-15,0.4457348352341752,3.944153390742037e-16
5.8580000000000005,0.018592034240125455,0.05111898309975892,9.767674084061998,-0.5845365088155179,1.7219988029439626,-0.1574310660837574,1.0233941271043858e-15,0.4475222511146021,3.954297806191991e-16
5.86,-0.006672102750844934,-0.01038771142745693,9.833251508626788,0.02992025468170103,0.5607486464463892,-0.661649287016669,1.0259553549849902e-15,0.4493068638341095,3.9646832157422323e-16
5.862,-0.035287312054999444,-0.03436770956826687,9.786112505757067,0.18943287403799894,1.810353723518984,-0.1315619091626404,1.0285050341813769e-15,0.4510886225828242,3.975071129427153e-16
5.864,-0.02962243214274135,0.020646777556318736,9.808279611017202,0.309901726089095,1.534959775583438,0.8720598867895771,1.0310460103889382e-15,0.4528674766321266,3.9858215285935683e-16
5.8660000000000005,-0.012055238544245755,-0.013326942618352131,9.840994696058777,-0.22925456859697135,1.1393153501501263,-0.06667168218943643,1.0335753677394271e-15,0.4546433753360979,3.9965731691591325e-16
5.868,0.018575102686826026,-0.017371046541175113,9.80041578668354,0.45117656192428607,-0.05952953508892045,-0.27309683314648786,1.0360649915651645e-15,0.4564162681329587,4.0076074259658566e-16
5.87,0.0193562044614581,0.005982416689700357,9.804938997641932,-0.12976367763416755,1.6109219944222566,0.36963773856629456,1.0385302143384357e-15,0.4581861045465141,4.0189626387225556e-16
5.872,-0.043303619525018336,-0.016221614325754127,9.798418649702553,0.7111517159397696,0.05938420609749406,0.13847715994714513,1.040983671637059e-15,0.4599528341875842,4.030316333471047e-16
5.8740000000000006,-0.035646215662965344,-0.01797482881946046,9.838211652411685,0.6248573033494587,1.8094205783740431,0.47316280404627864,1.0434316985221825e-15,0.461716406755443,4.041506838049748e-16
5.876,-0.03963918244322534,-0.009204353387036842,9.830442702271057,0.6110357557469286,1.2408395690265155,0.3926304062119896,1.0458460046731983e-15,0.4634767720392493,4.052814786531341e-16
5.878,-0.0071723264042222665,0.020088665192307783,9.773773654422467,0.13841041400428045,0.7949159124052763,-1.047453222414611,1.0482612388177525e-15,0.4652338799194788,4.0637966822072957e-16
5.88,-0.015624473857286894,0.006858705892702246,9.810162687582496,0.33077858109049446,0.08701524280632966,0.22668936734166062,1.0506271311812472e-15,0.4669876803693437,4.0748530802596926e-16
5.882000000000001,0.04497509023062107,0.04299963934655644,9.77151507390561,0.31177706479858674,1.1631283063982285,0.12588910403459447,1.0529809511624406e-15,0.4687381234562267,4.08590269721359e-16
5.884,-0.006262512384079105,-0.10812530366741986,9.81688816652293,0.24715851485539075,0.4939189013193929,0.7082103973815931,1.0553201878960109e-15,0.4704851593430939,4.096582108635582e-16
5.886,0.00465852112992883,0.017682547114418263,9.763026185866305,0.08746101598820846,0.22795608087389263,-0.19803096603912546,1.057631765961038e-15,0.4722287382899214,4.107211574491585e-16
5.888,-0.020389943492711612,0.00038261956083015814,9.804076489673454,0.3903908605488117,1.185644469914465,0.014691176990301282,1.0599399851121897e-15,0.473968810655105,4.1180330292008273e-16
5.89,0.006540531058410796,-0.014450106072433633,9.867770935717543,0.11223281989950372,0.872528898919344,0.887170520472601,1.062251354201733e-15,0.4757053268968765,4.1288852895997935e-16
5.892,-0.022826141451228205,-0.05623755960183688,9.81631426726598,-0.29706634817481364,0.8553239139823318,0.6856153979185772,1.0645724229031582e-15,0.4774382375747169,4.139607152455009e-16
5.894,-0.06463288739356624,-0.04127981918580724,9.78248870381687,-1.273337589571538,-0.5824311938113877,-0.04685102933987046,1.0668722410608476e-15,0.4791674933507556,4.1501146856657213e-16
5.896,-0.10460965806171732,0.0008348177247207786,9.774632324578707,0.51600877942174,0.4858744615848062,-0.7320169538042082,1.069146322581777e-15,0.4808930449911863,4.16093092544793e-16
5.898,-0.0650528072712301,-0.03983767954470417,9.802979254604198,-0.13372650564317753,0.5503164789314909,-0.18344373716395224,1.0714012252359098e-15,0.4826148433676611,4.171894169296862e-16
5.9,-0.029807422753678814,-0.014432649912140175,9.813006247424658,0.13809683871122336,0.33657316782185587,0.4759914411820141,1.0736280743760592e-15,0.4843328394586875,4.1828003938325623e-16
5.902,0.023286209695203165,-0.030494120253253813,9.81613245764143,0.2757890868560015,0.4095218226260758,-0.7476307816409138,1.0758422659625796e-15,0.486046984351034,4.1936906569572293e-16
5.904,0.047370623630260414,0.037133747655915796,9.800196769116333,-1.370521356805345,0.8626202805743008,0.7768534110455373,1.0780148213766846e-15,0.4877572292411118,4.204843068493982e-16
5.906,0.006807280520100541,0.007670424564169237,9.827568480519352,0.3268978792573707,1.3695291246967192,0.6286830903094827,1.0801813282201498e-15,0.4894635254363709,4.2158165509990044e-16
5.908,-0.0042095437806004225,-0.013934908038227504,9.816094000217891,-0.2701036860895181,0.7369983477087338,-1.166387208363266,1.0823107773997777e-15,0.4911658243566836,4.226524159268177e-16
5.91,-0.03489039359861274,0.03582062376080783,9.830396585774,-0.43813696740665165,1.0639197291744786,0.6405789928599196,1.084411785666815e-15,0.4928640775357297,4.2371679454665366e-16
5.912,0.006523908059104203,-0.00021524260982631885,9.7949837329423,-0.26393973499345125,1.1710669966636187,0.08958889053977837,1.0865065643076657e-15,0.4945582366223743,4.247628988714151e-16
5.914,-0.03956222773572109,-0.02689098204691299,9.805563536878141,-0.0656118165637656,0.7841997514782966,0.11095756929177082,1.0885727482683041e-15,0.4962482533820459,4.2580236447770703e-16
5.916,0.02944826103771898,0.029198810914124095,9.874147004339097,-0.11051096769117749,0.16320867122581106,-0.10564656827017313,1.0906325954707282e-15,0.4979340796981085,4.2682333351971976e-16
5.918,0.03271412168283915,-0.016263231861303084,9.783431752062942,-0.06893188680542701,1.2414376161488736,0.27815896927542455,1.092663691302341e-15,0.4996156675732324,4.278374055764121e-16
5.92,0.013786694760485087,0.014454517667008589,9.844640352212068,0.8626409507513342,0.617239403166105,-0.18594914092714915,1.094659056869376e-15,0.5012929691307592,4.288605185124062e-16
5.922,-0.030098826329912655,-0.01973882535258463,9.788674681221897,0.4161762224866444,1.5876911394911821,-0.3083051940449539,1.0966410014830917e-15,0.5029659366160689,4.2988086744445664e-16
5.924,-0.03286033668475095,0.03732674741321157,9.776098478880545,0.021955462929955264,0.4268848745479885,0.78472690743078,1.098578450296441e-15,0.5046345223979355,4.3088947520995157e-16
5.926,-0.025537780375298677,-0.0031842995413591158,9.820527856490319,-0.12309144804891514,0.4263600913663384,0.5745087021172355,1.10050926308024e-15,0.5062986789698821,4.3187897690763135e-16
5.928,-0.02587272531555866,-0.017362423710473734,9.795358225344495,-0.2512616493395647,1.0168882372963668,-0.31688147741597633,1.1024574279247746e-15,0.507958358951541,4.32874310124212e-16
5.93,0.004746795332303207,0.03215344291104723,9.8336034595022,0.22868796449720746,0.7363796841160175,0.06500432473945213,1.1044213988390873e-15,0.5096135150899911,4.3383881956126557e-16
5.932,-0.019153376273218302,0.009398653267385223,9.864382288902585,0.8649946367714644,1.1801553300835865,0.010982543672776051,1.1063645891779565e-15,0.5112641002611138,4.3481619621280445e-16
5.934,-0.02676958353840137,-0.05581275302505948,9.733575950302102,0.3052416844329406,1.611894723614888,0.6600561075080433,1.1083165061758272e-15,0.5129100674709306,4.357787048640866e-16
5.936,-0.06931421235982035,0.01712971531984676,9.79678926526388,-0.8310817002103323,0.9312681087383846,-0.04137499797580049,1.1102700546888054e-15,0.5145513698569392,4.3674238050403443e-16
5.938,-0.02193017533714979,-0.02747190952617934,9.839860639589215,0.4735900300162775,1.2184196551128814,-0.5385370966745314,1.1122096597899112e-15,0.5161879606894484,4.377026125919622e-16
5.94,0.003391510208418179,-0.024181984873923153,9.810620948047584,0.3446290716570168,0.45308316566678175,0.1885487458788817,1.1141578750017869e-15,0.5178197933729125,4.3864779890469556e-16
5.942,-0.09137524121753368,-0.03701971484007538,9.794912319531559,-0.192828498293998,0.45456533664686555,-0.8241477953600693,1.116076486164327e-15,0.5194468214472536,4.395847777097869e-16
5.944,-0.004860095650811363,-0.0012676234566033802,9.815496406167341,-0.5219303534855321,1.2426431379968776,0.04960385450342814,1.1179964600336276e-15,0.5210689985891857,4.405226286400113e-16
5.946,-0.042668189984339425,0.017085099228319887,9.812485227393777,0.32575819006886086,0.5102341690830953,0.16006241402595353,1.1198950453274298e-15,0.5226862786135331,4.414727536851183e-16
5.948,-0.0011879710831444318,-0.00136902830387627,9.827521822226254,0.014729581286063852,0.647027389665501,-0.3685859127620626,1.1217948686817509e-15,0.5242986154745478,4.424236199228236e-16
5.95,0.008481344379231457,-0.057944975003660464,9.885698667871253,0.6099957919370689,0.8038525602081914,-1.1932328991037298,1.1236719992936277e-15,0.5259059632672152,4.433497597209505e-16
5.952,-0.06863481347573727,0.01917353456636247,9.778113362443381,1.0464371606462535,1.2553618851534654,-0.526701117657991,1.1255502175696526e-15,0.5275082762285701,4.442764717727018e-16
5.954,-0.040357500852355406,0.023258350693767717,9.694363703775808,-0.23937756368849747,0.7433400303538829,0.2322334652944297,1.1274750429095096e-15,0.5291055087389881,4.451809401574343e-16
5.956,-0.018505698393610392,0.007099304466468386,9.78779569631482,0.05865656475875836,0.9361499908282684,-0.33658173131195024,1.1294464920426846e-15,0.5306976153234922,4.460632106022908e-16
5.958,-0.0120723190460656,0.014523373491872231,9.83816359118694,-0.45190846932051143,2.203330471591876,-0.032146300396812856,1.1314417474951583e-15,0.5322845506530467,4.469346760750609e-16
5.96,0.05368486816070034,0.03756045482411516,9.807058439183779,0.14656321993345184,0.5106724295577617,-0.5661120890076364,1.1334461820854173e-15,0.5338662695458458,4.478274995981385e-16
5.962,0.031817113211585604,-0.009248342446406224,9.848171733361992,-0.3393387910086605,0.6261871884966437,-0.847674307435712,1.1354432733822693e-15,0.5354427269686022,4.486999721196922e-16
5.964,-0.0492677932592987,0.0008327580324292344,9.814467009062803,-0.2004282296959211,0.8986084510148732,0.3602235809420599,1.137503412908759e-15,0.5370138780378257,4.495920070236922e-16
5.966,0.003406967037447339,0.010042419449261543,9.828105614873651,-0.650421811706187,1.5505334905315618,-0.2881124523988281,1.1395725739457178e-15,0.5385796780211061,4.505054209488033e-16
5.968,-0.09074195588167909,-0.0374867914071534,9.805359832448387,0.5089152612046788,1.0867513980769674,0.1822313096849272,1.1416884093826784e-15,0.5401400823383798,4.513967803410085e-16
5.97,0.022622260050389226,0.004748579650178059,9.839082964856392,-0.047228976210288195,0.6569615766363229,-0.3783583698265287,1.1438049946260593e-15,0.5416950465632075,4.522886169239859e-16
5.972,-0.027445035833945274,-0.025481667231826943,9.819675020391879,-0.46003257944516923,0.8204689679794661,-0.5595090732339575,1.1459993934509134e-15,0.5432445264240319,4.531681277261431e-16
5.974,-0.024997708705436626,-0.024538133396069427,9.814902375427092,0.2902473571368127,0.7126182047946954,0.2276697397509314,1.1482330714728498e-15,0.5447884778054443,4.540417906032263e-16
5.976,0.015325624642588392,0.012931246073368116,9.806064348206776,0.18708242845317974,1.2569225004643487,0.21127476849265275,1.1504904469088012e-15,0.5463268567494338,4.549047563273657e-16
5.978,-0.036284312736855714,-0.002156795834065524,9.825026987697289,-0.20441683135646427,0.6000219720438631,-0.15739898816741826,1.1527559138938874e-15,0.5478596194566431,4.557521084989394e-16
5.98,0.03427795772087065,0.02343340171755264,9.754257988813244,-0.10105887139946527,0.33846559705269624,-0.07912870308212168,1.155060592569286e-15,0.5493867222876181,4.565936323317848e-16
5.982,0.001595950152575661,0.0018322597268540406,9.818101978686043,1.3583447558501487,0.7187353886305287,0.24575597599848628,1.1573657893363196e-15,0.5509081217640424,4.574355696953352e-16
5.984,-0.004130649364467859,0.02179073649177141,9.827753851092332,-0.026233495889591354,0.7977784373996494,0.7055656661912915,1.1596870301895763e-15,0.5524237745699829,4.582828170224086e-16
5.986,-0.04074933986587674,0.028764312325041952,9.801430518066688,0.3779362399186721,0.2586761010976668,-0.4918522935730486,1.161993086560137e-15,0.5539336375531196,4.591254163316915e-16
5.988,-0.0047745710683285095,0.03196092075898153,9.807039472019403,-0.6048699851845328,0.4234818975540264,-0.23243470033176633,1.164291898061784e-15,0.5554376677259745,4.599843312263962e-16
5.99,-0.042272761454001814,-0.023376726651739167,9.774479357874165,-0.03913383834324609,1.0053644757365021,0.23819445625379468,1.1665441768231385e-15,0.5569358222671335,4.608283980017039e-16
5.992,-0.034663452857353234,-0.0017786340644097064,9.781642239297566,0.11181738745281045,1.0763762936113146,0.7334155473501539,1.1688122025818762e-15,0.5584280585224727,4.616775018478989e-16
5.994,-0.06801180445070801,-0.013023669760831615,9.784457186742925,0.058109148076979214,1.1079546300438103,-0.38397219721815584,1.1710879507775461e-15,0.5599143340063623,4.625105055569119e-16
5.996,0.027731793607322704,-0.0076537399272766544,9.811075539935109,-0.46754866169658627,-0.793798513842911,-0.3434171126989952,1.1733404735408025e-15,0.561394606402885,4.633544555527845e-16
5.998,0.032767383008052015,0.02978379839869988,9.78897410126485,-0.5362113750908484,0.2597038900299042,-0.2781038325515129,1.1756008902911386e-15,0.5628688335670373,4.642193880509397e-16
6.0,-0.024740168439998527,-0.004767907278452548,9.873341976563834,0.13348485772238047,1.4934500733837477,-0.26599867121824033,1.177845590174329e-15,0.564336973525928,4.650790263364736e-16
6.002,-0.02839981160167243,-0.02695464273106888,9.784289543318849,-1.0145560923434715,0.9316797504688379,0.12274847226741328,1.1800747052092949e-15,0.5657989844799765,4.659705315816007e-16
6.004,0.0076610146095937096,-0.041932980797261266,9.781775168946075,1.213270150712099,0.9199870239070193,-0.807077427807066,1.182272326939989e-15,0.5672548248041003,4.668514298542287e-16
6.006,-0.011303433796121148,-0.031667676417037036,9.820097342478228,-0.22884715477426354,0.6091359904255039,-0.11149508721739992,1.1844852163170434e-15,0.5687044530489017,4.677369772963177e-16
6.008,0.03228057904915667,-0.06146838870091517,9.76466547617238,-0.29197977168349515,0.8383806170594098,-0.32465468439575873,1.1866195608415164e-15,0.5701478279418463,4.685962242821612e-16
6.01,-0.012804367163231349,-0.00020184141646040573,9.843899498312599,0.08506701289788525,0.6660857687076125,-1.6723180862872749,1.1886206177932348e-15,0.5715849083884414,4.69466773783648e-16
6.0120000000000005,-0.003435635758259146,0.010850456142165787,9.826125069216966,-0.19572597136804598,0.8718021666753228,0.2550195933520636,1.190550660878354e-15,0.5730156534733994,4.703689832796675e-16
6.014,0.02669109965065139,-0.0070710748239915635,9.781844247389323,-0.5116528767446928,0.7483333055449266,-0.289734699523872,1.1923078580302013e-15,0.5744400224618115,4.71250136286218e-16
6.016,0.013125236949622542,-0.0035395013603662594,9.776553802564383,0.1410326651204115,0.14045380251843798,0.3894915705509771,1.1939075374064744e-15,0.5758579748003007,4.721523048079561e-16
6.018,0.004188990639733596,-0.0210626079794213,9.773530281062898,-0.4343475998570594,0.08981990843970222,0.38345865663783635,1.1953729172657109e-15,0.5772694701181783,4.730268013488986e-16
6.0200000000000005,-0.039412040597481254,0.023429545531274024,9.82059262251966,-0.2184292930747996,0.9221210691771499,0.5867904439766205,1.1967114700911385e-15,0.5786744682285941,4.739319428373248e-16
6.022,-0.023843354229224577,-0.021528061813413126,9.809572486793744,-0.36451133644507955,0.09005688654600963,-0.5962959611665979,1.197923035666541e-15,0.5800729291296817,4.748299540856985e-16
6.024,-0.07050305617041873,-0.04303351967145883,9.752701940611457,0.5639100134169,0.6621687588210465,0.3868340455741061,1.1990152554921705e-15,0.5814648130056921,4.757043635986837e-16
6.026,-0.06138737972656495,-0.019645473716072993,9.798561397430644,-0.09989091642420769,0.28543622401273266,-0.649935410902916,1.200074240114176e-15,0.5828500802281357,4.765277355018371e-16
6.0280000000000005,0.00514121298567244,-0.021069981722008947,9.826202105721698,0.4715753515084569,0.8258280442607828,-0.581073221836333,1.2009819676752613e-15,0.5842286913569015,4.773537003534731e-16
6.03,0.0024227034689207807,-0.007077932836680779,9.844433489950813,0.40819784046553,1.1263167429308711,0.6433289480350347,1.2018012402933325e-15,0.5856006071413877,4.781281599732895e-16
6.032,0.005671466262127441,-0.012087453428139728,9.80075047170189,-0.11861303448846551,0.5030841818862244,-0.05586861935423719,1.2025002942378569e-15,0.5869657885216139,4.788775932041058e-16
6.034,-0.024613623435626543,0.03755925234306788,9.795912858371441,-0.19018505184476,0.7141664148458641,0.618413268781862,1.203016218106205e-15,0.5883241966293367,4.795801616839254e-16
6.0360000000000005,-0.026669081649090196,-0.004440299658519632,9.844676061424106,-0.044092113996182666,0.18508079203635447,-0.06047013788255011,1.2034033980039354e-15,0.5896757927891528,4.802729043106042e-16
6.038,-0.016990090141522675,-0.023556138844493812,9.80901475346249,0.04601532820369471,1.0483077720372314,-1.3354454917153629,1.2036852689350182e-15,0.5910205385196035,4.809447568631666e-16
6.04,-0.0075167215623128105,0.02057608560971557,9.81501052840358,0.06787533777122853,0.8665297589955819,0.06144258811330478,1.2038455763265418e-15,0.5923583955342704,4.816275567166153e-16
6.042,-0.0029096229037326848,-0.0827553647369679,9.834724198215888,-0.05514185461620139,-0.12409153934839146,0.5571380134641745,1.2039238768883046e-15,0.5936893257428614,4.822781544044171e-16
6.0440000000000005,0.036164506531142004,0.023799085434695402,9.79736028970668,-1.056183654425227,0.2812284238740041,0.45789328162221576,1.203887779708717e-15,0.5950132912522981,4.82960601964321e-16
6.046,-0.03429894740189244,0.013592773023125943,9.779106427075751,-0.4404873420828873,0.975869356081456,0.18143585400964368,1.2037218145013133e-15,0.5963302543677965,4.836315416654289e-16
6.048,-0.016573531821731286,0.009144929911388251,9.789843818194921,-0.5676756576398859,0.6945965966986565,-0.6097705065461237,1.2034257367064952e-15,0.5976401775939374,4.842906067391017e-16
6.05,-0.021989039387399656,0.00886734786380191,9.789824390443416,-0.7848316649986844,-0.5637435053245652,0.3705632350676844,1.2029755055970929e-15,0.5989430236357316,4.8494802781963725e-16
6.0520000000000005,-0.011040874211804172,0.007645398871165411,9.827293159445851,0.13040804402957523,0.39814351143848015,0.5991350892490418,1.2024108924424806e-15,0.6002387553996901,4.855606520757258e-16
6.054,-0.01276884847474664,0.013938593489087511,9.8384137991532,0.17515728853167692,0.43651560831013014,0.7084047401196457,1.2016840116163649e-15,0.6015273359948694,4.861492460055727e-16
6.056,-0.01829128057540775,0.008700634921981863,9.804310568748502,-0.3091555274094708,-0.1747622831445501,0.6463460456379319,1.200834139567355e-15,0.602808728733932,4.867083478054438e-16
6.058,0.01706618969928011,-0.0010826191761363312,9.849631558881713,-0.24830719391841088,1.2114979952625862,0.04693271076784427,1.1998849200958434e-15,0.6040828971341823,4.872270668194144e-16
6.0600000000000005,0.018079009114358648,0.015011720201448553,9.789681049752744,0.8952267427592278,-0.3977048302022521,-0.2822535329459907,1.1988198040843864e-15,0.6053498049186122,4.877372591696844e-16
6.062,-0.04757549198893613,-0.010159714096456019,9.794334191113757,0.5143189542212551,0.42204922551398416,0.11436829207172146,1.1975832324447701e-15,0.6066094160169311,4.88237964576044e-16
6.064,-0.01653264636969316,0.040773362735374255,9.793617575916924,-0.8033644095617628,0.9009783196899326,-0.20722114673219308,1.1961913294155144e-15,0.6078616945665886,4.886965822278847e-16
6.066,-0.0061941620397399,0.024987589342781807,9.817928246561886,-0.5123508641896701,0.35883901382851985,-0.6609586863171886,1.1946191625280296e-15,0.609106604913805,4.891609299059758e-16
6.0680000000000005,-0.015498370985456516,0.0072605849042252976,9.822739333168832,-0.2817111077856594,1.000839018341445,0.26502597942107536,1.1929458099348864e-15,0.6103441116145797,4.896209107777145e-16
6.07,-0.0025471678892639137,0.028961116626218135,9.853200206923075,0.20224721045324903,0.4703003605295985,0.03239213216362184,1.191171077858563e-15,0.6115741794356985,4.900762730304315e-16
6.072,-0.004567213185895226,0.03226953626895204,9.748768391187523,-0.09449269587946942,0.4398195566693015,-0.3501769517450916,1.1892550414822277e-15,0.6127967733557436,4.905315439077105e-16
6.074,-0.006423962507759457,0.03374348509635084,9.814072663912151,-0.1963280506848113,0.7817410745350278,0.33618368412887223,1.1871659845135044e-15,0.6140118585660855,4.909750557478615e-16
6.0760000000000005,0.002046319979157508,0.062416286558110386,9.751781468704369,-0.2766381400898866,1.0737659478036607,0.14269843904494037,1.1849359541822605e-15,0.6152194004718775,4.913799097860143e-16
6.078,-0.006602435392978897,-0.025795610007914492,9.833531167675147,0.3465180272592178,0.12245596357997396,0.6944879122245949,1.1825397839753649e-15,0.6164193646930357,4.917939861872864e-16
6.08,-0.017494078787471667,-0.0018470964238235475,9.757307206249239,-0.5896066112999843,0.1772632084219833,-0.6823586748785374,1.1800966505516366e-15,0.6176117170652244,4.92202939745214e-16
6.082,-0.027121562772772112,-0.00590522281239332,9.803453714411678,0.8499971122566563,1.1656897355887126,0.41802357194103495,1.1776305264024244e-15,0.6187964236408232,4.925963013454743e-16
6.0840000000000005,-0.012077501318285498,0.01123154388714921,9.78994415890251,0.05025531546415777,0.4557545842152738,-0.04545241647206161,1.1751654337238638e-15,0.6199734506898951,4.929636578669606e-16
6.086,-0.030362736519163616,-0.0015824013631614757,9.865774652671904,-0.9644779668983521,1.2854034967960972,0.13959161998318345,1.1726688345856952e-15,0.6211427647011498,4.93331393840982e-16
6.088,0.02011425256460566,0.017935777384442544,9.816087130269366,0.20856070539048305,0.5187007934654129,0.6827757929207208,1.1701322569654605e-15,0.6223043323828943,4.937155263455255e-16
6.09,0.016246478184066118,0.051806919610440004,9.789720552331438,0.4101367002550048,0.5586606706211307,-0.2686111620228246,1.1675408587842678e-15,0.6234581206639811,4.94072259052938e-16
6.0920000000000005,0.01563980467833645,-0.05718683463367961,9.82385906604436,-0.4628196398308094,0.29747752118375936,0.07119534507047791,1.1649334122633224e-15,0.6246040966947526,4.944349168530892e-16
6.094,-0.010058283765097969,-0.0015528020289611686,9.808351614865343,0.9307938078849117,0.8114598660529486,0.05746997079928213,1.1623035691368177e-15,0.6257422278479715,4.947436057304605e-16
6.096,-0.006396079534484717,0.045373576792569176,9.859697192550943,-0.11222092748829052,0.5535586369407135,0.41262102124585415,1.1596501595163e-15,0.6268724817197558,4.95036209846191e-16
6.098,0.033880435471839165,-0.013556453567217795,9.811077182249438,0.4515185023570216,0.9781912832291026,0.38320852926164384,1.1569888823996702e-15,0.6279948261304954,4.95318504532158e-16
6.1000000000000005,-0.01796650595578913,0.1021991081358197,9.735894477076531,-0.17154014482419125,0.17303912771235924,0.4323460691936494,1.154295441872038e-15,0.6291092291257727,4.956007001772081e-16
6.102,-0.04550714258661795,0.06794231335830363,9.819435167964292,-0.3802772356685338,0.34934845484617016,0.2424303622709258,1.1515940073091317e-15,0.6302156589772716,4.9587251907697895e-16
6.104,-0.010955508141979292,-0.025376598839277766,9.81931860918604,0.4572561461589658,0.7799706878748767,0.13856348239777727,1.1488760373985789e-15,0.6313140841836771,4.961500247726623e-16
6.106,-0.011251408644925407,0.010964935549793709,9.753880880022333,-0.12533203347581215,0.4009122614050667,0.9107950887492373,1.1461742536075718e-15,0.6324044734715782,4.964069244116889e-16
6.1080000000000005,-0.022723038474392724,-0.007609289840811016,9.791645987263735,0.12200542626012964,0.9718313683931807,-0.14919654078770545,1.1434169508387253e-15,0.633486795796353,4.966356977508506e-16
6.11,-0.01830320970682122,-0.003850985633919825,9.760648649271577,0.2827040393179149,1.0969819884794032,0.37131143331745575,1.1406441342594122e-15,0.634561020343056,4.968319638640321e-16
6.112,-0.020606941506549833,0.028720395492939095,9.8241043936111,-0.4468554762636051,0.5194571731100287,0.5895367285108779,1.137839944516418e-15,0.6356271165272942,4.969897332975567e-16
6.114,-0.007342944140396564,-0.028210315233983176,9.85246030343379,-0.2131678827839283,0.3392531940623364,0.9228360609239229,1.135043160206208e-15,0.6366850539960976,4.971428313318833e-16
6.1160000000000005,0.015042705116855144,-0.028847084423438772,9.788272068408475,-0.3264565551004641,0.7768529014163723,-0.2683041037186458,1.132262311693013e-15,0.6377348026287832,4.972751977535837e-16
6.118,-0.04710900749809286,-0.02311537135898202,9.812403798854346,-0.9329569721472969,0.5889663030432648,0.2648289874953901,1.1294486140762197e-15,0.6387763325378145,4.974070789438683e-16
6.12,-0.02721792835737351,-0.028013158614458737,9.810163908044272,0.4898535383048727,-0.19692039644243575,0.4234122223267917,1.1266105760836544e-15,0.6398096140696488,4.975223407512283e-16
6.122,0.008168418764963143,-0.011758492623071116,9.765131321789172,0.04591717807775203,-0.06838657743345666,-0.2935150962508259,1.1237481316049686e-15,0.6408346178055867,4.976209324658055e-16
6.1240000000000006,0.011938030436851401,0.022057313062979787,9.821174541096017,0.750130900732142,0.4484605149210023,-0.8924083332042985,1.1208928517958596e-15,0.6418513145626034,4.977148245081743e-16
6.126,-0.0031589846521714628,0.003376997781085761,9.816416811766581,0.6992100571048259,0.34303571365434077,-0.4606025977709727,1.117997245415893e-15,0.6428596753941861,4.977859749883066e-16
6.128,-0.03710230665567555,0.009658186496748516,9.825848373529649,-0.8582260885327124,1.092939369150847,0.4227383470835622,1.1150756134181637e-15,0.6438596715911522,4.978785369468355e-16
6.13,-0.03855034689653891,0.05280831840478539,9.855979746704497,-0.9514897731544426,0.31759731446234407,-0.6058175690643155,1.112081871970949e-15,0.6448512746824708,4.97936145786584e-16
6.132000000000001,-0.0032038638114332127,0.0067091933675751106,9.810613369682173,-0.519318579966449,1.3125259885602603,0.45496882204559663,1.1090302546332416e-15,0.6458344564360721,4.980029345783356e-16
6.134,0.008083218687426287,0.014365206543379642,9.80494843592112,-0.7770801888133383,-0.12056845674358907,0.5075022389160564,1.1059625020339338e-15,0.6468091888596499,4.980366484962251e-16
6.136,-0.011554283048235943,-0.06911127486539294,9.789779083422017,0.4651031943765101,0.3316931375469011,-0.8264106167763747,1.1028540490270101e-15,0.6477754442014615,4.980472438114346e-16
6.138,0.02351608630346884,0.03974418997467698,9.790988501431283,-0.4313935660701525,0.4800103345212146,0.098928928478937,1.0996802904076434e-15,0.6487331949511143,4.980446316478934e-16
6.140000000000001,-0.03279470432929785,0.0029088434975566664,9.774718769233102,0.24778962426606005,0.42764567391190944,0.19645951517043497,1.096442685236576e-15,0.6496824138403519,4.979904283213134e-16
6.142,-0.003978203324237798,-0.027052288012907787,9.832521926472184,0.1734422783757878,0.07662028202895077,0.28392806192899817,1.093155403874972e-15,0.6506230738438288,4.97928899164105e-16
6.144,0.03177348008645444,0.0031153715842775647,9.834159530006394,-0.6717808599268765,0.0779456778706889,-0.6172608390670761,1.0897953917731064e-15,0.6515551481798805,4.978316275482314e-16
6.146,-0.06493552368126673,0.015991468050087436,9.747509140800986,0.34117885717644947,1.2204735746977091,0.6200016403548285,1.0863379597249555e-15,0.6524786103112861,4.977084163263212e-16
6.148,0.007113385502564892,0.017126140839828677,9.775071418647943,0.12382659399019891,0.09270210009531527,0.466913665070669,1.0828075806891715e-15,0.6533934339460233,4.975491715460307e-16
6.15,0.008611664862150911,0.014356460387866928,9.84138879953172,0.948891096686266,0.44102681819302003,0.3027930329274083,1.079258834679254e-15,0.6542995930380185,4.973945166943775e-16
6.152,-0.012621985766505209,-0.010194290877890914,9.825333109593078,-0.15829446406612777,0.5168902603833571,-0.6684403815377294,1.0756528654499378e-15,0.6551970617878862,4.972098402911166e-16
6.154,0.004537854232380305,-0.028278443693601867,9.830794637884669,0.42009990111900275,0.5443189629072386,-0.033483134856018934,1.0720230106429493e-15,0.6560858146436632,4.969690742681734e-16
6.156,-0.0017401181002237726,0.00861380135665202,9.809379004598245,-0.7000066137227301,0.39253572291861744,-0.030321179498566858,1.0683763091198942e-15,0.6569658263015411,4.966944457110009e-16
6.158,-0.0685338249428713,-0.013664791788897929,9.715675996616396,-0.27982404610462125,0.6331093060535788,0.056909185151954825,1.0646157846751054e-15,0.6578370717065805,4.963870354786223e-16
6.16,-0.03195013084919299,-0.029393551663615722,9.791578442114494,-0.08827370436698459,1.4315371320102943,-0.03517216862758353,1.0607818598072753e-15,0.6586995260534277,4.960430270644524e-16
6.162,-0.03608014500162363,0.06676321221107452,9.806464304818048,-0.2218208035352728,0.8330238096430568,0.23212178689667842,1.0569132607670265e-15,0.659553164787019,4.956970955264307e-16
6.164,-0.01335126765826755,-0.04385819177321066,9.83745036997509,0.4705960771099195,-0.24079526776570365,-0.6175166104385377,1.0529799586320483e-15,0.6603979636032831,4.952983237712098e-16
6.166,0.07541776679942415,-0.007927398189802145,9.833073935548281,0.8144878156667267,0.984436318234732,-0.4078865060275439,1.0490048077784129e-15,0.6612338984498296,4.948751999773377e-16
6.168,-0.04710715000332084,-0.012687757680624105,9.748770853363252,-0.32359580231402824,0.4026688839253971,-0.5385513769617641,1.0449789156277336e-15,0.6620609455266356,4.944437663672515e-16
6.17,0.025811437900049965,-0.022811317250720428,9.754956399945371,0.5649563950823026,0.44607894263030196,0.20443468489348787,1.0408793078952037e-15,0.6628790812867233,4.939753458685234e-16
6.172,0.000578597643259085,0.0020525219016758714,9.806469485573418,0.10374099487761018,0.5210994227365349,-0.3181639397208567,1.0367306634523013e-15,0.6636882824368296,4.934600450526116e-16
6.174,0.03263374575210584,0.025464168076323138,9.83843773010565,0.9420201430134059,0.7525128105155438,-0.32767652031468536,1.0324904203590116e-15,0.6644885259380683,4.929397500353083e-16
6.176,0.024756869393485634,-0.008556747233608799,9.792878030815,0.23761435222648916,-0.177759752598444,-0.1220030330334397,1.028215063126398e-15,0.6652797890065908,4.924172147567891e-16
6.178,-0.03122038754922934,0.034899532852086954,9.844620730935203,-0.20988122994174238,-0.39807189702201257,1.2828673756854492,1.023881655991787e-15,0.6660620491142291,4.918637198855285e-16
6.18,0.0026901319826835267,-0.04146920051050053,9.82140378824648,0.517032532323877,0.9586590630965374,0.05555011513799747,1.019520051828722e-15,0.6668352839891402,4.913303639322659e-16
6.182,-0.049728010292202994,0.026051383103835812,9.844610812038878,0.3813651149737114,0.4220063128774278,-0.036997984341224026,1.0150914289750605e-15,0.6675994716164395,4.9078208259469e-16
6.184,-0.009691481558094036,-0.0036796100288425436,9.850479129049862,-0.022738685191739515,-0.5873031398032054,-0.5909210977021632,1.0105639194440726e-15,0.6683545902388274,4.902061277409038e-16
6.186,0.006511296816225918,-0.020210877949314,9.7859193356109,0.4425233543951592,1.0180065573443926,0.9898952167258035,1.0059871132486737e-15,0.6691006183572091,4.895829458570809e-16
6.188,0.028757527185884063,0.02235317852005081,9.828101038855214,0.10607166559811068,-0.10843164707101938,-0.2105935433215028,1.0013271934580029e-15,0.6698375347313078,4.889382898656778e-16
6.19,-0.0022450399725577642,0.02356353682058776,9.792047698188911,-1.2559222797290803,0.27634029181218356,-0.21998083227121548,9.96617900052238e-16,0.6705653183802676,4.882463025377536e-16
6.192,0.010076416670414057,-0.01451656424733543,9.839417228125713,0.5013957801942222,0.5320181235421718,-0.14131855823858427,9.918681542190401e-16,0.6712839485832516,4.874908614904213e-16
6.194,0.006919067180809357,-0.008981126005941312,9.790430151013972,0.4225246241020849,-0.4489409998306795,-0.5132614554653886,9.87105775343919e-16,0.6719934048800305,4.867618502447704e-16
6.196,0.040521538714160435,-0.010617555010489646,9.802749234537323,-0.3369062677780259,-0.19600624768352015,0.37819244352248993,9.822919745933178e-16,0.672693667071568,4.860240458345933e-16
6.198,0.01329439048894535,-0.01486189919234811,9.733036680355298,0.1630228860469316,-0.054459536981509904,0.27113294452960607,9.774357042066e-16,0.6733847152205955,4.852613625325975e-16
6.2,0.0014657505155563919,-0.06276401955666136,9.813109014267692,-0.11547680736707915,0.5351802696499777,0.3678277050974431,9.724822236967014e-16,0.6740665296521755,4.844320202175158e-16
6.202,0.01980859678201218,-0.038177478426366596,9.798762922314854,-0.19234178774018793,0.03507324326337413,-0.38667891439285496,9.675568580460212e-16,0.6747390909542663,4.836259779368478e-16
6.204,0.03336296416142552,-0.024441222176427257,9.839511008988287,-0.05960508382269144,1.048153644249909,-0.4415453815823575,9.626208603097994e-16,0.6754023799782741,4.828079624653409e-16
6.206,-0.03427440548768382,-0.036864866781254536,9.816953426887336,-0.6046333404748092,0.816364718179494,0.06795166583803613,9.576832545560137e-16,0.6760563778395975,4.819619476390791e-16
6.208,-0.021723845448442965,-0.011376729286312353,9.829884975160022,-0.05607700546906089,0.32174651584382613,-0.10528219655663225,9.52678227333296e-16,0.676701065918163,4.811007813197412e-16
6.21,0.004583980938955391,0.038466045804469357,9.820560940354842,-0.22908881191420835,-0.4932004243386347,0.11543753027305106,9.476535723444978e-16,0.6773364258589593,4.802438514550364e-16
6.212,-0.008520556572792819,0.00024110507978818892,9.833175127874586,-0.027925614329884475,0.9330904024878605,0.15210528222572886,9.42586451166127e-16,0.6779624395725555,4.79362186383183e-16
6.214,0.04975531693305545,-0.02880626486866213,9.79520113167827,0.415031573810864,-0.16686813745565365,-0.043869069231575505,9.375246940293789e-16,0.6785790892356209,4.784752520996519e-16
6.216,0.014072985042706524,0.015727152153993687,9.839901667934832,0.6997687320035333,0.45417162218505147,0.22584877660513672,9.324045541793382e-16,0.6791863572914297,4.775571702238608e-16
6.218,0.019111574486516517,0.00026659724323817356,9.82736651972976,0.3738009393323044,0.6210442061028216,0.766752847058255,9.27314812821104e-16,0.6797842264503576,4.766243516704752e-16
6.22,-0.012302279162042337,-0.05319406613150614,9.75338906718119,-0.6536446232594566,-0.13091239839032165,0.21869747548532414,9.222055148815666e-16,0.6803726796903833,4.75696061230417e-16
6.222,0.026647940986819715,0.00735923458750232,9.821652237730206,-0.5885363616692371,0.5459211145247462,-0.21656776135144254,9.170857471993137e-16,0.6809517002575618,4.747562849734248e-16
6.224,0.0016344674542018512,-0.006014415523446759,9.851877680935479,0.7265187844468096,0.037912072025969495,0.5355695985180475,9.119486550998617e-16,0.6815212716665111,4.737824865603986e-16
6.226,0.01658300403221037,0.03798550186928995,9.806151835782392,1.326244238401527,1.176048462975941,0.29649975519991295,9.067670373836904e-16,0.6820813777008747,4.728229641346615e-16
6.228,0.024511924958327363,0.025388984002083417,9.839304326090351,0.49332476476169673,-0.5180677143047314,-0.0023311810076354703,9.015728240974414e-16,0.6826320024137892,4.718908454690415e-16
6.23,-0.01309043959284358,-0.02138048919673104,9.801018271647232,0.023149449448504816,-0.2999518199269092,-0.03818680433170426,8.96359178389059e-16,0.6831731301283323,4.709635991817042e-16
6.232,-0.03536735433994456,-0.004431851121299722,9.810577113693187,-0.5758439979514933,0.01599012614997991,-0.06260700960741443,8.91167151702859e-16,0.6837047454379728,4.700383216431416e-16
6.234,-0.04065852351060086,-0.0290899537066375,9.785557107156832,-0.1480058951601252,-0.1175044782433704,0.011689900872432732,8.860059031610407e-16,0.6842268332070098,4.690990467449898e-16
6.236,0.03845747183938266,0.014307868129994416,9.827340978885658,0.033759529178772514,0.6061873743648025,-0.1611113047079806,8.80850423489733e-16,0.6847393785710018,4.681554081061024e-16
6.238,0.003270059099952786,-0.01658383813955198,9.820961149416854,0.3368220905219194,0.335911494997864,0.08019492402261044,8.757897185831236e-16,0.6852423669371891,4.67224282486593e-16
6.24,0.001533681081083484,-0.037165831771047486,9.847043390586864,0.8071153105435029,0.570206770082301,0.9376650002823375,8.707668642000554e-16,0.6857357839849126,4.663022093783021e-16
6.242,-0.015288540122616927,0.0028547694040761623,9.8259238976211,1.0066287536970688,0.07564389791043197,-0.8939615737272288,8.657659575094869e-16,0.6862196156660183,4.653827372887665e-16
6.244,0.057388687261951905,0.01074118598660774,9.785464629400463,-0.0686118446743521,-0.2802656802377378,0.7216026525496247,8.608190072290735e-16,0.6866938482052601,4.644791649906743e-16
6.246,-0.018503869756674583,0.02295973641612915,9.856814743444618,0.6935042092377203,0.15211651515410535,0.6446951540923618,8.558530538278919e-16,0.6871584681006885,4.63581333131019e-16
6.248,-0.0042737693928985385,0.0133624655655893,9.814420357535237,-0.8462388894607343,-0.11721233238506559,-0.14504011729768093,8.50941185174958e-16,0.6876134621240376,4.626996543179206e-16
6.25,-0.03276077609892189,-0.02402844297181386,9.789042147758433,0.26652836562813526,-0.12052823362686477,-0.24617844711567843,8.460378510087543e-16,0.6880588173211029,4.617756688737168e-16
6.252,-0.02162769067431776,0.014404874707326976,9.833896673388981,0.010983127037774867,0.4330188576635473,-0.3336925756574143,8.411499338475204e-16,0.6884945210121047,4.608321531384777e-16
6.254,0.0012314408084063205,-0.019487226855681654,9.817755064675122,-0.30732357846309477,-0.26202015161878817,0.6521489822347422,8.362591815061734e-16,0.688920560792057,4.599013688908996e-16
6.256,0.010823524591726778,-0.03826716518884304,9.806452971893396,-0.29000825369889205,1.2354224255540358,-0.012159702429494153,8.31388453270591e-16,0.6893369245311127,4.590127517583179e-16
6.258,-0.014732676331089769,0.028845434424647338,9.807575430549317,0.9315050694320148,0.2767754130381877,1.0563899512657278,8.265493181815682e-16,0.6897436003749158,4.581115489761425e-16
6.26,0.004948572429264308,0.023749839304471883,9.823528738572879,-0.4910905389633711,0.2632896600251385,0.4087147836743067,8.217646491192248e-16,0.6901405767449339,4.572272324405161e-16
6.2620000000000005,0.012125978874583108,-0.040697937252521764,9.78227798555475,-0.6890366875939924,0.37806904835148714,-0.23644343266009368,8.170345249120226e-16,0.6905278423387897,4.563599445325837e-16
6.264,0.007439837161800664,0.012495506208136147,9.823311184713516,-1.055243337927014,0.9333430005370676,0.0596545124810842,8.123110518034998e-16,0.690905386130585,4.554898787234475e-16
6.266,-0.03250505315393913,-0.008813615075750477,9.789578170665965,0.07740094642180004,-0.19788156197905105,0.21276025581952085,8.075942839551897e-16,0.6912731973712087,4.546171295680079e-16
6.268,-0.007405127222019083,0.008842086753958131,9.826852237686401,0.6180472738281886,0.6591611278468458,-0.25801299446473197,8.029482498091929e-16,0.6916312655886505,4.537684272294855e-16
6.2700000000000005,0.04724474595033479,0.03174526036810827,9.864111077890557,-0.5347900658101701,0.7471977705833157,-0.30844266243579704,7.982862553915752e-16,0.6919795805882932,4.528878578224491e-16
6.272,-0.03419380568270303,0.013541774826347271,9.79486957703547,-0.19030841533488985,-0.5526652830884519,0.1360002115279543,7.936747206046837e-16,0.6923181324532056,4.519633259135294e-16
6.274,0.0478896079767474,0.010194885834474367,9.771692987981616,0.7779308771168684,0.18399594016656762,-0.40176675897723596,7.89086125479293e-16,0.6926469115444236,4.510431875312491e-16
6.276,-0.013690729371756062,0.007215579121639215,9.810948658920163,-0.22335996484458115,-0.004734300220293003,-0.09198927759437023,7.8451373649519485e-16,0.6929659085012266,4.501047900882417e-16
6.2780000000000005,-0.04174163273801723,0.011685082418233282,9.794620944868749,0.48349089798676353,-0.158139822903903,-0.3474453177661216,7.800400229929121e-16,0.6932751142413993,4.491427861968933e-16
6.28,-0.004202823203273327,0.0680500357067407,9.77886708936433,0.03271714650395113,-0.2679937704509866,-0.4852359820907026,7.756398678043712e-16,0.6935745199614977,4.4816671521242855e-16
6.282,0.010440882622810918,-0.003448280254638478,9.836024370853146,-0.10371370763917147,-0.5411044431643737,0.33161955107815044,7.712881389886005e-16,0.6938641171370955,4.471860985922248e-16
6.284,-0.00041563886539692715,-0.006558093804971707,9.831989176666877,0.6134476316006066,-0.21606827058734432,0.11950902444012373,7.67016915137987e-16,0.6941438975230223,4.462144370008049e-16
6.2860000000000005,0.006405104601670286,0.006269579899294848,9.835944076538423,-0.9146645319791029,-0.6538107063290218,0.15255904332366974,7.627370405127119e-16,0.6944138531536085,4.452344650833121e-16
6.288,0.024077668950181205,-0.004670143505637711,9.815290126558883,0.8978484618173883,-0.46619273799664374,0.2643139675605506,7.58505803744786e-16,0.6946739763429032,4.442502807209367e-16
6.29,-0.01216245195663308,0.07894400200484121,9.791794605452553,0.2594152935088369,0.49445677011556577,-0.5160391363118044,7.543140517408276e-16,0.6949242596848978,4.4327807793417053e-16
6.292,-0.06598211196526975,0.032048771713082444,9.809073517916923,0.6950029074474793,-0.3115490329244057,-0.3582678342922061,7.501870868798057e-16,0.6951646960537357,4.42308590443511e-16
6.2940000000000005,-0.018890434311922798,-0.0069538892841154165,9.821296015066244,0.045834191704924795,-0.6414787247587068,0.007567149535123287,7.46060952401814e-16,0.6953952786039146,4.413150953258015e-16
6.296,-0.05026593707138034,-0.05086741342176478,9.8012310866753,0.0791944498179855,0.09554293285165237,-1.0323728200943685,7.419196948993517e-16,0.6956160007704817,4.402909592204952e-16
6.298,0.037726852730034566,0.04670674354595637,9.839430471981652,-0.429009503582262,-1.069692122964257,0.7760610339616738,7.3781139499163255e-16,0.6958268562692211,4.39256402179302e-16
6.3,-0.05441207731892275,0.016191761342242598,9.783756817881132,-0.36310684972853313,1.05091983164221,-0.24079907775002965,7.337225728409667e-16,0.6960278390968322,4.3816591869673796e-16
6.3020000000000005,-0.007647929980115251,0.07674808921123427,9.794424637846857,-0.47298017607204634,-0.11368092636100108,-0.6444723166032211,7.296415826435674e-16,0.696218943531101,4.370745606809248e-16
6.304,-0.009371395813937077,0.014110599503494728,9.798744810478222,-0.1552813500503986,-0.5179563125506493,0.4061344518885894,7.255752554258358e-16,0.6964001641310623,4.360052253791562e-16
6.306,-0.04918583191636982,-0.054003337878405215,9.813142955021812,-0.2735678163603154,0.4030903685767733,-0.42916850910049836,7.21535373754472e-16,0.6965714957371557,4.349030351066906e-16
6.308,0.02619065287469831,0.0052849161104070045,9.899950949141852,-0.19524024578989665,0.9538700726508071,-0.6492503841635804,7.175127567529427e-16,0.6967329334713708,4.337841624836735e-16
6.3100000000000005,-0.043876319563627336,0.021534250207115115,9.81631620324666,0.14409362557969083,0.11869682393546908,-0.8431058458822555,7.134822069481642e-16,0.6968844727373892,4.326580499599058e-16
6.312,0.029147842437838592,0.024623189465206637,9.821321212871977,-0.32348805375699713,-0.30906195801292813,0.11620350103742015,7.094210053265686e-16,0.6970261092207113,4.3149523415628972e-16
6.314,0.02075246564364261,0.007560722874760351,9.80431475086883,0.408883641762536,0.14731083739476492,-0.0019240610217688284,7.054025176531955e-16,0.6971578388887824,4.303066432119994e-16
6.316,-0.03188130657712356,-0.06799556897174963,9.805582596668486,-0.5519361380504842,-1.1772465512756904,-0.15814624499709715,7.013922937004382e-16,0.6972796579911056,4.2911780345452683e-16
6.3180000000000005,0.02106727719574869,0.02452108041957371,9.844388867010155,-0.00781490875265658,-0.21152296891007988,0.601246073191444,6.973516062790437e-16,0.6973915630593502,4.2789251094304094e-16
6.32,0.01939188356291281,-0.08854964997897109,9.807667460550471,0.11417557531150697,-0.3451135702548358,0.3046995135666115,6.932965313024167e-16,0.6974935509074489,4.2663758318457513e-16
6.322,-0.023193504535664194,-0.030615015322871933,9.80834417643207,-0.3159301564185256,-0.7857625624260474,0.006441828213237664,6.892591648053544e-16,0.6975856186316891,4.2536658505856126e-16
6.324,0.011607545560931274,0.04783647786112329,9.807060740909945,0.20666033179359172,0.17413367587646536,-1.4133445311817363,6.852395754201615e-16,0.6976677636107961,4.2407960948385073e-16
6.3260000000000005,-0.0007111108467055472,-0.029420188622737847,9.75501467419655,-0.14642074409075867,-0.3197731860432024,-0.6778610992120062,6.811965404379121e-16,0.6977399835060071,4.2277934791210045e-16
6.328,0.06294593347052695,0.05982821937838112,9.816265018990968,-0.39346127445011786,1.26665068193216,-0.09745855902639444,6.771874353978497e-16,0.6978022762611374,4.214700343541896e-16
6.33,0.004722661722127531,-0.025253551678738734,9.834564212998517,0.6122993542526443,-0.15861025532690676,-0.4643663278234863,6.732030711087818e-16,0.6978546401026409,4.2016784733555053e-16
6.332,-0.02043643468684227,0.014695606521790423,9.799943206684272,0.3407331339129284,-0.4116252217859536,-0.14444207701878714,6.692392661001708e-16,0.697897073539657,4.1881114410192583e-16
6.3340000000000005,-0.014861967669237695,-0.0037504242928768656,9.760812993374346,-1.3049756780718686,0.5287814415098397,-0.4325224904781403,6.65268306737539e-16,0.6979295753640575,4.174482645115577e-16
6.336,-0.06145952000388443,0.0010851347781471454,9.804317721899555,0.6372337766372049,-0.18403411834236066,0.3556581541532609,6.613248033906338e-16,0.6979521446504764,4.1605387971603726e-16
6.338,-0.017222282636066785,0.0360319480797879,9.86126754207632,-0.8630390120430391,-0.21646380769600734,-0.20830645670796993,6.573928104523138e-16,0.6979647807563416,4.1462133743613424e-16
6.34,0.00983648112057629,-0.015578036471578193,9.791987836619588,-0.4664412180259366,-0.6143828168744578,0.5890300202136941,6.534243487156392e-16,0.6979674833218874,4.1313049447199743e-16
6.3420000000000005,0.02669979262370998,0.023412149243521113,9.863334855741043,-0.0346470106432278,0.1955762326827737,0.5356928389389309,6.495341179421095e-16,0.6979602522701691,4.115897507340625e-16
6.344,-0.0005505707990751612,-0.022398015890509788,9.744967651705007,0.7266992547165219,-0.372083076940142,0.45836354806876994,6.455915491403853e-16,0.6979430878070627,4.0998415031059855e-16
6.346,-0.019658453693445453,-0.03689576999944723,9.788222562971075,0.37087178189570014,1.2816330651220778,0.26124550922894196,6.416355071670126e-16,0.6979159904212612,4.0835010914603075e-16
6.348,-0.0005276453510272902,-0.025717080178178472,9.754947641666538,0.1752074135126614,0.1832493661514651,-0.1356951138847818,6.37622266910057e-16,0.6978789608842578,4.067292301804465e-16
6.3500000000000005,0.015943115937728906,0.044002194811819294,9.794627049348563,-0.11742240762325448,-0.5565971677629138,0.35677858816340063,6.335519082698054e-16,0.6978320002503268,4.051216148600437e-16
6.352,-0.01937120934926878,0.007320034514054089,9.790518346913464,-0.23441653558597125,-0.24576844675102716,-0.29818990811763296,6.294455418093021e-16,0.6977751098564904,4.034562924706239e-16
6.354,-0.003928715030565352,-0.025451708129221144,9.778915544382453,0.022069664940473917,0.21011974627255658,0.08905567338915653,6.252914844635536e-16,0.6977082913224879,4.0178836197150517e-16
6.356,-0.07397590492931133,-0.10110852807850304,9.834047379408767,0.3467499216440401,-0.7194234441849656,0.4856000733152668,6.211150962410405e-16,0.6976315465507172,4.001085893489639e-16
6.3580000000000005,0.011794729440052686,-0.030999093797645705,9.813251439397444,-0.31197848423411395,0.58452938035933,-0.8566447343520961,6.169417350139692e-16,0.6975448777261911,3.9840773808128637e-16
6.36,-0.01264933095924822,0.035605088095457205,9.833687363925085,-0.4338159997183607,0.5000594463434116,-0.3420018969459482,6.127209381361052e-16,0.697448287316475,3.9670460158454396e-16
6.362,-0.010946902202714817,-0.009283758887269152,9.819424688743396,-0.14982035295232576,-0.09210562475032534,0.09461700088017015,6.0851009284801465e-16,0.6973417780716059,3.950034204214299e-16
6.364,-0.035717551503208045,0.008951341771999606,9.825139912162568,0.7278970572759302,0.01634834264731054,0.31435389706172984,6.043573201806048e-16,0.6972253530240275,3.9332450133383173e-16
6.3660000000000005,-0.015240585740846517,0.0001959967194035189,9.836325555556177,-0.5412518202703548,0.059794354588111595,-0.11816069219177891,6.002331657006586e-16,0.6970990154884954,3.916155637059959e-16
6.368,-0.0346686453176631,0.009802896845435677,9.810991590156508,-0.20248492105027388,-0.5771096285809674,-0.11845669341525188,5.960871773615913e-16,0.6969627690619867,3.898954094519656e-16
6.37,-0.0018559020459800969,-0.0032942793835989666,9.793463248192708,-0.14490236276532006,-0.8147222493102845,0.3331172335959162,5.919262016914226e-16,0.6968166176235944,3.881869615510775e-16
6.372,0.021935928774331877,-0.024526460958090704,9.796288142392026,-0.10496615095985343,-0.7482336835800808,1.0680780165768826,5.877620662666077e-16,0.69666056533442,3.864353493003183e-16
6.3740000000000006,-0.05310234339869033,0.05185630165244165,9.802329224499607,0.04794619436692745,0.4740297510024677,-0.14730605080646172,5.835443403500406e-16,0.6964946166374535,3.846594006821074e-16
6.376,-0.006085672696106474,-0.04735492793273151,9.830997842070074,0.07563174557729042,0.02731274510859545,-0.2961774536889938,5.793211487646333e-16,0.6963187762574455,3.8287941192274174e-16
6.378,0.02943088314904463,0.011131775841324286,9.837413928126583,0.03304893726659844,-0.2480499553399677,0.3314317514064561,5.75117832465811e-16,0.696133049200777,3.810861285636453e-16
6.38,-0.0017604056810795064,-0.023335656234655566,9.835572619053485,0.3992722936253048,0.2277730107107482,0.4348920516498927,5.709597241340301e-16,0.6959374407553126,3.7927028623007367e-16
6.382000000000001,-0.026142281434784004,-0.03977317625986614,9.823517854655439,-0.34792518626481794,-0.35834016726052303,0.4134047638627619,5.667551506993794e-16,0.6957319564902508,3.774533661737988e-16
6.384,-0.008425626276785007,0.005335938803878772,9.778898887947697,-0.14397847074903178,-0.6944199031917684,-0.4732887557852176,5.624906788554737e-16,0.6955166022559678,3.755899037806167e-16
6.386,0.011337932511495607,-8.496506139253388e-05,9.821883399029474,0.5788693901053845,-0.34090290114984617,-0.06774041379521177,5.582051919958816e-16,0.6952913841838483,3.7371625350985183e-16
6.388,-0.025374359641222772,0.0029325172301131615,9.76002747078638,0.320788440438108,-0.3860360443124978,-1.3741119075885961,5.539080200931384e-16,0.6950563086861116,3.7181645259667884e-16
6.390000000000001,-0.02218533132667744,-0.04137930333076648,9.801802413325971,0.41165779735319474,0.42580558530150314,0.3965124776363695,5.496380325941952e-16,0.6948113824556296,3.6992681201948324e-16
6.392,-0.0024713571413913066,0.05272938173035606,9.800372107062158,0.16783639668816858,-0.4621898807849114,0.15012579124180025,5.453885379653318e-16,0.6945566124657364,3.6802464159108375e-16
6.394,-0.00543157808747748,-0.00769605274093015,9.75511430248855,0.7736048193481734,0.19119958733916417,-0.35581013616879426,5.411756196239117e-16,0.6942920059700289,3.661167375371224e-16
6.396,-0.02006944158772697,-0.006753923276987499,9.813234664550905,-0.9744675394388845,-0.6889829995261577,-0.08122100489564853,5.369421349454054e-16,0.6940175705021612,3.641991974893208e-16
6.398000000000001,-0.025077936134951982,0.033756932145563634,9.800266465372447,0.16276568913406167,0.0037127193750395027,0.1273654345196648,5.327201763485836e-16,0.693733313875629,3.6228551851063967e-16
6.4,-0.014455950482965742,0.03499066692313505,9.795559921783365,-0.45310679047778296,-0.048280629318254456,0.03536057286502452,5.285258252247876e-16,0.6934392441835471,3.6038248343443236e-16
6.402,-0.021960643939201857,0.01132137700655507,9.816599949775858,-0.48906111001175256,0.10960207073526301,0.16830699403440258,5.243019605666156e-16,0.6931353697984217,3.5848622278518995e-16
6.404,-0.005441905619452634,-0.021215254853464406,9.774385788390028,0.018814974174982617,-0.06918650406922498,0.2521107213313256,5.200578936452435e-16,0.6928216993719075,3.5658077595755534e-16
6.406,-0.010101322202383111,-0.002694958037222126,9.800232403893308,-0.0356983551126732,-0.08856003951062823,0.4081732930459196,5.158324918972875e-16,0.692498241834566,3.547023616239158e-16
6.408,0.003269094222124707,0.016119435513382196,9.828960044048063,0.7610650635241795,0.3071942933066612,0.4138979539206468,5.115298902440803e-16,0.6921650063956073,3.5281106548017723e-16
6.41,0.0017091475517468562,0.01275635563794315,9.817642256752778,0.15441446714951948,0.3006149984756209,0.3144039485957007,5.072233700536571e-16,0.6918220025426305,3.5091761605573504e-16
6.412,0.005190602664563463,0.0058410099925580465,9.848104614900333,0.07914544298722316,0.30690795221641964,0.2050953541189662,5.029449991161724e-16,0.6914692400413521,3.490354389074785e-16
6.414,0.05300844311507216,0.061593306308201964,9.792823796365633,-0.3625303050353776,0.03802575770931638,0.08334515088230482,4.986880603360217e-16,0.6911067289353308,3.4714188221352956e-16
6.416,0.015084681989256197,-0.010818982133064765,9.824167732310977,-0.03880521802858663,0.6117408265326878,0.1320964685200257,4.944342565599092e-16,0.6907344795456751,3.452692079628258e-16
6.418,-0.009620684419919246,-0.06183605065230548,9.802143464386354,-0.5169699627402546,0.35351551389689007,0.3005491009712665,4.9015409419971485e-16,0.6903525024707583,3.433654202878365e-16
6.42,-0.023276540775638104,-0.04441683766491132,9.745939834894678,-0.04725283377837951,0.5807935252587009,-0.21262933704869463,4.859184049741921e-16,0.6899608085859085,3.414799263537307e-16
6.422,-0.06140826809437274,-0.015491521113000657,9.804789002856701,0.10694056464613917,0.0903063404650514,-0.6225345650909747,4.816313757037783e-16,0.6895594090431052,3.3957300260112917e-16
6.424,0.03751090071432715,-0.01672809376350529,9.788712775484807,0.37052456525301386,-0.3896092807496039,0.1828267841086782,4.7732508001048e-16,0.6891483152706568,3.376580588323717e-16
6.426,-0.06757783036242307,-0.0042799582340299,9.822540763303802,-0.14103180271657065,-0.22867297887053806,0.2051595612878652,4.730087859965301e-16,0.6887275389728784,3.3571913988880884e-16
6.428,-0.0013401389259806865,0.010145385469561676,9.819309760159225,-0.03456345143551198,-0.6540641440689293,0.2738145790436805,4.686825912394822e-16,0.6882970921297598,3.337563744713794e-16
6.43,0.018811754877941227,0.05925554816821974,9.810064360643304,-0.21372550372247737,0.31630647965745706,-0.12483084300985338,4.643191195479121e-16,0.6878569869966182,3.3181813974906204e-16
6.432,0.05488539039220641,0.011767612804140869,9.823028452378944,0.29884550880032107,-0.29939334771875464,0.25853808702792036,4.59955093372111e-16,0.6874072361037582,3.2984023345364484e-16
6.434,0.023889339924105787,0.0055843591916285035,9.768955886554043,-0.7319334216075571,0.5693894349867212,-0.13614698075513612,4.556385144204822e-16,0.6869478522561064,3.278425745719692e-16
6.436,0.009715578477034765,-0.0213776133088726,9.777709108098513,-0.33912918122006985,-0.08104983004111216,-0.17416088703342486,4.512713257445625e-16,0.6864788485328521,3.2582445637466287e-16
6.438,0.006566763721712936,-0.010295135049797939,9.829873300369659,0.06905149740964485,-0.5562125722858112,0.7157681190783919,4.468970296155357e-16,0.6860002382870747,3.2374438212826883e-16
6.44,-0.020752022406976583,0.044344730675528195,9.778752501990084,0.00816268774130599,0.03479365200216966,0.06778841209639508,4.4257727788104125e-16,0.6855120351453589,3.2166755278716303e-16
6.442,0.007003587618784895,0.020924138969585504,9.794095309094692,0.3879106915562577,0.1478718653704578,0.4281258655909192,4.383052948634826e-16,0.6850142530074143,3.1957137024521547e-16
6.444,-0.0010152643492562455,-0.050737330332024454,9.849083038726478,0.10787312356562351,0.3604785563979089,0.18864331382700225,4.339990633203121e-16,0.6845069060456729,3.174618196522452e-16
6.446,-0.006692821424214425,-0.014458118279416652,9.820712717503712,-0.665156857956586,-0.22621120051153948,0.038264203505314884,4.2962678346328553e-16,0.6839900087048886,3.153259395321284e-16
6.448,-0.01855040406843697,0.002853536083761398,9.79422685585865,-0.3713240116200996,0.3375224915418238,0.3345180237204871,4.252205021492388e-16,0.6834635757017257,3.1317702191764453e-16
6.45,0.006578627675830291,-0.05184409910059144,9.820953017303385,0.1649312666644468,0.3492634305433428,0.32041078289179403,4.208281936788047e-16,0.6829276220243404,3.1103484704191125e-16
6.452,0.03656317236812668,0.002977826255408496,9.806030778439313,-0.3918884166321896,0.2947686761436431,-0.0898590402668966,4.164590392481478e-16,0.682382162931952,3.0888342332780596e-16
6.454,0.001267278087945709,-0.03423737147791042,9.781826789114593,0.2869726950858355,-0.4084571795736093,0.5312839465523673,4.121609608557562e-16,0.6818272139544114,3.067424236257506e-16
6.456,0.0038324724630731956,-0.06597965542786988,9.807449081573772,-0.07627457943912443,-0.17412312144360864,0.008180003578500336,4.078770742674132e-16,0.6812627908917551,3.0460839430589714e-16
6.458,0.01158713293935185,-0.011401582390584242,9.854327073782386,-0.5120896510739333,-0.3189436507807166,0.7685236903441399,4.0364621017757126e-16,0.6806889098137601,3.0251704145694003e-16
6.46,-0.015731769610805205,0.021456483903590316,9.771667513994176,-0.530903165551237,-0.6767388508458803,-0.15019270367486964,3.9946375509238414e-16,0.6801055870594827,3.004071253326611e-16
6.462,0.03831932852804104,-0.0331851659916928,9.816640277057699,-0.6668239249522475,-1.331323847782327,-0.6702616460807089,3.9525474326283954e-16,0.6795128392367945,2.983074659821109e-16
6.464,-0.018562985990609532,0.026223592525979934,9.795477521832527,-0.2111431623029282,0.12583271481783465,-0.6831755908397273,3.910761527641125e-16,0.6789106832219093,2.962215752872886e-16
6.466,0.007363592903438084,-0.02183486641818376,9.826699511441127,0.36240691997033736,-0.9460446481100656,-0.27611226531923655,3.869302211277322e-16,0.6782991361589037,2.9411086602489327e-16
6.468,0.011481865544267743,0.01791817021232168,9.768198964983762,0.3711001196021869,-0.4063692084072358,-0.7588104346192439,3.8278987001279722e-16,0.6776782154592259,2.920236680127205e-16
6.47,-0.05627574770136108,-0.02342243131898808,9.773719938113018,-0.41780262255253797,-1.235212743985151,-0.8073439708410605,3.786551791946581e-16,0.6770479388012067,2.8996006004428845e-16
6.472,0.03969972267140247,0.005684411287482495,9.81580023422573,-0.17240875615026774,0.7972251822667435,0.3702605589072598,3.745602219788397e-16,0.6764083241295459,2.8789441030562515e-16
6.474,-0.054296146099082766,-0.08587070765395055,9.81194354000808,-0.05495336144233125,-0.4832209101730448,0.07235647503583464,3.7052097660777236e-16,0.6757593896548125,2.8583321882406917e-16
6.476,-0.02954904607885323,0.020529437394100555,9.827050570159862,0.09194483039032432,-0.6634926964338363,0.6713125724404662,3.6657144271463736e-16,0.6751011538529166,2.837507847814973e-16
6.478,0.06133487070746111,-0.025559031812670538,9.796379576445108,-0.16747887706582348,-1.0016836684327475,-0.034955970109895367,3.62636838105162e-16,0.6744336354645903,2.816760668890669e-16
6.48,0.023251657140297137,0.003017283070054486,9.790978332714316,0.3011051060941158,-0.46034163558122104,0.3089043756454431,3.5880582142077677e-16,0.6737568534948504,2.796251574154523e-16
6.482,0.013006225243562123,-0.048288187860650006,9.794721474866362,-0.03801498612533535,-0.0005339757770929099,-0.11515296639137068,3.5503064239964783e-16,0.6730708272124589,2.7757876166268483e-16
6.484,0.025946756925176163,0.017760320935309173,9.844334087348066,-0.01011124396077889,0.020855891483165634,0.3096751628145737,3.5129335489950624e-16,0.672375576149373,2.755690603751983e-16
6.486,-0.0018441282028859255,0.039146708017326545,9.819008753863834,0.5674491821017388,-0.494838915608651,-0.18687631603587393,3.4754627470670406e-16,0.6716711201001897,2.7357688598269593e-16
6.488,0.047773553494138525,-0.013683132102191917,9.851149938876045,0.6023953141777155,-0.8458790073474718,-0.07035321366600017,3.4385515280903223e-16,0.6709574791215852,2.715893164419429e-16
6.49,-0.028818430990060175,0.03836917600522603,9.861379529676707,0.5854522768651798,0.199979743598254,-0.3127815297578415,3.401951477609725e-16,0.670234673531736,2.696160696643145e-16
6.492,-0.0049907841275663905,0.02046713453493656,9.819429801087098,-0.13522620218130163,-1.0474145090235512,-0.4830659423106792,3.365842219936724e-16,0.66950272390975,2.676250153577437e-16
6.494,0.026361748773928134,-0.006190022045249945,9.816392614747162,-0.41008500449288243,-0.3060259438323063,0.583230460635983,3.3298861191371233e-16,0.6687616510950731,2.6564199815781893e-16
6.496,0.05167571271149721,0.030084691210366388,9.853511130473029,-0.12858792362898888,0.13245552407520872,0.27523131179966226,3.2943321418807953e-16,0.6680114761869009,2.6365734074704976e-16
6.498,0.003598826175251374,0.024532129981972725,9.7878432688979,-0.07493485239460965,-0.39132203527411513,-1.0020745446353223,3.259091338597308e-16,0.6672522205435738,2.616871562720885e-16
6.5,-0.0095480748098874,0.007023697421135342,9.793482840709537,-0.633402394380779,-0.6506804941656056,-0.34994248419173835,3.2239355851870243e-16,0.6664839057819729,2.597027397715277e-16
6.502,-0.005541473814376059,-0.02801092885747091,9.811417813354971,-0.31273955661838554,-0.41000384949321206,-0.12346012584723057,3.1895512979942063e-16,0.6657065537769006,2.577903163043921e-16
6.504,0.012645358043355507,0.020641088080402395,9.801883925474346,-0.359783490215416,-0.5538181410315691,-0.3988814165690271,3.155411401438574e-16,0.6649201866604615,2.5587001705321576e-16
6.506,-0.028649790795434112,0.016595421602155096,9.8417112416736,-0.30537973225194914,0.5654087468225006,-0.6351944052342856,3.121446538263557e-16,0.6641248268214295,2.5391951863287923e-16
6.508,0.005415897698946364,-0.06210676822201116,9.82904219918252,0.061528197899473495,-0.19348922856142625,0.13038366959455952,3.0878160478415397e-16,0.6633204969046118,2.51945189515356e-16
6.51,-0.02476564103672735,-0.03648105935076852,9.784486881855598,0.8844636005276062,-0.014849841981793066,0.7275583661450303,3.053530115456256e-16,0.6625072198102034,2.4998631720338837e-16
6.5120000000000005,0.02105513630749717,-0.0490114099439834,9.78556835739596,0.6574017083700382,-0.40178745247991005,-0.4526405175565301,3.019402370121014e-16,0.6616850186931347,2.480359616329946e-16
6.514,-0.028807587952645083,-0.02175411070158938,9.797290863425834,0.3263825224588747,0.03472874399569614,-0.7557132456606455,2.985414807547731e-16,0.6608539169624175,2.4613258961344213e-16
6.516,0.01574822744053412,0.013338674416545116,9.798025544783343,-1.3060948692110448,0.1271106740634711,-0.4216267279581562,2.951446013803112e-16,0.6600139382804675,2.4419316171727663e-16
6.518,-0.021031578244039957,0.04247288063242337,9.78219530902584,0.3217265491187377,0.5180240827347486,0.1196110386364296,2.917884152908219e-16,0.6591651065624399,2.422525656562973e-16
6.5200000000000005,-0.007772142525620423,0.006584710038712927,9.787800440041805,0.5649507318577585,-0.7435714422319349,-0.85585469258472,2.884412275850141e-16,0.6583074459755477,2.4029837764104757e-16
6.522,0.015008656900312129,0.018187404927889103,9.827666119962247,-0.10609854713605425,0.15215777293641708,-0.23089659224011663,2.8513481147990245e-16,0.6574409809383691,2.383430936199501e-16
6.524,0.0037132787486352445,0.034654043202180726,9.831334208638747,-0.020706850124229043,-0.2776748148784305,-0.2555155041558489,2.8186919113254924e-16,0.656565736120155,2.363867262062632e-16
6.526,-0.013236551819902376,0.04199404911581718,9.839995536821458,0.2552258135538778,-0.5151073530478323,-0.8114710154531698,2.786214902749882e-16,0.6556817364401283,2.3440083216433024e-16
6.5280000000000005,0.030882390642216234,0.04604252876122251,9.809126732070643,0.15894178589478966,-0.8790693080093136,0.5404931856640097,2.753512670928501e-16,0.6547890070667699,2.3238922224017723e-16
6.53,0.055891911694534,-0.016688273902688674,9.84149841490146,-0.48780724763423533,-0.6300094560074061,0.3566421117963316,2.721044256335342e-16,0.6538875734171075,2.3040885639099645e-16
6.532,0.006446835537531009,-0.0010762928039704512,9.842694499868948,-0.2471109784635394,0.07960488471573696,0.8570336985854526,2.6887563788372363e-16,0.6529774611559858,2.283991901511885e-16
6.534,-0.048256687005074454,-0.05128595480393789,9.732851700422428,-0.09962370981358684,-0.07415814923877317,0.36823276942578315,2.656561871867898e-16,0.6520586961953427,2.2637638160934355e-16
6.5360000000000005,-0.012719120940890854,-0.014502448937927402,9.812207593111976,0.1293762799761,-0.08951451556157236,0.06013836006528689,2.624865508876414e-16,0.6511313046934665,2.2433667828630817e-16
6.538,-0.004101521309154133,-0.04971263953501875,9.852450065174509,0.2628788173972932,0.5100770321324203,-0.8586629444470257,2.5932633182250243e-16,0.6501953130542519,2.222839353462579e-16
6.54,0.022380906920060478,0.025079331135980404,9.828632635500385,-0.5661620934946905,-0.48566908618595256,-0.025987227646891514,2.561581206142113e-16,0.6492507479264509,2.2025038975324907e-16
6.542,-0.0061051405280141986,0.035690342759540715,9.767124072519099,-0.1627501365740197,-0.9271858730333384,0.0014754183534512592,2.530310789483218e-16,0.64829763620291,2.1821613020758806e-16
6.5440000000000005,-0.0049546083872970565,-0.010131437402434705,9.828323125616938,0.22791761428053725,-0.4476616949877482,0.8137813699045183,2.4988904376222274e-16,0.6473360050198089,2.161789993757932e-16
6.546,0.0047984894007103655,0.01686630060215057,9.852920911952497,-0.5334487786547332,-0.5465573003484427,-0.019589798490937546,2.4674079018778656e-16,0.6463658817558839,2.1412301972183775e-16
6.548,0.010883895364615124,0.023692999797379502,9.84697240171184,-0.632877522229896,-1.4890130301526439,0.21145063170546877,2.4360220238117507e-16,0.6453872940316507,2.1205435234838236e-16
6.55,-0.002213182400711139,0.04732818442472998,9.859717035432183,0.16975456977399145,-0.8082002783879838,-0.8516455719701941,2.4041721355999445e-16,0.6444002697086182,2.0997102043269575e-16
6.5520000000000005,0.0245836957030673,0.004137998249094047,9.787298104430578,-0.5492154707897874,-0.9118521205957484,0.2635706770091395,2.3719308161453933e-16,0.6434048368884944,2.0789531410742227e-16
6.554,0.0004755954117930828,0.005404889025762227,9.80487268794103,-0.07442171506308691,-0.34572768765859324,1.1902525348292952,2.339701766346616e-16,0.6424010239123845,2.05823326688533e-16
6.556,0.024348599571439217,-0.004381045501206157,9.850917713178466,0.30791325920872226,-0.5054764769976835,0.05183193899403558,2.3076435893442467e-16,0.6413888593599898,2.0376113055391136e-16
6.558,-0.015480376673525165,-0.02075599261217979,9.810577076457477,-0.4413531356955023,0.06920009993002796,-0.6913100890994447,2.275598658174457e-16,0.640368372048786,2.017027627086048e-16
6.5600000000000005,0.04160430162333629,-0.06500151663019076,9.810992126970932,-0.15318084810121008,-0.7567144535809986,-0.06759212878837799,2.243725494981973e-16,0.6393395910332094,1.996542683477796e-16
6.562,-0.005440456581424353,-0.06905750666348882,9.778453198410103,0.5450710402714689,-0.9376604952266389,-0.006117644688199175,2.2119383928602423e-16,0.6383025456038262,1.9763175693351166e-16
6.564,0.03757973636613627,-0.07355828901589793,9.803351385972256,-0.22311741882947717,-0.8749231930625545,0.3129827349812796,2.1797780760421998e-16,0.6372572652865,1.955792749633406e-16
6.566,-0.0231589584824783,-0.04348953268341963,9.862335803889225,0.25048355512280374,0.014171913256199598,-0.25790603319692423,2.147791198094523e-16,0.6362037798415496,1.9353684592469759e-16
6.5680000000000005,-0.0486586843138806,-0.0010243504376903087,9.794758653994808,-0.873945850208779,-0.9011787162225837,-0.17041884874870125,2.115978095132883e-16,0.6351421192629048,1.915044945013342e-16
6.57,0.04114234334092642,0.022910108168681866,9.756651436821185,-0.45593539153253454,-0.6722562465047205,0.665389220874165,2.0839512655590824e-16,0.6340723137772483,1.894484202992796e-16
6.572,-0.012438238838897723,0.037300255817033015,9.789104105332347,0.3743615017318574,0.14558761442234014,-0.14630696158475873,2.0515405873571028e-16,0.6329943938431579,1.874009288822791e-16
6.574,-0.01298086739673732,-0.03901493766371922,9.828123360533587,0.5325099200642047,0.31465582667557535,0.15445401744817547,2.0188323857358543e-16,0.6319083901502383,1.8534607666370628e-16
6.5760000000000005,-0.002288172478167221,-0.007458284233475986,9.827811160529759,0.0423081252189393,-0.9288412773997442,0.8489353000677944,1.98590004300778e-16,0.630814333618248,1.833059596820077e-16
6.578,0.007659252118616332,-0.09630351118571748,9.811436499506481,-0.08904630366784354,-0.12642364049068422,-0.2773776826017138,1.9529871010873496e-16,0.6297122553962188,1.8127045496947781e-16
6.58,-0.010105950607815764,-0.03605271941376666,9.735442876892066,-0.2630824678766594,-0.09319713517486383,-0.14296466741221936,1.9202516834910603e-16,0.6286021868615687,1.7924546917070542e-16
6.582,-0.03951073748343481,0.019565946255387257,9.84928607721051,-0.0356542646016639,0.10266489387301636,0.35369587443057104,1.887694075364572e-16,0.6274841596192079,1.7723102156254552e-16
6.5840000000000005,-0.021199899640517696,-0.05411738149797625,9.798711911022176,0.9235127433183946,-0.6103356249308176,-0.02458248612013913,1.8550841111522247e-16,0.6263582055006394,1.751994102952445e-16
6.586,0.022465276195208547,0.0023610692003117628,9.784757301716237,0.10888565717850601,-0.6018236233201342,0.46464044661494214,1.823137044818705e-16,0.6252243565630533,1.7315787284737835e-16
6.588,0.008983237248319452,0.02914223233068054,9.767639952638932,0.5578064742369669,0.302363856958067,1.0774375692214468,1.7913686643201522e-16,0.6240826450884136,1.7112692874576576e-16
6.59,-0.026944606612898107,-0.023876002697769287,9.774568137378845,0.08961225495880878,-0.5683549540017121,0.06369675183780923,1.759391121204426e-16,0.6229331035825418,1.6907317939949235e-16
6.5920000000000005,0.04334920534701471,0.01126988436404395,9.839631930554642,0.8500068733719844,-0.6593191013911798,0.43112351395332404,1.727267515070249e-16,0.6217757647741835,1.6705653621548608e-16
6.594,0.016637486303153395,-0.028701330911799473,9.829823483844887,0.30801155284430887,-0.9005019942164796,-0.8317142588776827,1.695093193728366e-16,0.6206106616140871,1.6502305561523756e-16
6.596,-0.018348080826734555,-0.08757113886503542,9.815805379383429,-0.18900188844080357,-0.07954031994746968,-0.772206964381164,1.663267296345287e-16,0.6194378272740562,1.6296822141696398e-16
6.598,0.011098544503152761,-0.0534645931210234,9.83320421388907,0.03816412505111666,-1.276009108246297,-0.11310532781533351,1.6311503161283934e-16,0.6182572951460127,1.6090705150550776e-16
6.6000000000000005,0.0028475285880654438,0.021233429795962256,9.851336355801886,-0.3084165147934857,-0.7328932150462112,0.07249622410620202,1.5988266892773996e-16,0.6170690988410411,1.5882360030542375e-16
6.602,0.031806421137204444,-0.0007347592267087959,9.800912846834844,1.0912807638151965,-0.3977801234925573,-0.11168867889659881,1.566045607281845e-16,0.6158727752739762,1.5676617838117511e-16
6.604,-0.004719244645601599,0.04517408262552699,9.820901788654714,-0.6612043482145118,-0.6677326920351856,-0.7972188354676144,1.5336026851158996e-16,0.61466786159105,1.5472539450384294e-16
6.606,-0.01314457899241775,-0.03852948369029616,9.7868107809854,-0.7698931820260085,-0.42422580524649456,-0.32334759700720633,1.5007941807556871e-16,0.6134538951830736,1.5265675824456924e-16
6.6080000000000005,-0.0009901136110119259,-0.04975197207286264,9.81327026157925,-0.47191515808617096,-0.8837532479773733,-0.2471163309155766,1.468248704804698e-16,0.6122304136986056,1.5058298374821952e-16
6.61,0.007018947076530486,0.006850842786681866,9.758724594058496,-0.5257803720300379,-0.9561154506661034,0.4601022329075484,1.436205499838762e-16,0.6109969550571207,1.484935785681166e-16
6.612,0.008590513814270681,-0.06084869672430903,9.795268453237277,-0.31553321250662614,-0.04757399322917932,-0.15561055582391914,1.4042665389309974e-16,0.6097530574621596,1.463933082016577e-16
6.614,0.006129895946165906,-0.0248168835535923,9.853233853428906,-0.6969483342064683,-0.8720249760191046,0.7382247425602456,1.372348693678151e-16,0.6084982594144843,1.442982640084387e-16
6.6160000000000005,0.018882812399757882,-0.0007436016787137561,9.82935901528815,-0.5888282271742168,0.5856716160510258,-0.646321082087563,1.3402200528080452e-16,0.6072320997252124,1.421812007278867e-16
6.618,0.014004461657034797,-0.008835329981252239,9.749884469780348,0.10176357987810286,-0.6986572766259173,0.27902539426649947,1.3080375984726703e-16,0.6059541175289509,1.4004779874300986e-16
6.62,-0.03037949182482649,-0.01197361036556929,9.813263172032643,-0.6158978246230511,-0.2927908334062373,0.4132030410130688,1.275562037948564e-16,0.6046638522969193,1.3790865188661854e-16
6.622,0.02002497770492455,-0.004186210644894403,9.8055943850431,-0.1833253995005868,-0.5464346387498598,-0.5092048124186408,1.2428684780875875e-16,0.6033608438500591,1.3578550215098087e-16
6.6240000000000006,-0.0052560512734429795,-0.020968651826753486,9.802967133806733,-0.25348994707208766,-1.1054050207961559,-0.4090677147669951,1.210434593722864e-16,0.6020446323721378,1.336573145668969e-16
6.626,-0.010161513583939416,-0.0031273372084393842,9.823852994561742,-0.7418007716651388,-1.0896956653577312,-0.7632024905466801,1.178491897973376e-16,0.6007147584228405,1.3155118541341895e-16
6.628,-0.0009918227475799232,0.043622915520299836,9.833755608965372,0.5570380969116688,-1.166214245469829,-0.0887904351370655,1.1466444835966818e-16,0.5993707629508528,1.2947211024763064e-16
6.63,-0.015060751532174866,-0.003314374637080334,9.821592661234973,-0.12582952179219983,-0.3562850510161211,0.09632580156510646,1.1146600615713048e-16,0.5980121873069292,1.2739304664058084e-16
6.632000000000001,0.01198818846747848,-0.018828194806452803,9.81662256136206,0.2569608920992758,-0.7787681069016898,-0.774075782928903,1.0826955706167204e-16,0.5966385732569512,1.253195535937401e-16
6.634,0.02500024122940464,0.013152950707970859,9.838087673910131,0.6074045351840984,-1.7330476093696738,0.1149230773394424,1.0506699572658348e-16,0.59524946299498,1.2326776724585827e-16
6.636,0.0155643511453806,-0.055803247946878846,9.79848058751278,-0.2573127639289435,-1.0844971317636802,0.5099941406183098,1.0187452357406521e-16,0.5938443991562835,1.2120558010761281e-16
6.638,0.03829920321526607,0.07377015051894763,9.804178847760905,-0.6172723190571601,-1.120407103220609,0.6174334844755724,9.866791302216241e-17,0.5924229248303654,1.1918130263128323e-16
6.640000000000001,-0.036326546007372035,-0.022212376659260784,9.867028575524053,-0.6419501625414398,-1.076346125074962,-0.49790427701991785,9.549463812903536e-17,0.5909845835739714,1.171736267217692e-16
6.642,0.046132137788743637,0.019435894777884707,9.828348343597444,-0.502247075893874,-0.7489707723330952,0.42235669095887374,9.232335844330236e-17,0.5895289194240838,1.151717653252833e-16
6.644,0.012963767583733719,0.0005385152167363078,9.836714155351249,0.07352696931676662,-0.6161107871697683,0.33262838080953433,8.916211597638756e-17,0.5880554769109102,1.1315971032551354e-16
6.646,0.043951508527283065,0.01596951865318178,9.77174968994335,-0.27764642743074797,-0.45131214121066976,-0.40306226353006136,8.603420922596063e-17,0.5865638010708457,1.1116431318648109e-16
6.648000000000001,0.04551563188658004,0.032127716134100044,9.838887895692595,-0.0031478226256423975,-0.5826052089332607,0.24682109613883033,8.292430451675397e-17,0.5850534374594307,1.0914273444542784e-16
6.65,0.004036998960580768,0.023001903997338424,9.791182292310875,-0.15562039581799597,-0.4093632913992601,0.07859657524711552,7.980879031023891e-17,0.58352393216429,1.071058344597173e-16
6.652,0.03824915584272218,-0.02775916294893034,9.785356642218492,-0.01267470009698368,-0.10703033505436366,1.4855823292988632,7.66795548634884e-17,0.5819753287323919,1.0510733338738734e-16
6.654,0.006144779786799606,0.0013373041924408257,9.789404046902758,0.5839846884280875,-0.7433387989300557,-0.3618147652412262,7.354465794230764e-17,0.5804076712544537,1.031312729236024e-16
6.656000000000001,0.016346620018676455,-0.04027886859414324,9.795016758403513,0.12869157279174734,-0.7755594419690434,-0.6089503209251167,7.041212341478657e-17,0.5788210043636819,1.011616948926341e-16
6.658,0.014413833086787252,0.05504187461641716,9.826458126422324,0.4357638445134439,-0.44589734400621617,0.16361425441265484,6.725852253442313e-17,0.577215373234503,9.920956810650812e-17
6.66,0.019224908522015777,0.020516691376092678,9.743383835230897,0.5041162252859385,-0.4764693007405435,1.5078456456469675,6.406836388719622e-17,0.5755908235812797,9.726984897655092e-17
6.662,0.028467534892746275,0.010566205472593555,9.820001017777347,-0.2623841530161376,-0.4254545253069881,-0.5343659462431288,6.086527495441134e-17,0.5739474016570073,9.533188473412912e-17
6.664,0.0423772723828474,0.026464387705627833,9.831678520254503,-0.09823715058597618,-0.9334846324199998,0.022991381560486315,5.766498097201618e-17,0.572285154251991,9.340103244841527e-17
6.666,0.06084092396006478,-0.015061815984252335,9.8227602547541,-1.151973049752059,-1.8882188258601942,-0.06967646116282318,5.4428530204674415e-17,0.5706041286925254,9.148316993440626e-17
6.668,0.06719368335970534,-0.05032052545719478,9.800816450408147,0.42121663437950346,-0.2562924007724364,-0.10755316480979173,5.119508111283711e-17,0.5689043728395377,8.95727293214358e-17
6.67,0.010846914689689475,0.018970171453449973,9.841296918339674,0.2727495504409904,-0.7259922982603619,0.13279625357426533,4.798809391806135e-17,0.5671859350872295,8.76588690076594e-17
6.672,0.057097287872411646,0.031015923393502006,9.806522084335882,-0.6980887925895206,-0.9365998875814916,0.4668891578077068,4.479985089122946e-17,0.5654488643616952,8.575773098379294e-17
6.674,0.043615053358218095,0.004196990793063578,9.840447744247868,0.14113023838219713,-0.6711737570696144,-0.10842470081883222,4.1645999273124317e-17,0.5636932101195328,8.387445461881648e-17
6.676,-0.0056366030747295424,0.012078170421616644,9.864163627983817,-0.3729038184320397,-0.7804787855364195,0.42391024789968307,3.84876698566577e-17,0.5619190223464339,8.201498885621013e-17
6.678,0.035897796497547776,-0.009872132741448134,9.814216681140358,-0.15924540301841625,-0.9564014865539641,-0.5188878692200264,3.533264549310258e-17,0.5601263515557608,8.016335864786977e-17
6.68,0.02265318951469215,0.02444622862771628,9.83506589971899,-0.4567655214359432,-1.708272101346664,-0.20226646550390134,3.216541463264184e-17,0.5583152487871059,7.831464762548742e-17
6.682,0.03635604884073327,-0.06327423724128824,9.82458900513995,0.5404859752384575,-1.5516185167781877,0.06881922559577595,2.904073946228349e-17,0.5564857656048446,7.650511522657529e-17
6.684,-0.0020508800211948147,-0.027156852403484356,9.874967726198552,-0.030333330738451757,-0.21117929937044322,-0.3491699412894746,2.5896005733369678e-17,0.5546379540966602,7.467760692336271e-17
6.686,0.04236082033493806,0.04539140338270426,9.782057420321976,-0.27371970708216126,-1.238966079310754,-0.02848318529307528,2.276281764791641e-17,0.5527718668720638,7.287939636025021e-17
6.688,-0.008704794142244746,0.025107877923724306,9.798768264889944,-0.4611083104980727,-0.8593106926738632,-0.10711948828862577,1.964840633838883e-17,0.5508875570608978,7.105733437053966e-17
6.69,0.002671979282257257,0.005391063693456196,9.827438921042326,-0.10177162150988714,-1.0725598381835617,-0.878661135551626,1.6537679713013464e-17,0.5489850783118202,6.92436870619682e-17
6.692,0.0022766820737503413,0.023768111257394198,9.838194359998695,-0.44341677125800616,-1.290110602698914,0.7500578913023871,1.3407603734333047e-17,0.5470644847907817,6.744973447355115e-17
6.694,0.06077299531394238,-0.03885282595174684,9.817904498902204,-0.4145189379356127,-1.5903431789689102,0.14321462085465134,1.0304414418424282e-17,0.5451258311794771,6.565322291621952e-17
6.696,0.00023249822972912573,-0.025595629243195625,9.776391316640128,-0.8298908447977335,-1.534841494385088,-0.29023343721190353,7.236185997657469e-18,0.5431691726737914,6.387512309625171e-17
6.698,0.05577959142299806,-0.006685209595974445,9.828341392529621,-0.5146053846955749,-0.7591251258127563,0.15541486878015412,4.187372135378735e-18,0.5411945649822311,6.211056615006047e-17
6.7,0.040718712803231825,-0.010780365664099085,9.846440969626885,0.10196554288737733,-1.6249266886750007,0.04079957963405175,1.1269106007442331e-18,0.5392020643243333,6.034995298716182e-17
6.702,0.013237855793051527,0.01754589253956129,9.850534881147537,0.24720653676939933,-1.0041644486458308,-0.5388965166851694,-1.929582730135185e-18,0.5371917274290688,5.859822551154058e-17
6.704,0.06936307119224583,-0.0038671692088925215,9.751815182703057,0.2029501270928994,-0.7054421512671032,0.10151805354572849,-4.966524052117269e-18,0.5351636115332241,5.686023826181139e-17
6.706,0.02581614153369859,0.006792077039848343,9.790835135428296,-0.5901838009569843,-1.625561712905335,0.14840304372620022,-7.953632347335064e-18,0.5331177743797716,5.5108593263982874e-17
6.708,0.0717182180851224,-0.010690518800416665,9.777831698525766,0.08113873777366547,-1.319852874360576,-0.20048563421582002,-1.0960411546962768e-17,0.5310542742162304,5.3340432744803344e-17
6.71,0.0289725825072924,0.011351206918732478,9.805514885377775,-0.731796549182691,-0.48218044261744564,0.13228161941974562,-1.39785768932404e-17,0.5289731697929994,5.157675338394101e-17
6.712,0.01554989796124829,0.0003319912963959558,9.888614434996242,0.41997248048090197,-1.5850744308459084,0.35356091596704126,-1.7007116869874838e-17,0.5268745203616937,4.985454299684453e-17
6.714,-0.011591523136766754,0.026442618918817988,9.782931909340304,-0.5211849753018375,-1.6246337438731229,-0.10339705019808089,-2.0031424695226845e-17,0.52475838567345,4.814171178775445e-17
6.716,0.035216041374846255,-0.04045017820597909,9.835299790087033,0.29888035653334727,-0.8417012024124917,-1.134256531998991,-2.3051463825390366e-17,0.5226248259772304,4.643833618662992e-17
6.718,0.0011214729388332942,-0.033038866496407804,9.79208451090252,0.26764531969895466,-1.2916419443989031,0.3686273694886402,-2.6089918429203126e-17,0.5204739020181035,4.4755962737642005e-17
6.72,0.014251038470473328,0.030998076624595555,9.841399525207883,0.1361099094048999,-1.4844110699205169,0.010938736670075338,-2.9139523889049255e-17,0.5183056750355176,4.307864840738661e-17
6.722,-0.0020962804106200786,0.030950645773225014,9.78990490337413,0.24052599177963424,-1.0866356842049918,-0.13691708487289161,-3.220022274010321e-17,0.516120206761556,4.1406533214121905e-17
6.724,-0.03292241669902288,-0.04832653109978106,9.822732760262145,0.04792987860992271,-0.6149398053358326,0.21238587447181764,-3.527195932534922e-17,0.5139175594191793,3.973975630283733e-17
6.726,0.0724096359789025,-0.0667260517172507,9.925470197759454,-0.5017993205533062,-1.2462748373470889,0.34472334986034076,-3.834757868721439e-17,0.5116977957204517,3.806237405966287e-17
6.728,-0.0010309347164840083,0.013577857294573227,9.810970517347167,0.8797666435394635,-0.9898995071550047,1.179440944672261,-4.140314436431561e-17,0.50946097886476,3.6399594341661607e-17
6.73,0.10687883778970211,0.023169273568051187,9.874965496089924,0.12974355595833573,-0.6799635441010485,1.0020471055490487,-4.447667864254232e-17,0.5072071725370096,3.475855766779142e-17
6.732,0.02612510255634395,-0.002705796819237662,9.789875766515118,-0.05915734908881411,-0.5890332206122237,-0.6479489548325026,-4.753714323452613e-17,0.504936440905815,3.3148288355962986e-17
6.734,0.09440078000860493,-0.017337917466645494,9.804506219654934,0.6602150622637419,-1.9753954222164636,0.06445320698135983,-5.0608491936722164e-17,0.5026488486216697,3.154385317876124e-17
6.736,0.005193896952254366,0.00406517882066762,9.812698305127991,-0.05303904640856549,-0.9208730562109023,0.20189437648746197,-5.367520477117762e-17,0.5003444608151075,2.9949782442987285e-17
6.738,0.07419002966683151,0.006743660302625516,9.790679230841029,0.4466322337289824,-1.9052984465781782,0.032548964524881596,-5.675966940826903e-17,0.4980233430948457,2.837784573453003e-17
6.74,0.040724393658902305,0.029455670139815447,9.843157041121408,0.6327091797904184,-2.0134742185658028,-0.6187777705554773,-5.98463523334938e-17,0.4956855615459228,2.683252078996097e-17
6.742,0.029406147485283297,0.014010089364592611,9.804869054797086,-1.0065672581030598,-0.1666365066208475,1.2729914435415572,-6.295240799248367e-17,0.49333068581386,2.5273064328437946e-17
6.744,0.05725067970067584,-0.028996175926910773,9.827973110531318,-0.2427941233307345,-0.7419267118275388,0.8531847589439224,-6.603825835020639e-17,0.4909582860309013,2.372867847880253e-17
6.746,0.04776731990921519,0.020116823846056696,9.850455841228964,0.30839393524528286,-1.146595301266402,0.22051244377234347,-6.914164948053051e-17,0.4885679328282464,2.220690005744146e-17
6.748,-0.021224212769082814,0.015797798358765058,9.847579528461072,0.11801298888905072,-0.48083554997730715,0.4653658413711545,-7.224706465994769e-17,0.4861591973482782,2.071213022448163e-17
6.75,0.03189169575116932,-0.012700896677041293,9.803020605091517,0.27605387655855185,-0.7376543393997612,0.09957190507419542,-7.535641467802468e-17,0.4837316512567761,1.9208060708015947e-17
6.752,0.023821112691363486,0.012215031675036882,9.80763466104888,0.24909022207921555,-1.652511962776157,-0.1360010697504849,-7.848312880095759e-17,0.4812848667551083,1.7727016143780746e-17
6.754,-0.008604064944444649,0.024079428537622155,9.833853311822756,0.22095962703225794,-0.4969901609782521,-0.8921216368851974,-8.163589529390503e-17,0.4788184165924151,1.624889928832727e-17
6.756,0.028098155124617982,0.010819077706012719,9.808152154954827,-0.1717045617792579,-1.5831855813126923,-0.6755557285459155,-8.478376626890161e-17,0.4763318740777765,1.4782249601840265e-17
6.758,-0.012674718288408347,-0.04488612510785359,9.830491261698825,-1.2277080224307724,-0.7425985167165989,-0.04232859725848789,-8.79421645449445e-17,0.4738248130923542,1.3323037051769053e-17
6.76,0.024284997543485724,-0.001362471707654507,9.798321929723663,0.02954492278141732,-1.4840782526008611,0.44497402486764914,-9.109561496139775e-17,0.4712968081015338,1.1875532310050289e-17
6.7620000000000005,0.06202070206693302,-0.0362009957503477,9.872046464334899,-0.778898634952567,-2.0014624135193784,-0.24140458064042966,-9.425953236948661e-17,0.4687474341670363,1.0435761827790072e-17
6.764,0.005631948981849735,-0.005773477689362788,9.857048525005892,0.01459460698788597,-0.9774230415966125,0.4049013328153302,-9.744277096960698e-17,0.4661762669590176,8.983774046769121e-18
6.766,0.10791599439769585,-0.0034513081706926373,9.86800798442027,-0.3545644220430715,-1.4151968375828472,0.3671474487040044,-1.0064935667592008e-16,0.4635828827681525,7.572094388329314e-18
6.768,0.022126820075207998,0.06317286146020973,9.868109056131937,-0.23379164223370577,-0.9105794434079391,0.3519454209261081,-1.0383542208265987e-16,0.4609668585177005,6.1767289171650414e-18
6.7700000000000005,-0.0043382076098301,0.03073165606218246,9.850804031337649,-0.1786718789777157,-1.4502785398522005,-0.2001113903795611,-1.0700740818044823e-16,0.4583277717755481,4.813792658631531e-18
6.772,-0.005954110313211556,0.002807256248769887,9.864431057971608,-0.015653545048788846,-1.3823906897085023,-0.6068739980772242,-1.1018072128903571e-16,0.4556656976799971,3.479347619099079e-18
6.774,0.011246764682742043,0.014718837940307549,9.85644268863181,-0.13702469741553386,-0.22432126575973377,-0.8870630820315412,-1.1332719567464481e-16,0.4529807120238208,2.145224505355531e-18
6.776,-0.0023383233946608073,0.03330950082940687,9.790736827435053,-0.3525673805397639,-1.7514531996906288,-1.1078456797610867,-1.1647495013319783e-16,0.4502728912521135,8.397017884120591e-19
6.7780000000000005,0.08857123598914482,-0.01651727453936841,9.832258727584492,-0.3314266709846063,-1.6736317054175518,0.17494628500637427,-1.1962677650746019e-16,0.4475423124601018,-4.731704057792525e-19
6.78,0.0034199843280709775,-0.024799171372803946,9.840536858945901,0.47757737639521836,-1.177901841220735,-0.0014419890429377025,-1.2275525484997612e-16,0.4447890533909584,-1.7334876916282156e-18
6.782,0.0067241248818820515,-0.001191727214357462,9.765534807298094,0.7220789736683323,-1.2468363507471922,-0.18764852151380793,-1.2588495946528775e-16,0.4420131924335856,-2.965034935699934e-18
6.784,0.034182284134818525,-0.055120538050925275,9.799283148891455,0.9960059908646826,-1.2049537496920217,-0.0076210892597996975,-1.2900047754330032e-16,0.4392148086203866,-4.163963400344645e-18
6.7860000000000005,0.013728399805292895,-0.03982265288697257,9.810037995178284,0.820766064588601,-0.8719562252420071,0.31873246456182486,-1.321018196265973e-16,0.4363939816250073,-5.3302857313627356e-18
6.788,0.025249671096080444,-0.03581119838689694,9.833739016992995,-0.22240613608595983,-2.3722007821638136,0.6504772439229325,-1.351828858439265e-16,0.4335507917600776,-6.480098776127033e-18
6.79,-0.02227405842549442,-0.006914442264686901,9.850789108508152,0.9088394984318602,-1.4139462954305966,0.43270739243675665,-1.3825303186898368e-16,0.4306853199749162,-7.633195525785276e-18
6.792,0.03502470824263607,0.011700325090921676,9.79333136903469,-0.17957528648429866,-1.9008990067529974,-0.3023271079720707,-1.413491142696892e-16,0.427797647853233,-8.780763589140643e-18
6.7940000000000005,0.02125122291491658,0.01668390072291848,9.842009174991981,0.1584356213045703,-1.0153669585653082,-0.3455913004613093,-1.4443434676243511e-16,0.4248878576107977,-9.931378921140916e-18
6.796,0.062266624694745684,0.00092462233151659,9.829048225836486,-0.10120962189883889,-2.100664602077452,-0.7037318786449842,-1.4753609085816427e-16,0.4219560320931065,-1.1056425527832644e-17
6.798,0.08558012930361554,0.046723952109534776,9.81474834629836,0.7775641072735126,-1.1784297553273881,-0.25761619590518153,-1.5062117063485103e-16,0.4190022547730219,-1.220042540411047e-17
6.8,0.030483828934530825,0.0012068203986234521,9.808929738950104,0.46216627149557565,-1.877812809302355,-0.3686339873137733,-1.5371911429553562e-16,0.4160266097483917,-1.3282906579498081e-17
6.8020000000000005,0.03041087047832789,0.022677878499699825,9.85564188073629,0.28070639139093834,-1.46898031064864,-0.29076124407457743,-1.568218357499325e-16,0.4130291817396569,-1.4371670743852934e-17
6.804,0.025284187514067333,-0.018974048111967436,9.863415061129402,0.5001112363864336,-0.6193644988891621,0.17409910926514627,-1.5991982373794648e-16,0.4100100560874419,-1.5446997571358818e-17
6.806,0.023411754861148774,-0.024461634435103442,9.845450254405828,0.879252438700916,-1.1777732325304546,0.5484000757283007,-1.630092928014724e-16,0.4069693187501231,-1.6473201303948052e-17
6.808,0.04618044181930861,0.00022077793031469926,9.860974038677083,0.42721605830275,-2.302926060831645,-0.9272026302320806,-1.66078787185382e-16,0.4039070563013767,-1.7482481220606888e-17
6.8100000000000005,0.031126059502775576,0.035436967562906485,9.866839229353669,0.333239880025712,-0.9357945990560559,-0.532357379036506,-1.691283779163275e-16,0.4008233559277217,-1.8474870720339904e-17
6.812,-0.04882604673748819,-0.03876774036727778,9.839615070615816,0.9687836823697478,-1.5175172718749799,0.48285673722962325,-1.7216378497928582e-16,0.3977183054260308,-1.9434323376695406e-17
6.814,-0.03128919041635811,0.003489224074524156,9.805500667569133,-0.3458932773335559,-1.5121632484521963,0.6596904235648051,-1.751906544273657e-16,0.3945919932010355,-2.0344796702156573e-17
6.816,0.018693869955193666,-0.006950943118039831,9.804926928411614,0.04719404339331434,-1.198324752476652,-0.287778702361691,-1.7819364573392148e-16,0.3914445082628054,-2.1203013394063877e-17
6.8180000000000005,0.0042943328727098815,-0.023720618856179043,9.913885113811402,0.046278836531127784,-1.5793170948762907,0.5879000046820845,-1.811924379417849e-16,0.3882759402242156,-2.2047849651923178e-17
6.82,0.007687010493246615,-0.01528639209892654,9.82630943647818,0.08584341799277309,-1.3623402870776327,0.17382916009540814,-1.8416736517198886e-16,0.3850863792983942,-2.2840575853074337e-17
6.822,-0.004528565918494994,-0.04100774187011555,9.824893247642386,-0.3928106282336276,-0.5858816895089671,0.10113535422373576,-1.8712292831706506e-16,0.3818759162961532,-2.361672159422551e-17
6.824,0.02612397650524641,0.013426429131307586,9.80958110191694,1.0687180847455453,-1.3642390489579117,0.3082038135178415,-1.900799474355878e-16,0.3786446426234087,-2.4363451246829507e-17
6.8260000000000005,0.058759131718887546,0.05893231625270629,9.77325764303105,0.402256136222025,-0.8691914728498099,-0.03591949365717062,-1.930691196620253e-16,0.3753926502785658,-2.5087066740643e-17
6.828,0.04405856245353571,0.004034118844137825,9.824675677280837,-1.1659741706218754,-2.3474840307082387,0.09997713319985112,-1.9603911924713732e-16,0.3721200318499127,-2.579401546243125e-17
6.83,0.025755769694300622,0.03847776007943989,9.830361601365395,0.21005887991025657,-1.4653546297733921,-0.4856676555828076,-1.9901063542555682e-16,0.3688268805129786,-2.6471374090152346e-17
6.832,0.07977815654991072,0.00260112194927023,9.80961312873462,-0.07803712030807809,-1.5867675689116567,-0.24554363368871063,-2.0198370184757422e-16,0.365513290027877,-2.711910614210353e-17
6.8340000000000005,0.02285500516412234,0.01818960251221085,9.852590428235965,-0.04220474281870319,-1.393797138083499,0.02413019044905997,-2.0494282370380992e-16,0.3621793547366421,-2.778542151097829e-17
6.836,0.10082224898511438,-0.008667775289142041,9.793071996332579,0.08968458498288191,-1.8816600305887572,-0.4298556904826672,-2.079291372880544e-16,0.3588251695605392,-2.8392887540227384e-17
6.838,0.04464000036995998,0.01879312368377514,9.774972075696866,0.5126039557986533,-1.7385838592199643,-0.27785031188040565,-2.109069113309768e-16,0.3554508299973664,-2.900272521215918e-17
6.84,0.009553034595013048,0.019958780593564932,9.78126565391304,0.6714510119132251,-1.4725407850426604,-0.6431145208919488,-2.1386860618898826e-16,0.3520564321187263,-2.9613419188822506e-17
6.8420000000000005,0.0007439015757578146,-0.03491670809501934,9.809930714469171,-0.4102353527714707,-1.1807215306722085,0.20429533720767695,-2.1682434707489612e-16,0.3486420725673038,-3.019281430147699e-17
6.844,0.03900451325091773,-0.017202384777339926,9.865874575156486,0.4931360527347979,-1.0871033772115615,-0.3227503254965877,-2.1976653286543632e-16,0.3452078485541009,-3.0739477434396506e-17
6.846,0.04772258575604919,0.009637939952781623,9.82264303538769,-0.19458787188204912,-1.2524675550301736,-0.3133892886596818,-2.2268267329553872e-16,0.3417538578556822,-3.126811934636761e-17
6.848,0.032448074376911835,0.010414098334538945,9.8166989438206,-0.665197534383402,-2.6951351271422386,-0.5504921403663843,-2.256111654712966e-16,0.3382801988113761,-3.1785920865095045e-17
6.8500000000000005,0.0882862701733773,-0.06262827104127551,9.836853165022003,0.20185850332662708,-1.5791627259680983,0.3179795765804202,-2.285568857551152e-16,0.3347869703204862,-3.227667712834132e-17
6.852,0.026796671823991206,-0.049809550079943296,9.854208600417572,0.33858640489746117,-2.5800961351008853,-0.38778018249039337,-2.315093188602045e-16,0.3312742718394741,-3.2721417780734706e-17
6.854,0.0484231695424674,-0.00964824912575301,9.834885285601567,-0.05007728533446529,-2.6409784503402305,-0.5814350280684831,-2.344572692314781e-16,0.3277422033791236,-3.3185811041244446e-17
6.856,0.015949059828070617,0.014678689600936963,9.782750379460456,0.3097431195769547,-0.8810988610994661,-0.32764464101073426,-2.3741788934445137e-16,0.3241908655016928,-3.3638964556541027e-17
6.8580000000000005,0.04565180701690105,-0.009433061526274135,9.821363850183475,0.18676166582746728,-2.8807054451107668,-0.11466804919441874,-2.40368304717308e-16,0.320620359318056,-3.4076747907424813e-17
6.86,0.0478824885190666,-0.025414888644771195,9.82489032321316,0.017157505794017515,-1.080027101861318,0.46174614103104106,-2.433392223135654e-16,0.3170307864848221,-3.450445773300836e-17
6.862,0.04047693567624013,-0.04112971698310936,9.819617176481067,-0.1800267959148569,-2.1795469486758225,-0.6884819336725563,-2.4630776642169993e-16,0.3134222492014393,-3.4918013440834117e-17
6.864,-0.025863982670258308,-0.015601502208395679,9.814736977387238,0.5281674372174018,-2.5185361456429844,0.8701155994694079,-2.4928933512210864e-16,0.309794850207283,-3.5319961679492775e-17
6.8660000000000005,0.060399613543157434,0.04879136939281668,9.836938903891333,0.48681997885642553,-2.6085492761285325,-0.08278690400401134,-2.5226107321021585e-16,0.3061486927787389,-3.570636515470403e-17
6.868,0.023299417702735963,-0.0038353008139609987,9.749339854945132,-0.21654897554691233,-1.5388292792399691,0.304655993859238,-2.552427617723957e-16,0.3024838807262522,-3.60636714347332e-17
6.87,0.017383059856852758,-0.012488222926942317,9.809788443508404,-0.1500548715318685,-1.7995219930213513,0.11578263426441364,-2.582224892259408e-16,0.2988005183913808,-3.640664978512971e-17
6.872,-0.03509906169589625,-0.005793733081814619,9.821647652578845,0.08138077581864325,-1.448066600926436,-0.3528435546057563,-2.6120036662031627e-16,0.2950987106438172,-3.673527222302226e-17
6.8740000000000006,0.03765983655515226,-0.048272675669421845,9.827240545988559,0.020057686183138686,-0.8783676638813266,0.5618060940173675,-2.641994359489788e-16,0.2913785628784071,-3.7053131003376476e-17
6.876,0.05933574480034375,-0.00028058155094854093,9.815359263001799,-0.5136824010430673,-2.137695436568084,0.46835146377996695,-2.6718504272273583e-16,0.2876401810121494,-3.737137699231968e-17
6.878,0.04161896170438697,-0.012688277393266719,9.844025302039855,0.022226204997133302,-1.7761735493553712,-0.24157932040996974,-2.7017675904930943e-16,0.2838836714811736,-3.7676294481723184e-17
6.88,0.0011409077848890392,0.01479861293905793,9.802930205293586,0.1623819278813098,-2.4932483318909124,0.7881603023825747,-2.7318639970564584e-16,0.2801091412377209,-3.7952884093812747e-17
6.882000000000001,0.01906913567293716,-0.004489885370616957,9.84952924006823,0.3919977617440999,-1.7616748919125378,-0.2732755426929038,-2.7617905730119897e-16,0.2763166977470865,-3.824584789687132e-17
6.884,0.08747320760543748,-0.034690150072898024,9.802076011319306,0.5898124933357679,-2.3358933445051626,-1.1194430995538958,-2.7916683907318733e-16,0.272506448984569,-3.8506957481655904e-17
6.886,0.06049462171435767,-0.0017056338589687768,9.809256532977118,-0.1158665114488776,-2.1362771855883995,0.26710287995678794,-2.821611998849648e-16,0.2686785034323929,-3.875453356856568e-17
6.888,0.0033585168765413453,0.03167724670100467,9.846733534640812,0.0019044110322788239,-1.7155247296446676,-1.1273955233764539,-2.85169966562975e-16,0.2648329700766157,-3.895633709960981e-17
6.890000000000001,0.03640554930602202,0.022548857713035043,9.779395272649618,-1.2942677638413205,-1.6436217386230951,1.0117875515648742,-2.881817554784361e-16,0.2609699584040377,-3.916054206603854e-17
6.892,0.017002358325534588,-0.021831849852324975,9.824341127088399,0.44055044273185545,-2.138164996845942,-0.3295798335811022,-2.9119659383636903e-16,0.2570895783990644,-3.9333849212350865e-17
6.894,0.036627502244192825,-0.0025101420458377524,9.826794224094007,-0.3744357352190347,-2.407360338161471,0.09607957355479332,-2.9419929258297136e-16,0.2531919405405987,-3.947415036212764e-17
6.896,0.004562201513000311,-0.00708295099811865,9.806966894114348,-0.4117412358580195,-1.383988233877276,0.0716643805080401,-2.9718631321742006e-16,0.2492771557988725,-3.9597598772851704e-17
6.898000000000001,0.03821022720152635,0.024297446867053093,9.78918313860248,-0.6830961887859126,-2.0563239177081836,0.15730774761079158,-3.0017307614087105e-16,0.2453453356323083,-3.970627944474061e-17
6.9,0.062561390342013,-0.0010417954443994425,9.836449739730508,0.38599267725652986,-2.1740858887764136,0.7796097689741452,-3.03159144575321e-16,0.2413965919843255,-3.97670097191902e-17
6.902,0.014497552610883119,-0.0027032563076036646,9.791653417683431,1.3501662315245548,-1.946075369832228,-0.3041652893182419,-3.0614456686751553e-16,0.2374310372801712,-3.97798132942559e-17
6.904,0.06561783397872595,-0.04084916480254398,9.785135109025207,0.1096078687157322,-2.6359779638002294,0.3978242583391466,-3.091267620452132e-16,0.2334487844237031,-3.9793916670875405e-17
6.906000000000001,0.04323205898176014,-0.03058362682765201,9.823652437157268,0.0873458659740331,-1.6939042584697703,-0.17589349262177675,-3.1212454867165453e-16,0.229449946794198,-3.9795087170588096e-17
6.908,0.039262510400290426,-0.01290563785748334,9.80574209814106,-0.057038069960974935,-1.7702245018787421,0.858700509937051,-3.1514568298135873e-16,0.2254346382430878,-3.9784119918850464e-17
6.91,-0.017906927992928326,-0.02234839361123174,9.849631050864032,-0.4845122868932514,-1.6214873554118419,-0.3493364302871012,-3.1815975653129185e-16,0.2214029730907542,-3.975721347167584e-17
6.912,0.035778690963052674,-0.007866026115512209,9.783147430749345,0.0614985435762375,-1.5468375741338543,0.5252796571879599,-3.211898150055543e-16,0.2173550661232537,-3.9717053568349124e-17
6.914,0.007881042700269028,0.009283013508913432,9.821469424078883,-0.3810256068952297,-2.2097547497682295,0.22040291425895853,-3.2420860558771824e-16,0.2132910325890532,-3.964394150791825e-17
6.916,-0.028866190775689936,-0.008653984598246798,9.844135672295655,0.3811198591914076,-2.047950810461029,-0.6879460203241461,-3.272131579879393e-16,0.2092109881957581,-3.955402908874325e-17
6.918,0.053475838713616775,-0.010645533500945973,9.807328167651436,-0.7586091191703499,-3.0838484593564575,0.5391899577746163,-3.3021429111876363e-16,0.2051150491067936,-3.943213956870078e-17
6.92,0.01659032618807641,0.08456575064325186,9.827198166990444,1.2507581328661215,-2.326527233444799,0.7676523471015393,-3.3320745001090794e-16,0.2010033319381269,-3.9261389765127455e-17
6.922,0.027251656434434376,0.04475063338947229,9.817787371760916,-0.7604039012733349,-1.2499061670355394,-0.2722482131076187,-3.3618868716638844e-16,0.1968759537549258,-3.9106981237165366e-17
6.924,0.0359988099469397,-0.04495154511427028,9.838319986787385,-0.3040908949988523,-2.282687851058568,0.20785563642481844,-3.39177299884688e-16,0.1927330320682428,-3.890538519824016e-17
6.926,0.12800583787512598,0.01628094537593155,9.82868594295354,-0.390355755062968,-2.1781486134655568,0.6991324369807518,-3.421809670173982e-16,0.1885746848316462,-3.8657338470095086e-17
6.928,0.06307857027988628,0.023506546472889828,9.81413029372372,0.20528858961185267,-1.5982169360619483,-0.637435458865842,-3.451893709658909e-16,0.184401030437885,-3.837808957838176e-17
6.93,0.045189852065750095,0.04633665383813015,9.860485750134014,-0.19943918765492868,-1.1995835633920153,0.21667295426991828,-3.482048925541682e-16,0.1802121877155071,-3.810050174911999e-17
6.932,0.042580768789720266,-0.08492546857404544,9.817084270839166,-0.44668184013016105,-1.8206196948916995,0.20864732990960924,-3.512329684248752e-16,0.1760082759254751,-3.779232222689998e-17
6.934,0.02190612589256665,0.0033935035765685915,9.776035700622703,0.06304775116888246,-2.191892581047681,-0.28639932927292255,-3.5425844571430886e-16,0.1717894147577785,-3.74520671227757e-17
6.936,0.06948340951367692,-0.045852938341620894,9.832097483103308,-0.365450747217164,-2.1985013960361317,0.17982360120958293,-3.572713154092528e-16,0.1675557243280115,-3.709515124910856e-17
6.938,0.08232747415190683,0.028209001600538974,9.815402073223053,0.25738192737148274,-2.681606741205337,1.654908050538803,-3.6027937823502127e-16,0.1633073251739731,-3.672230065269237e-17
6.94,0.058921948028411386,0.015480016284104746,9.808766738071531,0.07433170933469958,-1.8173913177400571,0.330008212640084,-3.6331806161597714e-16,0.1590443382522129,-3.630394509535293e-17
6.942,0.06458393338000802,0.005064579753881634,9.803366945213334,0.29354473510773893,-2.2661602101206535,0.06600628984470747,-3.6634696090990045e-16,0.1547668849346097,-3.5852833850266385e-17
6.944,0.06881486103982964,0.009352025732375953,9.788681049265707,-0.48549097554722986,-1.8528408496902082,0.47106301834232356,-3.6939670276837566e-16,0.1504750870048973,-3.5371469986307244e-17
6.946,0.06793714749000682,-0.013003406301588898,9.811177933243645,0.19460142394307123,-2.325433532126625,-0.27904913394175024,-3.7243631212731353e-16,0.14616906665521,-3.48897984950558e-17
6.948,0.06528331716205096,-0.011416526015254147,9.845757430631453,0.588932096782477,-1.5730193209004206,-0.34715163392263576,-3.7547028722604943e-16,0.1418489464825937,-3.4375686514915525e-17
6.95,0.037503678403116116,0.04033874085041697,9.790387125916576,0.2571842681712512,-1.1909457975212316,-0.6790215018117857,-3.784963479877337e-16,0.1375148494855278,-3.3877693053816795e-17
6.952,0.030674295664492843,0.0031742233329878087,9.824354859652304,-0.18997375643454922,-1.2292685236466112,-1.2231732533578097,-3.8154167346969517e-16,0.1331668990604043,-3.336527623916424e-17
6.954,0.03305091438452619,0.0322007675534207,9.838625878529268,0.06793283447961579,-3.0343649378425166,-0.055702077925255535,-3.845816883321257e-16,0.1288052189980408,-3.2820378149799564e-17
6.956,-0.03612553163541503,0.03304675223020834,9.864637968439316,0.4405263420206668,-2.1544754262365635,0.017265421810629216,-3.876489414617375e-16,0.1244299334801249,-3.226137932835861e-17
6.958,0.10712880016753014,-0.00900167828901886,9.888779437749522,0.43800947272755797,-1.9913567754037937,0.5040952138964767,-3.9073215748509023e-16,0.1200411670757096,-3.1687346781846423e-17
6.96,0.05774973340443577,-0.04865054160655788,9.84365605925358,0.3197479818313641,-1.7381955366490416,-0.11475789256411997,-3.938235924851913e-16,0.1156390447376382,-3.1065285758338456e-17
6.962,0.06908977752255703,-0.06859868601243875,9.82798209359646,-0.225191239619443,-2.654599095857611,0.7371561057497706,-3.969161055882443e-16,0.111223691799016,-3.0427086230445226e-17
6.964,0.0752581864942346,0.004456842340568533,9.792657663151351,-0.12374658749761608,-2.1147435204587675,0.6355019235991428,-4.000169604841877e-16,0.1067952339696152,-2.974077244789186e-17
6.966,0.09158369254682266,-0.004539758636987946,9.827213240027616,0.7511520558711714,-2.702122521014685,-0.3118833210560686,-4.031192711547135e-16,0.1023537973323143,-2.903824953399406e-17
6.968,0.03547530035026432,0.025137501788281943,9.832758797458167,0.030303204924858215,-1.702640199112551,-0.37336528051312584,-4.0622322165494383e-16,0.0978995083394867,-2.8319488122216175e-17
6.97,0.05604342992534679,-0.02327232920760388,9.873554923082732,-0.03591277481352342,-2.444148931568581,-1.0311163053348678,-4.093342532029316e-16,0.0934324938094374,-2.7568564016039387e-17
6.972,0.09103429462436641,0.0012871557357931052,9.830639400356619,-0.7439705617988309,-2.420661302436192,0.1939534068685462,-4.124573561790628e-16,0.0889528809227495,-2.6817944432547238e-17
6.974,0.035613695912488884,0.0006985185560027115,9.791766417193246,0.1024262770768624,-2.25550818715783,0.24501991559068842,-4.155851462161858e-16,0.0844607972186972,-2.6067175768522445e-17
6.976,-0.010956289123776226,0.007393296744999789,9.80026377865085,-0.07020523407571864,-1.9631933474094456,0.7953976232466987,-4.1870958977758844e-16,0.0799563705916019,-2.5299710979020648e-17
6.978,0.03930464075959843,0.0019752955446139075,9.824927383462104,0.7805319207224,-3.1787274640780363,0.18508867398465673,-4.21834689877716e-16,0.0754397292871745,-2.4515707394770597e-17
6.98,0.06124620648026537,6.036962689724377e-05,9.798028692911172,-0.013158215175109265,-2.244745966168999,0.7049685088472083,-4.249666939158002e-16,0.0709110018989002,-2.3683120258640053e-17
6.982,0.09233887205018276,0.01179583816329578,9.783993432967215,-0.05731368460326779,-2.3786176764547955,-0.18938202759898012,-4.281128821983547e-16,0.0663703173643414,-2.2866632497941216e-17
6.984,0.07371813066460431,0.009130683184090159,9.776705408892614,0.3719840483274427,-1.4990535284653768,-0.08390019097867871,-4.3126883271556883e-16,0.0618178049614849,-2.2049841822548687e-17
6.986,0.00015093728893281894,0.00938972400839,9.787513336256257,0.20342619272581286,-1.9195618827160186,-0.14251211082022314,-4.34434794195205e-16,0.0572535943050723,-2.123265522173856e-17
6.988,0.05296067485071864,-0.01862343861142458,9.828509138024042,0.7350355467217381,-2.096697604413814,-0.3812829872441012,-4.376070223847371e-16,0.0526778153428685,-2.038265336650073e-17
6.99,0.08822813425720816,-0.005449479806706332,9.819197807143748,0.19983860856978977,-2.342766337289637,-0.625292079234031,-4.407848587769372e-16,0.0480905983520301,-1.951586384694973e-17
6.992,0.05009563309654848,0.024550999405242857,9.813739364498252,-0.14852386952282687,-2.444067199081598,0.04369039353461481,-4.4397040544002974e-16,0.0434920739353197,-1.863227382053504e-17
6.994,0.03764917957024431,0.018360892194151067,9.825757701462386,-0.5491572864644003,-3.1427987742748225,0.1001089073246004,-4.471613751555556e-16,0.0388823730174391,-1.769956730049038e-17
6.996,0.021188968754345585,-0.02177579506846612,9.86896504990868,-0.4074627626822369,-2.2200347051679916,-0.5665316619371997,-4.503703513849097e-16,0.0342616268412565,-1.6766206409859354e-17
6.998,0.0492666001139337,0.005562675199351011,9.814502103758338,-0.691141788969704,-2.1714398950689757,0.596004332404002,-4.53580969444421e-16,0.0296299669641925,-1.5815688699630544e-17
7.0,-0.00010684683505482462,-0.01633017181665235,9.788253831653426,1.801741164318223,-2.8201228519953947,-0.3066023614181946,-4.568039131827734e-16,0.0249875252542739,-1.484812442455491e-17
7.002,0.042717062688272564,0.02179343204875998,9.828623571968459,0.9059270689346441,-1.980551791724486,-0.7364098735113122,-4.600312054721668e-16,0.0203344338865222,-1.384723247457958e-17
7.004,-0.04904912835280234,0.06455361671482303,9.795897524356002,0.07153110062884178,-2.623731381567922,0.27555077669236605,-4.632755250552667e-16,0.0156708253391732,-1.2829157684425103e-17
7.006,0.10126345083878838,-0.0003978947897940387,9.78665678531125,-0.28737959826905296,-2.2363788925191734,-0.039496213447619305,-4.6652876309349155e-16,0.010996832389875,-1.177762690149578e-17
7.008,0.06286909278610925,0.03313645566597196,9.817164699820422,-0.2082198030029717,-3.0040835482843806,-0.944177102253447,-4.697889644451547e-16,0.006312588111958,-1.070863617982698e-17
7.01,0.09254083779686584,-0.0390929079212214,9.85688871889661,-0.11691702454894479,-2.515712965510872,0.4175740429180753,-4.730504901107092e-16,0.0016182258706025,-9.63819465940514e-18
7.0120000000000005,0.045922328982809055,0.029424809079658817,9.806610103298992,1.160348510809029,-2.7586161659966715,0.6003937903961895,-4.763228994637077e-16,-0.0030861206811817,-8.566260208345149e-18
7.014,0.013476777724875655,-0.023682682031552427,9.741017475669839,0.1514625433224631,-2.6597292302717843,0.3665609568837677,-4.796088309752869e-16,-0.0078003176057509,-7.460561210676251e-18
7.016,0.07212065033332127,-0.05069002639236237,9.85230032206753,-0.5766282250574452,-2.682182602912235,0.42418748682053237,-4.829082717607979e-16,-0.0125242306851708,-6.3370664289566715e-18
7.018,0.019893939532506538,0.012637974129227271,9.774017533929248,0.26893603614881256,-2.3281528853517375,0.6087995564069645,-4.862235319167097e-16,-0.0172577254250092,-5.163472679184425e-18
7.0200000000000005,-0.01979643910254754,0.027489456481284927,9.75532664870905,-0.8032895631472724,-2.0970837490612193,-0.9682758324879239,-4.89553697198746e-16,-0.0220006670579304,-3.971826291611777e-18
7.022,0.02782510801636984,0.006508106374625029,9.777659820915975,-0.3575363031115666,-1.756470144635174,-0.3633248292999838,-4.928985070414447e-16,-0.0267529205476451,-2.7620067028435943e-18
7.024,0.008647917037363485,0.03774206556739834,9.7986925131194,-0.45638944320645525,-1.7922346695170916,0.6010391247280411,-4.962521130765309e-16,-0.0315143505927813,-1.5178994233587144e-18
7.026,0.03223495003046134,0.010121836078037972,9.854889999203797,-0.04273955207295475,-2.355146166125874,0.5518867703888996,-4.996232509159604e-16,-0.0362848216307195,-2.392546182978328e-19
7.0280000000000005,0.06560300923322655,-0.029306120221531593,9.86059856291356,-0.007821253780066399,-2.5873955829370034,-0.7388230195051223,-5.030082843840006e-16,-0.0410641978413996,1.0418105162202777e-18
7.03,0.07262592888513167,0.009638491892735562,9.832549136073936,-0.48529089647212714,-3.020943677891116,0.45613617652826227,-5.064113086204499e-16,-0.0458523431512925,2.325505319917696e-18
7.032,0.09152964484252923,0.006897831486485789,9.819690724921893,0.5674481144579423,-1.3260374759983922,0.015265586116807024,-5.0985996047646565e-16,-0.0506491212371482,3.644903851154152e-18
7.034,0.02639844604642685,-0.023119639520859468,9.880618442173203,-1.0138640424150904,-2.8936708937298796,0.037800626716322755,-5.133455726778837e-16,-0.0554543955300017,4.984006350862572e-18
7.0360000000000005,0.09898946118310295,-0.04317018138542615,9.786707431902132,-0.44005361386935843,-2.7718466747675974,-0.03225983879412798,-5.16879819942762e-16,-0.0602680292189552,6.3434686874711095e-18
7.038,-0.008862101690419802,0.0482994576019547,9.776491004889369,0.12613819472016252,-2.1556224370431543,0.18747898987004127,-5.204621158519486e-16,-0.0650898852551411,7.739754982071526e-18
7.04,0.04189190714597329,0.000998285900451647,9.83835426825719,-0.4738305600011639,-2.4378335066007857,0.4153679288387402,-5.24092646437639e-16,-0.0699198263555934,9.173250501514577e-18
7.042,0.05553177240566842,-0.023546719866960122,9.821202370782752,0.23443278558244648,-3.0992799812309464,-0.5300516149144257,-5.27770663287597e-16,-0.0747577150071761,1.0628186009871979e-17
7.0440000000000005,0.039247001878246965,-0.019516755393229997,9.829948091238904,0.18237706679047253,-1.9907661091850133,0.34070975953919397,-5.314896632931467e-16,-0.079603413470468,1.2120782592458345e-17
7.046,0.0789563921945517,-0.033600526138594655,9.792533949876036,-0.2101780810359368,-2.416213035578839,-0.06387912466110501,-5.352498414411342e-16,-0.0844567837837184,1.3651379755368722e-17
7.048,0.029165968092034245,0.024606175639693403,9.785862351119194,0.7139446032482343,-3.063299973591252,-0.02925656052998427,-5.390494895324173e-16,-0.0893176877667531,1.5220230947159952e-17
7.05,0.0077942107741080235,0.016557516560679632,9.826670154387342,-0.24284462477962682,-2.133641970112048,0.0675046909451975,-5.428964372987119e-16,-0.0941859870249143,1.6828047653871058e-17
7.0520000000000005,0.04256668069930341,0.05420920679399416,9.783096049570341,0.5828544751986321,-2.482685007654648,0.5407068353885989,-5.467883963676798e-16,-0.0990615429530072,1.8458940958888304e-17
7.054,0.04603827304795795,-0.0360698894532978,9.813386114529983,0.2618565285506935,-2.1234725240780037,0.8490697698269245,-5.507245979819392e-16,-0.1039442167392257,2.0080902566980825e-17
7.056,0.009456094979961485,0.010984503163138934,9.820197308377416,-0.20081553939539096,-2.915878229606846,-0.2776519271492949,-5.54700169237337e-16,-0.1088338693691312,2.171013634224337e-17
7.058,0.031843182698942124,-0.024407598362191533,9.78360825847507,-0.18049591360530473,-2.962584995088749,0.8229872364409446,-5.587177361359812e-16,-0.1137303616295975,2.3363269525332377e-17
7.0600000000000005,0.09373186285843241,-0.008816576583535045,9.820008451298984,-0.338351548194851,-2.036060640830139,0.21616026290218343,-5.627791767817879e-16,-0.1186335541127709,2.5024566651804402e-17
7.062,0.06952464575143669,0.03445783378014595,9.815209853715544,0.28379583590099206,-3.1108006935630677,-0.30795545414150305,-5.668717262586379e-16,-0.1235433072200349,2.670971380794191e-17
7.064,0.024299626370972573,-0.001083022946050721,9.882565932742443,0.5563131601531718,-2.186044145894035,0.10284038030310669,-5.710126640144283e-16,-0.1284594811660145,2.840393152608554e-17
7.066,0.041862681620994546,-0.03297273270729158,9.834578664434895,0.3261279639697437,-2.650151993894392,0.0930473370020654,-5.752025490266961e-16,-0.1333819359825095,3.01400417262051e-17
7.0680000000000005,0.05436890410503618,-0.027897632471270688,9.800451311252983,-0.5201235365817681,-3.092787808979788,-0.03852638164149868,-5.794378062146933e-16,-0.1383105315225179,3.191818670535022e-17
7.07,0.02179679396718044,0.033169331690829626,9.799529733994863,0.11618612490485439,-2.734660827583416,0.41142598197849284,-5.837168886771192e-16,-0.1432451274642074,3.368993367190728e-17
7.072,0.03454459011798855,0.020461350732241784,9.82810360355454,-0.04424759008985214,-2.0509700172769154,0.2977805155904924,-5.880458371746039e-16,-0.1481855833149179,3.547230251474382e-17
7.074,0.04451384385542702,0.0526550638680569,9.849333033556515,-0.10599976067070022,-2.126061012039712,-0.17001867011065477,-5.924135761837439e-16,-0.1531317584151526,3.726476458724662e-17
7.0760000000000005,0.09203353930204758,-0.017472600484297843,9.782806572298842,-0.13470062776207298,-2.323289818923169,-0.3893142758050834,-5.968199730874193e-16,-0.1580835119425943,3.910012265480921e-17
7.078,-0.004621229892183512,0.012514785235168639,9.817880318062754,-0.19141651072216362,-2.584695241488506,0.35158133623642485,-6.012652793551266e-16,-0.1630407029161045,4.097872887066323e-17
7.08,0.061829250367280424,-0.00719184819847842,9.815624668007057,-0.6397166245046116,-2.8247358632208024,-0.05173094756456281,-6.057535679219959e-16,-0.1680031901997441,4.29012801785156e-17
7.082,0.05964470666746799,0.016321663177581994,9.823070691180147,0.5566018089564457,-2.1660393360370724,-0.4725778664341026,-6.103012963070236e-16,-0.1729708325067826,4.483705206831754e-17
7.0840000000000005,0.10086964342125082,0.01817512086596387,9.763935302829188,-0.39792958870558265,-2.103825687647736,0.7111515605632345,-6.149088680141306e-16,-0.177943488403734,4.6786525513765665e-17
7.086,0.05485925178824152,-0.00023028774413176773,9.821664213591204,0.0038260177193373676,-2.3163080939715184,-1.0362872760289832,-6.1951821137125885e-16,-0.1829210163143722,4.877715396227384e-17
7.088,0.07174809961522982,0.0423314499463949,9.778307999886598,0.04508952911127215,-2.0128460179798044,0.551207961361043,-6.240914797251356e-16,-0.1879032745237649,5.0756177909322115e-17
7.09,0.06336470826187154,0.0008537117556547533,9.828283873101237,0.09966123536442661,-2.2683411740955677,0.14823011764708285,-6.286489810515512e-16,-0.1928901211823115,5.279077677375095e-17
7.0920000000000005,0.09088846502280365,-0.014622455496348732,9.834177842607602,-0.4053801492292924,-2.181181386024096,-0.5251497762025119,-6.331810350211325e-16,-0.1978814143097766,5.48471298590637e-17
7.094,0.06387163332880656,0.01718035577369313,9.757777143373493,-0.03008971721480475,-2.0856141710764318,-0.14335161806388555,-6.377080222259774e-16,-0.2028770117993335,5.694363308494277e-17
7.096,0.0653467026399172,-0.007347960257521833,9.822190311815437,-0.09914115787371384,-2.873463323453979,-0.6615918806382187,-6.422578594734267e-16,-0.2078767714216134,5.909977813263294e-17
7.098,0.07643959160940558,-0.03897686761188408,9.84526269747373,-0.8587068081576889,-2.415380009914314,-0.3881575574483269,-6.4679253895167805e-16,-0.212880550828747,6.131149345180828e-17
7.1000000000000005,0.045046959149729955,-0.058805033163466934,9.755469941334255,0.06112325070222741,-2.4549722321433536,-0.47862790435829045,-6.513198532463497e-16,-0.2178882075584331,6.357963538063617e-17
7.102,0.05206658105032695,0.020354946079794874,9.843999237714455,0.584240098313955,-2.5481552183747835,-0.37765366727481975,-6.558339056407892e-16,-0.222899599037969,6.585416273311873e-17
7.104,0.023757685917891687,-0.018210337982326314,9.849229916487566,-0.49062773238130125,-2.8882566963939382,0.13789882295953537,-6.60357951893466e-16,-0.2279145825883372,6.813777370744241e-17
7.106,0.10125902312968851,0.01865516260010933,9.759198611640219,-0.026498184226599556,-2.850659904869802,0.6978771146140399,-6.648432652723575e-16,-0.232933015428247,7.044092501290204e-17
7.1080000000000005,0.07172564425139792,-0.06252284447905111,9.836821664856151,0.7332943325275298,-1.5924468210840086,-0.8110778348293087,-6.693130107535696e-16,-0.237954754678209,7.276626154059567e-17
7.11,-0.052671714489052224,0.03397440671079838,9.808475998919745,0.4024856475189715,-2.512937552255008,0.6831970716407724,-6.73806609258336e-16,-0.2429796573646001,7.515183387055523e-17
7.112,0.0759690518570843,-0.024696484347337334,9.806691569473573,-0.23021735191936327,-3.323021703692466,0.12742420590805614,-6.782971044810202e-16,-0.2480075804237342,7.757777946518166e-17
7.114,0.014642216811877592,0.004142585353067103,9.784371578580824,-0.5019023042156444,-3.0911409635490226,-1.2622673115874128,-6.827464777687242e-16,-0.253038380705941,8.003894665716445e-17
7.1160000000000005,0.08870883452322989,-0.046209505946803196,9.787275499919891,0.7871283873265623,-1.9940954748495003,-0.3402735692346938,-6.871931363761225e-16,-0.2580719149796245,8.254036690093125e-17
7.118,0.024320311324019978,0.0184452865148686,9.810263668685101,-0.10050887836933928,-2.660878046426586,-1.115353403790384,-6.916143498398773e-16,-0.2631080399353659,8.507883994850054e-17
7.12,0.0721890931439853,0.0014675426425903733,9.79921191923731,-0.3696785197338343,-2.085310532010236,-0.28996916569487563,-6.960752193613981e-16,-0.2681466121899794,8.764696985399661e-17
7.122,0.02648354317908604,0.01859348239353018,9.787219490090846,0.07649862712833007,-3.0098435555947667,-0.4092472242256685,-7.005187441894124e-16,-0.2731874882906118,9.025332627896296e-17
7.1240000000000006,-0.02428832271699704,0.020278491138256034,9.72986434234168,-0.3138498463550495,-3.1599375933334075,0.6021026580284107,-7.049642309048507e-16,-0.2782305247188162,9.29173618348046e-17
7.126,0.06305591525688385,-0.02156749794935071,9.808803419623843,0.6196809613960259,-2.5925126571708974,0.9331410430498297,-7.09396543433857e-16,-0.2832755778946422,9.563686012298816e-17
7.128,0.08983348098823465,0.012412913542842668,9.780411195938798,0.40980098989775704,-2.3275469290691038,0.09975998749639788,-7.138238067191627e-16,-0.2883225041807234,9.837965054904079e-17
7.13,0.019760086160029777,0.03608788887164703,9.834397026421103,-0.778692330662682,-3.8605783856365985,-0.6497815619183382,-7.182426908719916e-16,-0.2933711598863662,1.011284295972138e-16
7.132000000000001,0.06894143134653326,-0.06674635861978336,9.833398856050577,0.8807068657926672,-2.776642554262941,-0.4097433656791678,-7.226493816524377e-16,-0.2984214012716417,1.0389920982885276e-16
7.134,0.08830825639808922,0.053782405725831615,9.829869055951605,0.17061777766691508,-2.5701446082296995,-0.20168923758732138,-7.27055252451742e-16,-0.3034730845514733,1.0671052375212311e-16
7.136,0.04642528932602504,-0.05110372142270449,9.794749660747105,-1.4873370194664435,-2.050313476132082,-0.8616219153590384,-7.314485941218367e-16,-0.3085260658997359,1.0957724182388083e-16
7.138,0.06534414264521246,0.05401346482300483,9.810577947252385,0.671077627348149,-2.3021608628025456,-0.004237329844002425,-7.358645386672576e-16,-0.3135802014533531,1.124884980981791e-16
7.140000000000001,0.046373184650874644,0.011110438084105036,9.806430899191017,0.2121733035529338,-2.369911643597487,0.18579062906202956,-7.402956886239737e-16,-0.3186353473163801,1.1544323553561692e-16
7.142,0.04880709354412159,0.052510843414252474,9.758281458978681,0.9126153832402563,-2.912845800999857,-0.1193719233428055,-7.447071591852393e-16,-0.3236913595641161,1.1845235378571948e-16
7.144,0.01426896283125588,-0.026078051615875435,9.73707741679798,0.20642227540304908,-2.544269559014067,0.07889510224087665,-7.491081710910553e-16,-0.3287480942471883,1.2148363422319931e-16
7.146,0.04260997438578778,0.035379195348528646,9.791342516760812,-0.22459153130931858,-2.884582920229548,0.07312854456307256,-7.535265942474134e-16,-0.3338054073956635,1.2452511756464722e-16
7.148000000000001,0.06405151069015738,-0.01956096979567415,9.800843608437331,0.8580186669202579,-2.769382428652734,-0.8874557064502734,-7.580041261433341e-16,-0.3388631550231317,1.2760152691699855e-16
7.15,-0.04569510442169158,0.008693209718534182,9.792677537289968,0.007589690954201797,-2.3301373826523974,0.41016645473603774,-7.624750402068527e-16,-0.34392119313082,1.307179825497788e-16
7.152,-0.018646564238707614,-0.023399116819745762,9.819065721163062,-0.5075908671962998,-2.4065946189315746,0.9454371534780307,-7.669395451874902e-16,-0.3489793777116808,1.3387450653074228e-16
7.154,0.06041395778590775,0.00768395511540901,9.746987555174249,0.3920566895231897,-2.1399697563823503,-0.04494820884302673,-7.713824981239601e-16,-0.3540375647545002,1.3706815297639955e-16
7.156000000000001,0.04118001242977087,0.023341040236565008,9.784729283755734,-0.043827772026338266,-2.956856375093822,0.4251287141997964,-7.758040706285513e-16,-0.3590956102479907,1.4029881344197084e-16
7.158,0.06043631340456618,-0.043538726783565795,9.816298089745645,-1.109160994177026,-3.1598699127337486,0.054940816168136106,-7.802197909381605e-16,-0.3641533701848977,1.4356944343824115e-16
7.16,0.011636596608321122,-0.02752280808821124,9.803746681748148,-0.19237913374257695,-2.576482125285859,-0.2667273295453121,-7.84665683816614e-16,-0.3692107005660949,1.4687020698567131e-16
7.162,0.08665584374923416,0.02723608882791617,9.802147567734517,-0.5138187330808979,-3.52945482846496,0.0060640642155282256,-7.891318849946961e-16,-0.3742674574046852,1.501821634912229e-16
7.164000000000001,0.055165265034867884,-0.03527215891748731,9.8136482068951,0.2630912833538641,-1.3758587545469887,-0.07728013785249722,-7.93623666649553e-16,-0.379323496730101,1.5354084919351303e-16
7.166,0.10983578982339903,0.023455395739769597,9.787873206921827,0.5226488889895566,-1.9115418667585669,0.13229206626168938,-7.981259393030067e-16,-0.3843786745922025,1.5694332458189715e-16
7.168,0.03265220511655034,-0.016801886731104214,9.789665301140987,-0.24469139927168843,-2.846583183677778,-1.0212312219531008,-8.026235717740447e-16,-0.3894328470653719,1.6038646914774882e-16
7.17,0.04684696762281587,0.038828769835255246,9.784801547752183,0.9060075348090935,-3.554976981019651,-0.6989938681849834,-8.07122206285003e-16,-0.3944858702526215,1.6385424037409834e-16
7.172,-0.012324960683407313,0.017835967756573992,9.811498375209563,-0.4022916342777844,-2.691322598464604,-0.08579740502526276,-8.116276101285814e-16,-0.3995376002896766,1.673305936749184e-16
7.174,0.0510669851209953,-0.0012491843731791499,9.850268428501424,0.9133262121717709,-1.9129937218444886,-0.2111526412432137,-8.161653256667683e-16,-0.404587893349083,1.7083853409713903e-16
7.176,0.04932356471451153,-0.02566120382859666,9.797593463262375,-0.30199749551353283,-1.7314872705298718,1.022876039845219,-8.207203058987137e-16,-0.4096366056442941,1.7437489563256302e-16
7.178,-0.01946140669343277,0.01523253277588711,9.75028260657634,0.09240643219035091,-3.6684402529214433,0.2749234659349105,-8.253082646037759e-16,-0.4146835934337705,1.7794340272217966e-16
7.18,-0.0019994575767026124,0.016551898922574266,9.768117904757537,0.28343468942898004,-2.554149429825728,0.23962568646671756,-8.298833322086912e-16,-0.4197287130250653,1.8153362712314108e-16
7.182,0.043116146547013116,-0.004667664977258908,9.84299051698529,0.6305702467805141,-3.324848175343475,-0.009734639685637883,-8.344919733399779e-16,-0.4247718207789238,1.8515638285707323e-16
7.184,0.013500854336319208,0.05573188513190996,9.856523409410826,-0.14784560155100057,-3.1122234230959287,-0.41646121867482344,-8.391096100189618e-16,-0.4298127731133621,1.8878855394677851e-16
7.186,0.05821389784609772,-0.030816786050320823,9.805980975203957,-0.23613471704296315,-2.621533741806942,-0.5781947843600832,-8.437032381638438e-16,-0.434851426507766,1.924747120146852e-16
7.188,0.07429755789536935,-0.011352816545315789,9.769504517998776,0.1263534402793123,-2.4069250260608315,-0.855606827157239,-8.483313244459799e-16,-0.439887637506969,1.9619395550718248e-16
7.19,0.044557070694452104,-0.05560239893947664,9.845344656148214,0.16103229865661042,-2.1479113792351714,0.9342645841617291,-8.530157681717688e-16,-0.4449212627253406,1.9993437806157295e-16
7.192,0.0020187962455761876,-0.02541784046533014,9.815957550171662,-0.37425863240015667,-3.0365085097705475,0.8671796309380781,-8.577323207508084e-16,-0.4499521588508643,2.036726221154444e-16
7.194,0.08194282132221307,0.06442080925103894,9.763468869694677,0.06755147129676403,-2.3342944924556237,0.7244513820888434,-8.624472723403107e-16,-0.4549801826492252,2.0745321075790895e-16
7.196,0.07735690131370548,-0.05937521165273012,9.840850440748545,0.07332248318513772,-2.0423844324933405,0.6978218048045546,-8.671762927979189e-16,-0.4600051909678783,2.112801954593131e-16
7.198,0.06473427965523894,0.03677742187560309,9.78769309568523,0.7817410478196197,-2.794762042935477,0.4262534055627523,-8.719351098816691e-16,-0.4650270407401332,2.151578273136652e-16
7.2,0.036616429717956075,0.032775824249443364,9.807986005435145,-0.30127594198253255,-2.111585572197909,0.5925015767448749,-8.766866797022108e-16,-0.4700455889892187,2.1909439493534844e-16
7.202,0.0017794445701821912,0.00940104288463451,9.798158347598289,0.06013034555193746,-1.6872256905602405,-0.5301704717187355,-8.814840815440619e-16,-0.4750606928323599,2.2308629778621064e-16
7.204,0.05999463969658346,-0.038039378744059556,9.81001885458622,0.3517439461434339,-2.853623505485684,0.22200044531911295,-8.863253220554501e-16,-0.4800722094848456,2.2709770813702333e-16
7.206,0.0901711566397568,0.0219523478524953,9.787972405049196,-0.5339780358854855,-3.3522052454051785,-0.24481328436368452,-8.911577502651013e-16,-0.4850799962640857,2.311323760083606e-16
7.208,0.02626574984711939,-0.031886033082475,9.835254780655996,0.27795720320916295,-2.461408779552568,0.1688610821912043,-8.96005897399287e-16,-0.4900839105936857,2.3521489392279376e-16
7.21,0.015356491904054664,-0.026825575055505115,9.816805384028441,0.6857248001826589,-2.4746696538911244,0.09780194277979813,-9.008167765688277e-16,-0.4950838100074934,2.3934856667138844e-16
7.212,0.1004777878284098,0.016587429751804685,9.766919293811622,-0.5875150674105263,-1.9915591185632677,-0.07709683505819567,-9.05674815083459e-16,-0.5000795521536661,2.435390595769934e-16
7.214,0.0166925562274345,-0.026366626579938903,9.788114797733362,0.038787030435147404,-3.355484118434607,0.19202024328102849,-9.105269681695869e-16,-0.5050709947987122,2.477896750774423e-16
7.216,0.08445150049250913,0.02221499870665968,9.803138532496554,-0.2213799221067201,-1.9691591213753958,-0.2797230184486468,-9.154183366558097e-16,-0.5100579958315529,2.5207733648538765e-16
7.218,-0.007625546403036254,0.0033125585707090336,9.81549043564924,1.301626896749394,-2.349998742013425,-0.7905018058834042,-9.203788534752981e-16,-0.5150404132675555,2.5637482352567807e-16
7.22,0.05185317822122554,0.044747507201031794,9.820900113712606,0.5303579299601527,-3.2431724657913303,-0.6048986356410844,-9.253412546355937e-16,-0.5200181052525857,2.607171350704848e-16
7.222,0.04928631520761337,0.017920081208858366,9.80144791254108,0.04351981104454842,-3.4185014179845834,-0.0448794178541961,-9.303284464043205e-16,-0.5249909300670407,2.650929452561781e-16
7.224,0.027200186145646208,-0.014890954572238914,9.768281938443915,0.09172265052494069,-1.8644439755523567,-0.41009015710517177,-9.352952644372488e-16,-0.5299587461298852,2.695252635074565e-16
7.226,0.041449438079484736,-0.04244865773175635,9.806176308415738,-0.22824480112501716,-3.3002456403385327,0.1720647862883167,-9.40256317335281e-16,-0.534921412002684,2.739818751445082e-16
7.228,0.10933887478360999,-0.022670191658505517,9.834566456875288,0.7430177030910862,-3.22421196794064,0.06509193780017586,-9.452347109194877e-16,-0.5398787863936263,2.7845145742118333e-16
7.23,0.030453422317484914,-0.009583184361073707,9.848186984788647,0.4948782392569533,-1.4283865501313633,0.5117969547428493,-9.502463641359702e-16,-0.5448307281615496,2.8293898018664006e-16
7.232,0.000645216524919022,0.0055404053481906464,9.789710262715893,-0.05831676383194928,-2.2634961044876922,-0.11343926900531241,-9.552768000436995e-16,-0.5497770963199576,2.874768734652628e-16
7.234,0.04487729778483192,-0.023893207376009667,9.769814844826147,0.3574186595530932,-2.663790513409546,-0.27390964360348435,-9.603256856068192e-16,-0.5547177500410325,2.920282583342099e-16
7.236,0.07996932451160949,0.012572334750265148,9.813441013262487,-0.1766872236730054,-2.0232360242798126,0.8870871036911226,-9.653313613192644e-16,-0.5596525486596483,2.9661030232097516e-16
7.238,0.021303556842842908,-0.02582831959734654,9.849065405341303,1.1813562741969057,-1.8872344149834406,-0.03114035676312652,-9.703251094486742e-16,-0.5645813516773727,3.0123281662367616e-16
7.24,0.021881050404513835,-0.04487435616556189,9.791188735585768,-1.0637419281350273,-1.9871620090467357,-0.07425939568847693,-9.753227227571209e-16,-0.5695040187664672,3.059008992461644e-16
7.242,0.09844249318151069,-0.05673042760649684,9.77776813032825,0.32583733197586,-3.206513294730105,0.3828176686482761,-9.803244170609345e-16,-0.5744204097738829,3.1061466505683667e-16
7.244,0.028809134175524845,-0.020111633285464305,9.800146247423822,-0.29932779410052635,-2.1143738897868305,0.571959954923608,-9.853773376628232e-16,-0.5793303847252509,3.1535257662992844e-16
7.246,0.0051954381711057235,-0.023142557677119903,9.78772851895618,-0.21414700290568037,-2.6657568212591944,0.13879786200005598,-9.90481915258414e-16,-0.5842338038288664,3.201525574783912e-16
7.248,0.09812889622018114,-0.018281920054838096,9.779453433367912,-0.8185291580509448,-2.792297550708797,0.7509850745355852,-9.95568043311627e-16,-0.589130527479668,3.249722809613632e-16
7.25,0.09276360761751867,0.028200492534195466,9.840736529486126,-0.19521036423585933,-2.5377312893718424,0.5476861614196193,-1.0006672479848405e-15,-0.5940204162632158,3.2982238916821803e-16
7.252,-0.015288841944419998,0.007503982831813498,9.828684671561284,-0.25591458870950634,-2.564104862198407,0.3156733707878559,-1.0057560440081969e-15,-0.5989033309596581,3.3471359859998953e-16
7.254,0.08898683637494403,-0.054746467246472766,9.835619893817032,-0.1470251884804394,-2.2371549839724416,0.26718491740567163,-1.0108350194486442e-15,-0.6037791325476922,3.3960814858555376e-16
7.256,0.010228261903031277,-0.004269194845259289,9.798225324209781,-0.24343924323532584,-2.7252486730059404,0.165408944241242,-1.0159434070553722e-15,-0.6086476822085283,3.445387032814927e-16
7.258,0.012451156039508672,-0.007725177339272427,9.75627387637489,-0.12338471597904642,-3.2880045796309227,0.3185770319270395,-1.0210424796466582e-15,-0.6135088413298366,3.494724827731321e-16
7.26,0.07988411686405687,0.058008370107179436,9.826025254668368,0.12906137807183496,-2.329523614463708,-1.2244004239401158,-1.0261556566688198e-15,-0.6183624715096976,3.544367787469021e-16
7.262,0.00560682343786708,0.0009404339489055097,9.80773604641221,0.12856033899364047,-2.1733723034369996,0.533403019228071,-1.0312590848319905e-15,-0.6232084345605383,3.594420149867529e-16
7.264,-0.008626489304415987,-0.023067862374539134,9.79964305623867,-0.40099799074031767,-1.852973522930171,-0.3899659183194914,-1.036361263570158e-15,-0.6280465925130709,3.644720544611343e-16
7.266,0.009132735644302017,0.03256354225816317,9.874241764485333,-0.36863124486689575,-2.9847628273504583,-0.6630549209189368,-1.0414781711687211e-15,-0.6328768076202167,3.695327350774927e-16
7.268,0.04703926983756003,0.049191550722068385,9.760367128905202,0.39837039103188215,-2.0716025572871386,-0.1819591042659697,-1.0465772416473236e-15,-0.6376989423610302,3.746503874356323e-16
7.27,0.05741163450077141,-0.009380967819578383,9.797451939230283,0.12193001032447817,-2.347669660704472,-0.8169973429444465,-1.0516829323614102e-15,-0.6425128594446136,3.798148940805287e-16
7.272,0.0626716769525791,0.015249298408703137,9.809632143309498,-0.09496421898933943,-2.2703923633679213,0.3777736436154955,-1.0568271599985372e-15,-0.647318421814027,3.8503853140556456e-16
7.274,0.06491490378254212,0.06261967677125473,9.792010725302498,-0.36239406783419625,-2.1356367538478063,-0.17990815011994077,-1.0619958633968229e-15,-0.6521154926501882,3.902773311699496e-16
7.276,0.047060491611227995,0.018595529126404605,9.824657166788187,-0.27309387724359657,-2.665045739424258,0.15954037840866492,-1.0672124004824024e-15,-0.6569039353757673,3.9555988982734333e-16
7.278,0.033433539389989254,-0.0029345624436350184,9.842963060145525,0.46024661098407516,-2.4629095741258715,0.500311431749144,-1.0724525167988581e-15,-0.6616836136590806,4.0089651232709126e-16
7.28,0.03531198697258325,-0.02553117790245228,9.818211587508728,0.3685303074276904,-2.4654359754078436,-0.44743414416777766,-1.0777731052867318e-15,-0.6664543914179643,4.062903893899427e-16
7.282,0.06012856166167517,0.011939796670935669,9.802363741656873,0.10419952248226788,-2.6875463325544855,-0.1280196990330141,-1.0831499633728981e-15,-0.671216132823654,4.117520754880082e-16
7.284,0.05872245361784185,-0.03467414814517414,9.846890012771187,0.3679021568285804,-2.960565002500224,-1.6002436155476187,-1.0885925113329165e-15,-0.6759687023046524,4.172661694193617e-16
7.286,0.019162290763086388,0.04534779066187505,9.812192895151448,0.48491517781813437,-2.7486588427884655,0.8388049546599399,-1.0940603425618572e-15,-0.6807119645505854,4.2283642179728605e-16
7.288,0.037490994971854145,0.01326970231032072,9.823916652396898,-0.13091985104469633,-2.5822978781242543,-0.30023648535042924,-1.0995468022983672e-15,-0.6854457845160544,4.2844049939538833e-16
7.29,0.0037570475336291126,0.012434236562765415,9.82762920718539,0.013942336533064446,-2.175418170401296,0.23744204264911759,-1.1050430478685431e-15,-0.6901700274244861,4.3409462337091247e-16
7.292,0.07428257117142413,0.028478130782142723,9.829365874266049,-0.46919198099231924,-2.1450561888621817,-0.02828127977865027,-1.1105996466048257e-15,-0.6948845587719651,4.397801653980934e-16
7.294,0.04304380613256115,0.0043451285037573225,9.860756753485893,0.4129367292257292,-2.260708916826873,0.4720769775861737,-1.1161665838873004e-15,-0.6995892443310638,4.45516272963283e-16
7.296,0.018342777967748667,0.022625845521995525,9.77514965463361,-1.19793539271207,-2.8716174779259758,-0.3781378533959543,-1.1218039644477921e-15,-0.7042839501546667,4.512684912340702e-16
7.298,0.016443704497429965,0.02863290748274084,9.87200498694406,-0.03307710235215388,-1.730751968998777,-0.39901786155675617,-1.1274844226676122e-15,-0.7089685425797804,4.570855840173159e-16
7.3,0.008157071160243341,-0.013421485031491735,9.831403539208555,0.08455721738728215,-2.8591089002910173,0.26011619479482434,-1.1332821991913065e-15,-0.713642888231339,4.629798389521309e-16
7.302,0.018960151074938255,0.007505854448143847,9.790232018549952,-0.9312995933359395,-1.8667083044985828,-0.2835123651005338,-1.1391659090057277e-15,-0.7183068540260081,4.689385052759895e-16
7.304,-0.008415228376869692,0.048955815154581625,9.7959346457838,-0.6764151135136119,-2.1650090903763743,-0.4850626266128831,-1.1450810533670572e-15,-0.7229603071759644,4.749180506126977e-16
7.306,0.03788067343147802,0.03208520743859209,9.809614123730515,0.06538310756631373,-2.147029211632377,-0.3075942600979287,-1.1510602953161868e-15,-0.7276031151926811,4.809329380627345e-16
7.308,0.06190988856798532,-0.04564609063694527,9.73976892860613,0.48007018966343684,-2.1366838552258627,0.44700449345398907,-1.1570717423800517e-15,-0.7322351458906997,4.869692507608623e-16
7.31,0.06924861150466116,-0.009485415922444626,9.772568517886407,-0.3657102890672685,-2.292996199627664,0.03115125859742744,-1.1631481464023986e-15,-0.736856267391394,4.930417208226472e-16
7.312,0.058592973821042206,0.03484222958573754,9.812931488741222,-0.024093937200414233,-1.3881667663912265,-0.05563584373146291,-1.169299684077658e-15,-0.7414663481267225,4.991348034224039e-16
7.314,0.09846656915537072,0.0005797319223075988,9.794494749637296,0.6803013905057653,-1.908914381442869,-0.14509395700111974,-1.1754521118291602e-15,-0.7460652568429766,5.052354002802532e-16
7.316,0.05612253129883548,-0.045720352816095176,9.77468112028539,0.4618302257661245,-1.5428693612722664,-0.5589887399451203,-1.1816706869163378e-15,-0.750652862604515,5.113732471666543e-16
7.318,0.058056712069389574,0.026425733425336655,9.827152390570786,-0.633953056108667,-2.288601392204307,0.15668406422808676,-1.1880016309507453e-15,-0.755229034797494,5.17611337269945e-16
7.32,0.057212745492259034,0.016626012660111645,9.812341018659307,0.722481353795454,-2.744375523201816,0.24262022014560944,-1.1943280787250777e-15,-0.7597936431335854,5.239374011208749e-16
7.322,0.02884400696166522,-0.017431276352994393,9.840895747848068,-0.3127150326687299,-2.240135016451535,-0.5961465865864032,-1.20057477122334e-15,-0.764346557653684,5.303368717617678e-16
7.324,0.03417799658457854,0.03791100283033852,9.802896383839226,-0.07073476137053401,-1.8795294206861795,-0.04861586400595623,-1.206771152136479e-15,-0.7688876487316101,5.367608447673844e-16
7.326,0.08358715617736498,0.008500530932534535,9.81848713802548,-0.11259917937206519,-1.9175668201601233,-0.6601073037241054,-1.2129397891052712e-15,-0.773416787077801,5.432404260935032e-16
7.328,0.03136529521359089,-0.0592401265569664,9.780917755677931,0.06808342760407228,-2.1026947861665923,-0.28553211237540577,-1.2191034586728656e-15,-0.7779338437429855,5.498072799839907e-16
7.33,0.06304474596498973,-0.013042355687017407,9.807657548974513,-0.5477220658829365,-2.369662516255362,0.1524150372134585,-1.2252293092225118e-15,-0.7824386901218671,5.564455830409355e-16
7.332,0.08071416761056524,-0.004947521998758825,9.865635890713436,-0.46083894100203104,-2.244171385710664,0.3203792987330467,-1.2312841693992546e-15,-0.7869311979567702,5.631389407542013e-16
7.334,0.010352345879252246,0.020540665282557404,9.838024490907596,0.05465126893712742,-2.124191341983009,0.22593624734681075,-1.2372243584142456e-15,-0.7914112393413049,5.698864647396708e-16
7.336,0.028797419419690804,-0.04162989127219382,9.78382834662279,-0.5678054897511179,-1.770793295582887,-1.0175440578852417,-1.2430822759421037e-15,-0.7958786867240021,5.767034375026934e-16
7.338,0.035339443898171875,-0.027833431081241426,9.874493519463222,0.29463231204865137,-1.8652627876447048,1.2034831977257048,-1.2488676984065778e-15,-0.8003334129119467,5.835730502377915e-16
7.34,0.07247392536536534,0.028147329666689945,9.759213581274429,-0.13244169254632898,-3.117922483147354,0.07765007830573124,-1.2545904644514518e-15,-0.8047752910743976,5.90478472717134e-16
7.342,0.002686961325236381,0.03635698282910635,9.81883080649464,-0.2425917936712117,-2.5832885954509104,0.7112790753636361,-1.2602627169493749e-15,-0.8092041947464008,5.974679767993348e-16
7.344,0.05034940691304626,-0.003909118079463468,9.843102423720628,0.12073578628549093,-2.82685183783165,-0.048143136505256715,-1.2658716143576841e-15,-0.8136199978323884,6.044920536345186e-16
7.346,0.056204346028493606,0.00021505017034840996,9.773811660078106,0.04947836140617372,-2.128444903994171,0.7118527036527593,-1.271372768946358e-15,-0.8180225746097683,6.115488338557112e-16
7.348,-0.004094545554020217,0.0037792071914254477,9.842943546160594,1.260187888829521,-1.7244248599905876,0.13802105179456667,-1.2767988606328329e-15,-0.8224117997325057,6.186543863530246e-16
7.35,0.02131956568843046,-0.03520013668308569,9.8134920023375,-0.004518979400189045,-2.947071913172292,0.49007410666358825,-1.282227011699334e-15,-0.8267875482346903,6.258267443447513e-16
7.352,0.05538764109168629,-0.02664387818761379,9.802363355733133,-0.3209081918966411,-1.574023969215216,-0.7642167445276462,-1.2876024552911453e-15,-0.831149695534094,6.330805253900779e-16
7.354,0.043676140989839456,0.02418863560679141,9.825438005921587,-1.4216905970963785,-1.8765922795787144,-0.7482662877840901,-1.2929585704703608e-15,-0.8354981174357188,6.404331286092205e-16
7.356,0.05891652150282477,-0.0006586209317858666,9.80526578093621,0.5294535073826481,-2.2996661324331367,0.5289483555799116,-1.2981939647782405e-15,-0.8398326901353311,6.47830827014697e-16
7.358,0.011337410832899481,-0.02217307471838185,9.840153808012207,0.3723140198898151,-1.5453813145882385,0.4676765810485675,-1.303386083762006e-15,-0.844153290222991,6.552923914243837e-16
7.36,0.016360440941849675,-0.03997466013737035,9.81530903298655,1.1391532834527949,-2.4502194515762583,-0.3206875074840019,-1.308534582183907e-15,-0.8484597946865589,6.628174008904892e-16
7.362,0.13963100076668034,0.026520928871606047,9.79144527687696,0.9542769476088924,-2.216150612626094,-0.35876294557887056,-1.3135926810330958e-15,-0.8527520809152043,6.703364367033773e-16
7.364,0.0030670238095006006,-0.02896287701757573,9.864407494362455,-0.030071506427914667,-1.7153378392768701,0.31202256117230154,-1.3186508226798558e-15,-0.857030026702893,6.779198770464837e-16
7.366,0.018056044043664874,0.04801628618766765,9.834050514852668,-0.22743220904776665,-2.061495157364443,0.3842427386450348,-1.3236530768309489e-15,-0.8612935102518668,6.855811725716502e-16
7.368,0.037606724798608125,0.01358801130932117,9.848482825227524,0.12219491631828605,-2.315134866555277,-1.069817694208767,-1.3286099175166701e-15,-0.8655424101761123,6.933037716626304e-16
7.37,0.045196633771787995,0.028154378705074874,9.842561268489082,-0.09340486551813636,-2.245449378565451,0.30685096191392786,-1.3334413736511218e-15,-0.8697766055048176,7.010651730477753e-16
7.372,0.01685037609873929,0.016297527263630485,9.830566784977654,-0.8655783225504925,-1.5030560958427588,-0.32630102242607034,-1.3382838387628825e-15,-0.8739959756858146,7.089407775008148e-16
7.374,0.010967116288661916,-0.04097190619418464,9.800069443562483,-0.773668013166045,-1.514357325341596,0.3410824445313101,-1.3430341132341584e-15,-0.8782004005890119,7.168729106756702e-16
7.376,0.033227827280119256,0.025715897091961825,9.781695495331162,0.23303501436354446,-3.2075513193852636,0.9272563618446334,-1.3477715131418988e-15,-0.8823897605098142,7.248835697767668e-16
7.378,0.028464424762405433,-0.010058565265181584,9.847301068996623,-0.1512837929063803,-2.674467202852828,0.20909485495633232,-1.3524612679067746e-15,-0.8865639361725338,7.329529929924979e-16
7.38,0.03953287960832002,-0.028873575142616837,9.817485372369429,-0.49641927963362803,-3.3040920193801755,0.19415234284972566,-1.357137584968475e-15,-0.8907228087337822,7.411005078936483e-16
7.382000000000001,0.041338622058623015,-0.02269322939753002,9.808384649783152,0.09623410603245913,-2.7244128221402826,0.24105573912858427,-1.3616959152370249e-15,-0.8948662597858583,7.492658927883126e-16
7.384,0.0891023515705879,-0.0013765686688004763,9.846894169136753,-0.7721881304973193,-2.3023498799529523,0.254523217079583,-1.3661001405884942e-15,-0.8989941713601137,7.574273344746295e-16
7.386,0.04107247534130898,0.003390130176056969,9.841057563532038,-0.293951685573643,-0.896990638913904,-0.019361244535750534,-1.3703948568858194e-15,-0.903106425930317,7.655870091852099e-16
7.388,0.01850082275074038,0.011262879719346133,9.779711628963012,0.8637854834053728,-1.8637303131880665,0.2987769018887088,-1.3746025438027101e-15,-0.9072029064159975,7.73779905458767e-16
7.390000000000001,0.025980792220720656,0.015097967320120415,9.859141970756916,0.7341499968227646,-2.4115005277327324,-0.06368567282127167,-1.3787811880680474e-15,-0.9112834961857784,7.8206241867992025e-16
7.392,0.0314645017333905,-0.05486048673194691,9.86540224422077,0.7514196228156543,-2.159338307109732,-0.49118079587550906,-1.3829179882930548e-15,-0.9153480790606988,7.903813089082556e-16
7.394,0.11084946390117459,0.03755707785703157,9.823489729269241,-0.10154278825143809,-3.2813760575623365,0.4203048403193293,-1.387006614795721e-15,-0.9193965393175196,7.987439188124497e-16
7.396,0.08114821502492006,-0.0004918472695184891,9.879890019825554,0.6049941683534442,-2.5879978996659503,-0.260936941936025,-1.3910292495254258e-15,-0.9234287616920211,8.071736644756061e-16
7.398000000000001,0.027837237125722742,0.008342206046348893,9.789197512587752,0.3445173051392431,-2.384542946155342,0.9936344448503719,-1.3949668595364719e-15,-0.9274446313822816,8.156242475739058e-16
7.4,0.0539534845679928,-0.03175339664111757,9.81329929369796,0.006227806530813048,-2.0933456522581464,0.987824756414072,-1.3988597338127948e-15,-0.9314440340519472,8.241079657284365e-16
7.402,0.1283706814072938,-0.012987218909727236,9.876553597363138,0.6071200336522449,-1.433063533182458,-0.9251440104228017,-1.40269561317709e-15,-0.93542685583349,8.32640125252051e-16
7.404,0.0519408639231759,-0.006592597496624372,9.835007630533543,1.1105746574458244,-2.2384377409316647,0.6859008167377513,-1.406432124897137e-15,-0.9393929833314436,8.412059877166964e-16
7.406000000000001,0.05083293149900367,0.0014597148441643142,9.761955282770744,0.15219271625284755,-2.4490672760645342,-0.029957934763167136,-1.4100622700599464e-15,-0.94334230362564,8.498122451491105e-16
7.408,0.043095895163773885,-0.000837365122144973,9.799596474449972,-0.3010760353836151,-2.06299101549058,0.6834966416453402,-1.4135964581583884e-15,-0.9472747042744164,8.584414346061308e-16
7.41,0.04180266385212045,-0.03146904290188001,9.797736425830763,-0.2790180604597518,-1.9511087399308338,-1.191155778602698,-1.4169856328558938e-15,-0.9511900733178226,8.670856863177479e-16
7.412,0.022950886549335865,0.014417278364384282,9.812529982046094,-0.06251518641969257,-2.312580391137577,0.6284885387534633,-1.4203005638968797e-15,-0.9550882992808056,8.757884724965716e-16
7.414000000000001,0.12122332274729349,-0.04275553049620246,9.79767797886759,-0.6724987498946785,-2.2833627538905232,-0.0006973743354194209,-1.423485251989205e-15,-0.958969271176386,8.844789150432663e-16
7.416,-0.018514842230082568,0.0010744573719447205,9.764502428020503,0.27107510733242995,-1.4674916925041293,-0.8659237074041315,-1.4265685140458008e-15,-0.9628328785088128,8.931860947195354e-16
7.418,0.01650035617644385,0.021735004005484986,9.857809254809084,-0.06797552937815349,-1.297977101757572,-0.1377771767689393,-1.4295489692864419e-15,-0.9666790112767188,9.019084718022736e-16
7.42,0.05998992076789714,-0.05379829380216162,9.834585405444626,-0.475539339702191,-1.6086568498860605,-0.04159944990131246,-1.4324192826186617e-15,-0.9705075599762408,9.10652518360236e-16
7.422000000000001,-0.02234970911438893,-0.008567769289793609,9.83341028995187,0.3251644134427835,-1.6087082875929213,-0.5320647492955393,-1.435220724942865e-15,-0.9743184156041468,9.194322749139568e-16
7.424,0.06949496974355562,-0.04514729788495133,9.811657387378183,1.0473246379924765,-2.6579966256236434,-0.06800890392654818,-1.437921289775904e-15,-0.9781114696609362,9.282147594759405e-16
7.426,0.05385920549928807,-0.0007034071014396483,9.801027999800134,-0.5090165826399933,-2.194326233773954,-1.0670705145293244,-1.4405875593193782e-15,-0.9818866141539264,9.370544919593904e-16
7.428,0.00922490431777864,0.017459945513058295,9.840537413321497,-0.18643488173641973,-1.4779732913816725,-0.046192366794844876,-1.4431074350328669e-15,-0.985643741600334,9.458781285157734e-16
7.43,0.060110326549154665,0.029838051890891105,9.819451177630134,0.48435479012576876,-1.1070903578623283,-0.4152160680584567,-1.4455341430061125e-15,-0.9893827450303267,9.546836900919377e-16
7.432,0.08428008066580514,-0.027258472801142145,9.819540260491166,0.2900382163917553,-1.7483251014157597,-0.5332464585934107,-1.4478734177949764e-15,-0.993103517990078,9.63534282610759e-16
7.434,0.04631800499421215,-0.0050821630856816135,9.858014274262363,-1.0874839882897676,-1.5924621439802706,-0.008556711193927397,-1.4500235581393045e-15,-0.9968059545447896,9.723380128068293e-16
7.436,-0.00668286249919136,-0.026755379798505542,9.806131739319001,0.5315479137726933,-1.2917440707445305,-0.4228039664038861,-1.4520572146347314e-15,-1.0004899492817134,9.811419871873778e-16
7.438,0.08450152806775876,0.03543583078817087,9.838182131455989,-0.625872734537157,-1.6235586544274925,-0.14333107158413577,-1.4540663406292902e-15,-1.0041553973131505,9.899707432768932e-16
7.44,0.025213522686553306,-0.0057844938516443635,9.868459380837924,-0.4978184288822339,-2.6061921680267646,0.8662909461789513,-1.455975816350069e-15,-1.0078021942794384,9.98846348073903e-16
7.442,0.06772802669517464,0.03155225911106639,9.797377887517305,-0.3075710714853457,-2.218758876656718,-0.1545577767921018,-1.4577645132318425e-15,-1.011430236351921,1.0077176629358178e-15
7.444,0.059650801077998084,-0.04130867062855149,9.787999763257906,-0.49150831130304723,-1.8844880241045403,0.6998478100075676,-1.4594885965982936e-15,-1.015039420235908,1.016658623436467e-15
7.446,0.03772810776636765,-0.021567879406944834,9.822543909716428,-0.4460538168773393,-1.8207892264999848,0.11365802528176887,-1.4611776893806397e-15,-1.0186296431736108,1.0256282442988174e-15
7.448,0.04836561562779537,0.01139420251429089,9.84250213893683,0.4082940507296688,-2.077003273786659,0.12793655830747502,-1.4628754198774797e-15,-1.0222008029470742,1.0346439798517013e-15
7.45,0.07225998278007359,0.003134508240420246,9.833625795462154,-0.28375820832987797,-1.4979216941393814,-1.4062901637937024,-1.4644919547073077e-15,-1.02575279788108,1.04366865748418e-15
7.452,0.02742879926263541,0.021995227187167045,9.86208000040422,0.9230248116637222,-1.4521289603568837,-0.42591338938095646,-1.4660258215474533e-15,-1.0292855268460506,1.0527007921742537e-15
7.454,0.03667002741276642,-0.0030333584551764142,9.86119107083904,0.39796262039929614,-1.9576541061259165,-0.401603191034436,-1.4674490094109753e-15,-1.0327988892609183,1.0616958283375717e-15
7.456,0.04587638498179895,-0.060829789673754124,9.799241273193271,0.15624568788932489,-2.1280638374393477,0.798850732466937,-1.4688046385810326e-15,-1.0362927850959989,1.0706706850209918e-15
7.458,0.03423521321760939,-0.008541791483890435,9.814888975491941,-0.46584908148602155,-1.4870075050597098,0.8744207667750663,-1.4700787679549801e-15,-1.0397671148758316,1.0796398448504369e-15
7.46,0.05938616064786279,0.03705930035209005,9.787117551416326,-0.7572649601237852,-1.1611153135622412,-0.16667444740821877,-1.4712759952772693e-15,-1.043221779682017,1.0885936339796658e-15
7.462,0.04050838198188774,0.03432562536396765,9.842191597376017,0.560387535441771,-1.698456814764838,0.588934447752962,-1.47233040288366e-15,-1.0466566811560294,1.0975347393610312e-15
7.464,0.0006630706047821497,-0.04746601116442806,9.844459032434195,-0.309112650590387,-1.8852617516789822,0.2306860771069189,-1.4733771343600398e-15,-1.0500717215020223,1.1065208058290501e-15
7.466,0.01174865681711142,-0.005020916868171188,9.810626911340968,1.1172342761864116,-1.5260297064777315,0.36891580298164506,-1.4744155409579789e-15,-1.0534668034896073,1.1155514141214988e-15
7.468,0.03871069896211964,-0.04937773580278334,9.834506190998743,0.16412064245472555,-1.6905304891462158,-0.5214657639795601,-1.4754113473997977e-15,-1.056841830456626,1.1245895967038878e-15
7.47,-0.007705675777718288,0.02128532114856527,9.860398498949317,0.7390090484567301,-1.7182723632980301,-1.240351572202872,-1.4762307485185945e-15,-1.060196706311901,1.1335641810732485e-15
7.472,0.00877109311864244,0.024285232650575524,9.825999752788745,-0.09777211075340904,-1.4446003538899124,-0.7932248094948303,-1.4769448948647553e-15,-1.0635313355379723,1.1425379123757489e-15
7.474,0.06276498666297337,-0.05421294140502182,9.827868193855476,0.8287374852426087,-1.5331316895857847,-0.22504365622645986,-1.4775770794007422e-15,-1.066845623193818,1.1514767497973404e-15
7.476,0.016000122073521333,0.049894126454802214,9.769193609021665,-0.72498176621633,-1.4706972592571266,-0.168643575628718,-1.4782216723761022e-15,-1.0701394749175543,1.1604991189132678e-15
7.478,0.01791340807084587,0.02013462349041715,9.763388193455262,0.22178570364859115,-1.7919583873596576,-0.039930233994497404,-1.4787501683274756e-15,-1.0734127969291254,1.1695243136680077e-15
7.48,-0.03835019287454102,-0.016877906277657315,9.819377615344772,0.529378145953627,-1.2936997182459555,-0.6819344467825447,-1.4791605922628409e-15,-1.0766654960329718,1.1785503724115373e-15
7.482,0.01898281019134901,-0.006798716666976807,9.793098257044797,0.4718723864890441,-0.5253632644637718,-0.4789343799295485,-1.4795582171308536e-15,-1.079897479620686,1.1876032879035448e-15
7.484,-0.007862647661014514,-0.03510312297145087,9.825176228495993,0.14262173069007467,-1.760870316334661,-0.9269293878875252,-1.4798060616571909e-15,-1.0831086556736464,1.196607525752932e-15
7.486,0.026602106966236487,0.013561694243355345,9.83995134691996,-0.2557843649592261,-1.1125716304360291,0.16922610963192058,-1.4798188614164836e-15,-1.0862989327656394,1.2054991974045225e-15
7.488,0.02327728716957192,0.025413054272899954,9.809721991987374,0.8541314310697762,-2.614853071104398,0.3052430638106532,-1.479634208521879e-15,-1.0894682200654615,1.2143048544924102e-15
7.49,0.06619969664927271,0.06585481664850774,9.844921817250272,-0.13251769920488607,-1.567896429431822,-0.25177037043023515,-1.4792903894217065e-15,-1.092616427339507,1.2230519301099294e-15
7.492,0.060937911927667406,-0.015116539549912149,9.759253834510776,-0.6504461011228015,-0.5217629551684215,-0.08518307942833481,-1.4787909753161e-15,-1.095743464954335,1.2317294414174297e-15
7.494,-0.014222723613018545,-0.005068559908585133,9.802065578540319,0.0643468409276859,-0.6408457026041702,0.15359352699369186,-1.47809751423174e-15,-1.0988492438792237,1.2402948451297489e-15
7.496,0.05533066282181513,0.02048260419175322,9.860593889065473,0.06986058531195227,-1.8734933549579638,0.21702716270105202,-1.477248655053705e-15,-1.1019336756887033,1.2487761234156368e-15
7.498,0.06226367680513619,-0.025039032791678448,9.803690683444874,0.03792964025867201,-1.0056375031787432,0.8025976375047623,-1.4763979558448226e-15,-1.1049966725650755,1.257314229002938e-15
7.5,0.04355060634024993,-0.023251639015345323,9.85154886211583,0.6212637697721283,-1.1918731580247899,-0.21674262772948766,-1.4753812068545602e-15,-1.1080381473009124,1.2657719492040842e-15
7.502,-0.01978947852671397,-0.04472437840628516,9.834131502488777,-0.30829180025032493,-1.3216099488086706,-0.6174650340211407,-1.4741889165886497e-15,-1.1110580133015415,1.2741541526276372e-15
7.504,0.006120410126150094,0.007546861870990581,9.850676425628137,-0.3645918756158181,-1.290028682792228,-0.37739296845733167,-1.472860861569778e-15,-1.1140561845875103,1.2824903469628865e-15
7.506,0.0011704902694863843,-0.04359924165015388,9.846681544418281,-0.33883144155104766,-1.2492307948089851,-0.25298375765298337,-1.4714268151697308e-15,-1.117032575797032,1.2907377829646436e-15
7.508,0.021347672236269922,0.002571569186593161,9.824202576729268,-0.8797365630860047,-0.43316922933549495,-0.2508105146606641,-1.4699642601611914e-15,-1.1199871021884216,1.2989683547053794e-15
7.51,0.12103014386104088,0.0262857486603546,9.811057671133915,-0.20796628998426517,-1.728273332333012,-0.6228370737740211,-1.4684025248442149e-15,-1.1229196796425016,1.3071796239203781e-15
7.512,0.034414004574083966,-0.06111543889588067,9.817039216181849,0.39149537544588836,-1.112511108482744,0.148147163971094,-1.466658847042275e-15,-1.1258302246650047,1.315294202365438e-15
7.514,0.02223849991352376,0.012925180162287928,9.807681231328665,0.2517206154197119,-1.9317751516102915,-0.3721377259322976,-1.4647802193163912e-15,-1.1287186543889454,1.3233345832832057e-15
7.516,0.04861080410921366,0.03897883422271616,9.82990694406191,0.5613742300972031,-1.2430924019790837,0.7400069223859493,-1.4628584456534898e-15,-1.1315848865769804,1.3313584461634522e-15
7.518,0.04413308594736198,0.020368854100989778,9.813003297714321,0.6913451226092381,-1.1205213376996865,-0.4845215069003708,-1.4608218210575213e-15,-1.1344288396237547,1.3393622190841245e-15
7.52,0.05401358981179333,0.01671506437012866,9.782322876789685,0.02192018389812037,-2.0985068693490025,0.5508065224306886,-1.4585989884393642e-15,-1.137250432558219,1.3472502583278021e-15
7.522,0.05920454863268399,0.05599495591842148,9.819379584273486,-0.31909446650988177,-2.1562506997296587,-0.14286157028675783,-1.4562179859940716e-15,-1.1400495850459371,1.3550700372018644e-15
7.524,0.08022711495604262,-0.019610896296037118,9.876221587849669,0.20829200908304202,-1.5626880348236982,0.4727158892635121,-1.4537272681433022e-15,-1.142826217391377,1.3628458877503101e-15
7.526,0.04141425907173648,-0.03244573327064522,9.836917785755796,-0.4845929072293158,-1.323714469541509,-0.3238808845307391,-1.4511180448807037e-15,-1.1455802505401749,1.3705837035279082e-15
7.528,0.001375897269673517,-0.02418301923596796,9.850860059758473,0.4989116548947833,-0.9695479690988076,0.08138915839855078,-1.4484077146192216e-15,-1.1483116060813887,1.3782571751349886e-15
7.53,0.04952050588382186,0.01695675652066489,9.81136721945584,0.7976746081277254,-2.137618619039935,-0.1601905104621008,-1.4457170158550512e-15,-1.151020206249732,1.3859882666245208e-15
7.532,0.01263501465606615,0.034911473081028585,9.837160204422467,0.4396025086141208,-0.7525934115905638,0.3168827823775148,-1.4429934928868317e-15,-1.1537059739277842,1.3937488232128702e-15
7.534,-0.06610619778981874,-0.06856673271003595,9.858578932238943,-0.07300071982509598,-1.6542452975049637,-0.10031037885640655,-1.4402427414134492e-15,-1.1563688326481911,1.401530105378783e-15
7.536,0.01801357976710058,-0.0019465096941277864,9.886143177882332,-1.1101971005922988,-2.156755936135129,1.0875646618739256,-1.4373585755277018e-15,-1.1590087065958383,1.4092738384759917e-15
7.538,-0.0049135176578932495,0.007867466487258192,9.85125807021046,0.9820034089116991,-0.81438452226708,-0.6817587064298742,-1.4342593634390769e-15,-1.1616255206100117,1.4168874560722437e-15
7.54,0.06615354936989919,-0.003019247085030103,9.825438215908296,0.2598171190447925,-1.5791716532068945,-0.49201881818523313,-1.4310739369896806e-15,-1.1642192001865383,1.4244871234319937e-15
7.542,0.042658904254829266,-0.014652866473455744,9.817626608461282,-0.2868608311401113,-1.3449293826914623,0.4082059978122795,-1.4277605106665666e-15,-1.1667896714799044,1.432025595799567e-15
7.544,0.05209334626272914,0.013263337051105908,9.828632529107807,-0.5007757499603359,-1.7474134106726487,-0.5398003372294785,-1.4244102746124436e-15,-1.1693368613053627,1.4395762304018646e-15
7.546,0.04108271877760049,0.017013614048450573,9.855577969924607,0.7384590840533047,-0.5862139082756449,-0.012646112969813586,-1.4208405365355944e-15,-1.171860697141013,1.4469775392262852e-15
7.548,0.020807084529327592,-0.010815966138566018,9.800229633449026,-0.09687397145821153,-0.48567734559013187,0.6930844685901678,-1.4172098714539326e-15,-1.1743611071298672,1.454411306849582e-15
7.55,-0.01542368594589488,0.004064855172571843,9.84258135195369,-0.45851197893316203,-2.2964955425288824,-1.0701273473331427,-1.4134563612552749e-15,-1.1768380200818989,1.4618540612415662e-15
7.552,0.006985803686687407,-0.014524636730052925,9.812117468819519,0.031322247359902015,-1.3620510779535293,0.1867330666361071,-1.4095769598745465e-15,-1.1792913654760635,1.4692088532590817e-15
7.554,0.05130615015960415,-0.0377928235543052,9.821112082689247,-0.18936538981376358,-1.5887085093666675,0.43400571722407283,-1.4055078327194592e-15,-1.1817210734623151,1.476449996519849e-15
7.556,0.031489510724410016,-0.007910746559477544,9.817134742774087,-0.48684008102773485,-1.0286266193859246,-1.4218350901378296,-1.4012737699134228e-15,-1.1841270748635866,1.483637750753718e-15
7.558,0.027608917673775983,0.024566654048926804,9.842193868852366,0.2370156954228476,-0.748443674044788,-0.07872520937624868,-1.396933791805355e-15,-1.1865093011777663,1.4907932245564846e-15
7.56,0.03541117010763052,-0.01583996667730946,9.764396176236927,0.25117821500330173,-1.365478137565356,-0.24844404331876635,-1.3924373659388649e-15,-1.188867684579643,1.4978745842790797e-15
7.562,0.021531472347442755,0.03499508580885413,9.839744417639713,-0.23246831072747706,-0.9123238402479665,0.2014689277174563,-1.387615371896142e-15,-1.1912021579228422,1.5047824018523428e-15
7.564,0.008096935882991046,0.009290557476096875,9.833197304162177,0.11685620777687637,-1.080658230113059,-0.26820175552571063,-1.3825252887127445e-15,-1.1935126547417343,1.5115361052474765e-15
7.566,-0.014411638588421524,-0.00011251002049453653,9.85691345687725,-0.08965942480225284,-2.01253825891946,-0.5549423758944274,-1.377162911399883e-15,-1.1957991092533289,1.5181314051768478e-15
7.568,-0.020112329400325826,-0.026382440932418802,9.8462748591786,0.21229711433140683,-0.9863190960919502,-0.21873869117923345,-1.371764603181149e-15,-1.1980614563591478,1.5247776835963205e-15
7.57,0.030192410284883578,-0.05079298914299912,9.845657810289458,-0.31439600937372686,-1.357430348155003,-0.7760833493572811,-1.3661243454288297e-15,-1.200299631647077,1.5313171291351064e-15
7.572,0.04127029943148442,-0.0005611294455495478,9.775265531680107,0.1442248592868349,-0.9697220302111291,0.004181162448001976,-1.3602885182417765e-15,-1.2025135713932034,1.5377879040153048e-15
7.574,0.002423589756237198,-0.021814684729164254,9.800069491344754,-0.4964858321299431,-1.2583949985317908,-0.13142043872378567,-1.3542744701175501e-15,-1.2047032125636266,1.5441631668534974e-15
7.576,0.025372621232689102,-0.003328878650872874,9.828909221212315,0.8089985806447997,-1.6583303873825046,0.3892636774703125,-1.3481230234250348e-15,-1.206868492816256,1.5504904497010698e-15
7.578,-0.0007563490986590427,-0.004492289846474687,9.863905860287954,-0.8194428997847887,0.538375389207556,0.5873875190706594,-1.341623033047759e-15,-1.2090093505025836,1.5566058928817265e-15
7.58,0.018498208294568354,0.00019965540245715126,9.842208055492202,-0.04445685531241163,-1.3326773671681293,-0.22155012454684314,-1.3349353598449693e-15,-1.2111257246694425,1.5626165273137649e-15
7.582,0.029993995053128122,-0.03534764260439445,9.843232157564529,-0.10628741630342738,-2.016447268563627,-0.6675949512170476,-1.3280571755147065e-15,-1.2132175550607396,1.5685196006121641e-15
7.584,0.01138574339730002,0.007561768630263519,9.8132707860274,1.0262616737352213,-0.8605181600324616,-0.09324650869071044,-1.3210436605149118e-15,-1.2152847821191717,1.5743476298449524e-15
7.586,0.002730722826748074,0.00498166240717637,9.796530551031797,-0.5454500128498989,-0.48756185389680706,0.6362369596420491,-1.3138859752492994e-15,-1.2173273469879224,1.5801067152866677e-15
7.588,-0.008665286248372605,-0.0313065753684785,9.8466260644737,-0.6260095310641715,-0.2998452212130527,-0.5140102131723067,-1.3064785934936902e-15,-1.2193451915123372,1.5857071991893506e-15
7.59,0.02461405200365828,0.044703074377511455,9.842347452451708,0.022543543068193943,-1.0931735312437583,0.5987425178684095,-1.2989286126461645e-15,-1.2213382582415844,1.591225740940418e-15
7.592,-0.009112473919604031,0.025233297231666566,9.84542774191858,-0.3404984167886998,-1.002410926690014,0.780543598889591,-1.2912136613041934e-15,-1.2233064904302773,1.5966845385984978e-15
7.594,0.022054361980041775,0.02856146734186357,9.817863706324296,0.07906196297067951,-0.8800145916615494,0.12254819151843444,-1.2832860402986974e-15,-1.2252498320401055,1.6020289611886121e-15
7.596,0.02617331676278874,0.015427409352647697,9.823834251666062,-0.04755314324650442,-0.9273470134058588,0.5104936799610867,-1.275248220951209e-15,-1.2271682277414235,1.6073461812148952e-15
7.598,0.013691655647594909,-0.06270430999799423,9.854553409853297,0.3261034574822624,-1.0654534312997286,0.06326979081885431,-1.2669267568880974e-15,-1.2290616229148243,1.6125155517370769e-15
7.6,-0.036313913133966896,-0.0014382148115216922,9.813071993309135,-0.7519499312141776,-1.0105544780979687,0.060147043152345744,-1.2583249344597228e-15,-1.2309299636526985,1.6175255435126289e-15
7.602,0.004627099802224428,-0.011716484988112816,9.854037604638025,0.39740436355085007,-1.2096836602312437,0.5136703777128054,-1.2494858030141956e-15,-1.232773196760769,1.6224264852883404e-15
7.604,0.05572244596389321,0.011785578664216135,9.819736403412811,-0.07710917518030527,-1.0983967261568908,0.4277250964993392,-1.2403998502116593e-15,-1.2345912697596009,1.6272237844073313e-15
7.606,-0.040595243837257204,0.046391636324730354,9.87388585769562,0.8372748450342977,-0.8529571678943315,0.4610259391899188,-1.2310174133244785e-15,-1.236384130886102,1.6318605049776748e-15
7.608,-0.02572859685868055,0.0206573864764832,9.863758498749798,-0.5650342851007616,0.35089401350924154,0.4215191685714903,-1.221503886454812e-15,-1.238151729094995,1.636464878724055e-15
7.61,0.00381394937888436,0.03748918591962737,9.793767619765543,0.583790276225709,-0.7831853047905821,0.3638096831349433,-1.211648015904863e-15,-1.239894014060266,1.640840629044206e-15
7.612,0.04310253271186333,-0.05130391091806662,9.788476929818575,-1.181922422685292,-1.2971352556698923,0.06228691639187795,-1.2014865780955373e-15,-1.2416109361766068,1.6450468183719768e-15
7.614,0.08988901237204203,-0.04493842537660771,9.817542183117391,0.8955257709022836,-0.9675937521138667,0.028073380248326514,-1.1910777803944725e-15,-1.243302446560817,1.6491194827007737e-15
7.616,0.0032493204280656628,0.011410768134132443,9.806887638606804,0.28252247789073526,-0.8722831048398606,-0.5561763655649046,-1.1803437605053193e-15,-1.244968497053205,1.653032716044437e-15
7.618,0.034696121576375846,-0.003581641169507803,9.789571719114287,-0.20935944610455137,-0.12969468745950696,-0.14742895817478777,-1.1694597976304645e-15,-1.246609040218952,1.656798645884329e-15
7.62,-0.024651323518410824,-0.006769445353973082,9.880650777294052,-0.3232280702465876,-0.6047566364142289,0.2514009108138908,-1.1583551925089585e-15,-1.2482240293494675,1.6603836439150976e-15
7.622,0.03752893590021958,0.005683212162487264,9.880399591788452,0.008714561719303328,-0.8926433872981465,-0.26897211593876624,-1.1471386866318649e-15,-1.2498134184637195,1.6638821388654085e-15
7.624,0.0007322310305453526,-0.03267958775934254,9.822421498533446,0.405984757251743,-1.2728942849156057,0.6769448995430349,-1.135697816738601e-15,-1.251377162309539,1.6671961403155389e-15
7.626,0.04268506403831687,0.07818385133033008,9.819285834878915,-0.18792410349460648,-1.5097869714249081,-0.2155643949349131,-1.1240931471916697e-15,-1.2529152163649138,1.670364271182569e-15
7.628,0.010441331069315964,0.008522370903158208,9.829620459203076,-0.5640989505507055,-1.1163017650205003,0.12917235534413826,-1.1123793732294605e-15,-1.25442753683925,1.673434253335791e-15
7.63,0.011698254830926274,-0.009066603355247782,9.813700456459436,-0.6721040167029702,-1.28818758823992,0.48696482381975087,-1.1006121458474507e-15,-1.255914080674631,1.6764548519164058e-15
7.632000000000001,-0.010058470375891242,0.024657049792946018,9.850840641521218,0.3129319376945501,-0.36486432749076275,0.11507875347918349,-1.088564869007299e-15,-1.257374805547026,1.6792277501365417e-15
7.634,-0.009141465218868909,-0.021811217432840008,9.82716939423107,0.45768542358294334,-0.8595718408520191,-0.38802147234958445,-1.0764053783020837e-15,-1.2588096698675115,1.6818998276688121e-15
7.636,0.07412327251842578,-0.023954690438042905,9.835488787851574,-0.2813073685613483,-0.6617601658059603,-0.0044124217661582945,-1.0640120823017596e-15,-1.260218632783444,1.6843784521220244e-15
7.638,-0.012157186476019368,-0.0021433248945331037,9.851191601616016,-1.0152967152086634,-1.1199073580635859,-0.9411101350144968,-1.0515617494655469e-15,-1.2616016541796309,1.686804778453692e-15
7.640000000000001,0.034410315549438714,-0.005145839854135827,9.785304386434658,-0.6197328737670232,-0.34088644787657946,-0.6159570190719525,-1.0390039247438868e-15,-1.2629586946794704,1.6891205410597226e-15
7.642,0.021529563071730186,0.030900407157973105,9.817743435753844,0.3466171279664614,0.43238062707036773,-0.16771391816008727,-1.0263958349863592e-15,-1.2642897156460675,1.6913762514855665e-15
7.644,-0.0015739782283152731,-0.04992284545885664,9.815777618664635,-0.18653732455453825,-0.6538591059336614,-0.11460468745135206,-1.0136151001253178e-15,-1.2655946791833437,1.693478297423497e-15
7.646,0.04248545353330523,0.03835099936998781,9.815261803323653,-0.6418561593468697,-1.4645396147774765,0.00028962304636540574,-1.000660740284755e-15,-1.2668735481371065,1.6954257951052796e-15
7.648000000000001,0.025471870773972713,0.06744524464974103,9.844344574725723,-0.4288906243881095,-1.0074982013780756,0.16013527435507982,-9.875455964073336e-16,-1.2681262860961162,1.6972018485599669e-15
7.65,0.027485289432646977,0.024625060160418353,9.818460604658785,-0.03790273225972077,0.29445138888164424,-0.4977279337798853,-9.743341896599205e-16,-1.2693528573931172,1.6988494010377494e-15
7.652,-0.0053191282116775394,0.029633767677542586,9.847613021971128,0.7288776552110771,-0.8608378000282376,-0.9693406514273359,-9.609228063810917e-16,-1.2705532271058526,1.7002484685675969e-15
7.654,0.018575441822899188,-0.043610202399254734,9.805903089566012,0.06390277736426325,0.2905256940900406,-0.18793962521452176,-9.47410678317439e-16,-1.271727361058061,1.7015222383529114e-15
7.656000000000001,0.04213064200114899,0.008606794507108174,9.853195260751665,-0.12783526071911303,-1.1917070901824331,0.6615844101843011,-9.33676288431431e-16,-1.2728752258204548,1.7025701221341324e-15
7.658,0.02915420751838934,0.09599749621942308,9.853627578680069,0.4134278224510342,-1.0273679438355365,0.042882596198578544,-9.198962373010334e-16,-1.2739967887116594,1.7035488320935793e-15
7.66,0.0010515795353609539,0.01713657409432294,9.828535366966166,0.5347618829023364,-0.3782548799292246,-0.27745632421762234,-9.060678305875929e-16,-1.275092017799155,1.7044633065726249e-15
7.662,0.03245685676996112,0.02884270822550401,9.840549108819477,-0.08375775096284929,-1.0487264349812788,0.5335064743100739,-8.921357244830223e-16,-1.276160881900182,1.7052574948093862e-15
7.664000000000001,0.0163797378503395,-0.07667378862959764,9.805213701930963,-0.36904389656797887,-1.3949133682680173,0.274821984699506,-8.780933215045416e-16,-1.2772033505826277,1.705939856810376e-15
7.666,-0.034149268909220765,0.01766843744924514,9.815990630477962,0.2177118933295298,-0.8026549292028473,0.9769842602811031,-8.639375429079191e-16,-1.2782193941658946,1.7065149048034753e-15
7.668,0.006792815492614256,-0.0392975424963469,9.923769200745342,-0.40020037575438017,-0.10870366128234665,-0.6533217173766395,-8.497856015743513e-16,-1.2792089837217455,1.7070943909252978e-15
7.67,-0.017416491500174644,-0.017754503531800792,9.798385889335147,0.9043962545821738,-1.580554056081282,0.2590368000562226,-8.355288645631389e-16,-1.2801720910751269,1.707560470746468e-15
7.672000000000001,0.0012659893307424615,0.0026904129667613126,9.814164030692469,0.8878847869472425,-0.542585172727931,-0.32531161057814323,-8.212214363111822e-16,-1.2811086888049676,1.7079758255676554e-15
7.674,-0.05064770596529622,0.01046126885357468,9.808756916883677,-0.06438944499677933,-0.44541255995321855,-1.0799106042022806,-8.068073173935209e-16,-1.282018750244969,1.7082835956361565e-15
7.676,0.027633230629935467,0.028642496351812274,9.812974081919926,0.7027051369322432,-0.18232361489874205,-0.3872931116061911,-7.924156265003679e-16,-1.2829022494843534,1.7085851795043308e-15
7.678,0.018543730132288258,-0.02400241964783851,9.850420876469592,0.03282471642754954,-0.28016258441365016,0.8914951464350787,-7.777941206527069e-16,-1.2837591613686086,1.7086766265700377e-15
7.68,0.02320571209617676,0.002086636670293032,9.798441133193638,-0.2225643526506543,-0.908119291521224,-0.8341748459225546,-7.630717122351385e-16,-1.2845894615002007,1.7086591361496186e-15
7.682,0.038746325538628286,-0.013044526553725648,9.869623894454632,-1.4953185380413834,0.31539999399450186,-0.27541246811120756,-7.481915908955923e-16,-1.2853931262392746,1.7084749147199617e-15
7.684,0.02683082466970942,0.03309031809041392,9.806272670661944,-0.2024313441108259,-0.5179629471377635,0.09432217243065752,-7.331439525363903e-16,-1.28617013270432,1.7081366671035656e-15
7.686,-0.03305107609737172,0.031605095806729384,9.82061934221279,0.8310627044586836,-0.6200757420775186,0.2543274246331073,-7.179978552487428e-16,-1.2869204587728238,1.7076922215050274e-15
7.688,0.021497264380122998,-0.022189977867483432,9.851744647630628,0.255955614538046,-0.45044004149150957,0.4668944135201937,-7.026859643621659e-16,-1.2876440830819076,1.7070956405455345e-15
7.69,-0.017965701733944763,0.01811439541081327,9.837147204115395,-0.4541934234712643,-0.5392260704360085,0.8865376397099632,-6.872812532243181e-16,-1.2883409850289265,1.706391216698289e-15
7.692,0.019803682526668157,-0.03355177982928409,9.824869755142437,-0.413395143899792,-0.6680621899728896,0.02630314934581766,-6.716509805928368e-16,-1.2890111447720596,1.7054813587145537e-15
7.694,-0.01954186476799561,-0.006995867817568319,9.806163111713508,0.6816822322138921,-0.1365800694777502,-0.48675312643429136,-6.558062062091906e-16,-1.289654543230878,1.7043547347693413e-15
7.696,0.004893782980701267,-0.03322276084805524,9.80210353976148,0.3693705694145571,-0.427706655863026,-0.5479185955068486,-6.39868467349609e-16,-1.290271162086884,1.7031278675002017e-15
7.698,0.025477784253745563,0.030745782753534217,9.797202180873745,-0.1317699943561212,-0.4590135195541746,0.4524704259515098,-6.23832483006645e-16,-1.290860983784033,1.7018105408524838e-15
7.7,0.03003543905392574,0.047659996389841565,9.830027210792487,0.6338784517024483,-0.7730508337478421,-0.5403899543929142,-6.07706895016133e-16,-1.291423991529236,1.7003965298529039e-15
7.702,-0.03078432453864536,-0.008718803983536215,9.858738085154943,0.31653705191756654,-0.11708011322521164,-0.08818060536122779,-5.915593681372446e-16,-1.291960169292836,1.69893987771565e-15
7.704,-0.016389401468987513,-0.011472088161483705,9.894160486956018,-0.7792224446027484,-0.9714096925108069,-0.3793197869481615,-5.753920705526657e-16,-1.2924695018090622,1.697442868694829e-15
7.706,0.0023896135129449054,-0.006137279499095044,9.904705834804329,0.056567361308401114,-0.09451330886952417,-0.4101705878436792,-5.591968199111072e-16,-1.2929519745764706,1.6959198892540342e-15
7.708,-0.07520923733403413,-0.001869731394882216,9.831347238049819,-0.5921932915725535,-0.9191142379212273,-0.24009765297017488,-5.429166430477131e-16,-1.2934075738583506,1.6943127959800457e-15
7.71,-0.012682684026905835,-0.03369266306465934,9.815077054199328,-0.13512647468307376,0.24746101360305475,0.3300139818992724,-5.265011928084515e-16,-1.2938362866831234,1.6925550698173356e-15
7.712,0.0005370105636009872,0.011322193823736766,9.854170700935647,0.37156257215740723,0.40238263436060495,-0.017800404871906202,-5.099453881966334e-16,-1.2942381008447017,1.6906566785369265e-15
7.714,-0.03967938497182381,-0.012794380634983657,9.848753878790504,-0.09197255336737432,-0.8685460263201702,0.11740900560165858,-4.931847929979692e-16,-1.2946130049028437,1.6885669234577317e-15
7.716,-0.0117017939842089,-0.01732916866378728,9.873574004315396,0.07254361273390537,-0.2837294517507148,0.3769933885570291,-4.764136585936903e-16,-1.2949609881834818,1.686454138083347e-15
7.718,-0.0656640733471598,0.044838994725035185,9.866414132270192,-0.10273210512692653,0.9304750746842249,0.6380325415637869,-4.595749496154271e-16,-1.2952820407790158,1.6842600617667205e-15
7.72,-0.014813714446043277,-0.014450532057668138,9.830377186110665,0.7241112961757504,0.08459105618428439,0.25239213341004124,-4.4265719076898604e-16,-1.2955761535486086,1.6820032611603449e-15
7.722,0.04099423087369582,0.06541390273915489,9.821516271197044,0.13974244515232945,0.47762597661618134,0.9605790030557665,-4.257398560784832e-16,-1.2958433181184337,1.679727205529195e-15
7.724,-0.025244792520473697,0.014189285407340105,9.822321235789897,0.6572921304860629,0.2770619883487554,-0.5266529370639523,-9.53963835880817e-07,-1.296083526881903,1.591907156277766e-07
7.726,0.011269215299812452,0.03563938249063461,9.852127080853716,-0.1993753184795273,-0.08936536621570396,-0.3305431948950791,-3.816855371241507e-06,-1.2962967729996808,6.37827438565493e-07
7.728,-0.007997495289957175,-0.02936791481658724,9.845742413564,0.6760550578821751,0.3879041873106795,-0.11418594162855555,-9.54411927658174e-06,-1.2964830503994489,1.5967398029144166e-06
7.73,0.01989466337910742,0.04863150559199385,9.830121304949984,-0.005883849837681096,1.1672234907997725,-0.46480677073411847,-1.9091158298605405e-05,-1.2966423537754173,3.196838088544397e-06
7.732,0.04495161872163531,0.029083908947887854,9.817071433431396,-0.5032048287313687,-0.40173452033508755,0.5042224353132733,-3.341280813512359e-05,-1.296774678587585,5.5986171642655136e-06
7.734,0.04478888288769689,-0.023533489338814592,9.818974925109929,0.17525075916665023,1.4881656848825215,0.2991740387761645,-5.346281103581058e-05,-1.2968800210607645,8.961659151890657e-06
7.736,-0.014995036109357205,-0.01718899406803581,9.801075587851589,-0.31359590840323204,0.582260164165561,0.6001541083067814,-8.019328926156828e-05,-1.296958378183365,1.344413591348394e-05
7.738,0.055966542409043175,0.02831093041233131,9.853728984492927,-0.14874851531483047,0.8521156559563746,0.006814178119345833,-0.0001145542195402,-1.2970097477059457,1.9202312467796277e-05
7.74,-0.03516416789564051,-0.0350017645906668,9.813299802958642,0.30632469194886713,0.1585098991265265,0.7019766936499706,-0.0001574929096575,-1.2970341281395583,2.639005244313896e-05
7.742,-0.028955000470416454,0.06132218976566053,9.834791281957637,-0.7627387548944553,0.2510844594310406,-0.6351978603984085,-0.0002099534783192,-1.2970315187538826,3.515832667104105e-05
7.744,0.007126317829436301,0.023065476498984445,9.846786273318108,-0.12375947373660554,0.005785419144849391,-0.7387362873420316,-0.0002728763394133,-1.2970019195751763,4.5654726017979866e-05
7.746,-0.011461118259983773,-0.019035465725833946,9.865948352664255,-0.7200554997949482,-0.41692530547506734,-0.13150456609027503,-0.0003471976917892,-1.2969453313840489,5.8022979541283096e-05
7.748,0.04550993707685274,0.012417028385333343,9.842858289339574,-0.3302210346841344,-0.2551835681202946,-0.17215527600804498,-0.0004338490156564,-1.2968617557131008,7.240247904004144e-05
7.75,0.0011481082830292033,0.014104297007138973,9.8260235542899,0.5690088790418142,0.17439752773742453,0.6363810085698673,-0.0005337565766836,-1.2967511948444184,8.892781105259361e-05
7.752,0.015667871736205218,0.01759696558874306,9.83830703565391,0.27830976463630097,-0.3832585622598827,-0.11572558118865728,-0.0006478409388587,-1.2966136518069693,0.0001077282973289
7.754,0.0004105406742125307,0.00024371598964178544,9.79074748748385,-0.9363835256631641,0.006614196500823691,-0.16901488188764963,-0.0007770164871394,-1.2964491303739338,0.0001289275447797
7.756,-0.07110971024001331,0.030097666501454533,9.857622877348616,0.16160500475901024,-0.28824387315867744,0.420447453460388,-0.0009221909608951,-1.2962576350599586,0.0001526430058722
7.758,-0.027228638449274693,0.030177555145451267,9.775250764313396,0.8957912759143708,0.6285853859785547,0.6508002164596176,-0.001084264999106,-1.296039171118414,0.0001789855504099
7.76,-0.05375494565267685,0.025369677913614087,9.838275827166406,0.7016585212177033,0.09509352200442833,0.12772531462420303,-0.0012641316982466,-1.2957937445386507,0.0002080590495963
7.762,0.038341719000102026,-0.045768075518532854,9.812037617326478,-0.5945811522983665,-0.24704410445130556,-0.5206597200308244,-0.0014626761837402,-1.2955213620432915,0.0002399599732396
7.764,0.02407441748115441,0.035449122138349165,9.786243445876138,0.039395137408827344,-0.23275364229067896,0.048256088725193,-0.0016798225396799,-1.2952220311577851,0.0002746191432008
7.766,0.03285962820908987,0.03688385873127876,9.823996977374382,-0.47369799945823643,-0.884386323190639,-0.23584373255334348,-0.001915487979251,-1.29489576016166,0.0003119611312835
7.768,0.005365826743150993,-0.010807850619337502,9.873202424403999,-0.5121623741715245,-0.36882750699568717,0.070304998887555,-0.002169582966499,-1.294542558090278,0.0003519043766563
7.77,-0.040425480422264216,-0.049961116427357795,9.848481965486526,0.4823643522470704,-0.19966628077149437,0.04439442461610878,-0.0024420113474208,-1.294162434736735,0.0003943613122428
7.772,-0.027955487975368787,0.036569284301580636,9.864599086431523,0.9536596187849209,0.3257310031314946,0.27376783667299404,-0.0027326704900222,-1.293755400653872,0.0004392384997263
7.774,0.0037450770654818616,-0.0033454967659920154,9.811650811934722,-0.10436416915378603,0.6747486992199814,0.44175688314706246,-0.0030414514329617,-1.2933214671563902,0.000486436772795
7.776,0.009236914597725594,-0.004298742934667623,9.879363152750592,0.2868711577746592,0.8415557633992338,-0.06457954748257023,-0.00336823904238,-1.2928606463231167,0.0005358513882375
7.778,0.0023916039557712694,0.004664606061124424,9.870732395933164,-0.00559665281836752,-0.4613171629230537,0.23833115289931628,-0.0037129121764978,-1.292372950999332,0.0005873721844752
7.78,0.0451503741578867,0.005938848714902333,9.848670077763309,-0.231578354047561,0.5556377551908953,0.44803775250648165,-0.0040753438575463,-1.2918583947992115,0.0006408837471064
7.782,-0.008890690861687842,0.017866691941349194,9.83846121359999,-0.03675784598150392,0.7113431879338512,0.25117816984218394,-0.0044554014505818,-1.2913169921083627,0.0006962655810201
7.784,0.06371827802374933,-0.03523291960278928,9.839942227683427,0.4751168696038659,0.07149463818854351,0.6860769546891221,-0.0048529468487201,-1.2907487580864268,0.0007533922886253
7.786,0.01870536139154822,-0.07606679644580586,9.817865350655783,0.17376712785392406,-0.43440777325079344,0.704468516639005,-0.0052678366643194,-1.2901537086697723,0.0008121337537315
7.788,-0.036062558571303534,-0.022556152441542656,9.839380780380308,-0.8287387676501063,-0.2496598376831491,0.5160762774914363,-0.0056999224256261,-1.2895318605742432,0.0008723553306061
7.79,0.02741154350973239,0.014387654233173262,9.840473568539553,-0.5043991913601213,1.1320563240616597,-0.46217955891601503,-0.0061490507783962,-1.2888832312979674,0.0009339180377289
7.792,-0.033208483020040994,-0.02378696737725793,9.828279320222663,0.34958690518227437,0.018327141157338467,-0.007312255761228228,-0.0066150636919938,-1.288207839124216,0.0009966787557569
7.794,-0.058179216089749936,-0.07934621465743436,9.845721331474268,-0.9400672920278272,0.5785535901042581,0.08959393991710159,-0.0070977986694708,-1.2875057031243098,0.001060490429211
7.796,-0.013002206199055632,-0.0077642029761468764,9.856272248667775,-0.014981293401035017,0.061196321002195464,-0.44442540148865967,-0.0075970889611242,-1.2867768431605495,0.0011252022713938
7.798,-0.03184874220575034,-0.0071292758656647725,9.8391906821165,0.03556770835284867,-0.4728596869649468,1.0741672706463559,-0.0081127637810316,-1.2860212798891792,0.0011906599720471
7.8,0.052044127283827485,-0.003423622582083351,9.837329565796953,0.031186908653565992,0.9635763613880695,0.345647725739362,-0.0086446485260671,-1.285239034763368,0.0012567059072631
7.802,0.017007320517942376,0.001020515460645739,9.841585130922997,-0.22684772866675715,1.1438768781188235,-0.767025853024344,-0.0091925649968998,-1.284430130036196,0.0013231793511622
7.804,0.0060199336666007745,-0.008393803434530904,9.850919991348839,0.3172170911460146,0.5033466748387379,-0.1980522170565176,-0.009756331620488,-1.2835945887636515,0.0013899166888598
7.806,0.0013813667599234369,-0.03673998739170911,9.811221510075304,-0.9195246500706791,0.3477518236322227,-0.9513596515121783,-0.0103357636735836,-1.2827324348076077,0.0014567516302493
7.808,0.005711125480075576,-0.018799911134374948,9.803301797223986,-0.5488721350941113,0.4829004095499175,-1.0047615499726537,-0.0109306735067741,-1.2818436928388044,0.0015235154241376
7.81,-0.005653903537219724,-0.02710755422572926,9.826400547710412,-0.9304740043337211,1.0483763003321513,-0.524877467687267,-0.0115408707685946,-1.2809283883397944,0.0015900370722786
7.812,-0.008698982219258897,0.03106059865939607,9.856909519241867,0.0004874014034741414,-1.1072344225099753,0.33151789470277704,-0.0121661626292597,-1.279986547607871,0.0016561435428627
7.814,-0.05541270848483564,-0.021523477691415806,9.804335835820133,0.24971097730729297,0.5415478274047278,0.1380568243269237,-0.0128063540035694,-1.2790181977579482,0.0017216599830311
7.816,-0.060722654343831145,-0.014958127940453947,9.773643561685281,0.6643800990267306,-0.2270113363044759,-0.29988002987455736,-0.0134612477725662,-1.2780233667254195,0.001786409929998
7.818,-0.003865552341856548,0.019853261453113717,9.821751085877363,-0.7816847452712294,1.0442265621304518,-0.279810399897168,-0.0141306450035255,-1.2770020832689433,0.0018502155203792
7.82,-0.04142987627443912,-0.06164723138516377,9.844574379129416,-0.49917506264825073,0.6805583468790961,-0.21061739595435683,-0.0148143451678857,-1.2759543769731947,0.0019128976973395
7.822,-0.011954660702375072,-0.009350649101295136,9.872829511848735,0.42970269830836927,0.4353781146014337,-0.029962909781240346,-0.0155121463567339,-1.2748802782515445,0.0019742764151888
7.824,-0.019231495213491663,-0.04423808139727681,9.892056405612268,-0.14216968787783113,0.3015725706367876,0.17257798230219026,-0.0162238454934858,-1.2737798183486737,0.002034170841074
7.826,-0.019327933494726245,-0.02357649767615575,9.844665123764237,0.24747770319032886,0.051898642985711896,-0.8566620253380212,-0.0169492385434126,-1.2726530293431166,0.0020923995534314
7.828,0.03157830003898389,0.04601682923947714,9.803736868964144,-1.0141709312247977,0.6638826859495426,0.13633632085437566,-0.0176881207196881,-1.2714999441497283,0.0021487807368822
7.83,-0.0010048782160343613,-0.007130471586037907,9.851403071566688,-0.06190778089591964,0.7134411570175325,-0.5107447239109172,-0.0184402866856476,-1.2703205965220656,0.0022031323732742
7.832,-0.004204513483472051,-0.02674806790471236,9.908876450977399,-0.45796947386065573,0.40117044836141164,0.05330905809887407,-0.0192055307529707,-1.2691150210546855,0.0022552724285892
7.834,-0.01644613270160375,-0.025546942146024827,9.864093095056452,-0.20891234913893492,-0.013738730090980256,-0.4199063991166635,-0.0199836470755164,-1.2678832531853486,0.0023050190354583
7.836,-0.0296039244171886,-0.036232726258023984,9.838683056101633,-0.6131285582999657,0.5030968573328184,-0.24076146155928693,-0.0207744298385644,-1.2666253291971306,0.0023521906710453
7.838,-0.034752907534998864,0.0036059331144189643,9.844624837715292,-1.0014622334677457,0.5791995028012503,-0.10205402499827414,-0.0215776734432312,-1.2653412862204363,0.0023966063300772
7.84,0.022985880270043006,-0.05603749799405144,9.826205118541912,-0.18386449193233936,0.2839570690425924,0.6862456623910744,-0.022393172685851,-1.2640311622349032,0.0024380856928234
7.842,-0.013125090217759981,-0.0377968425832787,9.843413344658458,-1.8279504584628625,0.6304021814449707,0.3160457400789603,-0.0232207229321354,-1.262694996071214,0.0024764492878421
7.844,-0.0652670300625835,-0.0019950784556349134,9.87907852708316,1.2700256194639095,0.5756302445267616,-1.0129402196404784,-0.0240601202859374,-1.2613328274127895,0.0025115186493328
7.846,-0.005116947664134381,0.016316204386910296,9.854093730196137,0.4457609996507808,-0.11640533461517899,-0.030001821070766096,-0.0249111617524739,-1.2599446967973764,0.0025431164689556
7.848,-0.07211852073899841,-0.0205246663121145,9.849437567450966,-1.220186704083633,0.4783748124877464,-0.8706565644086479,-0.0257736453958741,-1.2585306456185306,0.0025710667419918
7.85,0.013159770789640356,-0.007828702467042505,9.830206995270972,-0.32889503526528985,1.379775124899289,-1.0203366194921297,-0.0266473704909406,-1.2570907161269664,0.0025951949077444
7.852,-0.013303743402916273,-0.007861653123506281,9.856022996460013,0.5429875568065301,1.0329999754362897,-0.3686610748689714,-0.0275321376690336,-1.2556249514318187,0.002615327984092
7.854,-0.0217927330782601,0.03745942516995437,9.809146784024161,-0.3622852718315337,0.4652710128124984,0.2533671994640624,-0.0284277490579979,-1.2541333955017675,0.0026312946961287
7.856,-0.03831269734498938,-0.022279031086583516,9.848853665068512,0.40833355675811733,1.1991373262913094,0.10395002183749226,-0.0293340084160799,-1.252616093166049,0.0026429255988385
7.858,0.008721505556418239,-0.006952896354698547,9.780885421923925,-0.4278237754519481,0.9583600444737088,0.26567346264674774,-0.0302507212597895,-1.251073090115367,0.0026500531937731
7.86,-0.018780371781474667,-0.04178854161367212,9.80959134948317,-0.4917183420605399,0.4216365160808026,1.1746538353372749,-0.031177694985686,-1.249504432902656,0.0026525120397117
7.862,-0.0947829530052837,-0.01997935178121015,9.811443292892438,0.13820304658190657,1.079150850342356,0.14346469510214102,-0.0321147389860757,-1.247910168943756,0.0026501388573034
7.864,-0.029169140828382185,-0.007280014196575979,9.855371674182592,-0.7532534609837402,0.5811477300317069,0.15473793921996826,-0.0330616647586318,-1.2462903465179536,0.0026427726277046
7.866,-0.039647622354977215,-0.07981086217400632,9.86575419823816,-0.935324896066783,0.7440672337463344,-0.011028660278808947,-0.0340182860099521,-1.2446450147684056,0.0026302546852357
7.868,-0.005620477997302418,-0.03761631471242001,9.883097606204952,-0.4381355832426621,0.8310121398669452,-0.2434564683928909,-0.0349844187530942,-1.2429742237024546,0.0026124288041002
7.87,-0.027602521639756575,0.017109495974818312,9.812276795056341,-1.3562937552734178,0.9835511993229054,-0.23309403683931873,-0.0359598813991308,-1.241278024191823,0.0025891412792166
7.872,0.013427554208882825,0.029216611224325367,9.789075088648845,-0.3987845492595994,1.3365281013829615,0.4817619941829065,-0.0369444948427876,-1.2395564679726925,0.0025602410012289
7.874,-0.011329620057282878,-0.04383526652105345,9.828890042342548,-0.335934805562879,1.0232717654477972,0.30688183384546425,-0.0379380825422336,-1.2378096076456715,0.0025255795257713
7.876,0.04532424291351603,0.025201862835491643,9.840849805143765,-0.6798806424288976,0.3462407604956673,-0.03952191332157249,-0.0389404705931044,-1.2360374966756504,0.0024850111370724
7.878,-0.02031888471927882,-0.006067775934057169,9.839378670549442,0.48532076213146913,0.8251924625629296,-0.47515159952116504,-0.0399514877968521,-1.2342401893915425,0.0024383929059958
7.88,-0.021736500264664508,-0.01938607213767251,9.854505399023802,-0.46826293964255106,1.299575281830243,0.4383147309632819,-0.0409709657235203,-1.2324177409859238,0.0023855847426217
7.882000000000001,-0.047552319965748456,0.04548436329381001,9.872482628773563,-0.8422057103608742,1.0453456497543454,-0.348108061437602,-0.0419987387690536,-1.2305702075145557,0.0023264494434811
7.884,-0.05873264274585621,-0.0028058651566371887,9.854276467019004,-0.5956128757510938,1.782457339857028,0.21411645181726285,-0.0430346442072605,-1.22869764589581,0.0022608527335651
7.886,0.007459212604310424,-0.001106883400814905,9.837543870255393,-1.2695595428150965,1.154561322664211,-0.9048476854673315,-0.0440785222365492,-1.226800113909986,0.0021886633032345
7.888,-0.014873069380022025,-0.005633652872452807,9.801328259365956,-1.0977728627984373,-0.21575766888672443,0.5926416131242571,-0.0451302160215711,-1.2248776701985309,0.0021097528401638
7.890000000000001,-0.017446033822904633,-0.005063116055013956,9.810149098820705,0.1647800859038724,0.7972029897575571,0.3598120636992132,-0.0461895717299027,-1.2229303742631503,0.0020239960564568
7.892,0.024629948001246998,-0.050987917405237955,9.849081839989047,-0.8814006624833073,0.850647356939104,0.2249483207015548,-0.0472564385639106,-1.2209582864648387,0.0019312707110794
7.894,-0.014346600654394328,0.02232474626098644,9.815315579875938,-0.2670785426655922,1.2138589337841725,0.057284355951734964,-0.0483306687879403,-1.2189614680227996,0.0018314576277533
7.896,-0.05927164026606031,-0.011866401085891886,9.835361931416493,0.7349586609666254,1.7514436685796388,0.20132572436328106,-0.0494121177509805,-1.2169399810132826,0.0017244407084635
7.898000000000001,0.007470200856834662,-0.01903670377477663,9.806596944984383,-0.7680682092562321,1.557357189804567,0.5899256146095698,-0.0505006439049512,-1.2148938883683258,0.0016101069427327
7.9,0.015606984312045977,-0.04218637680435757,9.847530689875214,-0.2948668696307787,0.30075843760274745,-0.05013451839276703,-0.0515961088187708,-1.2128232538744113,0.0014883464128157
7.902,-0.04992081309355684,0.018856082771773777,9.867528969745678,-0.8906998239151711,0.7163951566725697,-0.02635108310499539,-0.0526983771883578,-1.210728142171041,0.0013590522949752
7.904,-0.0032728079261868624,-0.03648648443687291,9.83715548496509,-0.39656391007576,1.2010166714019197,-0.49911935980839695,-0.0538073168427221,-1.208608618749221,0.0012221208569918
7.906000000000001,-0.052039804246923484,0.01757460032385228,9.789481185700467,-0.8558897226681261,0.6390118148663955,0.33976258926494335,-0.0549227987463057,-1.2064647499498713,0.0010774514520727
7.908,-0.05600304356191292,-0.022930952556441748,9.807402963271393,0.6446839971851782,0.9749574020260429,0.10433018495926803,-0.0560446969977298,-1.2042966029621596,0.000924946509314
7.91,-0.0021629707366221385,-0.04537553687455878,9.777813848833691,-0.633424083263632,1.0884095684221053,0.04957363099327941,-0.057172888825105,-1.202104245821754,0.0007645115208767
7.912,-0.03163382803672357,-0.04479970497686758,9.840490886511084,-1.4223582577584497,1.0747902186756269,-0.3695458303419397,-0.0583072545780634,-1.199887747409003,0.0005960550260354
7.914000000000001,-0.07624375404860148,-0.02606145779174182,9.849442766676734,-0.10294537207668053,1.1331565346011325,0.34062916227261936,-0.0594476777166691,-1.1976471774470543,0.0004194885922557
7.916,-0.08375440839986388,-0.03860690485118218,9.859571881449487,-0.8707851953768451,0.6158068702108936,-0.04447175749960794,-0.06059404479736,-1.1953826064998945,0.0002347267934558
7.918,-0.012394878250642071,-0.017492984686786582,9.813250178071128,-0.8307667017352779,1.480417172645125,-0.44758000014807675,-0.0617462454560772,-1.1930941059703268,4.168718560642145e-05
7.92,-0.05627440212033355,-0.042966856804084554,9.834683526925986,-0.9589577934174314,1.3035348068952333,0.2173677433329993,-0.0629041723887308,-1.190781748097891,-0.0001597097201789
7.922000000000001,0.01329514167356571,-0.04599296621675231,9.84940466064799,-0.7611549792671825,0.9232055848447971,0.25297521388454763,-0.0640677213291532,-1.18844560595671,-0.0003695404869148
7.924,-0.06592558969975862,-0.06460467024191086,9.839837334906617,0.051304657819106425,0.21470524618503994,0.23873356163567178,-0.0652367910246858,-1.1860857534532927,-0.0005878787832282
7.926,-0.04486447337982408,0.0033248884114824347,9.811437218711202,0.0049212537665577205,1.2224927274312676,0.7958671053033526,-0.0664112832095423,-1.1837022653242644,-0.000814795416914
7.928,0.0166848327926844,-0.017995703716508417,9.817438563852486,-0.6895089926593307,1.7453333534603277,-0.2638378398229936,-0.067591102576092,-1.1812952171340545,-0.0010503583704183
7.930000000000001,-0.05098078645066687,-0.04776049245339382,9.824069407468,-0.2866299049257312,1.6871479469686992,-0.22706988000543077,-0.0687761567441981,-1.1788646852725302,-0.0012946328381146
7.932,-0.0033235316234205906,0.01784757965896544,9.810737950111907,-1.3784496105848767,1.3292383247486417,0.47323290530656265,-0.0699663562287464,-1.1764107469525689,-0.0015476812652379
7.934,0.02618784409787003,0.0026772127663366504,9.789559267271233,-0.05274003796682403,1.677056787836082,-0.6863115727376936,-0.0711616144054974,-1.1739334802075958,-0.0018095633883443
7.936,0.027408902508083838,-0.07950111476297109,9.893602293577203,-0.8032153324764777,1.0370799566453193,0.46505910806015766,-0.072361847475386,-1.1714329638890684,-0.002080336277173
7.938,-0.07868826340863123,-0.03922922009751224,9.832675297372447,-2.1140720765855945,0.8689211329395743,-0.23381895688936616,-0.0735669744273955,-1.168909277663915,-0.0023600543777835
7.94,-0.08040327880105153,-0.010109565348870581,9.820874439707111,-1.0649398106611334,1.1735506532474524,0.09648735241491498,-0.0747769170001231,-1.1663625020119317,-0.0026487695568517
7.942,-0.04650673989794867,-0.04847603089592129,9.790165997272757,-1.3936799126191448,1.4449643047063443,-0.06844137476404388,-0.075991599642156,-1.163792718223138,-0.0029465311470082
7.944,-0.038946998312542336,0.0035588675730241076,9.829286273609146,-1.013719877486804,1.0791739186524125,0.22532952358394268,-0.0772109494713665,-1.1612000083950926,-0.003253385993108
7.946,-0.023626446467000548,0.060453769391470416,9.815449587956493,-0.8419297650964944,2.0597670415041875,0.47248828398325826,-0.0784348962332389,-1.1585844554301743,-0.0035693784993235
7.948,-0.028350256484441033,-0.036868063560099446,9.8444182680747,-0.41324081746085756,0.8689226074581178,-0.03558034136620293,-0.0796633722583274,-1.1559461430328133,-0.0038945506769593
7.95,-0.05167002529718935,-0.011322099935316157,9.782366177024208,-0.835479814361432,2.2606957725914567,0.3878168803494778,-0.0808963124189492,-1.1532851557067063,-0.0042289421928872
7.952,-0.01167679388317163,-0.01392018946399973,9.795063188892579,-0.6444508280688801,1.2677496889549138,0.9092550977323007,-0.0821336540852067,-1.1506015787519812,-0.0045725904185083
7.954,-0.016427246090757443,0.007246408774765579,9.811210635064102,-1.498609036904492,0.8965098574444861,-0.5352387633653097,-0.0833753370804319,-1.1478954982623395,-0.0049255304791496
7.956,-0.04082598659386123,-0.06958121209177963,9.81058261182985,-0.6700784678899869,2.099065788226692,1.002638415439927,-0.0846213036361402,-1.145167001122161,-0.0052877953038093
7.958,-0.05156230634006918,-0.04592134170760822,9.796845516701337,-1.1516073388225663,0.9263246899906421,0.31392092815204575,-0.08587149834658,-1.1424161750035806,-0.0056594156751663
7.96,-0.016631223353681307,-0.023986493517474623,9.856759931939001,-1.0884001904439498,2.1328363251027613,0.5313501781941745,-0.0871258681229551,-1.1396431083635374,-0.0060404202797754
7.962,-0.04493653080784568,-0.03164438843876981,9.858775317636974,-0.8918088548291909,1.1586501162153944,0.5702049901828841,-0.0883843621474003,-1.1368478904407924,-0.0064308357583729
7.964,-0.017582717460054846,-0.006026080787870182,9.838956619581099,-0.6314493382015388,1.4903302707778279,0.31934065340091516,-0.0896469318267792,-1.13403061125292,-0.00683068675622
7.966,-0.01792909824248108,-0.023369279670127426,9.90441655221742,0.10058949867158418,1.2116286676681245,-1.0611469890843217,-0.0909135307463765,-1.1311913615932772,-0.0072399959734183
7.968,-0.02822239056619147,0.009662118304899929,9.823846293298937,-1.3043901373779163,1.1404893030833931,-0.8867134181943693,-0.0921841146235475,-1.128330233027939,-0.0076587842151303
7.97,-0.03117067555240637,-0.04785002220216491,9.820464117715952,-1.0883638139033418,0.47858636577147984,0.4271164608569011,-0.0934586412613882,-1.1254473178926203,-0.0080870704416463
7.972,-0.06562253786017834,0.0001629256256664366,9.805019219785805,-0.4407996166922109,0.7734224573870462,0.5471403742225668,-0.0947370705024832,-1.1225427092895588,-0.0085248718182411
7.974,0.002457434657506436,0.007748589650841915,9.841931045655793,-0.5980834340648274,2.072259469221954,-0.16304312928856654,-0.0960193641827887,-1.1196165010843944,-0.0089722037647634
7.976,-0.07064050970565126,-0.03169461931224722,9.85296195649344,-0.5823076320206015,1.4379252070252895,-0.9273625789105201,-0.0973054860856974,-1.116668787903008,-0.0094290800049121
7.978,-7.63847401363954e-05,0.0030483022650069184,9.833203803751116,-0.2320763768412375,1.369080236428442,0.5514531870444817,-0.0985954018963388,-1.113699665128344,-0.0098955126151494
7.98,-0.0164712408551417,0.010793749236057058,9.865434037677128,-0.9659337108213657,0.9309041143834357,0.144638259580778,-0.0998890791561575,-1.1107092288972202,-0.010371512073206
7.982,-0.030314515529432182,-0.0219730568823992,9.79770801552551,-1.1099923927929032,1.1903354203423395,0.18960339464723142,-0.1011864872178109,-1.1076975760971035,-0.0108570873061408
7.984,-0.05818065499460357,0.024198898938500635,9.783215733149035,-0.934480957121033,2.2181175191322553,0.42019727175598126,-0.1024875972004274,-1.1046648043628708,-0.0113522457379134
7.986,-0.06385245044482454,-0.014471360289369885,9.811542311487674,-0.8170732639676213,1.4436826907995928,0.5867538429139921,-0.1037923819452619,-1.1016110120735565,-0.0118569933364355
7.988,-0.03351957192157418,-0.03015614982561083,9.85047693065271,-1.0423029337589618,1.4121726973709021,-0.3700146982751396,-0.105100815971778,-1.098536298349062,-0.0123713346600704
7.99,-0.053877314570137225,-0.04028042489787202,9.815223801711099,-0.2831157074836793,0.7518691167510995,-0.3496450209072366,-0.1064128754341936,-1.0954407630468672,-0.0128952729035472
7.992,0.005172713328749967,0.03910034957077924,9.827394844060633,-1.7176670351229006,1.7696740621861666,0.304599805285082,-0.1077285380785147,-1.0923245067587062,-0.0134288099432649
7.994,0.02161800523184221,0.0006410871535404844,9.82057113137627,-0.9446888710055232,2.3208555306990233,-0.684227436772608,-0.1090477832000849,-1.089187630807236,-0.013971946381961
7.996,-0.045010158845222484,-0.046194451422700275,9.761594465745357,-1.1197487379527553,1.1248581806816125,0.9570553596087346,-0.1103705916016722,-1.086030237242675,-0.0145246815927214
7.998,-0.004364119316458231,-0.018728062976580685,9.886065725124915,-0.9540800287980745,1.206794860927477,0.659341919086063,-0.1116969455521185,-1.0828524288394314,-0.0150870137623107
8.0,-0.03638994776750155,0.059631540473240416,9.788988607450065,-0.8643222366422342,1.435278025875816,-0.33780222046839065,-0.1130268287455658,-1.079654309092709,-0.0156589399338072
8.002,-0.012664390963243496,-0.0017345106921969333,9.852055852227496,-1.4488983867746124,1.3630234263097765,0.8164356787278642,-0.1143602262612822,-1.0764359822150973,-0.0162404560485219
8.004,-0.036566116738852156,0.03969352474121356,9.810285571119275,-0.6878551596235468,1.7508553648089589,0.942303167671033,-0.1156971245240975,-1.0731975531331406,-0.0168315569871922
8.006,-0.01316793371434789,0.0025178154645796487,9.813490896869558,-0.8515410853003568,1.9714670993900578,-0.39265694209337804,-0.117037511265465,-1.0699391274838863,-0.0174322366104338
8.008000000000001,-0.008768226668183481,0.003908199639772712,9.811082620479038,-0.48175625489198737,2.1108121572008094,0.33228347916146456,-0.1183813754851603,-1.0666608116114202,-0.018042487798442
8.01,0.05272287808406656,-0.03156524095203314,9.808424020037323,-0.49264137075414416,1.794879134931817,0.2903507651253042,-0.1197287074136276,-1.063362712563383,-0.0186623024899332
8.012,-0.04882104007797773,-0.014821196986079276,9.836193118933304,-1.1581658259463918,2.2250335009266093,0.14649599024807855,-0.1210794984749803,-1.060044938087464,-0.0192916717203184
8.014,-0.07726740132801885,-0.028534861192197405,9.891736417257684,-1.0038019883402542,1.1514823902761047,-0.6273532427041879,-0.1224337412506638,-1.056707596627876,-0.0199305856591037
8.016,-0.006462326911172704,-0.02772925680355628,9.784047293026756,-1.6203556457508248,2.350796952658559,0.8073604619375817,-0.1237914294437858,-1.053350797321819,-0.0205790336465125
8.018,-0.07666975009544515,0.008771417687321773,9.828276597996148,-1.326426324408227,2.356069461733008,0.2368571792562459,-0.1251525578441185,-1.049974649995915,-0.0212370042293254
8.02,-0.05354378794662784,-0.014861698721080568,9.847948806310969,-0.896492993607439,1.87783527596762,0.2551083347815974,-0.1265171222937739,-1.0465792651626311,-0.0219044851959379
8.022,-0.06224871240091333,-0.06235044234237471,9.902725812161766,-1.3079180078042585,1.4804453298491649,-0.08102075270645215,-0.1278851196535551,-1.0431647540166806,-0.0225814636106337
8.024000000000001,-0.02997836249117054,-0.031086930271019674,9.840741209479894,-0.5880381419422265,0.3183457571635937,0.23522282249150028,-0.1292565477699845,-1.0397312284314062,-0.0232679258470723
8.026,-0.06764206029604408,0.03562394727383828,9.866427096859667,-0.7579112198496823,1.9352821432481548,-0.3625556434215309,-0.1306314054430049,-1.0362788009551396,-0.0239638576209968
8.028,-0.042615526202656205,-0.025003160921414636,9.836028006069967,-1.2681150398364092,2.355201556340397,0.46716468933369304,-0.1320096923943569,-1.0328075848075458,-0.0246692440221584
8.03,-0.00526335400226494,-0.028164253278796337,9.800732316704208,-0.0643194375326468,1.394641057712197,0.0001658579848820771,-0.1333914092366258,-1.0293176938759472,-0.0253840695454652
8.032,-0.006485208099768425,0.008095439658662024,9.906828621912611,-0.8811534742874709,2.014814206500378,-0.33719113313444027,-0.1347765574429562,-1.0258092427116248,-0.0261083181213574
8.034,0.010696705081669013,0.023794880115750587,9.910297682200644,-1.5097163674201661,1.8679976979485657,0.258035088986727,-0.1361651393174298,-1.0222823465261004,-0.026841973145414
8.036,-0.040801603033703705,-0.040343621044606454,9.847076012514817,-0.892956589556884,2.2317983152220657,0.13699283391451264,-0.137557157966102,-1.0187371211873988,-0.0275850175071959
8.038,-0.050743832559906756,0.008680248356264696,9.828154287325836,-0.665291904729427,1.4615847710436694,-0.90870232141814,-0.1389526172686895,-1.0151736832162863,-0.0283374336183334
8.040000000000001,-0.005154746600051604,-0.007744955718708613,9.819045018030181,-1.091258112153975,1.2423924071634174,0.13523032245856648,-0.1403515218509052,-1.0115921497824905,-0.0290992034398623
8.042,-0.07802184897193554,0.0021162448431069,9.791754835008822,-1.680733794684845,2.419229123309136,-0.48513463881024194,-0.1417538770574324,-1.0079926387008986,-0.0298703085088181
8.044,-0.02528030862025426,-0.018497541856513745,9.822729271729182,-1.7984992360603953,1.6410883645227425,0.08776954228381384,-0.143159688925529,-1.004375268427732,-0.0306507299640949
8.046,-0.043155017080325916,-0.03141130767307894,9.816552582768873,-1.3257245919105753,2.7236386986677363,0.5363395544139538,-0.1445689641592568,-1.000740158056699,-0.0314404485715785
8.048,-0.07261644816104693,-0.04358829824686203,9.809242405497903,-0.3239502026462202,1.7332860286273428,0.28818680062175567,-0.1459817101043252,-0.997087427315126,-0.0322394447485603
8.05,-0.0713402416987565,-0.06293982172466511,9.824055066918604,-1.2714917293940586,2.4501740778916754,0.2687735848428843,-0.1473979347235408,-0.9934171965600648,-0.0330476985874437
8.052,-0.014879568447566521,-0.03196060117032116,9.803775779205852,-1.2862481566739248,2.3980054897866467,-0.19455163037733528,-0.148817646572855,-0.9897295867743784,-0.0338651898787511
8.054,-0.014605894393241017,0.0012577052768934019,9.81321258699448,-1.3609472272434293,2.0227072442286436,0.5293665309970931,-0.1502408547779979,-0.9860247195628,-0.0346918981334409
8.056000000000001,-0.03358967105678373,-0.04874483517311899,9.833291333652488,-1.5619855393408146,1.0462481210586208,0.11171658624381733,-0.1516675690116895,-0.9823027171479696,-0.0355278026045455
8.058,-0.05799447596756317,-0.010207961496779362,9.833144232993977,-1.0814558654168729,1.802774182872938,0.4236273033126414,-0.1530977994714205,-0.9785637023664512,-0.0363728823081404
8.06,-0.028761007670761007,-0.028344141857901156,9.860140848786607,-0.6456807749955158,1.8032919162086218,0.5385733173621381,-0.1545315568577865,-0.974807798664714,-0.0372271160436537
8.062,-0.03949922274437183,-0.038080172241994434,9.80568740580694,-0.644270002493193,1.681679708871273,0.4945584628349526,-0.1559688523533719,-0.9710351300951018,-0.0380904824135287
8.064,-0.04082918576456049,-0.01955103783411711,9.863197564478833,-2.3809076815113452,1.3537152988750374,-0.47022649906980585,-0.1574096976021672,-0.9672458213117652,-0.0389629598422486
8.066,-0.06663738982252035,-0.01120162237589016,9.806990126769335,-1.7757163865572962,1.4483352927359747,-0.257305080455107,-0.1588541046895129,-0.9634399975665806,-0.0398445265947353
8.068,-0.0442345341991512,-0.08513375164922486,9.822648322735088,-0.8586322926377248,2.328036667837279,0.509509345774314,-0.1603020861225558,-0.9596177847050285,-0.0407351607941318
8.07,-0.046549108644403585,0.014691587785111055,9.845874828166444,-0.46297214417273413,1.29421398063463,0.5936405882270283,-0.1617536548112075,-0.9557793091620576,-0.0416348404389825
8.072000000000001,0.02507694587965418,-0.03305305927206774,9.837731124717033,-2.049724337723803,1.2174512300887628,-0.6330227028916471,-0.1632088240495965,-0.9519246979579165,-0.0425435434198183
8.074,-0.07174055693709236,-0.017030830444653526,9.823924881565665,-1.4350322424776938,1.8216752691782894,0.5555835307760654,-0.1646676074979991,-0.9480540786939604,-0.0434612475351603
8.076,-0.02351645534744566,-0.004157669700598877,9.80084923234463,-1.9108178532217006,2.8086471313910883,0.32887554400064567,-0.1661300191652384,-0.9441675795484252,-0.0443879305069539
8.078,-0.13607860165209829,-0.030099759013871377,9.814164601096735,-0.9598759767826947,1.784785148811858,0.6970329300383611,-0.167596073391544,-0.9402653292721832,-0.0453235699954411
8.08,-0.04347885592166635,-0.025615323285490956,9.776457185840544,-0.8116564117047036,2.2845492967951424,-0.22668016802204688,-0.1690657848318545,-0.936347457184459,-0.0462681436134861
8.082,-0.05453829237072043,0.006295768197331929,9.847509536691724,-0.47570741349510326,1.4886387335680957,0.3207334077294712,-0.1705391684395574,-0.9324140931685256,-0.0472216289403625
8.084,-0.05151419545010552,-0.007553397966125827,9.843312462034447,-1.5831832678814814,2.5977666785752023,0.02720718637559917,-0.1720162394506533,-0.928465367667368,-0.048184003535014
8.086,-0.06514378490008302,-0.04774430544812416,9.82006779211575,-0.466093800772285,1.224446861401848,1.0435668123027162,-0.1734970133683314,-0.9245014116793184,-0.0491552449487997
8.088000000000001,-0.10914125199959507,-0.030991752073605265,9.86131514834657,-0.7306049800616929,1.9556255367854967,0.4871029050743491,-0.1749815059479474,-0.9205223567536572,-0.0501353307377352
8.09,0.0032467737007578976,-0.02368701105285309,9.819279055252764,-1.1551683486693376,1.4553778112816964,-0.03912497769106403,-0.176469733182392,-0.91652833498619,-0.0511242384742387
8.092,-0.06549706017926435,-0.06631987038599152,9.824330758246559,-0.821762840129654,1.7319069453313851,0.2280515145362763,-0.1779617112878393,-0.912519479014792,-0.0521219457583947
8.094,-0.10050302428738489,-0.006831733538375746,9.856669703870418,-1.8492200463335433,1.9614157358970612,-0.021487206748543708,-0.1794574566898647,-0.9084959220149186,-0.0531284302287445
8.096,-0.05732188114453254,-0.028909229358871955,9.787558731379537,-1.4350390087495253,2.9574826999152357,0.5227588086592765,-0.1809569860099181,-0.9044577976950864,-0.0541436695726147
8.098,-0.08513016514681204,-0.05049330688117866,9.842432697531038,-0.8894885295967945,1.926568886653457,0.47428864510747615,-0.182460316052149,-0.9004052402923267,-0.0551676415359933
8.1,-0.06639963192025995,-0.013640185666343882,9.80493163569564,-1.4269228413585648,1.3874673921199687,0.739447794278115,-0.1839674637905637,-0.8963383845675958,-0.0562003239329641
8.102,-0.04353869540169202,0.005303718452331765,9.821129750741965,-0.6317738126656917,2.294646540169104,-0.03018849820660765,-0.1854784463565134,-0.8922573658011674,-0.0572416946547089
8.104000000000001,-0.012540278756409094,-0.015853268025303565,9.752665440120483,-1.3181558563311913,2.294774274584553,-0.8872072628820428,-0.1869932810264952,-0.888162319787979,-0.0582917316780881
8.106,-0.08499982613176242,-0.01731633065239476,9.833579724567528,-0.7529170667332196,1.4974645949094143,-0.2800411965084112,-0.1885119852102605,-0.8840533828329512,-0.0593504130738092
8.108,0.018889642901070258,-0.003171044632051267,9.819138672062508,-0.6120852376395949,1.6851281239580433,-0.6469351082287262,-0.190034576439221,-0.879930691746278,-0.0604177170141903
8.11,-0.034089216842557675,0.001516553297379479,9.79982199208254,-1.492735602970139,2.1393124557895735,0.11181795267909742,-0.191561072355137,-0.8757943838386679,-0.0614936217805337
8.112,-0.040037906061433405,2.0637342895458988e-06,9.786312817105074,-1.4878462228137492,2.118619240154173,0.4711026743919041,-0.193091490699087,-0.8716445969165701,-0.0625781057701118
8.114,-0.007595674334158815,0.004457455900117015,9.816634201623188,-1.1716065079824505,2.6509068012644117,-0.9095351613986007,-0.1946258493007008,-0.8674814692773493,-0.0636711475027799
8.116,-0.026967572739361588,-0.009593266278194373,9.809070995081491,-1.8146861654796558,1.3486551217322464,0.5407012380115803,-0.1961641660676522,-0.8633051397044342,-0.0647727256272217
8.118,-0.039529715446064706,0.025048173618397236,9.82698155251661,-0.3899501505522548,2.07285079773826,0.4126777307277603,-0.197706458975399,-0.8591157474624314,-0.0658828189268369
8.120000000000001,-0.026395650916703498,-0.06539243342387606,9.83406012297658,-1.1882522050946702,2.0917145293135277,-0.014976892572653798,-0.1992527460571625,-0.8549134322921943,-0.0670014063252802
8.122,-0.042161504239838415,-0.04962319491746913,9.781052391770343,-1.3582082285983281,2.671392976806526,0.6194796236368325,-0.2008030453941383,-0.8506983344058664,-0.0681284668916594
8.124,-0.02195129809708413,0.0031923025340275107,9.749289152901945,-1.2847640463224748,2.037863988516465,0.622575359104975,-0.202357375105927,-0.8464705944818794,-0.0692639798453997
8.126,-0.05575877368335166,-0.03913722191061392,9.808812967531386,-0.7514637106941653,2.9351395984105335,0.008565069605483824,-0.2039157533411807,-0.8422303536599224,-0.0704079245607842
8.128,0.0005348648701280698,-0.03993279151225028,9.852245323269488,-0.3493191209466119,2.300825999070657,-0.7206169194993403,-0.2054781982684504,-0.8379777535358623,-0.0715602805711775
8.13,-0.006721004722808219,-0.01646030410375936,9.848670353524799,-2.690579899365101,1.36775762129147,-0.09926166422991736,-0.2070447280672351,-0.8337129361566434,-0.0727210275729384
8.132,-0.06842296937765127,-0.028379937996523084,9.824128054480289,-0.6835557872980254,2.332325173120901,-0.4541327263171068,-0.2086153609192119,-0.8294360440151246,-0.0738901454290328
8.134,-0.07611301628870813,-0.02485236649978375,9.788865476876015,-0.7812499046091264,2.012439884500727,0.2750110443547486,-0.2101901149996548,-0.8251472200449061,-0.0750676141723504
8.136000000000001,-0.05077836079726936,-0.007491360545923437,9.791906808133888,-0.668344775839147,3.458918474566973,-0.16310458197306796,-0.2117690084690187,-0.8208466076150932,-0.0762534140087335
8.138,-0.0359635263641704,-0.08316659912019583,9.793113949980516,-0.8857130762122637,1.3190116147734012,0.15237028346569448,-0.2133520594646939,-0.8165343505250334,-0.0774475253197264
8.14,-0.06268741864455493,-0.05452545993034633,9.831169080988381,-0.9211950538446523,2.470501864198714,0.4082927640353683,-0.2149392860929152,-0.8122105929990123,-0.0786499286650494
8.142,-0.06340343035624954,0.014797272746585575,9.831368860327458,-0.8499591171394871,2.218929893313204,-0.21083471233740048,-0.2165307064208222,-0.807875479680906,-0.0798606047848064
8.144,-0.04511585919378232,-0.0333263236452122,9.785022298333596,-1.6056785621924254,0.9813642661625197,0.563844855700341,-0.2181263384686626,-0.8035291556287956,-0.0810795346014303
8.146,-0.011302824934299752,-0.006376547265439774,9.784412546506058,-1.1976062463711254,1.878251853535578,-0.2090159882136286,-0.219726200202132,-0.7991717663095401,-0.0823066992213749
8.148,-0.06363522006252977,-0.044774615964620915,9.818183886087583,-0.5394945482720037,2.209590306229644,-0.025758590630113896,-0.2213303095248426,-0.7948034575933076,-0.083542079936556
8.15,-0.0688150345155368,-0.029967371744570273,9.844746958709631,-1.8029003872890526,1.676091473392458,-0.0731823063366657,-0.2229386842709166,-0.7904243757480665,-0.0847856582255515
8.152000000000001,-0.009396047581203756,-0.04281559006564181,9.81456219112754,-1.134077582254847,2.2285294370080138,0.06811180123026497,-0.2245513421976921,-0.7860346674340332,-0.0860374157545632
8.154,-0.042734804766648746,-0.03663383863331003,9.850716891426101,-2.0098891822490392,2.0587796165362975,0.20276066632400114,-0.2261683009785433,-0.781634479698077,-0.0872973343781468
8.156,-0.06133593352523313,-0.03637317459010818,9.810201357761864,-1.2360672174527156,1.7951842131837152,-0.5963012798970881,-0.2277895781958012,-0.7772239599680846,-0.0885653961397162
8.158,-0.012472228931116942,0.002208209186718317,9.840693886154476,-1.0392458727508131,1.8299585298446446,0.806492150450547,-0.2294151913337744,-0.77280325604728,-0.0898415832718259
8.16,-0.0808597169512086,0.005374326742345142,9.821883894741562,-0.19238417224145898,1.7309049149084568,0.22092363511818403,-0.2310451577718589,-0.7683725161084985,-0.0911258781962383
8.162,-0.06582782832216526,0.012435273985377832,9.82007043841888,-1.500214567926588,2.303485690755581,0.673427894068928,-0.2326794947777378,-0.7639318886884247,-0.0924182635237795
8.164,-0.001575565772284987,0.013256302051004722,9.880284012715812,-1.432237472795207,3.399704063169456,-0.22782052574313272,-0.2343182195006572,-0.7594815226817732,-0.0937187220539886
